Datetime,Open,High,Low,Close
2023-07-04 16:00:00+00:00,183.6580047607422,183.71600341796875,183.62100219726562,183.64500427246094
2023-07-05 00:00:00+00:00,183.64599609375,184.01300048828125,183.5590057373047,183.593994140625
2023-07-05 08:00:00+00:00,183.5919952392578,183.8459930419922,183.13999938964844,183.69900512695312
2023-07-05 16:00:00+00:00,183.6909942626953,183.87899780273438,183.41299438476562,183.57000732421875
2023-07-06 00:00:00+00:00,183.5659942626953,183.59300231933594,182.4949951171875,183.11000061035156
2023-07-06 08:00:00+00:00,183.10800170898438,184.0070037841797,182.81500244140625,183.26400756835938
2023-07-06 16:00:00+00:00,183.25999450683594,183.71200561523438,183.17999267578125,183.4510040283203
2023-07-07 00:00:00+00:00,183.4510040283203,183.55299377441406,182.35800170898438,182.36099243164062
2023-07-07 08:00:00+00:00,182.3560028076172,183.11599731445312,182.01199340820312,182.58900451660156
2023-07-07 16:00:00+00:00,182.57200622558594,182.6739959716797,182.3280029296875,182.43499755859375
2023-07-08 00:00:00+00:00,,,,
2023-07-08 08:00:00+00:00,,,,
2023-07-08 16:00:00+00:00,,,,
2023-07-09 00:00:00+00:00,,,,
2023-07-09 08:00:00+00:00,,,,
2023-07-09 16:00:00+00:00,182.531005859375,182.60299682617188,182.4600067138672,182.55999755859375
2023-07-10 00:00:00+00:00,182.56199645996094,183.22000122070312,182.13299560546875,182.32400512695312
2023-07-10 08:00:00+00:00,182.3249969482422,182.64500427246094,181.09100341796875,181.697998046875
2023-07-10 16:00:00+00:00,181.69400024414062,181.8280029296875,181.56399536132812,181.77000427246094
2023-07-11 00:00:00+00:00,181.76800537109375,181.99000549316406,180.78799438476562,180.91099548339844
2023-07-11 08:00:00+00:00,180.91200256347656,181.85000610351562,180.8520050048828,181.25599670410156
2023-07-11 16:00:00+00:00,181.25599670410156,181.61099243164062,181.1479949951172,181.2220001220703
2023-07-12 00:00:00+00:00,181.22000122070312,181.2689971923828,180.4499969482422,180.60699462890625
2023-07-12 08:00:00+00:00,180.5970001220703,180.8090057373047,179.46200561523438,179.54299926757812
2023-07-12 16:00:00+00:00,179.54200744628906,179.96200561523438,179.49400329589844,179.75799560546875
2023-07-13 00:00:00+00:00,179.75799560546875,180.5330047607422,179.48599243164062,180.2480010986328
2023-07-13 08:00:00+00:00,180.24899291992188,181.46200561523438,180.1929931640625,180.9029998779297
2023-07-13 16:00:00+00:00,180.8979949951172,181.35699462890625,180.8489990234375,181.25100708007812
2023-07-14 00:00:00+00:00,181.25399780273438,181.52499389648438,180.19400024414062,181.28700256347656
2023-07-14 08:00:00+00:00,181.2899932861328,182.28399658203125,181.23399353027344,181.90499877929688
2023-07-14 16:00:00+00:00,181.9010009765625,181.92999267578125,181.56500244140625,181.7239990234375
2023-07-15 00:00:00+00:00,,,,
2023-07-15 08:00:00+00:00,,,,
2023-07-15 16:00:00+00:00,,,,
2023-07-16 00:00:00+00:00,,,,
2023-07-16 08:00:00+00:00,,,,
2023-07-16 16:00:00+00:00,181.66799926757812,181.69000244140625,181.4969940185547,181.5279998779297
2023-07-17 00:00:00+00:00,181.52699279785156,181.75999450683594,180.9340057373047,181.69400024414062
2023-07-17 08:00:00+00:00,181.69200134277344,182.14599609375,180.5659942626953,181.6439971923828
2023-07-17 16:00:00+00:00,181.64999389648438,181.78399658203125,181.17999267578125,181.3260040283203
2023-07-18 00:00:00+00:00,181.322998046875,181.6529998779297,180.88299560546875,180.92999267578125
2023-07-18 08:00:00+00:00,180.927001953125,181.83999633789062,180.35699462890625,181.33200073242188
2023-07-18 16:00:00+00:00,181.33599853515625,181.40899658203125,180.89199829101562,181.19200134277344
2023-07-19 00:00:00+00:00,181.18800354003906,181.6230010986328,180.27200317382812,180.61900329589844
2023-07-19 08:00:00+00:00,180.61599731445312,181.1750030517578,179.82000732421875,180.23399353027344
2023-07-19 16:00:00+00:00,180.23599243164062,180.822998046875,180.0989990234375,180.61399841308594
2023-07-20 00:00:00+00:00,180.60699462890625,180.71299743652344,179.99200439453125,180.2570037841797
2023-07-20 08:00:00+00:00,180.2570037841797,180.48500061035156,179.71800231933594,180.37600708007812
2023-07-20 16:00:00+00:00,180.36099243164062,180.56700134277344,179.91600036621094,180.02200317382812
2023-07-21 00:00:00+00:00,180.01100158691406,181.96200561523438,179.9029998779297,181.93899536132812
2023-07-21 08:00:00+00:00,181.9320068359375,182.5240020751953,181.11199951171875,182.16600036621094
2023-07-21 16:00:00+00:00,182.16700744628906,182.37600708007812,182.00999450683594,182.2779998779297
2023-07-22 00:00:00+00:00,,,,
2023-07-22 08:00:00+00:00,,,,
2023-07-22 16:00:00+00:00,,,,
2023-07-23 00:00:00+00:00,,,,
2023-07-23 08:00:00+00:00,,,,
2023-07-23 16:00:00+00:00,182.1929931640625,182.1959991455078,182.02999877929688,182.18099975585938
2023-07-24 00:00:00+00:00,182.17799377441406,182.33999633789062,181.52000427246094,181.70199584960938
2023-07-24 08:00:00+00:00,181.7050018310547,181.93099975585938,180.75399780273438,181.0919952392578
2023-07-24 16:00:00+00:00,181.09100341796875,181.5489959716797,181.0780029296875,181.33799743652344
2023-07-25 00:00:00+00:00,181.33799743652344,182.00999450683594,181.19200134277344,181.7570037841797
2023-07-25 08:00:00+00:00,181.76300048828125,181.8699951171875,181.14199829101562,181.40699768066406
2023-07-25 16:00:00+00:00,181.41400146484375,182.01199340820312,181.3000030517578,181.68499755859375
2023-07-26 00:00:00+00:00,181.6840057373047,181.9429931640625,181.26699829101562,181.50799560546875
2023-07-26 08:00:00+00:00,181.50599670410156,181.63099670410156,180.90699768066406,181.5449981689453
2023-07-26 16:00:00+00:00,181.54600524902344,181.75799560546875,181.20700073242188,181.4499969482422
2023-07-27 00:00:00+00:00,181.4499969482422,181.74200439453125,180.80599975585938,181.7259979248047
2023-07-27 08:00:00+00:00,181.73399353027344,181.91900634765625,180.83999633789062,181.4739990234375
2023-07-27 16:00:00+00:00,181.47900390625,181.50799560546875,177.4080047607422,177.6540069580078
2023-07-28 00:00:00+00:00,177.6529998779297,180.5189971923828,176.302001953125,178.57000732421875
2023-07-28 08:00:00+00:00,178.5709991455078,181.13699340820312,178.4669952392578,181.052001953125
2023-07-28 16:00:00+00:00,181.0469970703125,181.48800659179688,181.00599670410156,181.36599731445312
2023-07-29 00:00:00+00:00,,,,
2023-07-29 08:00:00+00:00,,,,
2023-07-29 16:00:00+00:00,,,,
2023-07-30 00:00:00+00:00,,,,
2023-07-30 08:00:00+00:00,,,,
2023-07-30 16:00:00+00:00,181.0,181.1699981689453,180.88999938964844,180.91200256347656
2023-07-31 00:00:00+00:00,180.91799926757812,182.91400146484375,180.8679962158203,182.77999877929688
2023-07-31 08:00:00+00:00,182.77200317382812,183.19000244140625,182.4949951171875,182.77699279785156
2023-07-31 16:00:00+00:00,182.77200317382812,182.86900329589844,182.49099731445312,182.625
2023-08-01 00:00:00+00:00,182.6230010986328,183.20399475097656,182.58599853515625,182.92999267578125
2023-08-01 08:00:00+00:00,182.927001953125,183.2469940185547,182.57899475097656,182.72000122070312
2023-08-01 16:00:00+00:00,182.72000122070312,183.20399475097656,182.44500732421875,182.90899658203125
2023-08-02 00:00:00+00:00,182.91299438476562,183.13299560546875,182.08999633789062,182.45899963378906
2023-08-02 08:00:00+00:00,182.46499633789062,182.60499572753906,181.7429962158203,182.0290069580078
2023-08-02 16:00:00+00:00,182.0240020751953,182.35899353027344,181.97000122070312,182.3280029296875
2023-08-03 00:00:00+00:00,182.3260040283203,182.76499938964844,181.2989959716797,181.322998046875
2023-08-03 08:00:00+00:00,181.32200622558594,181.69200134277344,180.3719940185547,180.97000122070312
2023-08-03 16:00:00+00:00,180.9709930419922,181.41099548339844,180.87600708007812,181.3300018310547
2023-08-04 00:00:00+00:00,181.3280029296875,181.74099731445312,181.0189971923828,181.25100708007812
2023-08-04 08:00:00+00:00,181.2519989013672,181.43600463867188,180.73300170898438,181.1179962158203
2023-08-04 16:00:00+00:00,181.11700439453125,181.44900512695312,180.58399963378906,180.73399353027344
2023-08-05 00:00:00+00:00,,,,
2023-08-05 08:00:00+00:00,,,,
2023-08-05 16:00:00+00:00,,,,
2023-08-06 00:00:00+00:00,,,,
2023-08-06 08:00:00+00:00,,,,
2023-08-06 16:00:00+00:00,180.85499572753906,180.97900390625,180.81900024414062,180.86399841308594
2023-08-07 00:00:00+00:00,180.85899353027344,181.21800231933594,180.572998046875,181.1020050048828
2023-08-07 08:00:00+00:00,181.1020050048828,181.91000366210938,180.9290008544922,181.85699462890625
2023-08-07 16:00:00+00:00,181.8560028076172,182.20599365234375,181.84800720214844,182.1739959716797
2023-08-08 00:00:00+00:00,182.1719970703125,182.9550018310547,182.1699981689453,182.51400756835938
2023-08-08 08:00:00+00:00,182.51100158691406,182.6179962158203,181.3730010986328,182.20599365234375
2023-08-08 16:00:00+00:00,182.20599365234375,182.90199279785156,182.20399475097656,182.5590057373047
2023-08-09 00:00:00+00:00,182.5570068359375,182.93800354003906,182.4199981689453,182.92999267578125
2023-08-09 08:00:00+00:00,182.92799377441406,183.01699829101562,182.36199951171875,182.55499267578125
2023-08-09 16:00:00+00:00,182.5489959716797,182.93699645996094,182.49000549316406,182.80299377441406
2023-08-10 00:00:00+00:00,182.8000030517578,183.5240020751953,182.69500732421875,183.27499389648438
2023-08-10 08:00:00+00:00,183.2760009765625,184.24000549316406,183.21800231933594,183.73599243164062
2023-08-10 16:00:00+00:00,183.73300170898438,183.7830047607422,183.2899932861328,183.5260009765625
2023-08-11 00:00:00+00:00,183.52200317382812,184.11700439453125,183.44000244140625,183.7429962158203
2023-08-11 08:00:00+00:00,183.74200439453125,184.24099731445312,183.5489959716797,183.9720001220703
2023-08-11 16:00:00+00:00,183.9770050048828,184.08799743652344,183.86000061035156,184.02999877929688
2023-08-12 00:00:00+00:00,,,,
2023-08-12 08:00:00+00:00,,,,
2023-08-12 16:00:00+00:00,,,,
2023-08-13 00:00:00+00:00,,,,
2023-08-13 08:00:00+00:00,,,,
2023-08-13 16:00:00+00:00,183.8769989013672,183.9149932861328,183.8280029296875,183.8699951171875
2023-08-14 00:00:00+00:00,183.87399291992188,184.1929931640625,183.4499969482422,183.7969970703125
2023-08-14 08:00:00+00:00,183.79100036621094,184.4530029296875,183.62899780273438,184.3730010986328
2023-08-14 16:00:00+00:00,184.37600708007812,184.7969970703125,184.27499389648438,184.48699951171875
2023-08-15 00:00:00+00:00,184.48399353027344,185.26699829101562,184.3350067138672,185.04800415039062
2023-08-15 08:00:00+00:00,185.0500030517578,185.30299377441406,184.79200744628906,185.26800537109375
2023-08-15 16:00:00+00:00,185.2689971923828,185.3249969482422,184.75999450683594,184.9340057373047
2023-08-16 00:00:00+00:00,184.93800354003906,185.36700439453125,184.68800354003906,185.21200561523438
2023-08-16 08:00:00+00:00,185.21499633789062,186.02099609375,185.17999267578125,185.8719940185547
2023-08-16 16:00:00+00:00,185.87100219726562,186.33299255371094,185.6959991455078,186.2429962158203
2023-08-17 00:00:00+00:00,186.24200439453125,186.46600341796875,186.08999633789062,186.2100067138672
2023-08-17 08:00:00+00:00,186.20899963378906,186.3769989013672,185.76600646972656,186.35800170898438
2023-08-17 16:00:00+00:00,186.35800170898438,186.4669952392578,185.5570068359375,185.73899841308594
2023-08-18 00:00:00+00:00,185.73300170898438,185.88699340820312,184.5489959716797,184.72500610351562
2023-08-18 08:00:00+00:00,184.7220001220703,185.36500549316406,184.63699340820312,184.87100219726562
2023-08-18 16:00:00+00:00,184.86700439453125,185.22300720214844,184.8040008544922,185.11199951171875
2023-08-19 00:00:00+00:00,,,,
2023-08-19 08:00:00+00:00,,,,
2023-08-19 16:00:00+00:00,,,,
2023-08-20 00:00:00+00:00,,,,
2023-08-20 08:00:00+00:00,,,,
2023-08-20 16:00:00+00:00,185.04100036621094,185.1719970703125,185.01800537109375,185.15899658203125
2023-08-21 00:00:00+00:00,185.1529998779297,185.4669952392578,184.8800048828125,185.1510009765625
2023-08-21 08:00:00+00:00,185.14500427246094,186.39300537109375,185.00399780273438,186.26499938964844
2023-08-21 16:00:00+00:00,186.26699829101562,186.6580047607422,186.2259979248047,186.6060028076172
2023-08-22 00:00:00+00:00,186.6020050048828,186.76600646972656,186.3209991455078,186.52000427246094
2023-08-22 08:00:00+00:00,186.51400756835938,186.5399932861328,185.5800018310547,185.60800170898438
2023-08-22 16:00:00+00:00,185.60299682617188,185.8560028076172,185.50799560546875,185.5850067138672
2023-08-23 00:00:00+00:00,185.5919952392578,185.94200134277344,184.79800415039062,184.93800354003906
2023-08-23 08:00:00+00:00,184.93499755859375,185.16400146484375,183.36300659179688,183.86300659179688
2023-08-23 16:00:00+00:00,183.85400390625,184.36099243164062,183.8350067138672,184.00999450683594
2023-08-24 00:00:00+00:00,183.9980010986328,184.781005859375,183.97999572753906,184.5709991455078
2023-08-24 08:00:00+00:00,184.57000732421875,184.69700622558594,183.9550018310547,184.0800018310547
2023-08-24 16:00:00+00:00,184.0780029296875,184.26499938964844,183.59300231933594,183.8800048828125
2023-08-25 00:00:00+00:00,183.88299560546875,184.01800537109375,183.3730010986328,183.63099670410156
2023-08-25 08:00:00+00:00,183.63299560546875,184.3820037841797,183.53900146484375,183.95899963378906
2023-08-25 16:00:00+00:00,183.95899963378906,184.43299865722656,183.93800354003906,184.21099853515625
2023-08-26 00:00:00+00:00,,,,
2023-08-26 08:00:00+00:00,,,,
2023-08-26 16:00:00+00:00,,,,
2023-08-27 00:00:00+00:00,,,,
2023-08-27 08:00:00+00:00,,,,
2023-08-27 16:00:00+00:00,184.33200073242188,184.51600646972656,184.31900024414062,184.48599243164062
2023-08-28 00:00:00+00:00,184.47900390625,184.64199829101562,184.22900390625,184.27099609375
2023-08-28 08:00:00+00:00,184.2740020751953,184.60000610351562,184.1699981689453,184.32400512695312
2023-08-28 16:00:00+00:00,184.32000732421875,184.72799682617188,184.2949981689453,184.69400024414062
2023-08-29 00:00:00+00:00,184.6959991455078,184.98599243164062,184.5659942626953,184.70199584960938
2023-08-29 08:00:00+00:00,184.69900512695312,185.26300048828125,184.08999633789062,184.13600158691406
2023-08-29 16:00:00+00:00,184.13800048828125,184.53900146484375,184.05999755859375,184.44900512695312
2023-08-30 00:00:00+00:00,184.44700622558594,185.2169952392578,184.38999938964844,185.072998046875
2023-08-30 08:00:00+00:00,185.06199645996094,185.72900390625,184.93600463867188,185.6959991455078
2023-08-30 16:00:00+00:00,185.6929931640625,186.06100463867188,185.64999389648438,185.68600463867188
2023-08-31 00:00:00+00:00,185.68299865722656,185.8070068359375,185.16400146484375,185.427001953125
2023-08-31 08:00:00+00:00,185.4340057373047,185.46600341796875,184.343994140625,184.51400756835938
2023-08-31 16:00:00+00:00,184.50999450683594,184.51600646972656,184.07400512695312,184.33799743652344
2023-09-01 00:00:00+00:00,184.343994140625,184.55599975585938,184.03700256347656,184.44500732421875
2023-09-01 08:00:00+00:00,184.4510040283203,184.51300048828125,183.53199768066406,184.08700561523438
2023-09-01 16:00:00+00:00,184.09100341796875,184.1840057373047,183.875,184.0970001220703
2023-09-02 00:00:00+00:00,,,,
2023-09-02 08:00:00+00:00,,,,
2023-09-02 16:00:00+00:00,,,,
2023-09-03 00:00:00+00:00,,,,
2023-09-03 08:00:00+00:00,,,,
2023-09-03 16:00:00+00:00,183.98399353027344,184.00599670410156,183.83599853515625,183.90699768066406
2023-09-04 00:00:00+00:00,183.90699768066406,184.91000366210938,183.8699951171875,184.76699829101562
2023-09-04 08:00:00+00:00,184.76400756835938,185.08200073242188,184.71800231933594,184.88699340820312
2023-09-04 16:00:00+00:00,184.88299560546875,185.0590057373047,184.71600341796875,184.96600341796875
2023-09-05 00:00:00+00:00,184.95899963378906,185.29800415039062,184.5240020751953,184.5590057373047
2023-09-05 08:00:00+00:00,184.5570068359375,185.73599243164062,184.06399536132812,185.7259979248047
2023-09-05 16:00:00+00:00,185.72300720214844,185.77999877929688,185.26600646972656,185.3489990234375
2023-09-06 00:00:00+00:00,185.3489990234375,185.6009979248047,184.92100524902344,185.01199340820312
2023-09-06 08:00:00+00:00,185.00999450683594,185.2830047607422,184.23800659179688,184.52200317382812
2023-09-06 16:00:00+00:00,184.52499389648438,184.78199768066406,184.45799255371094,184.6199951171875
2023-09-07 00:00:00+00:00,184.61000061035156,184.76800537109375,183.75999450683594,183.88999938964844
2023-09-07 08:00:00+00:00,183.8939971923828,184.16000366210938,183.36700439453125,183.6790008544922
2023-09-07 16:00:00+00:00,183.677001953125,183.8280029296875,183.4199981689453,183.7969970703125
2023-09-08 00:00:00+00:00,183.7969970703125,184.1820068359375,183.05599975585938,184.1439971923828
2023-09-08 08:00:00+00:00,184.13900756835938,184.46200561523438,183.73500061035156,184.24200439453125
2023-09-08 16:00:00+00:00,184.23300170898438,184.3000030517578,184.0070037841797,184.3000030517578
2023-09-09 00:00:00+00:00,,,,
2023-09-09 08:00:00+00:00,,,,
2023-09-09 16:00:00+00:00,,,,
2023-09-10 00:00:00+00:00,,,,
2023-09-10 08:00:00+00:00,,,,
2023-09-10 16:00:00+00:00,183.56300354003906,183.78599548339844,183.5500030517578,183.73199462890625
2023-09-11 00:00:00+00:00,183.73199462890625,183.77000427246094,182.6719970703125,183.04600524902344
2023-09-11 08:00:00+00:00,183.0500030517578,183.90899658203125,182.95399475097656,183.4709930419922
2023-09-11 16:00:00+00:00,183.47000122070312,183.5760040283203,183.2239990234375,183.44900512695312
2023-09-12 00:00:00+00:00,183.4510040283203,183.93299865722656,183.19200134277344,183.29100036621094
2023-09-12 08:00:00+00:00,183.29200744628906,183.63900756835938,182.93600463867188,183.53900146484375
2023-09-12 16:00:00+00:00,183.53500366210938,183.8459930419922,183.53500366210938,183.81199645996094
2023-09-13 00:00:00+00:00,183.80999755859375,184.23300170898438,183.1840057373047,183.61500549316406
2023-09-13 08:00:00+00:00,183.61099243164062,184.38499450683594,183.56700134277344,184.13600158691406
2023-09-13 16:00:00+00:00,184.1320037841797,184.21099853515625,183.9040069580078,184.00399780273438
2023-09-14 00:00:00+00:00,184.0019989013672,184.05599975585938,183.68800354003906,183.89300537109375
2023-09-14 08:00:00+00:00,183.89300537109375,184.06700134277344,182.5500030517578,182.60499572753906
2023-09-14 16:00:00+00:00,182.60400390625,183.03199768066406,182.50599670410156,182.85899353027344
2023-09-15 00:00:00+00:00,182.85499572753906,183.74000549316406,182.76400756835938,183.7310028076172
2023-09-15 08:00:00+00:00,183.73300170898438,183.906005859375,183.0919952392578,183.14300537109375
2023-09-15 16:00:00+00:00,183.14300537109375,183.3730010986328,182.99000549316406,183.0760040283203
2023-09-16 00:00:00+00:00,,,,
2023-09-16 08:00:00+00:00,,,,
2023-09-16 16:00:00+00:00,,,,
2023-09-17 00:00:00+00:00,,,,
2023-09-17 08:00:00+00:00,,,,
2023-09-17 16:00:00+00:00,183.13999938964844,183.32000732421875,183.1300048828125,183.30499267578125
2023-09-18 00:00:00+00:00,183.30599975585938,183.34100341796875,182.74899291992188,182.86300659179688
2023-09-18 08:00:00+00:00,182.86000061035156,183.22799682617188,182.71299743652344,183.06900024414062
2023-09-18 16:00:00+00:00,183.0679931640625,183.1009979248047,182.71099853515625,182.78599548339844
2023-09-19 00:00:00+00:00,182.78700256347656,183.0989990234375,182.71600341796875,182.92300415039062
2023-09-19 08:00:00+00:00,182.9149932861328,183.48699951171875,182.71200561523438,183.1320037841797
2023-09-19 16:00:00+00:00,183.1280059814453,183.2989959716797,183.0070037841797,183.11000061035156
2023-09-20 00:00:00+00:00,183.11099243164062,183.3000030517578,182.4459991455078,183.0959930419922
2023-09-20 08:00:00+00:00,183.1009979248047,183.34500122070312,182.7310028076172,182.9969940185547
2023-09-20 16:00:00+00:00,182.99600219726562,183.2469940185547,182.75799560546875,182.8280029296875
2023-09-21 00:00:00+00:00,182.8280029296875,182.9459991455078,182.3679962158203,182.55499267578125
2023-09-21 08:00:00+00:00,182.5399932861328,182.65499877929688,180.73399353027344,181.28199768066406
2023-09-21 16:00:00+00:00,181.2779998779297,181.53900146484375,181.21299743652344,181.49899291992188
2023-09-22 00:00:00+00:00,181.4949951171875,182.3040008544922,181.20199584960938,181.8560028076172
2023-09-22 08:00:00+00:00,181.86099243164062,182.0570068359375,181.30599975585938,181.656005859375
2023-09-22 16:00:00+00:00,181.66000366210938,181.7740020751953,181.47000122070312,181.62899780273438
2023-09-23 00:00:00+00:00,,,,
2023-09-23 08:00:00+00:00,,,,
2023-09-23 16:00:00+00:00,,,,
2023-09-24 00:00:00+00:00,,,,
2023-09-24 08:00:00+00:00,,,,
2023-09-24 16:00:00+00:00,181.66900634765625,181.7259979248047,181.61599731445312,181.6909942626953
2023-09-25 00:00:00+00:00,181.6959991455078,181.82200622558594,181.4810028076172,181.71099853515625
2023-09-25 08:00:00+00:00,181.71200561523438,181.9550018310547,181.4010009765625,181.6999969482422
2023-09-25 16:00:00+00:00,181.69400024414062,181.84500122070312,181.61900329589844,181.74899291992188
2023-09-26 00:00:00+00:00,181.74600219726562,181.8090057373047,181.14500427246094,181.2259979248047
2023-09-26 08:00:00+00:00,181.2220001220703,181.5489959716797,181.04200744628906,181.14199829101562
2023-09-26 16:00:00+00:00,181.13800048828125,181.31300354003906,180.96400451660156,181.03700256347656
2023-09-27 00:00:00+00:00,181.03900146484375,181.22300720214844,180.88499450683594,181.03799438476562
2023-09-27 08:00:00+00:00,181.03799438476562,181.5449981689453,180.9739990234375,181.33099365234375
2023-09-27 16:00:00+00:00,181.32899475097656,181.67599487304688,181.15199279785156,181.41299438476562
2023-09-28 00:00:00+00:00,181.41400146484375,181.6020050048828,181.052001953125,181.4600067138672
2023-09-28 08:00:00+00:00,181.46200561523438,182.4219970703125,181.40699768066406,182.31399536132812
2023-09-28 16:00:00+00:00,182.30999755859375,182.3769989013672,181.94000244140625,182.24000549316406
2023-09-29 00:00:00+00:00,182.24400329589844,182.66099548339844,181.89999389648438,182.13600158691406
2023-09-29 08:00:00+00:00,182.13099670410156,183.0189971923828,181.8800048828125,182.4770050048828
2023-09-29 16:00:00+00:00,182.50999450683594,182.57699584960938,182.10000610351562,182.21600341796875
2023-09-30 00:00:00+00:00,,,,
2023-09-30 08:00:00+00:00,,,,
2023-09-30 16:00:00+00:00,,,,
2023-10-01 00:00:00+00:00,,,,
2023-10-01 08:00:00+00:00,,,,
2023-10-01 16:00:00+00:00,182.23399353027344,182.39300537109375,182.2169952392578,182.31500244140625
2023-10-02 00:00:00+00:00,182.31199645996094,182.81500244140625,182.18699645996094,182.6020050048828
2023-10-02 08:00:00+00:00,182.60000610351562,182.63900756835938,181.52200317382812,181.6750030517578
2023-10-02 16:00:00+00:00,181.67599487304688,181.6909942626953,180.947998046875,181.1699981689453
2023-10-03 00:00:00+00:00,181.17799377441406,181.18699645996094,180.58299255371094,180.9949951171875
2023-10-03 08:00:00+00:00,180.99200439453125,181.3730010986328,178.05099487304688,179.97999572753906
2023-10-03 16:00:00+00:00,179.97999572753906,180.19900512695312,179.6179962158203,180.16400146484375
2023-10-04 00:00:00+00:00,180.16600036621094,180.32000732421875,179.5570068359375,179.85400390625
2023-10-04 08:00:00+00:00,179.8560028076172,181.2570037841797,179.8459930419922,180.89300537109375
2023-10-04 16:00:00+00:00,180.89100646972656,181.13600158691406,180.75999450683594,180.81199645996094
2023-10-05 00:00:00+00:00,180.81399536132812,180.93299865722656,180.2760009765625,180.8179931640625
2023-10-05 08:00:00+00:00,180.81900024414062,180.94700622558594,180.43699645996094,180.6929931640625
2023-10-05 16:00:00+00:00,180.69200134277344,181.072998046875,180.58700561523438,180.93800354003906
2023-10-06 00:00:00+00:00,180.94200134277344,181.72999572753906,180.83799743652344,181.69500732421875
2023-10-06 08:00:00+00:00,181.6959991455078,182.75900268554688,180.94700622558594,182.6739959716797
2023-10-06 16:00:00+00:00,182.6699981689453,182.9759979248047,182.531005859375,182.7449951171875
2023-10-07 00:00:00+00:00,,,,
2023-10-07 08:00:00+00:00,,,,
2023-10-07 16:00:00+00:00,,,,
2023-10-08 00:00:00+00:00,,,,
2023-10-08 08:00:00+00:00,,,,
2023-10-08 16:00:00+00:00,182.1649932861328,182.30299377441406,182.13999938964844,182.25
2023-10-09 00:00:00+00:00,182.2480010986328,182.31399536132812,181.50799560546875,181.54299926757812
2023-10-09 08:00:00+00:00,181.53599548339844,181.91099548339844,181.24899291992188,181.46400451660156
2023-10-09 16:00:00+00:00,181.46299743652344,181.8509979248047,181.3820037841797,181.69500732421875
2023-10-10 00:00:00+00:00,181.69200134277344,182.25799560546875,181.53599548339844,182.18600463867188
2023-10-10 08:00:00+00:00,182.18800354003906,182.7830047607422,182.13699340820312,182.6020050048828
2023-10-10 16:00:00+00:00,182.60299682617188,182.74600219726562,182.3159942626953,182.6439971923828
2023-10-11 00:00:00+00:00,182.64700317382812,183.1230010986328,182.51699829101562,182.61599731445312
2023-10-11 08:00:00+00:00,182.6300048828125,183.74600219726562,182.47900390625,183.2989959716797
2023-10-11 16:00:00+00:00,183.29299926757812,183.73199462890625,183.1699981689453,183.53399658203125
2023-10-12 00:00:00+00:00,183.5330047607422,183.81399536132812,183.38400268554688,183.41799926757812
2023-10-12 08:00:00+00:00,183.41099548339844,183.6479949951172,182.697998046875,182.8260040283203
2023-10-12 16:00:00+00:00,182.82200622558594,182.99099731445312,182.25999450683594,182.4739990234375
2023-10-13 00:00:00+00:00,182.4709930419922,182.94200134277344,182.41200256347656,182.7449951171875
2023-10-13 08:00:00+00:00,182.73800659179688,182.90899658203125,181.50100708007812,181.57699584960938
2023-10-13 16:00:00+00:00,181.57400512695312,181.6840057373047,181.26600646972656,181.61000061035156
2023-10-14 00:00:00+00:00,,,,
2023-10-14 08:00:00+00:00,,,,
2023-10-14 16:00:00+00:00,,,,
2023-10-15 00:00:00+00:00,,,,
2023-10-15 08:00:00+00:00,,,,
2023-10-15 16:00:00+00:00,181.7310028076172,181.8209991455078,181.71200561523438,181.7779998779297
2023-10-16 00:00:00+00:00,181.7779998779297,182.16900634765625,181.5399932861328,182.0989990234375
2023-10-16 08:00:00+00:00,182.10699462890625,182.49099731445312,181.52000427246094,182.42300415039062
2023-10-16 16:00:00+00:00,182.41799926757812,182.77699279785156,182.33299255371094,182.66000366210938
2023-10-17 00:00:00+00:00,182.6580047607422,182.7259979248047,182.04200744628906,182.15199279785156
2023-10-17 08:00:00+00:00,182.14599609375,182.70399475097656,180.97000122070312,182.70199584960938
2023-10-17 16:00:00+00:00,182.6999969482422,182.7989959716797,182.32200622558594,182.37600708007812
2023-10-18 00:00:00+00:00,182.37399291992188,182.73399353027344,182.05999755859375,182.53199768066406
2023-10-18 08:00:00+00:00,182.53199768066406,182.8090057373047,181.843994140625,182.0570068359375
2023-10-18 16:00:00+00:00,182.05099487304688,182.32699584960938,181.78599548339844,181.8260040283203
2023-10-19 00:00:00+00:00,181.8300018310547,181.9040069580078,181.38600158691406,181.52200317382812
2023-10-19 08:00:00+00:00,181.5189971923828,182.1510009765625,181.1909942626953,182.04200744628906
2023-10-19 16:00:00+00:00,182.04200744628906,182.51400756835938,181.7050018310547,181.78900146484375
2023-10-20 00:00:00+00:00,181.78599548339844,181.96099853515625,181.29100036621094,181.51199340820312
2023-10-20 08:00:00+00:00,181.50999450683594,182.30599975585938,181.28199768066406,182.07000732421875
2023-10-20 16:00:00+00:00,182.06900024414062,182.36700439453125,181.86000061035156,182.26800537109375
2023-10-21 00:00:00+00:00,,,,
2023-10-21 08:00:00+00:00,,,,
2023-10-21 16:00:00+00:00,,,,
2023-10-22 00:00:00+00:00,,,,
2023-10-22 08:00:00+00:00,,,,
2023-10-22 16:00:00+00:00,182.24400329589844,182.3280029296875,182.22900390625,182.30099487304688
2023-10-23 00:00:00+00:00,182.3040008544922,182.4709930419922,182.07899475097656,182.3979949951172
2023-10-23 08:00:00+00:00,182.3990020751953,183.27699279785156,182.09300231933594,183.2220001220703
2023-10-23 16:00:00+00:00,183.2220001220703,183.4739990234375,183.01300048828125,183.4550018310547
2023-10-24 00:00:00+00:00,183.45399475097656,183.7519989013672,183.1909942626953,183.30599975585938
2023-10-24 08:00:00+00:00,183.3070068359375,183.41099548339844,182.24000549316406,182.3300018310547
2023-10-24 16:00:00+00:00,182.322998046875,182.3780059814453,182.04800415039062,182.24899291992188
2023-10-25 00:00:00+00:00,182.2550048828125,182.4530029296875,181.94000244140625,181.99899291992188
2023-10-25 08:00:00+00:00,181.9949951171875,182.218994140625,181.625,181.98800659179688
2023-10-25 16:00:00+00:00,181.98399353027344,182.02999877929688,181.58399963378906,181.6479949951172
2023-10-26 00:00:00+00:00,181.64199829101562,182.10800170898438,181.1060028076172,181.91099548339844
2023-10-26 08:00:00+00:00,181.91000366210938,182.35400390625,181.4040069580078,182.20399475097656
2023-10-26 16:00:00+00:00,182.1999969482422,182.58099365234375,181.9199981689453,182.47799682617188
2023-10-27 00:00:00+00:00,182.4770050048828,182.4980010986328,181.89700317382812,181.9669952392578
2023-10-27 08:00:00+00:00,181.9709930419922,182.17100524902344,181.51699829101562,181.77099609375
2023-10-27 16:00:00+00:00,181.76699829101562,181.843994140625,181.03700256347656,181.41400146484375
2023-10-28 00:00:00+00:00,,,,
2023-10-28 08:00:00+00:00,,,,
2023-10-28 16:00:00+00:00,,,,
2023-10-29 00:00:00+00:00,,,,
2023-10-29 08:00:00+00:00,,,,
2023-10-29 16:00:00+00:00,,,,
2023-10-30 00:00:00+00:00,181.36199951171875,181.4250030517578,180.7790069580078,180.89199829101562
2023-10-30 08:00:00+00:00,180.88600158691406,181.875,180.75999450683594,181.125
2023-10-30 16:00:00+00:00,181.12399291992188,181.49000549316406,180.9499969482422,181.343994140625
2023-10-31 00:00:00+00:00,181.35000610351562,182.72999572753906,181.32000732421875,182.6820068359375
2023-10-31 08:00:00+00:00,182.67599487304688,183.83099365234375,182.60899353027344,183.76199340820312
2023-10-31 16:00:00+00:00,183.76400756835938,184.35299682617188,183.44900512695312,183.83999633789062
2023-11-01 00:00:00+00:00,183.85800170898438,183.97900390625,183.51499938964844,183.95599365234375
2023-11-01 08:00:00+00:00,183.9550018310547,184.00100708007812,183.0019989013672,183.05999755859375
2023-11-01 16:00:00+00:00,183.05599975585938,183.56199645996094,182.93499755859375,183.41400146484375
2023-11-02 00:00:00+00:00,183.40899658203125,183.4499969482422,182.72300720214844,183.01199340820312
2023-11-02 08:00:00+00:00,183.00399780273438,183.697998046875,182.79200744628906,183.1790008544922
2023-11-02 16:00:00+00:00,183.18499755859375,183.72000122070312,183.1540069580078,183.43899536132812
2023-11-03 00:00:00+00:00,183.43499755859375,183.5279998779297,183.21099853515625,183.4029998779297
2023-11-03 08:00:00+00:00,183.40699768066406,184.802001953125,183.25399780273438,184.77999877929688
2023-11-03 16:00:00+00:00,184.78399658203125,185.01499938964844,184.67799377441406,184.8719940185547
2023-11-04 00:00:00+00:00,,,,
2023-11-04 08:00:00+00:00,,,,
2023-11-04 16:00:00+00:00,,,,
2023-11-05 00:00:00+00:00,,,,
2023-11-05 08:00:00+00:00,,,,
2023-11-05 16:00:00+00:00,,,,
2023-11-06 00:00:00+00:00,184.89700317382812,185.43800354003906,184.86099243164062,185.39599609375
2023-11-06 08:00:00+00:00,185.39599609375,185.95799255371094,185.17799377441406,185.51300048828125
2023-11-06 16:00:00+00:00,185.50799560546875,185.6510009765625,185.0290069580078,185.1439971923828
2023-11-07 00:00:00+00:00,185.125,185.406005859375,185.08900451660156,185.33200073242188
2023-11-07 08:00:00+00:00,185.33099365234375,185.4600067138672,184.63800048828125,185.08999633789062
2023-11-07 16:00:00+00:00,185.08900451660156,185.23300170898438,184.6699981689453,184.85800170898438
2023-11-08 00:00:00+00:00,184.8459930419922,185.0399932861328,184.76600646972656,184.91799926757812
2023-11-08 08:00:00+00:00,184.91700744628906,185.36099243164062,184.5399932861328,185.33799743652344
2023-11-08 16:00:00+00:00,185.33999633789062,185.67100524902344,185.22000122070312,185.3179931640625
2023-11-09 00:00:00+00:00,185.3179931640625,185.50999450683594,185.24000549316406,185.3509979248047
2023-11-09 08:00:00+00:00,185.34800720214844,185.88999938964844,185.1199951171875,185.46499633789062
2023-11-09 16:00:00+00:00,185.46400451660156,185.4969940185547,184.7899932861328,184.88099670410156
2023-11-10 00:00:00+00:00,184.87899780273438,185.21600341796875,184.80999755859375,185.0850067138672
2023-11-10 08:00:00+00:00,185.0850067138672,185.1719970703125,184.62600708007812,184.73800659179688
2023-11-10 16:00:00+00:00,184.73800659179688,185.33599853515625,184.72999572753906,185.21800231933594
2023-11-11 00:00:00+00:00,,,,
2023-11-11 08:00:00+00:00,,,,
2023-11-11 16:00:00+00:00,,,,
2023-11-12 00:00:00+00:00,,,,
2023-11-12 08:00:00+00:00,,,,
2023-11-12 16:00:00+00:00,,,,
2023-11-13 00:00:00+00:00,185.22300720214844,185.75,185.19500732421875,185.6909942626953
2023-11-13 08:00:00+00:00,185.69000244140625,185.96499633789062,185.2519989013672,185.85000610351562
2023-11-13 16:00:00+00:00,185.8520050048828,186.3159942626953,185.72999572753906,186.21800231933594
2023-11-14 00:00:00+00:00,186.21400451660156,186.51400756835938,186.08399963378906,186.42999267578125
2023-11-14 08:00:00+00:00,186.42999267578125,188.11900329589844,186.24200439453125,187.86399841308594
2023-11-14 16:00:00+00:00,187.8730010986328,188.28199768066406,187.70399475097656,187.98699951171875
2023-11-15 00:00:00+00:00,187.9969940185547,188.23199462890625,187.80999755859375,187.9080047607422
2023-11-15 08:00:00+00:00,187.9029998779297,187.9669952392578,187.16400146484375,187.7530059814453
2023-11-15 16:00:00+00:00,187.75900268554688,187.9969940185547,187.67599487304688,187.81900024414062
2023-11-16 00:00:00+00:00,187.8179931640625,187.91200256347656,187.29200744628906,187.3939971923828
2023-11-16 08:00:00+00:00,187.3939971923828,187.71200561523438,187.06199645996094,187.11099243164062
2023-11-16 16:00:00+00:00,187.10899353027344,187.18899536132812,186.82200622558594,187.08099365234375
2023-11-17 00:00:00+00:00,187.08099365234375,187.13800048828125,186.23500061035156,186.30799865722656
2023-11-17 08:00:00+00:00,186.3070068359375,186.3090057373047,185.3090057373047,185.95599365234375
2023-11-17 16:00:00+00:00,185.96299743652344,186.5679931640625,185.9320068359375,186.40199279785156
2023-11-18 00:00:00+00:00,,,,
2023-11-18 08:00:00+00:00,,,,
2023-11-18 16:00:00+00:00,,,,
2023-11-19 00:00:00+00:00,,,,
2023-11-19 08:00:00+00:00,,,,
2023-11-19 16:00:00+00:00,,,,
2023-11-20 00:00:00+00:00,186.74400329589844,186.78399658203125,185.6999969482422,185.75
2023-11-20 08:00:00+00:00,185.75900268554688,186.0030059814453,184.62399291992188,185.35000610351562
2023-11-20 16:00:00+00:00,185.34800720214844,185.62899780273438,185.28599548339844,185.58200073242188
2023-11-21 00:00:00+00:00,185.59500122070312,185.63900756835938,184.5800018310547,184.74600219726562
2023-11-21 08:00:00+00:00,184.75,185.30999755859375,184.45799255371094,185.2790069580078
2023-11-21 16:00:00+00:00,185.27999877929688,186.09300231933594,185.23399353027344,185.83299255371094
2023-11-22 00:00:00+00:00,185.82400512695312,186.63299560546875,185.73899841308594,186.593994140625
2023-11-22 08:00:00+00:00,186.59300231933594,187.0229949951172,186.1999969482422,186.48699951171875
2023-11-22 16:00:00+00:00,186.48399353027344,186.947998046875,186.39599609375,186.66099548339844
2023-11-23 00:00:00+00:00,186.65499877929688,186.70899963378906,186.27200317382812,186.6909942626953
2023-11-23 08:00:00+00:00,186.68800354003906,187.63299560546875,186.5800018310547,187.44900512695312
2023-11-23 16:00:00+00:00,187.447998046875,187.55599975585938,187.2449951171875,187.53199768066406
2023-11-24 00:00:00+00:00,187.53199768066406,187.64500427246094,187.0959930419922,187.26300048828125
2023-11-24 08:00:00+00:00,187.26199340820312,188.58599853515625,187.21099853515625,188.55599975585938
2023-11-24 16:00:00+00:00,188.5540008544922,188.656005859375,188.22799682617188,188.3699951171875
2023-11-25 00:00:00+00:00,,,,
2023-11-25 08:00:00+00:00,,,,
2023-11-25 16:00:00+00:00,,,,
2023-11-26 00:00:00+00:00,,,,
2023-11-26 08:00:00+00:00,,,,
2023-11-26 16:00:00+00:00,,,,
2023-11-27 00:00:00+00:00,188.45599365234375,188.52699279785156,187.59300231933594,188.02099609375
2023-11-27 08:00:00+00:00,188.02200317382812,188.34500122070312,187.65499877929688,187.72000122070312
2023-11-27 16:00:00+00:00,187.71499633789062,187.8730010986328,187.3990020751953,187.51800537109375
2023-11-28 00:00:00+00:00,187.51400756835938,187.5229949951172,187.0449981689453,187.29200744628906
2023-11-28 08:00:00+00:00,187.29100036621094,187.8730010986328,187.2760009765625,187.53799438476562
2023-11-28 16:00:00+00:00,187.5399932861328,187.552001953125,186.80999755859375,186.93499755859375
2023-11-29 00:00:00+00:00,186.9499969482422,187.24400329589844,186.61399841308594,187.0959930419922
2023-11-29 08:00:00+00:00,187.09300231933594,187.53199768066406,186.86500549316406,187.13600158691406
2023-11-29 16:00:00+00:00,187.1320037841797,187.23500061035156,186.42599487304688,186.66200256347656
2023-11-30 00:00:00+00:00,186.68299865722656,186.8769989013672,186.48899841308594,186.66799926757812
2023-11-30 08:00:00+00:00,186.6649932861328,187.56500244140625,186.22300720214844,187.11000061035156
2023-11-30 16:00:00+00:00,187.11000061035156,187.1909942626953,186.76800537109375,186.927001953125
2023-12-01 00:00:00+00:00,186.92999267578125,187.36199951171875,186.66900634765625,187.3509979248047
2023-12-01 08:00:00+00:00,187.3509979248047,187.51600646972656,186.18699645996094,186.4980010986328
2023-12-01 16:00:00+00:00,186.49899291992188,186.69500732421875,186.29800415039062,186.60499572753906
2023-12-02 00:00:00+00:00,,,,
2023-12-02 08:00:00+00:00,,,,
2023-12-02 16:00:00+00:00,,,,
2023-12-03 00:00:00+00:00,,,,
2023-12-03 08:00:00+00:00,,,,
2023-12-03 16:00:00+00:00,,,,
2023-12-04 00:00:00+00:00,186.03500366210938,186.15499877929688,185.51499938964844,186.1199951171875
2023-12-04 08:00:00+00:00,186.1219940185547,186.33299255371094,185.06500244140625,185.49600219726562
2023-12-04 16:00:00+00:00,185.5,186.13900756835938,185.44500732421875,186.1269989013672
2023-12-05 00:00:00+00:00,186.0850067138672,186.18699645996094,185.05599975585938,185.13999938964844
2023-12-05 08:00:00+00:00,185.1479949951172,185.94900512695312,185.1020050048828,185.53500366210938
2023-12-05 16:00:00+00:00,185.53500366210938,185.56500244140625,185.07400512695312,185.35499572753906
2023-12-06 00:00:00+00:00,185.35800170898438,185.79200744628906,185.15899658203125,185.28700256347656
2023-12-06 08:00:00+00:00,185.28500366210938,185.8090057373047,185.11199951171875,185.38400268554688
2023-12-06 16:00:00+00:00,185.38600158691406,185.49899291992188,184.77999877929688,184.79400634765625
2023-12-07 00:00:00+00:00,184.8179931640625,184.8249969482422,183.0919952392578,183.3179931640625
2023-12-07 08:00:00+00:00,183.31700134277344,183.32699584960938,180.97999572753906,181.10499572753906
2023-12-07 16:00:00+00:00,181.1009979248047,181.66400146484375,178.52699279785156,181.61199951171875
2023-12-08 00:00:00+00:00,181.552001953125,181.6269989013672,179.53500366210938,181.0489959716797
2023-12-08 08:00:00+00:00,181.0489959716797,182.03900146484375,180.45199584960938,181.28900146484375
2023-12-08 16:00:00+00:00,181.28799438476562,181.9510040283203,181.11000061035156,181.8730010986328
2023-12-09 00:00:00+00:00,,,,
2023-12-09 08:00:00+00:00,,,,
2023-12-09 16:00:00+00:00,,,,
2023-12-10 00:00:00+00:00,,,,
2023-12-10 08:00:00+00:00,,,,
2023-12-10 16:00:00+00:00,,,,
2023-12-11 00:00:00+00:00,182.01499938964844,183.61000061035156,181.9199981689453,183.5570068359375
2023-12-11 08:00:00+00:00,183.55799865722656,184.32400512695312,183.29200744628906,183.75599670410156
2023-12-11 16:00:00+00:00,183.7530059814453,183.88299560546875,183.35400390625,183.37399291992188
2023-12-12 00:00:00+00:00,183.33099365234375,183.44400024414062,182.56100463867188,182.72799682617188
2023-12-12 08:00:00+00:00,182.7259979248047,183.00799560546875,182.26400756835938,182.93600463867188
2023-12-12 16:00:00+00:00,182.93699645996094,183.01600646972656,182.4929962158203,182.6300048828125
2023-12-13 00:00:00+00:00,182.6179962158203,183.14700317382812,182.5070037841797,182.56700134277344
2023-12-13 08:00:00+00:00,182.56700134277344,182.85899353027344,181.69700622558594,181.80599975585938
2023-12-13 16:00:00+00:00,181.80499267578125,181.96099853515625,179.26699829101562,180.2519989013672
2023-12-14 00:00:00+00:00,180.20700073242188,180.39999389648438,178.32899475097656,179.21400451660156
2023-12-14 08:00:00+00:00,179.21299743652344,180.91900634765625,178.7010040283203,180.76499938964844
2023-12-14 16:00:00+00:00,180.76600646972656,181.73300170898438,180.60800170898438,181.70199584960938
2023-12-15 00:00:00+00:00,181.69500732421875,181.72500610351562,180.7469940185547,181.27000427246094
2023-12-15 08:00:00+00:00,181.2689971923828,181.33999633789062,179.81199645996094,179.99600219726562
2023-12-15 16:00:00+00:00,179.9949951171875,180.55999755859375,179.8300018310547,180.26699829101562
2023-12-16 00:00:00+00:00,,,,
2023-12-16 08:00:00+00:00,,,,
2023-12-16 16:00:00+00:00,,,,
2023-12-17 00:00:00+00:00,,,,
2023-12-17 08:00:00+00:00,,,,
2023-12-17 16:00:00+00:00,,,,
2023-12-18 00:00:00+00:00,180.33999633789062,180.83999633789062,180.17100524902344,180.69400024414062
2023-12-18 08:00:00+00:00,180.69400024414062,181.1739959716797,180.3679962158203,180.95399475097656
2023-12-18 16:00:00+00:00,180.95599365234375,181.01800537109375,180.37899780273438,180.48599243164062
2023-12-19 00:00:00+00:00,180.53599548339844,182.63299560546875,180.03399658203125,182.60699462890625
2023-12-19 08:00:00+00:00,182.6199951171875,184.1739959716797,182.59800720214844,183.1840057373047
2023-12-19 16:00:00+00:00,183.17999267578125,183.31199645996094,182.92999267578125,183.18099975585938
2023-12-20 00:00:00+00:00,183.20599365234375,183.33099365234375,181.26600646972656,181.76800537109375
2023-12-20 08:00:00+00:00,181.76800537109375,182.05599975585938,181.26199340820312,182.00999450683594
2023-12-20 16:00:00+00:00,182.00900268554688,182.3560028076172,181.0800018310547,181.36000061035156
2023-12-21 00:00:00+00:00,181.38800048828125,181.43499755859375,180.4290008544922,181.0030059814453
2023-12-21 08:00:00+00:00,181.0030059814453,181.11500549316406,179.8419952392578,179.88499450683594
2023-12-21 16:00:00+00:00,179.8800048828125,180.50900268554688,179.7740020751953,180.10400390625
2023-12-22 00:00:00+00:00,180.1219940185547,180.927001953125,179.93299865722656,180.48800659179688
2023-12-22 08:00:00+00:00,180.48800659179688,181.1790008544922,180.23899841308594,180.97000122070312
2023-12-22 16:00:00+00:00,180.96400451660156,181.38400268554688,180.7310028076172,180.86700439453125
2023-12-23 00:00:00+00:00,,,,
2023-12-23 08:00:00+00:00,,,,
2023-12-23 16:00:00+00:00,,,,
2023-12-24 00:00:00+00:00,,,,
2023-12-24 08:00:00+00:00,,,,
2023-12-24 16:00:00+00:00,,,,
2023-12-25 00:00:00+00:00,180.61599731445312,181.06399536132812,180.19000244140625,180.9499969482422
2023-12-25 08:00:00+00:00,180.9499969482422,180.9499969482422,180.8209991455078,180.8209991455078
2023-12-25 16:00:00+00:00,180.7899932861328,180.84100341796875,180.36500549316406,180.7050018310547
2023-12-26 00:00:00+00:00,180.68800354003906,180.81199645996094,180.48800659179688,180.6790008544922
2023-12-26 08:00:00+00:00,180.6790008544922,181.1580047607422,180.63600158691406,181.156005859375
2023-12-26 16:00:00+00:00,181.16000366210938,181.32000732421875,180.9499969482422,181.30799865722656
2023-12-27 00:00:00+00:00,181.32400512695312,181.86599731445312,181.25900268554688,181.6999969482422
2023-12-27 08:00:00+00:00,181.697998046875,182.18699645996094,181.11000061035156,181.85699462890625
2023-12-27 16:00:00+00:00,181.85800170898438,181.93800354003906,180.9499969482422,181.0070037841797
2023-12-28 00:00:00+00:00,181.03900146484375,181.3719940185547,180.39599609375,180.50999450683594
2023-12-28 08:00:00+00:00,180.50799560546875,180.69000244140625,178.99000549316406,179.90899658203125
2023-12-28 16:00:00+00:00,179.91099548339844,180.35400390625,179.67799377441406,180.08599853515625
2023-12-29 00:00:00+00:00,180.10800170898438,180.46499633789062,180.01800537109375,180.25
2023-12-29 08:00:00+00:00,180.2469940185547,180.52699279785156,179.55999755859375,179.7209930419922
2023-12-29 16:00:00+00:00,179.7209930419922,179.8719940185547,179.3000030517578,179.5500030517578
2023-12-30 00:00:00+00:00,,,,
2023-12-30 08:00:00+00:00,,,,
2023-12-30 16:00:00+00:00,,,,
2023-12-31 00:00:00+00:00,,,,
2023-12-31 08:00:00+00:00,,,,
2023-12-31 16:00:00+00:00,,,,
2024-01-01 00:00:00+00:00,,,,
2024-01-01 08:00:00+00:00,,,,
2024-01-01 16:00:00+00:00,179.3509979248047,179.6219940185547,179.05299377441406,179.60400390625
2024-01-02 00:00:00+00:00,179.58799743652344,180.28199768066406,179.57699584960938,180.21600341796875
2024-01-02 08:00:00+00:00,180.21600341796875,180.64599609375,178.72900390625,179.17799377441406
2024-01-02 16:00:00+00:00,179.18600463867188,179.44200134277344,178.92799377441406,179.44200134277344
2024-01-03 00:00:00+00:00,179.45199584960938,180.1219940185547,179.16600036621094,180.0570068359375
2024-01-03 08:00:00+00:00,180.06700134277344,181.45599365234375,179.98399353027344,181.33799743652344
2024-01-03 16:00:00+00:00,181.33399963378906,181.74899291992188,181.14700317382812,181.20799255371094
2024-01-04 00:00:00+00:00,181.218994140625,182.2550048828125,181.0050048828125,181.97900390625
2024-01-04 08:00:00+00:00,181.97999572753906,183.7760009765625,181.8300018310547,183.71200561523438
2024-01-04 16:00:00+00:00,183.70399475097656,183.71099853515625,183.21600341796875,183.56900024414062
2024-01-05 00:00:00+00:00,183.58399963378906,184.1269989013672,183.38900756835938,183.9340057373047
2024-01-05 08:00:00+00:00,183.93499755859375,184.30299377441406,183.5469970703125,183.78599548339844
2024-01-05 16:00:00+00:00,183.78399658203125,184.2989959716797,183.72999572753906,183.86700439453125
2024-01-06 00:00:00+00:00,,,,
2024-01-06 08:00:00+00:00,,,,
2024-01-06 16:00:00+00:00,,,,
2024-01-07 00:00:00+00:00,,,,
2024-01-07 08:00:00+00:00,,,,
2024-01-07 16:00:00+00:00,,,,
2024-01-08 00:00:00+00:00,184.03599548339844,184.14100646972656,183.2310028076172,183.52200317382812
2024-01-08 08:00:00+00:00,183.5229949951172,184.0,183.01499938964844,183.51300048828125
2024-01-08 16:00:00+00:00,183.51100158691406,183.93899536132812,183.28399658203125,183.7239990234375
2024-01-09 00:00:00+00:00,183.75599670410156,183.8249969482422,183.00900268554688,183.63400268554688
2024-01-09 08:00:00+00:00,183.63600158691406,183.75900268554688,182.7480010986328,183.32000732421875
2024-01-09 16:00:00+00:00,183.32000732421875,183.65699768066406,183.1820068359375,183.572998046875
2024-01-10 00:00:00+00:00,183.5749969482422,184.1999969482422,183.5659942626953,184.0290069580078
2024-01-10 08:00:00+00:00,184.031005859375,185.49899291992188,184.01100158691406,185.45599365234375
2024-01-10 16:00:00+00:00,185.45199584960938,185.8209991455078,185.24400329589844,185.7220001220703
2024-01-11 00:00:00+00:00,185.71499633789062,185.8459930419922,185.41799926757812,185.6060028076172
2024-01-11 08:00:00+00:00,185.60400390625,186.16099548339844,185.19400024414062,185.55599975585938
2024-01-11 16:00:00+00:00,185.56100463867188,185.93699645996094,185.07400512695312,185.38600158691406
2024-01-12 00:00:00+00:00,185.41099548339844,185.6529998779297,185.04100036621094,185.1490020751953
2024-01-12 08:00:00+00:00,185.14599609375,185.32699584960938,184.48300170898438,184.66799926757812
2024-01-12 16:00:00+00:00,184.66799926757812,184.8159942626953,184.46800231933594,184.80499267578125
2024-01-13 00:00:00+00:00,,,,
2024-01-13 08:00:00+00:00,,,,
2024-01-13 16:00:00+00:00,,,,
2024-01-14 00:00:00+00:00,,,,
2024-01-14 08:00:00+00:00,,,,
2024-01-14 16:00:00+00:00,,,,
2024-01-15 00:00:00+00:00,184.8489990234375,185.48599243164062,184.71800231933594,185.343994140625
2024-01-15 08:00:00+00:00,185.35000610351562,185.75399780273438,185.22000122070312,185.5919952392578
2024-01-15 16:00:00+00:00,185.5919952392578,185.72300720214844,185.35299682617188,185.36599731445312
2024-01-16 00:00:00+00:00,185.37399291992188,185.5030059814453,184.9459991455078,185.2220001220703
2024-01-16 08:00:00+00:00,185.2239990234375,185.81199645996094,184.99099731445312,185.8000030517578
2024-01-16 16:00:00+00:00,185.8000030517578,186.18299865722656,185.76199340820312,186.0800018310547
2024-01-17 00:00:00+00:00,186.0850067138672,187.19400024414062,185.86500549316406,187.1479949951172
2024-01-17 08:00:00+00:00,187.1490020751953,187.9429931640625,186.8489990234375,187.88900756835938
2024-01-17 16:00:00+00:00,187.88600158691406,188.1230010986328,187.60899353027344,187.78199768066406
2024-01-18 00:00:00+00:00,187.78500366210938,187.93499755859375,187.53799438476562,187.65699768066406
2024-01-18 08:00:00+00:00,187.6510009765625,187.86500549316406,187.30799865722656,187.78399658203125
2024-01-18 16:00:00+00:00,187.77699279785156,188.27999877929688,187.74899291992188,188.27099609375
2024-01-19 00:00:00+00:00,188.2729949951172,188.92799377441406,188.02000427246094,188.08799743652344
2024-01-19 08:00:00+00:00,188.093994140625,188.10800170898438,187.4040069580078,187.79600524902344
2024-01-19 16:00:00+00:00,187.7830047607422,188.25999450683594,187.656005859375,188.1739959716797
2024-01-20 00:00:00+00:00,,,,
2024-01-20 08:00:00+00:00,,,,
2024-01-20 16:00:00+00:00,,,,
2024-01-21 00:00:00+00:00,,,,
2024-01-21 08:00:00+00:00,,,,
2024-01-21 16:00:00+00:00,,,,
2024-01-22 00:00:00+00:00,188.10299682617188,188.39199829101562,187.7530059814453,188.04800415039062
2024-01-22 08:00:00+00:00,188.05499267578125,188.26600646972656,187.86900329589844,188.05599975585938
2024-01-22 16:00:00+00:00,188.05499267578125,188.37399291992188,187.93800354003906,188.21499633789062
2024-01-23 00:00:00+00:00,188.22999572753906,188.90899658203125,187.32899475097656,188.0500030517578
2024-01-23 08:00:00+00:00,188.05099487304688,188.24600219726562,187.47999572753906,188.0540008544922
2024-01-23 16:00:00+00:00,188.05299377441406,188.29800415039062,187.9250030517578,188.14300537109375
2024-01-24 00:00:00+00:00,188.13400268554688,188.16000366210938,187.6199951171875,187.7570037841797
2024-01-24 08:00:00+00:00,187.76300048828125,188.4709930419922,187.11500549316406,187.38499450683594
2024-01-24 16:00:00+00:00,187.38699340820312,187.85699462890625,187.33700561523438,187.7010040283203
2024-01-25 00:00:00+00:00,187.6909942626953,188.02499389648438,187.5970001220703,188.01199340820312
2024-01-25 08:00:00+00:00,188.0070037841797,188.19200134277344,187.1479949951172,187.41600036621094
2024-01-25 16:00:00+00:00,187.4149932861328,187.7689971923828,187.33599853515625,187.71600341796875
2024-01-26 00:00:00+00:00,187.6929931640625,187.83900451660156,187.3280029296875,187.406005859375
2024-01-26 08:00:00+00:00,187.40699768066406,188.56399536132812,187.39500427246094,188.38999938964844
2024-01-26 16:00:00+00:00,188.39100646972656,188.3990020751953,188.00999450683594,188.22799682617188
2024-01-27 00:00:00+00:00,,,,
2024-01-27 08:00:00+00:00,,,,
2024-01-27 16:00:00+00:00,,,,
2024-01-28 00:00:00+00:00,,,,
2024-01-28 08:00:00+00:00,,,,
2024-01-28 16:00:00+00:00,,,,
2024-01-29 00:00:00+00:00,188.1320037841797,188.28700256347656,187.82400512695312,187.86099243164062
2024-01-29 08:00:00+00:00,187.86199951171875,188.0229949951172,187.1060028076172,187.20399475097656
2024-01-29 16:00:00+00:00,187.20700073242188,187.50900268554688,187.1280059814453,187.48699951171875
2024-01-30 00:00:00+00:00,187.47799682617188,187.51199340820312,186.75999450683594,186.906005859375
2024-01-30 08:00:00+00:00,186.906005859375,187.26499938964844,186.50799560546875,187.2519989013672
2024-01-30 16:00:00+00:00,187.24899291992188,187.48199462890625,187.0500030517578,187.06500244140625
2024-01-31 00:00:00+00:00,187.03700256347656,187.41799926757812,186.9010009765625,187.1439971923828
2024-01-31 08:00:00+00:00,187.14599609375,187.6060028076172,186.08700561523438,186.12100219726562
2024-01-31 16:00:00+00:00,186.1219940185547,186.68800354003906,185.94900512695312,186.40199279785156
2024-02-01 00:00:00+00:00,186.39100646972656,186.47500610351562,185.70899963378906,185.76600646972656
2024-02-01 08:00:00+00:00,185.77499389648438,186.58799743652344,185.2209930419922,185.552001953125
2024-02-01 16:00:00+00:00,185.54800415039062,186.73399353027344,185.43099975585938,186.66000366210938
2024-02-02 00:00:00+00:00,186.6739959716797,186.9759979248047,186.4199981689453,186.9530029296875
2024-02-02 08:00:00+00:00,186.9499969482422,187.73199462890625,186.78399658203125,187.66600036621094
2024-02-02 16:00:00+00:00,187.66200256347656,187.72000122070312,187.18800354003906,187.39999389648438
2024-02-03 00:00:00+00:00,,,,
2024-02-03 08:00:00+00:00,,,,
2024-02-03 16:00:00+00:00,,,,
2024-02-04 00:00:00+00:00,,,,
2024-02-04 08:00:00+00:00,,,,
2024-02-04 16:00:00+00:00,,,,
2024-02-05 00:00:00+00:00,187.43800354003906,187.593994140625,186.96099853515625,187.322998046875
2024-02-05 08:00:00+00:00,187.32400512695312,187.52000427246094,186.1649932861328,186.38699340820312
2024-02-05 16:00:00+00:00,186.38900756835938,186.4739990234375,186.1999969482422,186.3090057373047
2024-02-06 00:00:00+00:00,186.32400512695312,186.55999755859375,186.1840057373047,186.45399475097656
2024-02-06 08:00:00+00:00,186.45199584960938,186.77999877929688,186.19900512695312,186.25
2024-02-06 16:00:00+00:00,186.2469940185547,186.50999450683594,186.16099548339844,186.29600524902344
2024-02-07 00:00:00+00:00,186.30599975585938,186.68899536132812,186.2519989013672,186.66700744628906
2024-02-07 08:00:00+00:00,186.66600036621094,187.25999450683594,186.5449981689453,186.86599731445312
2024-02-07 16:00:00+00:00,186.8679962158203,187.1280059814453,186.7220001220703,186.96800231933594
2024-02-08 00:00:00+00:00,186.97799682617188,187.93099975585938,186.86000061035156,187.8179931640625
2024-02-08 08:00:00+00:00,187.81199645996094,188.36300659179688,187.67799377441406,188.3520050048828
2024-02-08 16:00:00+00:00,188.3520050048828,188.48300170898438,188.21299743652344,188.37399291992188
2024-02-09 00:00:00+00:00,188.3780059814453,188.74899291992188,188.32400512695312,188.72500610351562
2024-02-09 08:00:00+00:00,188.7239990234375,188.86199951171875,188.22000122070312,188.66200256347656
2024-02-09 16:00:00+00:00,188.65199279785156,188.7550048828125,188.41799926757812,188.5070037841797
2024-02-10 00:00:00+00:00,,,,
2024-02-10 08:00:00+00:00,,,,
2024-02-10 16:00:00+00:00,,,,
2024-02-11 00:00:00+00:00,,,,
2024-02-11 08:00:00+00:00,,,,
2024-02-11 16:00:00+00:00,,,,
2024-02-12 00:00:00+00:00,188.50999450683594,188.63800048828125,188.38999938964844,188.55999755859375
2024-02-12 08:00:00+00:00,188.5500030517578,188.58999633789062,187.8459930419922,188.53900146484375
2024-02-12 16:00:00+00:00,188.5399932861328,188.7209930419922,188.44400024414062,188.6300048828125
2024-02-13 00:00:00+00:00,188.64300537109375,189.28399658203125,188.4340057373047,189.2530059814453
2024-02-13 08:00:00+00:00,189.25999450683594,189.781005859375,188.8800048828125,189.76199340820312
2024-02-13 16:00:00+00:00,189.7570037841797,190.0760040283203,189.52999877929688,189.76800537109375
2024-02-14 00:00:00+00:00,189.75799560546875,189.8280029296875,188.9149932861328,189.02099609375
2024-02-14 08:00:00+00:00,189.02699279785156,189.30299377441406,188.74600219726562,189.01400756835938
2024-02-14 16:00:00+00:00,189.00799560546875,189.25399780273438,188.8730010986328,189.2209930419922
2024-02-15 00:00:00+00:00,189.20599365234375,189.20799255371094,188.28599548339844,188.42999267578125
2024-02-15 08:00:00+00:00,188.4250030517578,188.9239959716797,187.9429931640625,188.822998046875
2024-02-15 16:00:00+00:00,188.81700134277344,188.9969940185547,188.72300720214844,188.91200256347656
2024-02-16 00:00:00+00:00,188.9199981689453,189.33700561523438,188.85000610351562,189.14700317382812
2024-02-16 08:00:00+00:00,189.13800048828125,189.25599670410156,188.8730010986328,189.06199645996094
2024-02-16 16:00:00+00:00,189.06300354003906,189.51199340820312,189.03399658203125,189.27499389648438
2024-02-17 00:00:00+00:00,,,,
2024-02-17 08:00:00+00:00,,,,
2024-02-17 16:00:00+00:00,,,,
2024-02-18 00:00:00+00:00,,,,
2024-02-18 08:00:00+00:00,,,,
2024-02-18 16:00:00+00:00,,,,
2024-02-19 00:00:00+00:00,189.3419952392578,189.375,189.0800018310547,189.26300048828125
2024-02-19 08:00:00+00:00,189.26800537109375,189.38600158691406,188.89999389648438,189.0070037841797
2024-02-19 16:00:00+00:00,189.00599670410156,189.1909942626953,188.9409942626953,189.13400268554688
2024-02-20 00:00:00+00:00,189.14999389648438,189.3820037841797,189.06900024414062,189.30599975585938
2024-02-20 08:00:00+00:00,189.2989959716797,189.72300720214844,189.07400512695312,189.65899658203125
2024-02-20 16:00:00+00:00,189.66099548339844,189.68299865722656,189.18800354003906,189.3470001220703
2024-02-21 00:00:00+00:00,189.32400512695312,189.6529998779297,189.27099609375,189.63499450683594
2024-02-21 08:00:00+00:00,189.63400268554688,189.66200256347656,189.14700317382812,189.4929962158203
2024-02-21 16:00:00+00:00,189.4929962158203,190.04299926757812,189.4320068359375,190.0030059814453
2024-02-22 00:00:00+00:00,189.9949951171875,190.30499267578125,189.88999938964844,190.27499389648438
2024-02-22 08:00:00+00:00,190.2779998779297,190.83299255371094,189.84800720214844,189.9510040283203
2024-02-22 16:00:00+00:00,189.947998046875,190.65699768066406,189.93600463867188,190.52000427246094
2024-02-23 00:00:00+00:00,190.51699829101562,190.7570037841797,190.39300537109375,190.7480010986328
2024-02-23 08:00:00+00:00,190.7480010986328,191.13999938964844,190.66299438476562,190.8300018310547
2024-02-23 16:00:00+00:00,190.82899475097656,190.84300231933594,190.49600219726562,190.69900512695312
2024-02-24 00:00:00+00:00,,,,
2024-02-24 08:00:00+00:00,,,,
2024-02-24 16:00:00+00:00,,,,
2024-02-25 00:00:00+00:00,,,,
2024-02-25 08:00:00+00:00,,,,
2024-02-25 16:00:00+00:00,,,,
2024-02-26 00:00:00+00:00,190.6840057373047,190.7220001220703,190.3280029296875,190.718994140625
2024-02-26 08:00:00+00:00,190.71600341796875,191.3179931640625,190.53700256347656,191.19400024414062
2024-02-26 16:00:00+00:00,191.1999969482422,191.27200317382812,190.91099548339844,190.96400451660156
2024-02-27 00:00:00+00:00,190.9739990234375,190.98399353027344,190.71499633789062,190.80599975585938
2024-02-27 08:00:00+00:00,190.79800415039062,190.84800720214844,190.36000061035156,190.78799438476562
2024-02-27 16:00:00+00:00,190.79100036621094,190.99000549316406,190.7259979248047,190.83599853515625
2024-02-28 00:00:00+00:00,190.84800720214844,190.875,190.55799865722656,190.83200073242188
2024-02-28 08:00:00+00:00,190.8300018310547,190.8769989013672,190.25799560546875,190.82000732421875
2024-02-28 16:00:00+00:00,190.81900024414062,190.93099975585938,190.5500030517578,190.72999572753906
2024-02-29 00:00:00+00:00,190.7570037841797,190.7570037841797,189.37100219726562,189.38699340820312
2024-02-29 08:00:00+00:00,189.38600158691406,190.03399658203125,189.0399932861328,189.28900146484375
2024-02-29 16:00:00+00:00,189.29800415039062,189.57200622558594,189.11399841308594,189.4949951171875
2024-03-01 00:00:00+00:00,189.48500061035156,190.13299560546875,189.47000122070312,190.0919952392578
2024-03-01 08:00:00+00:00,190.093994140625,190.39599609375,189.59800720214844,189.94200134277344
2024-03-01 16:00:00+00:00,189.94200134277344,190.0919952392578,189.7949981689453,189.91700744628906
2024-03-02 00:00:00+00:00,,,,
2024-03-02 08:00:00+00:00,,,,
2024-03-02 16:00:00+00:00,,,,
2024-03-03 00:00:00+00:00,,,,
2024-03-03 08:00:00+00:00,,,,
2024-03-03 16:00:00+00:00,,,,
2024-03-04 00:00:00+00:00,190.05999755859375,190.5919952392578,189.77000427246094,190.56500244140625
2024-03-04 08:00:00+00:00,190.55999755859375,191.11099243164062,190.22999572753906,191.08399963378906
2024-03-04 16:00:00+00:00,191.07899475097656,191.18800354003906,190.8489990234375,190.9320068359375
2024-03-05 00:00:00+00:00,190.91000366210938,191.02699279785156,190.54800415039062,190.677001953125
2024-03-05 08:00:00+00:00,190.677001953125,191.00999450683594,190.39999389648438,190.9600067138672
2024-03-05 16:00:00+00:00,190.9600067138672,191.03500366210938,190.30599975585938,190.59800720214844
2024-03-06 00:00:00+00:00,190.6179962158203,190.63099670410156,189.85000610351562,190.06199645996094
2024-03-06 08:00:00+00:00,190.06399536132812,190.68600463867188,189.9499969482422,190.3249969482422
2024-03-06 16:00:00+00:00,190.32400512695312,190.45899963378906,189.9499969482422,190.07400512695312
2024-03-07 00:00:00+00:00,190.09300231933594,190.0989990234375,188.40199279785156,188.40499877929688
2024-03-07 08:00:00+00:00,188.41000366210938,189.52000427246094,188.2259979248047,189.4499969482422
2024-03-07 16:00:00+00:00,189.45599365234375,189.718994140625,189.2570037841797,189.45199584960938
2024-03-08 00:00:00+00:00,189.45599365234375,189.71299743652344,189.11000061035156,189.33900451660156
2024-03-08 08:00:00+00:00,189.33399963378906,189.61700439453125,188.3800048828125,189.37600708007812
2024-03-08 16:00:00+00:00,189.3800048828125,189.42999267578125,188.7689971923828,189.10299682617188
2024-03-09 00:00:00+00:00,,,,
2024-03-09 08:00:00+00:00,,,,
2024-03-09 16:00:00+00:00,,,,
2024-03-10 00:00:00+00:00,,,,
2024-03-10 08:00:00+00:00,,,,
2024-03-10 16:00:00+00:00,,,,
2024-03-11 00:00:00+00:00,188.71200561523438,188.98899841308594,188.4499969482422,188.49600219726562
2024-03-11 08:00:00+00:00,188.49899291992188,188.5970001220703,187.9530029296875,188.04800415039062
2024-03-11 16:00:00+00:00,188.0489959716797,188.3280029296875,187.9770050048828,188.08999633789062
2024-03-12 00:00:00+00:00,188.07899475097656,189.19900512695312,187.968994140625,188.43499755859375
2024-03-12 08:00:00+00:00,188.44000244140625,189.0469970703125,188.22300720214844,188.8159942626953
2024-03-12 16:00:00+00:00,188.81399536132812,188.9550018310547,188.6699981689453,188.90699768066406
2024-03-13 00:00:00+00:00,188.87399291992188,189.04200744628906,188.4040069580078,188.8209991455078
2024-03-13 08:00:00+00:00,188.81399536132812,189.54400634765625,188.7790069580078,189.05099487304688
2024-03-13 16:00:00+00:00,189.0540008544922,189.19400024414062,188.7989959716797,188.98300170898438
2024-03-14 00:00:00+00:00,188.927001953125,189.4239959716797,188.81199645996094,189.30999755859375
2024-03-14 08:00:00+00:00,189.30999755859375,189.51499938964844,188.58099365234375,188.8939971923828
2024-03-14 16:00:00+00:00,188.89500427246094,189.18699645996094,188.82200622558594,189.0019989013672
2024-03-15 00:00:00+00:00,189.00900268554688,189.2729949951172,188.58299255371094,189.20399475097656
2024-03-15 08:00:00+00:00,189.19900512695312,189.99600219726562,189.19700622558594,189.98399353027344
2024-03-15 16:00:00+00:00,189.98500061035156,190.0240020751953,189.63999938964844,189.9290008544922
2024-03-16 00:00:00+00:00,,,,
2024-03-16 08:00:00+00:00,,,,
2024-03-16 16:00:00+00:00,,,,
2024-03-17 00:00:00+00:00,,,,
2024-03-17 08:00:00+00:00,,,,
2024-03-17 16:00:00+00:00,,,,
2024-03-18 00:00:00+00:00,189.6320037841797,190.1540069580078,189.61000061035156,189.9980010986328
2024-03-18 08:00:00+00:00,189.9980010986328,190.1219940185547,189.80099487304688,189.87899780273438
2024-03-18 16:00:00+00:00,189.8800048828125,189.94400024414062,189.56399536132812,189.82000732421875
2024-03-19 00:00:00+00:00,189.81399536132812,191.197998046875,189.58099365234375,190.81500244140625
2024-03-19 08:00:00+00:00,190.80599975585938,191.6750030517578,190.60699462890625,191.59800720214844
2024-03-19 16:00:00+00:00,191.58799743652344,192.16299438476562,191.58599853515625,192.10299682617188
2024-03-20 00:00:00+00:00,192.06100463867188,192.8509979248047,192.03199768066406,192.6009979248047
2024-03-20 08:00:00+00:00,192.6009979248047,192.7779998779297,192.28799438476562,192.76199340820312
2024-03-20 16:00:00+00:00,192.76600646972656,193.53199768066406,192.41000366210938,192.91000366210938
2024-03-21 00:00:00+00:00,192.90899658203125,193.34100341796875,192.33599853515625,193.32699584960938
2024-03-21 08:00:00+00:00,193.32899475097656,193.5019989013672,191.86399841308594,192.0279998779297
2024-03-21 16:00:00+00:00,192.0240020751953,192.2310028076172,191.78599548339844,191.99099731445312
2024-03-22 00:00:00+00:00,191.97000122070312,192.23699951171875,190.70700073242188,190.88800048828125
2024-03-22 08:00:00+00:00,190.88699340820312,190.96400451660156,190.37899780273438,190.7100067138672
2024-03-22 16:00:00+00:00,190.71099853515625,190.8780059814453,190.54800415039062,190.8780059814453
2024-03-23 00:00:00+00:00,,,,
2024-03-23 08:00:00+00:00,,,,
2024-03-23 16:00:00+00:00,,,,
2024-03-24 00:00:00+00:00,,,,
2024-03-24 08:00:00+00:00,,,,
2024-03-24 16:00:00+00:00,,,,
2024-03-25 00:00:00+00:00,190.60800170898438,190.8470001220703,190.42799377441406,190.7010040283203
2024-03-25 08:00:00+00:00,190.69500732421875,191.5050048828125,190.60699462890625,191.4600067138672
2024-03-25 16:00:00+00:00,191.45599365234375,191.56500244140625,191.22999572753906,191.27999877929688
2024-03-26 00:00:00+00:00,191.2790069580078,191.5399932861328,191.20199584960938,191.4320068359375
2024-03-26 08:00:00+00:00,191.4290008544922,191.67300415039062,191.09500122070312,191.41400146484375
2024-03-26 16:00:00+00:00,191.41600036621094,191.447998046875,191.14100646972656,191.2239990234375
2024-03-27 00:00:00+00:00,191.20399475097656,191.6580047607422,191.0449981689453,191.47000122070312
2024-03-27 08:00:00+00:00,191.4720001220703,191.62600708007812,190.4980010986328,191.0
2024-03-27 16:00:00+00:00,191.0019989013672,191.30999755859375,190.78700256347656,190.8209991455078
2024-03-28 00:00:00+00:00,190.82000732421875,191.30299377441406,190.75900268554688,190.99200439453125
2024-03-28 08:00:00+00:00,190.99600219726562,191.3679962158203,190.55999755859375,191.1009979248047
2024-03-28 16:00:00+00:00,191.10400390625,191.29100036621094,190.8800048828125,191.1179962158203
2024-03-29 00:00:00+00:00,191.10800170898438,191.22300720214844,190.7729949951172,190.92999267578125
2024-03-29 08:00:00+00:00,190.927001953125,191.2449951171875,190.76100158691406,191.05799865722656
2024-03-29 16:00:00+00:00,191.0489959716797,191.13600158691406,190.78599548339844,191.06500244140625
2024-03-30 00:00:00+00:00,,,,
2024-03-30 08:00:00+00:00,,,,
2024-03-30 16:00:00+00:00,,,,
2024-03-31 00:00:00+00:00,,,,
2024-03-31 08:00:00+00:00,,,,
2024-03-31 16:00:00+00:00,191.08099365234375,191.35000610351562,191.072998046875,191.33700561523438
2024-04-01 00:00:00+00:00,191.33099365234375,191.33799743652344,190.97799682617188,190.99099731445312
2024-04-01 08:00:00+00:00,190.9949951171875,191.1060028076172,190.27000427246094,190.29400634765625
2024-04-01 16:00:00+00:00,190.29200744628906,190.4499969482422,190.16299438476562,190.18800354003906
2024-04-02 00:00:00+00:00,190.1840057373047,190.5070037841797,190.03199768066406,190.406005859375
2024-04-02 08:00:00+00:00,190.4080047607422,190.71400451660156,190.3000030517578,190.5489959716797
2024-04-02 16:00:00+00:00,190.552001953125,190.67300415039062,190.46600341796875,190.5760040283203
2024-04-03 00:00:00+00:00,190.57200622558594,190.74899291992188,190.41400146484375,190.59100341796875
2024-04-03 08:00:00+00:00,190.58999633789062,191.68800354003906,190.5749969482422,191.61099243164062
2024-04-03 16:00:00+00:00,191.6060028076172,191.92999267578125,191.56100463867188,191.76600646972656
2024-04-04 00:00:00+00:00,191.76100158691406,192.18600463867188,191.71600341796875,192.07200622558594
2024-04-04 08:00:00+00:00,192.072998046875,192.24600219726562,191.91600036621094,192.10000610351562
2024-04-04 16:00:00+00:00,192.093994140625,192.1719970703125,191.00799560546875,191.2169952392578
2024-04-05 00:00:00+00:00,191.22000122070312,191.26199340820312,190.66799926757812,191.09300231933594
2024-04-05 08:00:00+00:00,191.08999633789062,191.5489959716797,190.7790069580078,191.46400451660156
2024-04-05 16:00:00+00:00,191.45899963378906,191.6320037841797,191.41299438476562,191.61199951171875
2024-04-06 00:00:00+00:00,,,,
2024-04-06 08:00:00+00:00,,,,
2024-04-06 16:00:00+00:00,,,,
2024-04-07 00:00:00+00:00,,,,
2024-04-07 08:00:00+00:00,,,,
2024-04-07 16:00:00+00:00,191.4600067138672,191.51699829101562,191.41600036621094,191.47500610351562
2024-04-08 00:00:00+00:00,191.47300720214844,191.82200622558594,191.36000061035156,191.76199340820312
2024-04-08 08:00:00+00:00,191.76499938964844,192.13699340820312,191.61599731445312,192.0570068359375
2024-04-08 16:00:00+00:00,192.052001953125,192.26199340820312,191.94200134277344,192.17999267578125
2024-04-09 00:00:00+00:00,192.18099975585938,192.34100341796875,192.10699462890625,192.21200561523438
2024-04-09 08:00:00+00:00,192.21200561523438,192.8520050048828,192.13999938964844,192.2740020751953
2024-04-09 16:00:00+00:00,192.27099609375,192.4530029296875,192.0800018310547,192.4040069580078
2024-04-10 00:00:00+00:00,192.4040069580078,192.6699981689453,192.2469940185547,192.65699768066406
2024-04-10 08:00:00+00:00,192.65899658203125,192.96800231933594,191.51499938964844,191.76699829101562
2024-04-10 16:00:00+00:00,191.76800537109375,192.1320037841797,191.46200561523438,191.7429962158203
2024-04-11 00:00:00+00:00,191.74400329589844,192.3800048828125,191.5540008544922,192.343994140625
2024-04-11 08:00:00+00:00,192.34500122070312,192.57699584960938,191.77000427246094,192.00999450683594
2024-04-11 16:00:00+00:00,192.00900268554688,192.4530029296875,191.99899291992188,192.33200073242188
2024-04-12 00:00:00+00:00,192.32899475097656,192.39999389648438,191.70899963378906,191.8520050048828
2024-04-12 08:00:00+00:00,191.8520050048828,191.88600158691406,189.98599243164062,190.7220001220703
2024-04-12 16:00:00+00:00,190.7239990234375,190.88299560546875,190.47999572753906,190.85899353027344
2024-04-13 00:00:00+00:00,,,,
2024-04-13 08:00:00+00:00,,,,
2024-04-13 16:00:00+00:00,,,,
2024-04-14 00:00:00+00:00,,,,
2024-04-14 08:00:00+00:00,,,,
2024-04-14 16:00:00+00:00,190.97799682617188,191.05499267578125,190.86000061035156,191.00999450683594
2024-04-15 00:00:00+00:00,191.00799560546875,192.00599670410156,190.88400268554688,192.0019989013672
2024-04-15 08:00:00+00:00,192.0019989013672,192.71299743652344,191.73300170898438,192.26199340820312
2024-04-15 16:00:00+00:00,192.26100158691406,192.3459930419922,191.72999572753906,191.9320068359375
2024-04-16 00:00:00+00:00,191.9320068359375,192.23199462890625,191.63900756835938,192.02499389648438
2024-04-16 08:00:00+00:00,192.0279998779297,192.80999755859375,191.84800720214844,192.21200561523438
2024-04-16 16:00:00+00:00,192.20399475097656,192.49400329589844,192.0050048828125,192.29299926757812
2024-04-17 00:00:00+00:00,192.29100036621094,192.75100708007812,192.00399780273438,192.56900024414062
2024-04-17 08:00:00+00:00,192.56300354003906,192.83700561523438,192.3179931640625,192.36500549316406
2024-04-17 16:00:00+00:00,192.36399841308594,192.38900756835938,191.6699981689453,192.19400024414062
2024-04-18 00:00:00+00:00,192.18800354003906,192.51100158691406,191.89100646972656,192.4080047607422
2024-04-18 08:00:00+00:00,192.406005859375,192.7790069580078,192.22900390625,192.69500732421875
2024-04-18 16:00:00+00:00,192.68800354003906,192.73500061035156,192.16700744628906,192.2519989013672
2024-04-19 00:00:00+00:00,192.24899291992188,192.36099243164062,190.29299926757812,192.3090057373047
2024-04-19 08:00:00+00:00,192.3040008544922,192.72300720214844,191.56399536132812,191.58700561523438
2024-04-19 16:00:00+00:00,191.58599853515625,191.67100524902344,191.156005859375,191.302001953125
2024-04-20 00:00:00+00:00,,,,
2024-04-20 08:00:00+00:00,,,,
2024-04-20 16:00:00+00:00,,,,
2024-04-21 00:00:00+00:00,,,,
2024-04-21 08:00:00+00:00,,,,
2024-04-21 16:00:00+00:00,191.3040008544922,191.39999389648438,191.22999572753906,191.36700439453125
2024-04-22 00:00:00+00:00,191.36599731445312,191.69500732421875,190.96400451660156,191.2790069580078
2024-04-22 08:00:00+00:00,191.27999877929688,191.35499572753906,190.30999755859375,190.9669952392578
2024-04-22 16:00:00+00:00,190.9669952392578,191.37100219726562,190.9499969482422,191.18699645996094
2024-04-23 00:00:00+00:00,191.18099975585938,191.5749969482422,190.822998046875,191.42799377441406
2024-04-23 08:00:00+00:00,191.42999267578125,192.76300048828125,191.08599853515625,192.45399475097656
2024-04-23 16:00:00+00:00,192.44400024414062,192.8470001220703,192.41299438476562,192.718994140625
2024-04-24 00:00:00+00:00,192.718994140625,192.9530029296875,192.447998046875,192.53399658203125
2024-04-24 08:00:00+00:00,192.53799438476562,192.95899963378906,192.41000366210938,192.83099365234375
2024-04-24 16:00:00+00:00,192.83099365234375,193.63499450683594,192.80299377441406,193.4459991455078
2024-04-25 00:00:00+00:00,193.44500732421875,194.68899536132812,193.44000244140625,194.625
2024-04-25 08:00:00+00:00,194.6269989013672,194.94400024414062,193.5919952392578,194.27000427246094
2024-04-25 16:00:00+00:00,194.26800537109375,194.81500244140625,194.23899841308594,194.63400268554688
2024-04-26 00:00:00+00:00,194.6320037841797,196.0919952392578,194.33900451660156,195.95399475097656
2024-04-26 08:00:00+00:00,195.9530029296875,196.60499572753906,193.94900512695312,196.5780029296875
2024-04-26 16:00:00+00:00,196.57200622558594,197.9250030517578,196.55299377441406,197.80999755859375
2024-04-27 00:00:00+00:00,,,,
2024-04-27 08:00:00+00:00,,,,
2024-04-27 16:00:00+00:00,,,,
2024-04-28 00:00:00+00:00,,,,
2024-04-28 08:00:00+00:00,,,,
2024-04-28 16:00:00+00:00,197.77499389648438,197.93099975585938,197.77499389648438,197.89100646972656
2024-04-29 00:00:00+00:00,197.89300537109375,200.54299926757812,193.59100341796875,194.91700744628906
2024-04-29 08:00:00+00:00,194.91400146484375,196.73500061035156,194.406005859375,196.68800354003906
2024-04-29 16:00:00+00:00,196.68800354003906,196.78199768066406,194.86000061035156,196.33799743652344
2024-04-30 00:00:00+00:00,196.3419952392578,197.05499267578125,196.093994140625,196.72300720214844
2024-04-30 08:00:00+00:00,196.718994140625,197.375,196.4969940185547,197.11300659179688
2024-04-30 16:00:00+00:00,197.11199951171875,197.24200439453125,196.8679962158203,196.99000549316406
2024-05-01 00:00:00+00:00,196.9949951171875,197.21200561523438,196.84800720214844,197.1020050048828
2024-05-01 08:00:00+00:00,197.10800170898438,197.42300415039062,196.5399932861328,196.8560028076172
2024-05-01 16:00:00+00:00,196.8520050048828,197.21400451660156,191.72000122070312,195.21800231933594
2024-05-02 00:00:00+00:00,195.218994140625,195.7519989013672,194.37600708007812,194.81100463867188
2024-05-02 08:00:00+00:00,194.82699584960938,194.9040069580078,191.8730010986328,192.3260040283203
2024-05-02 16:00:00+00:00,192.32400512695312,192.85499572753906,191.69000244140625,192.02000427246094
2024-05-03 00:00:00+00:00,192.03500366210938,192.37399291992188,191.74400329589844,192.35000610351562
2024-05-03 08:00:00+00:00,192.343994140625,192.5570068359375,191.35000610351562,191.79600524902344
2024-05-03 16:00:00+00:00,191.79299926757812,191.9810028076172,191.60299682617188,191.9250030517578
2024-05-04 00:00:00+00:00,,,,
2024-05-04 08:00:00+00:00,,,,
2024-05-04 16:00:00+00:00,,,,
2024-05-05 00:00:00+00:00,,,,
2024-05-05 08:00:00+00:00,,,,
2024-05-05 16:00:00+00:00,192.28199768066406,192.74899291992188,192.1699981689453,192.67999267578125
2024-05-06 00:00:00+00:00,192.6820068359375,193.3470001220703,192.42999267578125,193.3000030517578
2024-05-06 08:00:00+00:00,193.30799865722656,193.6649932861328,193.16200256347656,193.43899536132812
2024-05-06 16:00:00+00:00,193.44000244140625,193.76400756835938,193.1750030517578,193.70799255371094
2024-05-07 00:00:00+00:00,193.70799255371094,194.1269989013672,193.1300048828125,193.21600341796875
2024-05-07 08:00:00+00:00,193.21200561523438,194.0290069580078,192.98399353027344,193.73800659179688
2024-05-07 16:00:00+00:00,193.73599243164062,193.74200439453125,193.2220001220703,193.4810028076172
2024-05-08 00:00:00+00:00,193.48300170898438,193.98199462890625,193.34800720214844,193.72900390625
2024-05-08 08:00:00+00:00,193.72799682617188,194.41299438476562,193.63600158691406,194.30999755859375
2024-05-08 16:00:00+00:00,194.3090057373047,194.50900268554688,194.0709991455078,194.09800720214844
2024-05-09 00:00:00+00:00,194.10400390625,194.4759979248047,193.8249969482422,194.43800354003906
2024-05-09 08:00:00+00:00,194.4320068359375,194.85899353027344,194.0469970703125,194.64999389648438
2024-05-09 16:00:00+00:00,194.64999389648438,194.81399536132812,194.46800231933594,194.61900329589844
2024-05-10 00:00:00+00:00,194.6219940185547,195.30999755859375,194.58299255371094,195.07200622558594
2024-05-10 08:00:00+00:00,195.07400512695312,195.2310028076172,194.8249969482422,195.21600341796875
2024-05-10 16:00:00+00:00,195.22000122070312,195.33900451660156,195.0,195.0489959716797
2024-05-11 00:00:00+00:00,,,,
2024-05-11 08:00:00+00:00,,,,
2024-05-11 16:00:00+00:00,,,,
2024-05-12 00:00:00+00:00,,,,
2024-05-12 08:00:00+00:00,,,,
2024-05-12 16:00:00+00:00,195.11000061035156,195.16200256347656,195.0800018310547,195.12899780273438
2024-05-13 00:00:00+00:00,195.12899780273438,195.3470001220703,194.71800231933594,195.21299743652344
2024-05-13 08:00:00+00:00,195.21400451660156,196.16400146484375,195.0989990234375,196.16200256347656
2024-05-13 16:00:00+00:00,196.16200256347656,196.2760009765625,196.00799560546875,196.21299743652344
2024-05-14 00:00:00+00:00,196.21400451660156,196.61900329589844,196.18099975585938,196.38800048828125
2024-05-14 08:00:00+00:00,196.38900756835938,197.0570068359375,195.71499633789062,197.0019989013672
2024-05-14 16:00:00+00:00,197.00100708007812,197.02200317382812,196.76100158691406,196.95899963378906
2024-05-15 00:00:00+00:00,196.95599365234375,197.08799743652344,196.4709930419922,196.593994140625
2024-05-15 08:00:00+00:00,196.5919952392578,196.75100708007812,195.80799865722656,196.19400024414062
2024-05-15 16:00:00+00:00,196.1699981689453,196.5449981689453,195.6300048828125,195.7899932861328
2024-05-16 00:00:00+00:00,195.78799438476562,196.05099487304688,195.03799438476562,195.78900146484375
2024-05-16 08:00:00+00:00,195.78399658203125,196.8699951171875,195.67599487304688,196.8509979248047
2024-05-16 16:00:00+00:00,196.8509979248047,196.9499969482422,196.66000366210938,196.9040069580078
2024-05-17 00:00:00+00:00,196.90199279785156,197.32699584960938,196.78199768066406,197.21200561523438
2024-05-17 08:00:00+00:00,197.21200561523438,197.60299682617188,197.08200073242188,197.60000610351562
2024-05-17 16:00:00+00:00,197.6020050048828,197.85499572753906,197.52000427246094,197.70899963378906
2024-05-18 00:00:00+00:00,,,,
2024-05-18 08:00:00+00:00,,,,
2024-05-18 16:00:00+00:00,,,,
2024-05-19 00:00:00+00:00,,,,
2024-05-19 08:00:00+00:00,,,,
2024-05-19 16:00:00+00:00,197.74000549316406,197.97999572753906,197.72999572753906,197.9010009765625
2024-05-20 00:00:00+00:00,197.89999389648438,198.08999633789062,197.3820037841797,197.68699645996094
2024-05-20 08:00:00+00:00,197.68099975585938,198.45199584960938,197.64300537109375,198.3090057373047
2024-05-20 16:00:00+00:00,198.3090057373047,198.78199768066406,198.28399658203125,198.7740020751953
2024-05-21 00:00:00+00:00,198.7729949951172,198.9040069580078,198.41400146484375,198.60699462890625
2024-05-21 08:00:00+00:00,198.60699462890625,198.83700561523438,198.25599670410156,198.34800720214844
2024-05-21 16:00:00+00:00,198.3470001220703,198.65499877929688,198.3159942626953,198.61000061035156
2024-05-22 00:00:00+00:00,198.61300659179688,199.53700256347656,198.5229949951172,199.3679962158203
2024-05-22 08:00:00+00:00,199.36599731445312,199.406005859375,198.86700439453125,199.3000030517578
2024-05-22 16:00:00+00:00,199.30099487304688,199.4980010986328,199.01800537109375,199.36900329589844
2024-05-23 00:00:00+00:00,199.36300659179688,199.58599853515625,199.0780029296875,199.46200561523438
2024-05-23 08:00:00+00:00,199.45899963378906,199.89199829101562,199.1280059814453,199.7169952392578
2024-05-23 16:00:00+00:00,199.71800231933594,199.75900268554688,199.0070037841797,199.23699951171875
2024-05-24 00:00:00+00:00,199.23500061035156,199.48899841308594,198.99000549316406,199.4029998779297
2024-05-24 08:00:00+00:00,199.3990020751953,200.08299255371094,199.32899475097656,199.93299865722656
2024-05-24 16:00:00+00:00,199.92999267578125,200.01499938964844,199.74600219726562,199.93899536132812
2024-05-25 00:00:00+00:00,,,,
2024-05-25 08:00:00+00:00,,,,
2024-05-25 16:00:00+00:00,,,,
2024-05-26 00:00:00+00:00,,,,
2024-05-26 08:00:00+00:00,,,,
2024-05-26 16:00:00+00:00,199.843994140625,199.85400390625,199.72500610351562,199.74600219726562
2024-05-27 00:00:00+00:00,199.74600219726562,200.00399780273438,199.5970001220703,199.9199981689453
2024-05-27 08:00:00+00:00,199.9080047607422,200.38699340820312,199.81100463867188,200.3459930419922
2024-05-27 16:00:00+00:00,200.34100341796875,200.4320068359375,200.20599365234375,200.3070068359375
2024-05-28 00:00:00+00:00,200.3040008544922,200.46200561523438,200.13999938964844,200.39599609375
2024-05-28 08:00:00+00:00,200.39700317382812,200.62100219726562,200.24600219726562,200.58999633789062
2024-05-28 16:00:00+00:00,200.58900451660156,200.6739959716797,200.38499450683594,200.63400268554688
2024-05-29 00:00:00+00:00,200.63999938964844,200.73699951171875,200.11099243164062,200.5800018310547
2024-05-29 08:00:00+00:00,200.58099365234375,200.60800170898438,200.03700256347656,200.3730010986328
2024-05-29 16:00:00+00:00,200.3719940185547,200.52499389648438,200.052001953125,200.1510009765625
2024-05-30 00:00:00+00:00,200.1510009765625,200.15199279785156,198.7480010986328,199.47999572753906
2024-05-30 08:00:00+00:00,199.4739990234375,199.73300170898438,198.99000549316406,199.5019989013672
2024-05-30 16:00:00+00:00,199.5019989013672,199.83599853515625,199.4600067138672,199.8260040283203
2024-05-31 00:00:00+00:00,199.8260040283203,199.88600158691406,199.22799682617188,199.66200256347656
2024-05-31 08:00:00+00:00,199.66400146484375,200.26199340820312,199.58599853515625,200.16799926757812
2024-05-31 16:00:00+00:00,200.16900634765625,200.51100158691406,200.01400756835938,200.47300720214844
2024-06-01 00:00:00+00:00,,,,
2024-06-01 08:00:00+00:00,,,,
2024-06-01 16:00:00+00:00,,,,
2024-06-02 00:00:00+00:00,,,,
2024-06-02 08:00:00+00:00,,,,
2024-06-02 16:00:00+00:00,200.4290008544922,200.45599365234375,200.22999572753906,200.3090057373047
2024-06-03 00:00:00+00:00,200.31199645996094,200.64599609375,199.73800659179688,199.78199768066406
2024-06-03 08:00:00+00:00,199.78900146484375,199.9080047607422,199.2169952392578,199.61000061035156
2024-06-03 16:00:00+00:00,199.61199951171875,200.1479949951172,199.38999938964844,199.94900512695312
2024-06-04 00:00:00+00:00,199.93899536132812,200.41400146484375,198.70799255371094,198.74200439453125
2024-06-04 08:00:00+00:00,198.74600219726562,198.80099487304688,197.1959991455078,197.96200561523438
2024-06-04 16:00:00+00:00,197.96400451660156,198.177001953125,197.61199951171875,198.11700439453125
2024-06-05 00:00:00+00:00,198.11599731445312,199.52499389648438,198.08999633789062,199.4239959716797
2024-06-05 08:00:00+00:00,199.42999267578125,199.7469940185547,199.11300659179688,199.4709930419922
2024-06-05 16:00:00+00:00,199.46800231933594,199.74400329589844,199.3000030517578,199.46600341796875
2024-06-06 00:00:00+00:00,199.4669952392578,199.9250030517578,198.96299743652344,199.91000366210938
2024-06-06 08:00:00+00:00,199.9040069580078,199.93800354003906,199.2239990234375,199.39500427246094
2024-06-06 16:00:00+00:00,199.39300537109375,199.45599365234375,198.82400512695312,199.1490020751953
2024-06-07 00:00:00+00:00,199.1439971923828,199.37100219726562,198.38999938964844,198.93899536132812
2024-06-07 08:00:00+00:00,198.93600463867188,199.80999755859375,198.56900024414062,199.25599670410156
2024-06-07 16:00:00+00:00,199.25799560546875,199.43899536132812,199.12399291992188,199.43899536132812
2024-06-08 00:00:00+00:00,,,,
2024-06-08 08:00:00+00:00,,,,
2024-06-08 16:00:00+00:00,,,,
2024-06-09 00:00:00+00:00,,,,
2024-06-09 08:00:00+00:00,,,,
2024-06-09 16:00:00+00:00,199.65899658203125,199.71200561523438,199.55799865722656,199.60000610351562
2024-06-10 00:00:00+00:00,199.6009979248047,199.9239959716797,199.468994140625,199.7480010986328
2024-06-10 08:00:00+00:00,199.74600219726562,199.8090057373047,198.92599487304688,199.78399658203125
2024-06-10 16:00:00+00:00,199.78199768066406,200.04400634765625,199.66400146484375,199.8489990234375
2024-06-11 00:00:00+00:00,199.8419952392578,200.39100646972656,199.84100341796875,200.17599487304688
2024-06-11 08:00:00+00:00,200.17599487304688,200.39300537109375,199.67300415039062,200.14199829101562
2024-06-11 16:00:00+00:00,200.13900756835938,200.34100341796875,199.97500610351562,200.1529998779297
2024-06-12 00:00:00+00:00,200.1479949951172,200.5659942626953,200.052001953125,200.51600646972656
2024-06-12 08:00:00+00:00,200.52000427246094,200.93600463867188,199.93600463867188,200.1490020751953
2024-06-12 16:00:00+00:00,200.14999389648438,200.80299377441406,199.95599365234375,200.63900756835938
2024-06-13 00:00:00+00:00,200.63499450683594,201.19000244140625,200.4929962158203,201.1320037841797
2024-06-13 08:00:00+00:00,201.12600708007812,201.31399536132812,200.01100158691406,200.0780029296875
2024-06-13 16:00:00+00:00,200.08299255371094,200.53500366210938,199.6840057373047,200.38099670410156
2024-06-14 00:00:00+00:00,200.38400268554688,201.61599731445312,200.0679931640625,200.71099853515625
2024-06-14 08:00:00+00:00,200.7100067138672,200.86599731445312,198.9149932861328,199.48199462890625
2024-06-14 16:00:00+00:00,199.48300170898438,199.72500610351562,199.37100219726562,199.61900329589844
2024-06-15 00:00:00+00:00,,,,
2024-06-15 08:00:00+00:00,,,,
2024-06-15 16:00:00+00:00,,,,
2024-06-16 00:00:00+00:00,,,,
2024-06-16 08:00:00+00:00,,,,
2024-06-16 16:00:00+00:00,199.83200073242188,199.91200256347656,199.71800231933594,199.8260040283203
2024-06-17 00:00:00+00:00,199.82699584960938,199.83399963378906,199.0540008544922,199.593994140625
2024-06-17 08:00:00+00:00,199.593994140625,200.34300231933594,199.49600219726562,200.21299743652344
2024-06-17 16:00:00+00:00,200.20700073242188,200.49899291992188,200.16900634765625,200.48300170898438
2024-06-18 00:00:00+00:00,200.48300170898438,200.76800537109375,200.0229949951172,200.48899841308594
2024-06-18 08:00:00+00:00,200.48699951171875,200.843994140625,200.00999450683594,200.34500122070312
2024-06-18 16:00:00+00:00,200.3470001220703,200.66099548339844,200.25999450683594,200.58700561523438
2024-06-19 00:00:00+00:00,200.58900451660156,200.84800720214844,200.3820037841797,200.76600646972656
2024-06-19 08:00:00+00:00,200.75900268554688,201.11099243164062,200.72500610351562,200.9429931640625
2024-06-19 16:00:00+00:00,200.94700622558594,201.11599731445312,200.68899536132812,200.9199981689453
2024-06-20 00:00:00+00:00,200.91000366210938,201.16900634765625,200.83200073242188,201.11300659179688
2024-06-20 08:00:00+00:00,201.11000061035156,201.38900756835938,200.75599670410156,201.125
2024-06-20 16:00:00+00:00,201.12399291992188,201.3780059814453,201.00599670410156,201.2100067138672
2024-06-21 00:00:00+00:00,201.1999969482422,201.4530029296875,200.51400756835938,200.73399353027344
2024-06-21 08:00:00+00:00,200.72799682617188,201.59100341796875,200.43699645996094,201.58099365234375
2024-06-21 16:00:00+00:00,201.58399963378906,202.0989990234375,201.46299743652344,202.0989990234375
2024-06-22 00:00:00+00:00,,,,
2024-06-22 08:00:00+00:00,,,,
2024-06-22 16:00:00+00:00,,,,
2024-06-23 00:00:00+00:00,,,,
2024-06-23 08:00:00+00:00,,,,
2024-06-23 16:00:00+00:00,201.92999267578125,202.08999633789062,201.88600158691406,202.0709991455078
2024-06-24 00:00:00+00:00,202.07400512695312,202.1529998779297,201.71200561523438,202.06700134277344
2024-06-24 08:00:00+00:00,202.06900024414062,202.70199584960938,201.08799743652344,202.53500366210938
2024-06-24 16:00:00+00:00,202.53500366210938,202.6959991455078,202.3260040283203,202.5189971923828
2024-06-25 00:00:00+00:00,202.5240020751953,202.5570068359375,201.95399475097656,202.36399841308594
2024-06-25 08:00:00+00:00,202.36500549316406,202.61500549316406,202.12100219726562,202.38600158691406
2024-06-25 16:00:00+00:00,202.38699340820312,202.7239990234375,202.375,202.5570068359375
2024-06-26 00:00:00+00:00,202.55599975585938,202.87100219726562,202.47999572753906,202.5989990234375
2024-06-26 08:00:00+00:00,202.5959930419922,203.14599609375,202.40899658203125,202.82899475097656
2024-06-26 16:00:00+00:00,202.8280029296875,203.0489959716797,202.66799926757812,202.71600341796875
2024-06-27 00:00:00+00:00,202.7169952392578,202.96299743652344,202.4929962158203,202.82400512695312
2024-06-27 08:00:00+00:00,202.8249969482422,203.3730010986328,202.72999572753906,203.30099487304688
2024-06-27 16:00:00+00:00,203.2989959716797,203.38400268554688,203.0489959716797,203.18800354003906
2024-06-28 00:00:00+00:00,203.1909942626953,203.58799743652344,203.10899353027344,203.468994140625
2024-06-28 08:00:00+00:00,203.46200561523438,203.4739990234375,202.5590057373047,203.30299377441406
2024-06-28 16:00:00+00:00,203.3090057373047,203.4759979248047,203.13999938964844,203.43099975585938
2024-06-29 00:00:00+00:00,,,,
2024-06-29 08:00:00+00:00,,,,
2024-06-29 16:00:00+00:00,,,,
2024-06-30 00:00:00+00:00,,,,
2024-06-30 08:00:00+00:00,,,,
2024-06-30 16:00:00+00:00,203.4219970703125,203.552001953125,203.3699951171875,203.53799438476562
2024-07-01 00:00:00+00:00,203.53700256347656,204.25399780273438,203.36599731445312,203.89100646972656
2024-07-01 08:00:00+00:00,203.8939971923828,204.73199462890625,203.89100646972656,204.30999755859375
2024-07-01 16:00:00+00:00,204.30799865722656,204.4029998779297,204.06500244140625,204.22300720214844
2024-07-02 00:00:00+00:00,204.2310028076172,204.3820037841797,203.8719940185547,204.08399963378906
2024-07-02 08:00:00+00:00,204.08999633789062,204.8300018310547,204.02000427246094,204.74899291992188
2024-07-02 16:00:00+00:00,204.7449951171875,204.94900512695312,204.56700134277344,204.88299560546875
2024-07-03 00:00:00+00:00,204.8800048828125,205.53799438476562,204.8419952392578,205.33299255371094
2024-07-03 08:00:00+00:00,205.33399963378906,206.1649932861328,205.26499938964844,206.10699462890625
2024-07-03 16:00:00+00:00,206.10800170898438,206.11300659179688,205.6699981689453,205.9709930419922
2024-07-04 00:00:00+00:00,205.968994140625,206.00399780273438,205.4929962158203,205.68299865722656
2024-07-04 08:00:00+00:00,205.6820068359375,205.78500366210938,205.28399658203125,205.62100219726562
2024-07-04 16:00:00+00:00,205.61599731445312,205.8939971923828,205.57000732421875,205.802001953125
2024-07-05 00:00:00+00:00,205.80999755859375,205.85400390625,204.97500610351562,205.4709930419922
2024-07-05 08:00:00+00:00,205.4669952392578,206.44200134277344,205.2469940185547,205.8419952392578
2024-07-05 16:00:00+00:00,205.83900451660156,206.11000061035156,205.78399658203125,206.00900268554688
2024-07-06 00:00:00+00:00,,,,
2024-07-06 08:00:00+00:00,,,,
2024-07-06 16:00:00+00:00,,,,
2024-07-07 00:00:00+00:00,,,,
2024-07-07 08:00:00+00:00,,,,
2024-07-07 16:00:00+00:00,205.88900756835938,205.94400024414062,205.6529998779297,205.70599365234375
2024-07-08 00:00:00+00:00,205.71099853515625,206.22799682617188,205.28599548339844,206.1739959716797
2024-07-08 08:00:00+00:00,206.17300415039062,206.66400146484375,206.0290069580078,206.197998046875
2024-07-08 16:00:00+00:00,206.19700622558594,206.2050018310547,205.8209991455078,206.13900756835938
2024-07-09 00:00:00+00:00,206.13999938964844,206.302001953125,205.85499572753906,205.94700622558594
2024-07-09 08:00:00+00:00,205.9409942626953,206.58599853515625,205.88800048828125,206.33200073242188
2024-07-09 16:00:00+00:00,206.33700561523438,206.35800170898438,206.07400512695312,206.30999755859375
2024-07-10 00:00:00+00:00,206.30299377441406,206.64500427246094,206.28199768066406,206.5919952392578
2024-07-10 08:00:00+00:00,206.59100341796875,207.77099609375,206.5240020751953,207.68800354003906
2024-07-10 16:00:00+00:00,207.68499755859375,207.8159942626953,207.52999877929688,207.70199584960938
2024-07-11 00:00:00+00:00,207.7030029296875,208.09800720214844,207.57000732421875,207.95899963378906
2024-07-11 08:00:00+00:00,207.95399475097656,208.11099243164062,203.80499267578125,204.8179931640625
2024-07-11 16:00:00+00:00,204.82200622558594,205.9239959716797,203.8159942626953,204.55799865722656
2024-07-12 00:00:00+00:00,204.53700256347656,205.98300170898438,204.14599609375,205.83700561523438
2024-07-12 08:00:00+00:00,205.83299255371094,206.33900451660156,204.13499450683594,205.02200317382812
2024-07-12 16:00:00+00:00,205.02099609375,205.2209930419922,204.85499572753906,205.06900024414062
2024-07-13 00:00:00+00:00,,,,
2024-07-13 08:00:00+00:00,,,,
2024-07-13 16:00:00+00:00,,,,
2024-07-14 00:00:00+00:00,,,,
2024-07-14 08:00:00+00:00,,,,
2024-07-14 16:00:00+00:00,205.33099365234375,205.39500427246094,205.11199951171875,205.24400329589844
2024-07-15 00:00:00+00:00,205.24600219726562,205.302001953125,204.77699279785156,205.01800537109375
2024-07-15 08:00:00+00:00,205.01800537109375,205.29400634765625,204.88600158691406,204.9739990234375
2024-07-15 16:00:00+00:00,204.9739990234375,205.2030029296875,204.11700439453125,205.1009979248047
2024-07-16 00:00:00+00:00,205.09800720214844,205.78700256347656,205.01100158691406,205.54600524902344
2024-07-16 08:00:00+00:00,205.5469970703125,205.6750030517578,205.08200073242188,205.43899536132812
2024-07-16 16:00:00+00:00,205.44200134277344,205.5189971923828,205.18299865722656,205.5019989013672
2024-07-17 00:00:00+00:00,205.50399780273438,205.6840057373047,204.16200256347656,204.30799865722656
2024-07-17 08:00:00+00:00,204.31199645996094,204.35499572753906,203.3820037841797,203.61399841308594
2024-07-17 16:00:00+00:00,203.61599731445312,203.6540069580078,202.08700561523438,202.4969940185547
2024-07-18 00:00:00+00:00,202.49600219726562,203.58299255371094,202.21800231933594,203.11399841308594
2024-07-18 08:00:00+00:00,203.11399841308594,203.6739959716797,202.79800415039062,203.63999938964844
2024-07-18 16:00:00+00:00,203.63499450683594,203.86399841308594,203.4409942626953,203.5240020751953
2024-07-19 00:00:00+00:00,203.5240020751953,204.2209930419922,203.0749969482422,203.38800048828125
2024-07-19 08:00:00+00:00,203.37399291992188,203.75,202.94400024414062,203.3560028076172
2024-07-19 16:00:00+00:00,203.36000061035156,203.4219970703125,203.16600036621094,203.36399841308594
2024-07-20 00:00:00+00:00,,,,
2024-07-20 08:00:00+00:00,,,,
2024-07-20 16:00:00+00:00,,,,
2024-07-21 00:00:00+00:00,,,,
2024-07-21 08:00:00+00:00,,,,
2024-07-21 16:00:00+00:00,203.3939971923828,203.593994140625,203.2899932861328,203.58299255371094
2024-07-22 00:00:00+00:00,203.58200073242188,203.61000061035156,201.8780059814453,202.656005859375
2024-07-22 08:00:00+00:00,202.6479949951172,203.07699584960938,202.3800048828125,202.77200317382812
2024-07-22 16:00:00+00:00,202.7729949951172,203.15499877929688,202.74200439453125,202.8820037841797
2024-07-23 00:00:00+00:00,202.8800048828125,202.91799926757812,201.42799377441406,201.5489959716797
2024-07-23 08:00:00+00:00,201.53799438476562,201.83799743652344,201.13900756835938,201.47999572753906
2024-07-23 16:00:00+00:00,201.47799682617188,201.52200317382812,200.63299560546875,200.9459991455078
2024-07-24 00:00:00+00:00,200.9429931640625,201.17999267578125,198.9600067138672,199.21299743652344
2024-07-24 08:00:00+00:00,199.21200561523438,199.8159942626953,197.76400756835938,198.21099853515625
2024-07-24 16:00:00+00:00,198.20899963378906,198.81100463867188,198.0959930419922,198.51199340820312
2024-07-25 00:00:00+00:00,198.52099609375,198.57200622558594,195.9320068359375,196.218994140625
2024-07-25 08:00:00+00:00,196.22999572753906,198.49400329589844,195.85400390625,198.33700561523438
2024-07-25 16:00:00+00:00,198.33599853515625,198.80099487304688,197.16799926757812,197.5749969482422
2024-07-26 00:00:00+00:00,197.57200622558594,198.37600708007812,197.18099975585938,197.98199462890625
2024-07-26 08:00:00+00:00,197.98599243164062,199.13900756835938,196.8560028076172,197.90499877929688
2024-07-26 16:00:00+00:00,197.90499877929688,198.08299255371094,197.72999572753906,197.83799743652344
2024-07-27 00:00:00+00:00,,,,
2024-07-27 08:00:00+00:00,,,,
2024-07-27 16:00:00+00:00,,,,
2024-07-28 00:00:00+00:00,,,,
2024-07-28 08:00:00+00:00,,,,
2024-07-28 16:00:00+00:00,198.18099975585938,198.45199584960938,198.14999389648438,198.32000732421875
2024-07-29 00:00:00+00:00,198.33099365234375,198.60400390625,196.96499633789062,197.13499450683594
2024-07-29 08:00:00+00:00,197.13800048828125,198.052001953125,196.7760009765625,197.83700561523438
2024-07-29 16:00:00+00:00,197.8300018310547,198.18099975585938,197.76499938964844,197.8280029296875
2024-07-30 00:00:00+00:00,197.8090057373047,199.47000122070312,197.48500061035156,199.03599548339844
2024-07-30 08:00:00+00:00,199.05599975585938,199.2570037841797,197.0989990234375,197.18699645996094
2024-07-30 16:00:00+00:00,197.19000244140625,197.38600158691406,195.61000061035156,195.96499633789062
2024-07-31 00:00:00+00:00,195.96299743652344,197.5919952392578,193.46200561523438,193.76800537109375
2024-07-31 08:00:00+00:00,193.76800537109375,193.83599853515625,192.1540069580078,193.07000732421875
2024-07-31 16:00:00+00:00,193.0760040283203,193.97500610351562,192.3730010986328,192.51300048828125
2024-08-01 00:00:00+00:00,192.50900268554688,192.73800659179688,190.9499969482422,191.697998046875
2024-08-01 08:00:00+00:00,191.69700622558594,193.2550048828125,190.9770050048828,191.58200073242188
2024-08-01 16:00:00+00:00,191.58399963378906,191.76300048828125,189.56399536132812,189.90199279785156
2024-08-02 00:00:00+00:00,189.89999389648438,190.49899291992188,188.99000549316406,189.68699645996094
2024-08-02 08:00:00+00:00,189.68800354003906,190.04800415039062,187.3699951171875,188.08099365234375
2024-08-02 16:00:00+00:00,188.08099365234375,188.5850067138672,187.49000549316406,187.6320037841797
2024-08-03 00:00:00+00:00,,,,
2024-08-03 08:00:00+00:00,,,,
2024-08-03 16:00:00+00:00,,,,
2024-08-04 00:00:00+00:00,,,,
2024-08-04 08:00:00+00:00,,,,
2024-08-04 16:00:00+00:00,187.177001953125,187.2270050048828,185.71600341796875,186.16200256347656
2024-08-05 00:00:00+00:00,186.1649932861328,186.53599548339844,180.07000732421875,183.57000732421875
2024-08-05 08:00:00+00:00,183.55999755859375,183.8679962158203,180.6790008544922,183.73500061035156
2024-08-05 16:00:00+00:00,183.73899841308594,186.45599365234375,182.91099548339844,186.4290008544922
2024-08-06 00:00:00+00:00,186.43099975585938,187.08900451660156,184.4199981689453,185.10400390625
2024-08-06 08:00:00+00:00,185.1020050048828,185.18299865722656,182.79600524902344,184.20199584960938
2024-08-06 16:00:00+00:00,184.2050018310547,184.78199768066406,182.906005859375,183.58299255371094
2024-08-07 00:00:00+00:00,183.58900451660156,188.0749969482422,183.38299560546875,186.25900268554688
2024-08-07 08:00:00+00:00,186.27000427246094,187.8800048828125,186.14700317382812,187.44200134277344
2024-08-07 16:00:00+00:00,187.44900512695312,187.5019989013672,184.58099365234375,185.51499938964844
2024-08-08 00:00:00+00:00,185.52499389648438,186.36599731445312,184.46200561523438,185.25599670410156
2024-08-08 08:00:00+00:00,185.25999450683594,187.54600524902344,184.9340057373047,187.406005859375
2024-08-08 16:00:00+00:00,187.40199279785156,188.41200256347656,187.31399536132812,188.24200439453125
2024-08-09 00:00:00+00:00,188.24000549316406,188.29800415039062,187.0229949951172,187.8769989013672
2024-08-09 08:00:00+00:00,187.8769989013672,188.02000427246094,186.46299743652344,186.98699951171875
2024-08-09 16:00:00+00:00,186.98899841308594,187.31900024414062,186.92999267578125,187.10899353027344
2024-08-10 00:00:00+00:00,,,,
2024-08-10 08:00:00+00:00,,,,
2024-08-10 16:00:00+00:00,,,,
2024-08-11 00:00:00+00:00,,,,
2024-08-11 08:00:00+00:00,,,,
2024-08-11 16:00:00+00:00,187.42599487304688,187.60000610351562,187.31700134277344,187.48800659179688
2024-08-12 00:00:00+00:00,187.49099731445312,188.1959991455078,187.13999938964844,187.9739990234375
2024-08-12 08:00:00+00:00,187.97799682617188,189.3260040283203,187.78399658203125,188.44000244140625
2024-08-12 16:00:00+00:00,188.44200134277344,188.46400451660156,187.5709991455078,187.75399780273438
2024-08-13 00:00:00+00:00,187.7530059814453,189.51100158691406,187.6479949951172,189.38499450683594
2024-08-13 08:00:00+00:00,189.3800048828125,189.38699340820312,187.9709930419922,188.51600646972656
2024-08-13 16:00:00+00:00,188.51400756835938,189.13600158691406,188.32899475097656,189.04200744628906
2024-08-14 00:00:00+00:00,189.04299926757812,189.32400512695312,187.85699462890625,189.24600219726562
2024-08-14 08:00:00+00:00,189.25,189.4290008544922,188.32400512695312,188.68800354003906
2024-08-14 16:00:00+00:00,188.68800354003906,189.15199279785156,188.47999572753906,188.86099243164062
2024-08-15 00:00:00+00:00,188.86199951171875,189.33999633789062,188.74400329589844,189.17599487304688
2024-08-15 08:00:00+00:00,189.17100524902344,191.6739959716797,189.08700561523438,191.53399658203125
2024-08-15 16:00:00+00:00,191.53799438476562,192.01300048828125,191.4320068359375,191.8800048828125
2024-08-16 00:00:00+00:00,191.88600158691406,192.0070037841797,191.47000122070312,191.9290008544922
2024-08-16 08:00:00+00:00,191.927001953125,191.9949951171875,190.36099243164062,191.16700744628906
2024-08-16 16:00:00+00:00,191.16700744628906,191.3300018310547,190.97000122070312,191.0800018310547
2024-08-17 00:00:00+00:00,,,,
2024-08-17 08:00:00+00:00,,,,
2024-08-17 16:00:00+00:00,,,,
2024-08-18 00:00:00+00:00,,,,
2024-08-18 08:00:00+00:00,,,,
2024-08-18 16:00:00+00:00,191.35000610351562,191.60499572753906,191.2760009765625,191.5570068359375
2024-08-19 00:00:00+00:00,191.55299377441406,191.625,188.2270050048828,189.41799926757812
2024-08-19 08:00:00+00:00,189.427001953125,190.37600708007812,189.02499389648438,190.05499267578125
2024-08-19 16:00:00+00:00,190.05599975585938,190.76199340820312,189.97300720214844,190.55599975585938
2024-08-20 00:00:00+00:00,190.55599975585938,191.26300048828125,189.4600067138672,190.56300354003906
2024-08-20 08:00:00+00:00,190.55599975585938,190.67300415039062,189.5679931640625,189.7760009765625
2024-08-20 16:00:00+00:00,189.77499389648438,189.83299255371094,188.9239959716797,189.4029998779297
2024-08-21 00:00:00+00:00,189.4040069580078,190.2949981689453,188.94900512695312,190.21400451660156
2024-08-21 08:00:00+00:00,190.21200561523438,191.47500610351562,189.6280059814453,189.85899353027344
2024-08-21 16:00:00+00:00,189.85499572753906,190.19500732421875,189.44200134277344,189.9709930419922
2024-08-22 00:00:00+00:00,189.96800231933594,190.572998046875,189.68099975585938,190.20199584960938
2024-08-22 08:00:00+00:00,190.20799255371094,191.92799377441406,190.20399475097656,191.0970001220703
2024-08-22 16:00:00+00:00,191.1060028076172,191.7100067138672,191.08399963378906,191.4459991455078
2024-08-23 00:00:00+00:00,191.45399475097656,191.5780029296875,190.35699462890625,191.26100158691406
2024-08-23 08:00:00+00:00,191.26199340820312,192.03700256347656,191.0330047607422,191.10800170898438
2024-08-23 16:00:00+00:00,191.10899353027344,191.2429962158203,190.25999450683594,190.82400512695312
2024-08-24 00:00:00+00:00,,,,
2024-08-24 08:00:00+00:00,,,,
2024-08-24 16:00:00+00:00,,,,
2024-08-25 00:00:00+00:00,,,,
2024-08-25 08:00:00+00:00,,,,
2024-08-25 16:00:00+00:00,190.09800720214844,190.25999450683594,189.59800720214844,190.17100524902344
2024-08-26 00:00:00+00:00,190.1699981689453,190.3459930419922,189.4929962158203,189.85299682617188
2024-08-26 08:00:00+00:00,189.85000610351562,190.71099853515625,189.718994140625,190.52999877929688
2024-08-26 16:00:00+00:00,190.5290069580078,190.78599548339844,190.2270050048828,190.62100219726562
2024-08-27 00:00:00+00:00,190.61700439453125,191.6790008544922,190.53599548339844,191.39999389648438
2024-08-27 08:00:00+00:00,191.38800048828125,191.9199981689453,190.6199951171875,190.91799926757812
2024-08-27 16:00:00+00:00,190.91900634765625,191.01199340820312,190.50900268554688,190.8209991455078
2024-08-28 00:00:00+00:00,190.82400512695312,191.4290008544922,190.7480010986328,191.2760009765625
2024-08-28 08:00:00+00:00,191.27999877929688,191.447998046875,190.52999877929688,190.7010040283203
2024-08-28 16:00:00+00:00,190.7010040283203,190.91799926757812,190.23399353027344,190.5469970703125
2024-08-29 00:00:00+00:00,190.54600524902344,191.48800659179688,190.3459930419922,191.3249969482422
2024-08-29 08:00:00+00:00,191.32699584960938,191.54100036621094,190.3040008544922,191.15499877929688
2024-08-29 16:00:00+00:00,191.15199279785156,191.19200134277344,190.53399658203125,190.74000549316406
2024-08-30 00:00:00+00:00,190.74899291992188,191.28900146484375,190.48399353027344,191.17100524902344
2024-08-30 08:00:00+00:00,191.17300415039062,191.78399658203125,191.052001953125,191.6540069580078
2024-08-30 16:00:00+00:00,191.64500427246094,192.01600646972656,191.49099731445312,191.93499755859375
2024-08-31 00:00:00+00:00,,,,
2024-08-31 08:00:00+00:00,,,,
2024-08-31 16:00:00+00:00,,,,
2024-09-01 00:00:00+00:00,,,,
2024-09-01 08:00:00+00:00,,,,
2024-09-01 16:00:00+00:00,192.28700256347656,192.4929962158203,192.1540069580078,192.2169952392578
2024-09-02 00:00:00+00:00,192.21600341796875,192.38699340820312,191.3249969482422,192.3769989013672
2024-09-02 08:00:00+00:00,192.37600708007812,193.4759979248047,192.37399291992188,193.16099548339844
2024-09-02 16:00:00+00:00,193.16000366210938,193.2050018310547,192.7570037841797,192.82899475097656
2024-09-03 00:00:00+00:00,192.82699584960938,193.3560028076172,191.4429931640625,191.51400756835938
2024-09-03 08:00:00+00:00,191.51400756835938,192.0469970703125,190.30999755859375,191.06199645996094
2024-09-03 16:00:00+00:00,191.06500244140625,191.1909942626953,190.25399780273438,190.60400390625
2024-09-04 00:00:00+00:00,190.60899353027344,190.84300231933594,189.69900512695312,190.156005859375
2024-09-04 08:00:00+00:00,190.1510009765625,190.6320037841797,189.50399780273438,189.63800048828125
2024-09-04 16:00:00+00:00,189.63499450683594,189.71600341796875,188.21800231933594,188.39199829101562
2024-09-05 00:00:00+00:00,188.38900756835938,189.25999450683594,188.06100463867188,188.81399536132812
2024-09-05 08:00:00+00:00,188.80999755859375,189.781005859375,188.10400390625,188.81700134277344
2024-09-05 16:00:00+00:00,188.81399536132812,189.10000610351562,188.5449981689453,188.92599487304688
2024-09-06 00:00:00+00:00,188.9199981689453,188.96200561523438,187.24899291992188,187.86300659179688
2024-09-06 08:00:00+00:00,187.86500549316406,189.4550018310547,186.50100708007812,186.6529998779297
2024-09-06 16:00:00+00:00,186.6529998779297,187.19200134277344,186.5399932861328,186.8300018310547
2024-09-07 00:00:00+00:00,,,,
2024-09-07 08:00:00+00:00,,,,
2024-09-07 16:00:00+00:00,,,,
2024-09-08 00:00:00+00:00,,,,
2024-09-08 08:00:00+00:00,,,,
2024-09-08 16:00:00+00:00,186.68299865722656,187.16799926757812,186.6300048828125,187.11199951171875
2024-09-09 00:00:00+00:00,187.10299682617188,187.80999755859375,187.07699584960938,187.60899353027344
2024-09-09 08:00:00+00:00,187.61000061035156,188.12600708007812,186.54299926757812,186.97799682617188
2024-09-09 16:00:00+00:00,186.9709930419922,187.3300018310547,186.72300720214844,187.14599609375
2024-09-10 00:00:00+00:00,187.13999938964844,188.0469970703125,186.9669952392578,187.9669952392578
2024-09-10 08:00:00+00:00,187.9669952392578,188.09500122070312,185.8679962158203,185.88999938964844
2024-09-10 16:00:00+00:00,185.89100646972656,186.39599609375,185.71800231933594,186.02499389648438
2024-09-11 00:00:00+00:00,186.0229949951172,186.19700622558594,184.45700073242188,184.96800231933594
2024-09-11 08:00:00+00:00,184.968994140625,186.14999389648438,183.7100067138672,184.5780029296875
2024-09-11 16:00:00+00:00,184.57200622558594,186.01800537109375,184.5540008544922,185.9739990234375
2024-09-12 00:00:00+00:00,185.96499633789062,186.63600158691406,185.41400146484375,186.1540069580078
2024-09-12 08:00:00+00:00,186.14599609375,186.58599853515625,185.281005859375,186.0500030517578
2024-09-12 16:00:00+00:00,186.0489959716797,186.73500061035156,185.7030029296875,185.82400512695312
2024-09-13 00:00:00+00:00,185.8260040283203,185.94000244140625,184.9409942626953,185.24200439453125
2024-09-13 08:00:00+00:00,185.24099731445312,185.30599975585938,184.35899353027344,184.8179931640625
2024-09-13 16:00:00+00:00,184.81900024414062,185.03900146484375,184.62399291992188,184.781005859375
2024-09-14 00:00:00+00:00,,,,
2024-09-14 08:00:00+00:00,,,,
2024-09-14 16:00:00+00:00,,,,
2024-09-15 00:00:00+00:00,,,,
2024-09-15 08:00:00+00:00,,,,
2024-09-15 16:00:00+00:00,184.76600646972656,185.0279998779297,184.73800659179688,184.99899291992188
2024-09-16 00:00:00+00:00,185.0,185.00799560546875,183.7550048828125,184.2270050048828
2024-09-16 08:00:00+00:00,184.22999572753906,185.90699768066406,184.13099670410156,185.86099243164062
2024-09-16 16:00:00+00:00,185.86599731445312,186.50799560546875,185.50799560546875,185.9949951171875
2024-09-17 00:00:00+00:00,185.98699951171875,186.05599975585938,185.281005859375,185.8300018310547
2024-09-17 08:00:00+00:00,185.82699584960938,187.16700744628906,185.63900756835938,186.61399841308594
2024-09-17 16:00:00+00:00,186.61500549316406,187.4550018310547,186.36399841308594,186.97300720214844
2024-09-18 00:00:00+00:00,186.97300720214844,187.2989959716797,185.81399536132812,187.2480010986328
2024-09-18 08:00:00+00:00,187.24600219726562,187.98300170898438,187.0260009765625,187.322998046875
2024-09-18 16:00:00+00:00,187.3159942626953,188.4709930419922,186.68499755859375,188.3939971923828
2024-09-19 00:00:00+00:00,188.40199279785156,189.41099548339844,188.16200256347656,188.7779998779297
2024-09-19 08:00:00+00:00,188.7779998779297,190.38900756835938,188.7169952392578,189.7310028076172
2024-09-19 16:00:00+00:00,189.73300170898438,190.17100524902344,189.25599670410156,189.73300170898438
2024-09-20 00:00:00+00:00,189.7310028076172,191.21200561523438,188.6750030517578,191.19400024414062
2024-09-20 08:00:00+00:00,191.19000244140625,191.98599243164062,190.75599670410156,191.4510040283203
2024-09-20 16:00:00+00:00,191.45199584960938,191.9239959716797,191.2899932861328,191.64199829101562
2024-09-21 00:00:00+00:00,,,,
2024-09-21 08:00:00+00:00,,,,
2024-09-21 16:00:00+00:00,,,,
2024-09-22 00:00:00+00:00,,,,
2024-09-22 08:00:00+00:00,,,,
2024-09-22 16:00:00+00:00,191.66900634765625,191.82200622558594,191.4980010986328,191.7949981689453
2024-09-23 00:00:00+00:00,191.7729949951172,192.2949981689453,190.48899841308594,190.53799438476562
2024-09-23 08:00:00+00:00,190.53700256347656,192.4340057373047,190.13800048828125,191.70199584960938
2024-09-23 16:00:00+00:00,191.697998046875,191.8520050048828,191.14599609375,191.72300720214844
2024-09-24 00:00:00+00:00,191.7259979248047,193.2760009765625,191.3300018310547,192.8280029296875
2024-09-24 08:00:00+00:00,192.82699584960938,193.32000732421875,192.06199645996094,192.2989959716797
2024-09-24 16:00:00+00:00,192.302001953125,192.43800354003906,191.74899291992188,191.92599487304688
2024-09-25 00:00:00+00:00,191.93600463867188,192.68499755859375,191.8699951171875,192.64500427246094
2024-09-25 08:00:00+00:00,192.63999938964844,193.26199340820312,192.52099609375,192.5959930419922
2024-09-25 16:00:00+00:00,192.60000610351562,192.88499450683594,192.4669952392578,192.6649932861328
2024-09-26 00:00:00+00:00,192.6649932861328,193.75900268554688,192.49899291992188,193.51699829101562
2024-09-26 08:00:00+00:00,193.51699829101562,194.33700561523438,192.6840057373047,194.27699279785156
2024-09-26 16:00:00+00:00,194.27000427246094,194.58599853515625,193.8699951171875,194.55799865722656
2024-09-27 00:00:00+00:00,194.5540008544922,195.96499633789062,190.98699951171875,191.41000366210938
2024-09-27 08:00:00+00:00,191.40899658203125,192.22500610351562,190.8260040283203,190.98800659179688
2024-09-27 16:00:00+00:00,190.99200439453125,191.02999877929688,189.99600219726562,190.17999267578125
2024-09-28 00:00:00+00:00,,,,
2024-09-28 08:00:00+00:00,,,,
2024-09-28 16:00:00+00:00,,,,
2024-09-29 00:00:00+00:00,,,,
2024-09-29 08:00:00+00:00,,,,
2024-09-29 16:00:00+00:00,190.88800048828125,191.28700256347656,190.78900146484375,191.08299255371094
2024-09-30 00:00:00+00:00,191.07899475097656,191.17599487304688,189.5500030517578,190.7480010986328
2024-09-30 08:00:00+00:00,190.7469940185547,192.16700744628906,190.66099548339844,191.92999267578125
2024-09-30 16:00:00+00:00,191.93099975585938,192.30999755859375,191.5540008544922,192.24400329589844
2024-10-01 00:00:00+00:00,192.2429962158203,193.35699462890625,191.99899291992188,192.3000030517578
2024-10-01 08:00:00+00:00,192.29600524902344,192.3489990234375,190.23800659179688,190.7779998779297
2024-10-01 16:00:00+00:00,190.78500366210938,191.06900024414062,189.84300231933594,190.7760009765625
2024-10-02 00:00:00+00:00,190.78199768066406,191.6790008544922,190.406005859375,191.4290008544922
2024-10-02 08:00:00+00:00,191.42799377441406,194.02499389648438,191.30799865722656,193.81300354003906
2024-10-02 16:00:00+00:00,193.8040008544922,194.87899780273438,193.6750030517578,194.38999938964844
2024-10-03 00:00:00+00:00,194.38900756835938,195.16900634765625,192.41799926757812,192.63999938964844
2024-10-03 08:00:00+00:00,192.63900756835938,192.88600158691406,192.1199951171875,192.51800537109375
2024-10-03 16:00:00+00:00,192.50900268554688,192.87899780273438,192.36700439453125,192.7779998779297
2024-10-04 00:00:00+00:00,192.77200317382812,192.88499450683594,191.7239990234375,192.50900268554688
2024-10-04 08:00:00+00:00,192.51100158691406,194.96400451660156,192.31199645996094,194.87399291992188
2024-10-04 16:00:00+00:00,194.8800048828125,195.5260009765625,194.86099243164062,195.11000061035156
2024-10-05 00:00:00+00:00,,,,
2024-10-05 08:00:00+00:00,,,,
2024-10-05 16:00:00+00:00,,,,
2024-10-06 00:00:00+00:00,,,,
2024-10-06 08:00:00+00:00,,,,
2024-10-06 16:00:00+00:00,195.35800170898438,195.62100219726562,195.23199462890625,195.2530059814453
2024-10-07 00:00:00+00:00,195.25100708007812,195.26699829101562,194.08700561523438,194.41099548339844
2024-10-07 08:00:00+00:00,194.41200256347656,194.53199768066406,193.33200073242188,193.73399353027344
2024-10-07 16:00:00+00:00,193.73899841308594,193.91299438476562,193.24099731445312,193.80499267578125
2024-10-08 00:00:00+00:00,193.80999755859375,193.97300720214844,192.8800048828125,193.36500549316406
2024-10-08 08:00:00+00:00,193.36700439453125,194.37100219726562,193.12100219726562,194.05299377441406
2024-10-08 16:00:00+00:00,194.05299377441406,194.34300231933594,193.81100463867188,193.95599365234375
2024-10-09 00:00:00+00:00,193.96200561523438,194.58900451660156,193.58200073242188,194.33299255371094
2024-10-09 08:00:00+00:00,194.33099365234375,195.2480010986328,194.23699951171875,195.12399291992188
2024-10-09 16:00:00+00:00,195.1320037841797,195.23300170898438,194.77000427246094,194.89300537109375
2024-10-10 00:00:00+00:00,194.88800048828125,195.50100708007812,194.71499633789062,194.96099853515625
2024-10-10 08:00:00+00:00,194.95799255371094,195.08099365234375,193.5659942626953,193.9149932861328
2024-10-10 16:00:00+00:00,193.91200256347656,194.28500366210938,193.74099731445312,194.2239990234375
2024-10-11 00:00:00+00:00,194.23399353027344,194.55499267578125,193.85400390625,194.52099609375
2024-10-11 08:00:00+00:00,194.51499938964844,195.23399353027344,194.36900329589844,194.88600158691406
2024-10-11 16:00:00+00:00,194.88600158691406,194.9600067138672,194.70799255371094,194.88699340820312
2024-10-12 00:00:00+00:00,,,,
2024-10-12 08:00:00+00:00,,,,
2024-10-12 16:00:00+00:00,,,,
2024-10-13 00:00:00+00:00,,,,
2024-10-13 08:00:00+00:00,,,,
2024-10-13 16:00:00+00:00,194.91799926757812,195.00100708007812,194.7449951171875,194.81100463867188
2024-10-14 00:00:00+00:00,194.81199645996094,195.12600708007812,194.6219940185547,195.08700561523438
2024-10-14 08:00:00+00:00,195.08299255371094,195.70799255371094,195.0050048828125,195.5070037841797
2024-10-14 16:00:00+00:00,195.50100708007812,195.72300720214844,195.45199584960938,195.6320037841797
2024-10-15 00:00:00+00:00,195.63800048828125,195.66099548339844,194.6580047607422,195.0959930419922
2024-10-15 08:00:00+00:00,195.093994140625,195.5760040283203,194.63800048828125,195.21200561523438
2024-10-15 16:00:00+00:00,195.20700073242188,195.46099853515625,194.7469940185547,194.77099609375
2024-10-16 00:00:00+00:00,194.77099609375,195.27999877929688,193.6999969482422,194.29100036621094
2024-10-16 08:00:00+00:00,194.29100036621094,194.78500366210938,194.01199340820312,194.6230010986328
2024-10-16 16:00:00+00:00,194.6179962158203,194.76400756835938,194.12100219726562,194.2899932861328
2024-10-17 00:00:00+00:00,194.28799438476562,194.54299926757812,193.82699584960938,194.46099853515625
2024-10-17 08:00:00+00:00,194.46200561523438,195.31399536132812,194.3070068359375,195.26800537109375
2024-10-17 16:00:00+00:00,195.26800537109375,195.60000610351562,195.22300720214844,195.35899353027344
2024-10-18 00:00:00+00:00,195.35899353027344,196.05099487304688,195.0290069580078,195.89999389648438
2024-10-18 08:00:00+00:00,195.90699768066406,195.947998046875,194.74899291992188,194.77499389648438
2024-10-18 16:00:00+00:00,194.77000427246094,195.20700073242188,194.75900268554688,195.14100646972656
2024-10-19 00:00:00+00:00,,,,
2024-10-19 08:00:00+00:00,,,,
2024-10-19 16:00:00+00:00,,,,
2024-10-20 00:00:00+00:00,,,,
2024-10-20 08:00:00+00:00,,,,
2024-10-20 16:00:00+00:00,195.20899963378906,195.27000427246094,195.0919952392578,195.2550048828125
2024-10-21 00:00:00+00:00,195.25999450683594,195.27999877929688,194.56100463867188,195.1060028076172
2024-10-21 08:00:00+00:00,195.10699462890625,195.55099487304688,195.07400512695312,195.3090057373047
2024-10-21 16:00:00+00:00,195.29800415039062,195.89199829101562,195.2899932861328,195.54400634765625
2024-10-22 00:00:00+00:00,195.5399932861328,196.51499938964844,195.4239959716797,196.43299865722656
2024-10-22 08:00:00+00:00,196.4409942626953,196.4709930419922,195.09800720214844,195.95700073242188
2024-10-22 16:00:00+00:00,195.947998046875,196.22799682617188,195.8459930419922,196.1959991455078
2024-10-23 00:00:00+00:00,196.1959991455078,197.8730010986328,196.16600036621094,197.5330047607422
2024-10-23 08:00:00+00:00,197.52999877929688,198.4340057373047,197.45899963378906,197.7989959716797
2024-10-23 16:00:00+00:00,197.79800415039062,197.89599609375,196.8769989013672,197.30299377441406
2024-10-24 00:00:00+00:00,197.30299377441406,197.44900512695312,196.64199829101562,197.18299865722656
2024-10-24 08:00:00+00:00,197.1909942626953,197.6300048828125,196.65899658203125,196.8679962158203
2024-10-24 16:00:00+00:00,196.8699951171875,197.08700561523438,196.41900634765625,196.88900756835938
2024-10-25 00:00:00+00:00,196.89300537109375,197.218994140625,196.3820037841797,197.05999755859375
2024-10-25 08:00:00+00:00,197.17999267578125,197.78500366210938,197.04800415039062,197.35400390625
2024-10-25 16:00:00+00:00,197.35899353027344,197.6009979248047,197.13299560546875,197.39500427246094
2024-10-26 00:00:00+00:00,,,,
2024-10-26 08:00:00+00:00,,,,
2024-10-26 16:00:00+00:00,,,,
2024-10-27 00:00:00+00:00,,,,
2024-10-27 08:00:00+00:00,,,,
2024-10-27 16:00:00+00:00,,,,
2024-10-28 00:00:00+00:00,198.19200134277344,199.35299682617188,197.98500061035156,198.875
2024-10-28 08:00:00+00:00,198.87399291992188,199.00599670410156,197.79600524902344,198.86599731445312
2024-10-28 16:00:00+00:00,198.87100219726562,199.0070037841797,198.5959930419922,198.7209930419922
2024-10-29 00:00:00+00:00,198.6909942626953,198.79100036621094,198.0290069580078,198.67100524902344
2024-10-29 08:00:00+00:00,198.67100524902344,199.6790008544922,198.66400146484375,199.60000610351562
2024-10-29 16:00:00+00:00,199.60299682617188,199.71200561523438,199.30999755859375,199.4340057373047
2024-10-30 00:00:00+00:00,199.406005859375,199.5749969482422,199.1179962158203,199.4550018310547
2024-10-30 08:00:00+00:00,199.44900512695312,199.8040008544922,198.19700622558594,199.27099609375
2024-10-30 16:00:00+00:00,199.27999877929688,199.34500122070312,198.52499389648438,198.572998046875
2024-10-31 00:00:00+00:00,198.5590057373047,198.88600158691406,197.2010040283203,197.86500549316406
2024-10-31 08:00:00+00:00,197.86300659179688,198.625,195.36599731445312,195.85699462890625
2024-10-31 16:00:00+00:00,195.8509979248047,196.37100219726562,195.5570068359375,195.927001953125
2024-11-01 00:00:00+00:00,196.0019989013672,196.8000030517578,195.8679962158203,196.7570037841797
2024-11-01 08:00:00+00:00,196.74899291992188,198.37600708007812,196.70199584960938,198.1959991455078
2024-11-01 16:00:00+00:00,198.197998046875,198.25900268554688,197.50999450683594,197.77699279785156
2024-11-02 00:00:00+00:00,,,,
2024-11-02 08:00:00+00:00,,,,
2024-11-02 16:00:00+00:00,,,,
2024-11-03 00:00:00+00:00,,,,
2024-11-03 08:00:00+00:00,,,,
2024-11-03 16:00:00+00:00,,,,
2024-11-04 00:00:00+00:00,197.24400329589844,197.72900390625,196.8699951171875,197.36700439453125
2024-11-04 08:00:00+00:00,197.36500549316406,197.49400329589844,196.48800659179688,197.2899932861328
2024-11-04 16:00:00+00:00,197.28700256347656,197.3249969482422,196.62100219726562,197.2209930419922
2024-11-05 00:00:00+00:00,197.2550048828125,197.7010040283203,196.99600219726562,197.59500122070312
2024-11-05 08:00:00+00:00,197.59500122070312,197.84300231933594,197.26600646972656,197.68899536132812
2024-11-05 16:00:00+00:00,197.67799377441406,197.875,197.0970001220703,197.50399780273438
2024-11-06 00:00:00+00:00,197.5030059814453,199.052001953125,197.32000732421875,198.05499267578125
2024-11-06 08:00:00+00:00,198.05299377441406,198.95700073242188,198.0279998779297,198.9550018310547
2024-11-06 16:00:00+00:00,198.9550018310547,199.52200317382812,198.68699645996094,198.78500366210938
2024-11-07 00:00:00+00:00,198.77999877929688,199.55799865722656,198.75,199.11700439453125
2024-11-07 08:00:00+00:00,199.12600708007812,199.3769989013672,198.56900024414062,198.78199768066406
2024-11-07 16:00:00+00:00,198.781005859375,198.94400024414062,198.29400634765625,198.84500122070312
2024-11-08 00:00:00+00:00,198.85699462890625,198.91900634765625,197.8209991455078,197.89500427246094
2024-11-08 08:00:00+00:00,197.89599609375,197.94200134277344,197.03900146484375,197.20599365234375
2024-11-08 16:00:00+00:00,197.19900512695312,197.36199951171875,196.7310028076172,197.2519989013672
2024-11-09 00:00:00+00:00,,,,
2024-11-09 08:00:00+00:00,,,,
2024-11-09 16:00:00+00:00,,,,
2024-11-10 00:00:00+00:00,,,,
2024-11-10 08:00:00+00:00,,,,
2024-11-10 16:00:00+00:00,,,,
2024-11-11 00:00:00+00:00,197.47900390625,198.4250030517578,197.427001953125,198.11399841308594
2024-11-11 08:00:00+00:00,198.11099243164062,198.46200561523438,197.72000122070312,197.99899291992188
2024-11-11 16:00:00+00:00,198.0019989013672,198.07699584960938,197.5489959716797,197.56500244140625
2024-11-12 00:00:00+00:00,197.62899780273438,198.0590057373047,196.92300415039062,197.10499572753906
2024-11-12 08:00:00+00:00,197.1009979248047,197.8260040283203,196.8780059814453,197.20700073242188
2024-11-12 16:00:00+00:00,197.20599365234375,197.25100708007812,196.84500122070312,196.98199462890625
2024-11-13 00:00:00+00:00,196.97799682617188,197.62600708007812,196.968994140625,197.5489959716797
2024-11-13 08:00:00+00:00,197.53900146484375,197.718994140625,196.6479949951172,197.20199584960938
2024-11-13 16:00:00+00:00,197.1999969482422,197.81300354003906,197.15199279785156,197.4929962158203
2024-11-14 00:00:00+00:00,197.48800659179688,197.98899841308594,197.4759979248047,197.70399475097656
2024-11-14 08:00:00+00:00,197.70399475097656,198.24200439453125,197.06900024414062,198.17599487304688
2024-11-14 16:00:00+00:00,198.177001953125,198.23699951171875,197.6909942626953,198.20399475097656
2024-11-15 00:00:00+00:00,198.20199584960938,198.44500732421875,197.30999755859375,197.30999755859375
2024-11-15 08:00:00+00:00,197.31100463867188,197.3730010986328,195.4409942626953,195.6719970703125
2024-11-15 16:00:00+00:00,195.67300415039062,195.7570037841797,194.28500366210938,194.7779998779297
2024-11-16 00:00:00+00:00,,,,
2024-11-16 08:00:00+00:00,,,,
2024-11-16 16:00:00+00:00,,,,
2024-11-17 00:00:00+00:00,,,,
2024-11-17 08:00:00+00:00,,,,
2024-11-17 16:00:00+00:00,,,,
2024-11-18 00:00:00+00:00,195.14199829101562,195.98399353027344,194.3520050048828,195.1510009765625
2024-11-18 08:00:00+00:00,195.15699768066406,196.14199829101562,195.07400512695312,195.8979949951172
2024-11-18 16:00:00+00:00,195.89700317382812,196.1490020751953,195.74099731445312,196.02000427246094
2024-11-19 00:00:00+00:00,196.0229949951172,196.02699279785156,195.20599365234375,195.8300018310547
2024-11-19 08:00:00+00:00,195.83599853515625,195.8780059814453,193.5570068359375,194.97300720214844
2024-11-19 16:00:00+00:00,194.98300170898438,196.41200256347656,194.91900634765625,196.39100646972656
2024-11-20 00:00:00+00:00,196.39100646972656,197.7830047607422,196.2239990234375,197.60499572753906
2024-11-20 08:00:00+00:00,197.61000061035156,197.69400024414062,196.19700622558594,196.79299926757812
2024-11-20 16:00:00+00:00,196.79299926757812,196.93800354003906,196.11399841308594,196.51400756835938
2024-11-21 00:00:00+00:00,196.49899291992188,196.5449981689453,195.41799926757812,195.92599487304688
2024-11-21 08:00:00+00:00,195.92799377441406,196.11199951171875,194.36399841308594,194.7100067138672
2024-11-21 16:00:00+00:00,194.71099853515625,194.94900512695312,193.97300720214844,193.9770050048828
2024-11-22 00:00:00+00:00,193.99600219726562,194.80799865722656,193.7790069580078,194.5240020751953
2024-11-22 08:00:00+00:00,194.5229949951172,194.7969970703125,192.843994140625,194.0240020751953
2024-11-22 16:00:00+00:00,194.0260009765625,194.07699584960938,193.61000061035156,193.9510040283203
2024-11-23 00:00:00+00:00,,,,
2024-11-23 08:00:00+00:00,,,,
2024-11-23 16:00:00+00:00,,,,
2024-11-24 00:00:00+00:00,,,,
2024-11-24 08:00:00+00:00,,,,
2024-11-24 16:00:00+00:00,,,,
2024-11-25 00:00:00+00:00,194.11599731445312,194.62600708007812,193.48800659179688,194.2740020751953
2024-11-25 08:00:00+00:00,194.2740020751953,194.4499969482422,193.26300048828125,193.7469940185547
2024-11-25 16:00:00+00:00,193.7530059814453,194.00900268554688,193.2519989013672,193.51400756835938
2024-11-26 00:00:00+00:00,193.46400451660156,193.5540008544922,192.51800537109375,193.21400451660156
2024-11-26 08:00:00+00:00,193.21299743652344,193.7259979248047,192.7779998779297,192.7989959716797
2024-11-26 16:00:00+00:00,192.7969970703125,192.95799255371094,192.02999877929688,192.33200073242188
2024-11-27 00:00:00+00:00,192.28199768066406,192.4029998779297,191.177001953125,191.34100341796875
2024-11-27 08:00:00+00:00,191.33399963378906,191.85400390625,190.6820068359375,191.552001953125
2024-11-27 16:00:00+00:00,191.54600524902344,191.8979949951172,190.88099670410156,191.88499450683594
2024-11-28 00:00:00+00:00,191.8459930419922,192.24400329589844,191.59300231933594,191.99000549316406
2024-11-28 08:00:00+00:00,191.99099731445312,192.47000122070312,191.8159942626953,192.1540069580078
2024-11-28 16:00:00+00:00,192.1580047607422,192.343994140625,191.6320037841797,191.95899963378906
2024-11-29 00:00:00+00:00,191.9340057373047,191.9550018310547,190.32400512695312,190.822998046875
2024-11-29 08:00:00+00:00,190.81500244140625,190.97900390625,190.14500427246094,190.85699462890625
2024-11-29 16:00:00+00:00,190.85299682617188,191.25399780273438,190.2830047607422,190.77999877929688
2024-11-30 00:00:00+00:00,,,,
2024-11-30 08:00:00+00:00,,,,
2024-11-30 16:00:00+00:00,,,,
2024-12-01 00:00:00+00:00,,,,
2024-12-01 08:00:00+00:00,,,,
2024-12-01 16:00:00+00:00,,,,
2024-12-02 00:00:00+00:00,190.33700561523438,191.28700256347656,190.26800537109375,190.55299377441406
2024-12-02 08:00:00+00:00,190.5540008544922,191.1020050048828,189.1479949951172,189.25999450683594
2024-12-02 16:00:00+00:00,189.24899291992188,189.58799743652344,188.46800231933594,189.2570037841797
2024-12-03 00:00:00+00:00,189.2530059814453,190.02000427246094,189.23599243164062,189.94400024414062
2024-12-03 08:00:00+00:00,189.947998046875,190.3780059814453,188.0760040283203,188.85400390625
2024-12-03 16:00:00+00:00,188.84800720214844,189.6699981689453,188.8040008544922,189.6540069580078
2024-12-04 00:00:00+00:00,189.61199951171875,190.77999877929688,189.3489990234375,190.7010040283203
2024-12-04 08:00:00+00:00,190.69900512695312,191.52999877929688,190.0590057373047,191.1320037841797
2024-12-04 16:00:00+00:00,191.11599731445312,191.5050048828125,190.67799377441406,191.2259979248047
2024-12-05 00:00:00+00:00,191.197998046875,191.32000732421875,190.33399963378906,190.66600036621094
2024-12-05 08:00:00+00:00,190.7239990234375,192.21299743652344,190.6300048828125,191.66200256347656
2024-12-05 16:00:00+00:00,191.67100524902344,191.69200134277344,191.1540069580078,191.63600158691406
2024-12-06 00:00:00+00:00,191.5489959716797,191.6790008544922,190.91400146484375,191.56700134277344
2024-12-06 08:00:00+00:00,191.5679931640625,192.3699951171875,190.71400451660156,190.98399353027344
2024-12-06 16:00:00+00:00,190.98500061035156,191.22000122070312,190.75900268554688,191.1510009765625
2024-12-07 00:00:00+00:00,,,,
2024-12-07 08:00:00+00:00,,,,
2024-12-07 16:00:00+00:00,,,,
2024-12-08 00:00:00+00:00,,,,
2024-12-08 08:00:00+00:00,,,,
2024-12-08 16:00:00+00:00,,,,
2024-12-09 00:00:00+00:00,191.0800018310547,191.88099670410156,190.59100341796875,191.8769989013672
2024-12-09 08:00:00+00:00,191.8769989013672,193.40699768066406,191.74400329589844,193.2270050048828
2024-12-09 16:00:00+00:00,193.22799682617188,193.37100219726562,192.57000732421875,193.03500366210938
2024-12-10 00:00:00+00:00,192.9980010986328,193.1479949951172,192.44700622558594,193.09300231933594
2024-12-10 08:00:00+00:00,193.09300231933594,193.81100463867188,192.9459991455078,193.78599548339844
2024-12-10 16:00:00+00:00,193.7740020751953,194.11199951171875,193.67999267578125,194.01800537109375
2024-12-11 00:00:00+00:00,194.03799438476562,194.06100463867188,192.93499755859375,193.10299682617188
2024-12-11 08:00:00+00:00,193.1009979248047,194.79100036621094,192.51199340820312,194.28799438476562
2024-12-11 16:00:00+00:00,194.2779998779297,194.5540008544922,194.20199584960938,194.35800170898438
2024-12-12 00:00:00+00:00,194.35699462890625,194.99899291992188,194.01400756835938,194.7220001220703
2024-12-12 08:00:00+00:00,194.71499633789062,194.83200073242188,192.92100524902344,193.23599243164062
2024-12-12 16:00:00+00:00,193.23500061035156,193.5749969482422,193.14199829101562,193.42599487304688
2024-12-13 00:00:00+00:00,193.4409942626953,193.86300659179688,192.8489990234375,192.92999267578125
2024-12-13 08:00:00+00:00,192.92300415039062,194.45799255371094,192.9149932861328,193.82699584960938
2024-12-13 16:00:00+00:00,193.82699584960938,194.2209930419922,193.71200561523438,194.03900146484375
2024-12-14 00:00:00+00:00,,,,
2024-12-14 08:00:00+00:00,,,,
2024-12-14 16:00:00+00:00,,,,
2024-12-15 00:00:00+00:00,,,,
2024-12-15 08:00:00+00:00,,,,
2024-12-15 16:00:00+00:00,,,,
2024-12-16 00:00:00+00:00,193.7530059814453,194.56500244140625,193.64100646972656,193.94700622558594
2024-12-16 08:00:00+00:00,193.94000244140625,195.88499450683594,193.82899475097656,195.7259979248047
2024-12-16 16:00:00+00:00,195.7270050048828,195.81199645996094,195.33099365234375,195.53199768066406
2024-12-17 00:00:00+00:00,195.53599548339844,195.89199829101562,195.12399291992188,195.63999938964844
2024-12-17 08:00:00+00:00,195.63800048828125,195.79299926757812,194.6479949951172,195.11099243164062
2024-12-17 16:00:00+00:00,195.10899353027344,195.27200317382812,194.8260040283203,195.19700622558594
2024-12-18 00:00:00+00:00,195.18600463867188,195.47799682617188,194.69700622558594,194.90499877929688
2024-12-18 08:00:00+00:00,194.91000366210938,195.7689971923828,194.70899963378906,195.48699951171875
2024-12-18 16:00:00+00:00,195.48699951171875,195.70399475097656,194.05299377441406,194.38800048828125
2024-12-19 00:00:00+00:00,194.36500549316406,197.62899780273438,194.3159942626953,197.36199951171875
2024-12-19 08:00:00+00:00,197.3679962158203,198.9199981689453,197.19200134277344,197.927001953125
2024-12-19 16:00:00+00:00,197.927001953125,198.10000610351562,196.60299682617188,197.01199340820312
2024-12-20 00:00:00+00:00,196.9969940185547,197.29100036621094,195.76400756835938,196.0749969482422
2024-12-20 08:00:00+00:00,196.0780029296875,196.77099609375,195.74200439453125,196.26400756835938
2024-12-20 16:00:00+00:00,196.26499938964844,196.7899932861328,196.22000122070312,196.63999938964844
2024-12-21 00:00:00+00:00,,,,
2024-12-21 08:00:00+00:00,,,,
2024-12-21 16:00:00+00:00,,,,
2024-12-22 00:00:00+00:00,,,,
2024-12-22 08:00:00+00:00,,,,
2024-12-22 16:00:00+00:00,,,,
2024-12-23 00:00:00+00:00,196.75900268554688,197.0970001220703,196.6540069580078,196.88299560546875
2024-12-23 08:00:00+00:00,196.8780059814453,197.0709991455078,196.43899536132812,196.66700744628906
2024-12-23 16:00:00+00:00,196.6649932861328,197.0959930419922,196.60800170898438,196.87899780273438
2024-12-24 00:00:00+00:00,196.89300537109375,197.14500427246094,196.60000610351562,196.8300018310547
2024-12-24 08:00:00+00:00,196.8260040283203,197.70399475097656,196.625,197.19900512695312
2024-12-24 16:00:00+00:00,197.19200134277344,197.35299682617188,196.77099609375,196.91799926757812
2024-12-25 00:00:00+00:00,196.90199279785156,197.4250030517578,196.73800659179688,197.0709991455078
2024-12-25 08:00:00+00:00,197.0709991455078,197.0709991455078,197.0709991455078,197.0709991455078
2024-12-25 16:00:00+00:00,197.41299438476562,197.48199462890625,196.9759979248047,197.0989990234375
2024-12-26 00:00:00+00:00,197.0760040283203,197.55999755859375,197.00100708007812,197.19400024414062
2024-12-26 08:00:00+00:00,197.19000244140625,197.85000610351562,197.01400756835938,197.74400329589844
2024-12-26 16:00:00+00:00,197.7449951171875,198.0070037841797,197.51699829101562,197.60299682617188
2024-12-27 00:00:00+00:00,197.6320037841797,197.8699951171875,197.20199584960938,197.72799682617188
2024-12-27 08:00:00+00:00,197.73399353027344,198.50399780273438,197.33999633789062,198.1649932861328
2024-12-27 16:00:00+00:00,198.16099548339844,198.71600341796875,198.00999450683594,198.4669952392578
2024-12-28 00:00:00+00:00,,,,
2024-12-28 08:00:00+00:00,,,,
2024-12-28 16:00:00+00:00,,,,
2024-12-29 00:00:00+00:00,,,,
2024-12-29 08:00:00+00:00,,,,
2024-12-29 16:00:00+00:00,,,,
2024-12-30 00:00:00+00:00,198.58900451660156,198.9550018310547,198.343994140625,198.61399841308594
2024-12-30 08:00:00+00:00,198.61300659179688,198.7530059814453,196.31500244140625,196.63999938964844
2024-12-30 16:00:00+00:00,196.6490020751953,197.28500366210938,196.4510040283203,196.99099731445312
2024-12-31 00:00:00+00:00,197.0,197.04400634765625,195.86900329589844,196.2010040283203
2024-12-31 08:00:00+00:00,196.19900512695312,196.8820037841797,195.73199462890625,196.87600708007812
2024-12-31 16:00:00+00:00,196.8730010986328,197.19500732421875,196.58599853515625,196.63600158691406
2025-01-01 00:00:00+00:00,,,,
2025-01-01 08:00:00+00:00,,,,
2025-01-01 16:00:00+00:00,196.88400268554688,197.48500061035156,196.63099670410156,197.4720001220703
2025-01-02 00:00:00+00:00,197.43099975585938,197.4759979248047,195.98300170898438,196.16600036621094
2025-01-02 08:00:00+00:00,196.16700744628906,196.34100341796875,194.18800354003906,194.4669952392578
2025-01-02 16:00:00+00:00,194.46600341796875,195.32200622558594,194.37600708007812,194.78700256347656
2025-01-03 00:00:00+00:00,194.80299377441406,195.1529998779297,194.63499450683594,194.83399963378906
2025-01-03 08:00:00+00:00,194.83700561523438,195.30499267578125,194.71800231933594,195.2449951171875
2025-01-03 16:00:00+00:00,195.23599243164062,195.53900146484375,194.92300415039062,195.43600463867188
2025-01-04 00:00:00+00:00,,,,
2025-01-04 08:00:00+00:00,,,,
2025-01-04 16:00:00+00:00,,,,
2025-01-05 00:00:00+00:00,,,,
2025-01-05 08:00:00+00:00,,,,
2025-01-05 16:00:00+00:00,,,,
2025-01-06 00:00:00+00:00,195.6820068359375,196.4080047607422,195.6739959716797,196.3300018310547
2025-01-06 08:00:00+00:00,196.33099365234375,197.41200256347656,195.82000732421875,197.03700256347656
2025-01-06 16:00:00+00:00,197.03700256347656,197.4409942626953,196.93600463867188,197.33200073242188
2025-01-07 00:00:00+00:00,197.3249969482422,198.25599670410156,197.32200622558594,197.69200134277344
2025-01-07 08:00:00+00:00,197.68600463867188,198.20199584960938,197.1929931640625,197.3699951171875
2025-01-07 16:00:00+00:00,197.3800048828125,197.45199584960938,196.8679962158203,197.41200256347656
2025-01-08 00:00:00+00:00,197.39100646972656,197.54800415039062,196.94200134277344,197.13499450683594
2025-01-08 08:00:00+00:00,197.13699340820312,197.2270050048828,195.10899353027344,195.468994140625
2025-01-08 16:00:00+00:00,195.47300720214844,196.01300048828125,195.38400268554688,195.48800659179688
2025-01-09 00:00:00+00:00,195.48899841308594,195.60499572753906,193.73899841308594,193.91600036621094
2025-01-09 08:00:00+00:00,193.91400146484375,194.49400329589844,193.4739990234375,194.343994140625
2025-01-09 16:00:00+00:00,194.3470001220703,194.74400329589844,194.08099365234375,194.36199951171875
2025-01-10 00:00:00+00:00,194.36300659179688,194.77200317382812,194.21499633789062,194.6699981689453
2025-01-10 08:00:00+00:00,194.67100524902344,194.73699951171875,192.6699981689453,192.6750030517578
2025-01-10 16:00:00+00:00,192.677001953125,192.90899658203125,192.19700622558594,192.52099609375
2025-01-11 00:00:00+00:00,,,,
2025-01-11 08:00:00+00:00,,,,
2025-01-11 16:00:00+00:00,,,,
2025-01-12 00:00:00+00:00,,,,
2025-01-12 08:00:00+00:00,,,,
2025-01-12 16:00:00+00:00,,,,
2025-01-13 00:00:00+00:00,192.69700622558594,192.75100708007812,190.79100036621094,191.1320037841797
2025-01-13 08:00:00+00:00,191.12100219726562,191.73300170898438,190.06700134277344,191.40499877929688
2025-01-13 16:00:00+00:00,191.3990020751953,192.7100067138672,191.29600524902344,192.4530029296875
2025-01-14 00:00:00+00:00,192.40899658203125,192.9080047607422,191.75599670410156,192.33399963378906
2025-01-14 08:00:00+00:00,192.33599853515625,192.8249969482422,191.4739990234375,192.71400451660156
2025-01-14 16:00:00+00:00,192.7169952392578,193.0189971923828,192.28199768066406,192.97999572753906
2025-01-15 00:00:00+00:00,192.9810028076172,192.99600219726562,191.2100067138672,191.91600036621094
2025-01-15 08:00:00+00:00,191.91700744628906,192.3939971923828,191.33599853515625,191.5760040283203
2025-01-15 16:00:00+00:00,191.57400512695312,191.7570037841797,191.08299255371094,191.26199340820312
2025-01-16 00:00:00+00:00,191.24899291992188,191.53700256347656,189.8159942626953,190.8350067138672
2025-01-16 08:00:00+00:00,190.83399963378906,190.91799926757812,189.77200317382812,190.1479949951172
2025-01-16 16:00:00+00:00,190.14999389648438,190.49400329589844,189.76100158691406,190.08099365234375
2025-01-17 00:00:00+00:00,190.07400512695312,190.2239990234375,189.3249969482422,189.43600463867188
2025-01-17 08:00:00+00:00,189.43800354003906,190.60299682617188,189.3249969482422,190.40899658203125
2025-01-17 16:00:00+00:00,190.41099548339844,190.5850067138672,189.95700073242188,190.17999267578125
2025-01-18 00:00:00+00:00,,,,
2025-01-18 08:00:00+00:00,,,,
2025-01-18 16:00:00+00:00,,,,
2025-01-19 00:00:00+00:00,,,,
2025-01-19 08:00:00+00:00,,,,
2025-01-19 16:00:00+00:00,,,,
2025-01-20 00:00:00+00:00,190.2969970703125,190.8769989013672,189.8769989013672,190.5469970703125
2025-01-20 08:00:00+00:00,190.54299926757812,191.65899658203125,190.12399291992188,191.3699951171875
2025-01-20 16:00:00+00:00,191.3769989013672,192.01499938964844,191.13800048828125,191.44500732421875
2025-01-21 00:00:00+00:00,191.4810028076172,191.61199951171875,190.4600067138672,190.96800231933594
2025-01-21 08:00:00+00:00,190.968994140625,191.28199768066406,190.64500427246094,191.0489959716797
2025-01-21 16:00:00+00:00,191.0500030517578,192.29600524902344,191.0070037841797,192.18099975585938
2025-01-22 00:00:00+00:00,192.15499877929688,192.41900634765625,191.86000061035156,192.2239990234375
2025-01-22 08:00:00+00:00,192.22500610351562,192.75599670410156,191.6909942626953,192.6540069580078
2025-01-22 16:00:00+00:00,192.65199279785156,193.00799560546875,192.50599670410156,192.6219940185547
2025-01-23 00:00:00+00:00,192.61700439453125,193.0030059814453,192.51400756835938,192.70599365234375
2025-01-23 08:00:00+00:00,192.70199584960938,192.88600158691406,192.37399291992188,192.44500732421875
2025-01-23 16:00:00+00:00,192.44500732421875,192.9340057373047,192.26199340820312,192.88600158691406
2025-01-24 00:00:00+00:00,192.8800048828125,193.697998046875,192.06199645996094,192.4770050048828
2025-01-24 08:00:00+00:00,192.47900390625,194.51300048828125,192.0760040283203,194.39500427246094
2025-01-24 16:00:00+00:00,194.39700317382812,194.7480010986328,194.33299255371094,194.6529998779297
2025-01-25 00:00:00+00:00,,,,
2025-01-25 08:00:00+00:00,,,,
2025-01-25 16:00:00+00:00,,,,
2025-01-26 00:00:00+00:00,,,,
2025-01-26 08:00:00+00:00,,,,
2025-01-26 16:00:00+00:00,,,,
2025-01-27 00:00:00+00:00,193.99400329589844,194.64599609375,193.45899963378906,193.74099731445312
2025-01-27 08:00:00+00:00,193.7469940185547,193.7779998779297,192.1479949951172,192.51199340820312
2025-01-27 16:00:00+00:00,192.51699829101562,193.27499389648438,192.16600036621094,192.94000244140625
2025-01-28 00:00:00+00:00,192.88400268554688,193.96400451660156,192.81500244140625,193.84500122070312
2025-01-28 08:00:00+00:00,193.843994140625,194.02499389648438,192.76400756835938,193.59500122070312
2025-01-28 16:00:00+00:00,193.58900451660156,193.7740020751953,193.3000030517578,193.53799438476562
2025-01-29 00:00:00+00:00,193.52200317382812,193.75799560546875,193.03199768066406,193.302001953125
2025-01-29 08:00:00+00:00,193.302001953125,193.46200561523438,192.4770050048828,192.72900390625
2025-01-29 16:00:00+00:00,192.73699951171875,193.3520050048828,192.69000244140625,193.26300048828125
2025-01-30 00:00:00+00:00,193.25900268554688,193.28900146484375,191.98899841308594,192.3730010986328
2025-01-30 08:00:00+00:00,192.3699951171875,192.58900451660156,191.39599609375,192.1510009765625
2025-01-30 16:00:00+00:00,192.15199279785156,192.43099975585938,191.3249969482422,191.4080047607422
2025-01-31 00:00:00+00:00,191.4040069580078,192.43699645996094,191.18099975585938,192.30499267578125
2025-01-31 08:00:00+00:00,192.30499267578125,192.55499267578125,191.58700561523438,192.35800170898438
2025-01-31 16:00:00+00:00,192.375,193.0279998779297,192.0500030517578,192.33399963378906
2025-02-01 00:00:00+00:00,,,,
2025-02-01 08:00:00+00:00,,,,
2025-02-01 16:00:00+00:00,,,,
2025-02-02 00:00:00+00:00,,,,
2025-02-02 08:00:00+00:00,,,,
2025-02-02 16:00:00+00:00,,,,
2025-02-03 00:00:00+00:00,190.92100524902344,191.66099548339844,190.59800720214844,191.1649932861328
2025-02-03 08:00:00+00:00,191.16799926757812,192.26300048828125,190.01699829101562,192.0399932861328
2025-02-03 16:00:00+00:00,192.0449981689453,193.15899658203125,191.3280029296875,193.06199645996094
2025-02-04 00:00:00+00:00,193.03599548339844,193.10000610351562,191.75900268554688,192.83700561523438
2025-02-04 08:00:00+00:00,192.8350067138672,193.16799926757812,192.4669952392578,192.97799682617188
2025-02-04 16:00:00+00:00,192.97000122070312,193.10400390625,192.23599243164062,192.31199645996094
2025-02-05 00:00:00+00:00,192.27699279785156,192.57000732421875,190.98699951171875,191.64300537109375
2025-02-05 08:00:00+00:00,191.64300537109375,191.83599853515625,190.28500366210938,190.43699645996094
2025-02-05 16:00:00+00:00,190.43899536132812,190.9770050048828,190.38099670410156,190.8209991455078
2025-02-06 00:00:00+00:00,190.8249969482422,190.89999389648438,189.88900756835938,190.3209991455078
2025-02-06 08:00:00+00:00,190.3179931640625,190.33700561523438,188.23899841308594,188.29400634765625
2025-02-06 16:00:00+00:00,188.29800415039062,189.1060028076172,187.98500061035156,188.0019989013672
2025-02-07 00:00:00+00:00,187.96200561523438,188.9499969482422,187.63999938964844,188.88699340820312
2025-02-07 08:00:00+00:00,188.88499450683594,189.58099365234375,187.70599365234375,188.08200073242188
2025-02-07 16:00:00+00:00,188.07899475097656,188.30099487304688,187.04200744628906,187.76300048828125
2025-02-08 00:00:00+00:00,,,,
2025-02-08 08:00:00+00:00,,,,
2025-02-08 16:00:00+00:00,,,,
2025-02-09 00:00:00+00:00,,,,
2025-02-09 08:00:00+00:00,,,,
2025-02-09 16:00:00+00:00,,,,
2025-02-10 00:00:00+00:00,188.1580047607422,188.78500366210938,187.97300720214844,188.74899291992188
2025-02-10 08:00:00+00:00,188.7519989013672,189.14500427246094,187.61099243164062,187.8300018310547
2025-02-10 16:00:00+00:00,187.82200622558594,188.08999633789062,187.5229949951172,187.59800720214844
2025-02-11 00:00:00+00:00,187.6020050048828,187.9149932861328,187.406005859375,187.4969940185547
2025-02-11 08:00:00+00:00,187.49600219726562,189.45799255371094,187.2429962158203,189.1649932861328
2025-02-11 16:00:00+00:00,189.1739959716797,190.1959991455078,189.07200622558594,190.17300415039062
2025-02-12 00:00:00+00:00,190.2030029296875,191.45700073242188,190.13800048828125,191.43499755859375
2025-02-12 08:00:00+00:00,191.4320068359375,192.29400634765625,190.66900634765625,192.03199768066406
2025-02-12 16:00:00+00:00,192.02999877929688,192.6790008544922,191.7899932861328,192.04800415039062
2025-02-13 00:00:00+00:00,192.0229949951172,193.05299377441406,191.91299438476562,192.99600219726562
2025-02-13 08:00:00+00:00,192.99000549316406,193.01100158691406,191.16700744628906,191.77000427246094
2025-02-13 16:00:00+00:00,191.7689971923828,192.34500122070312,191.2519989013672,192.18800354003906
2025-02-14 00:00:00+00:00,192.21499633789062,192.2779998779297,191.4709930419922,191.86399841308594
2025-02-14 08:00:00+00:00,191.86199951171875,192.5030059814453,191.68600463867188,191.95799255371094
2025-02-14 16:00:00+00:00,191.95899963378906,192.08999633789062,191.5850067138672,191.66900634765625
2025-02-15 00:00:00+00:00,,,,
2025-02-15 08:00:00+00:00,,,,
2025-02-15 16:00:00+00:00,,,,
2025-02-16 00:00:00+00:00,,,,
2025-02-16 08:00:00+00:00,,,,
2025-02-16 16:00:00+00:00,,,,
2025-02-17 00:00:00+00:00,191.2790069580078,191.3979949951172,190.697998046875,191.27499389648438
2025-02-17 08:00:00+00:00,191.27200317382812,191.3679962158203,190.62399291992188,190.81399536132812
2025-02-17 16:00:00+00:00,190.81100463867188,191.35000610351562,190.76699829101562,191.0970001220703
2025-02-18 00:00:00+00:00,191.1219940185547,191.81199645996094,191.09300231933594,191.8070068359375
2025-02-18 08:00:00+00:00,191.802001953125,191.94500732421875,190.9219970703125,191.31199645996094
2025-02-18 16:00:00+00:00,191.31700134277344,192.156005859375,191.27999877929688,191.80299377441406
2025-02-19 00:00:00+00:00,191.78900146484375,192.11099243164062,191.21400451660156,191.3699951171875
2025-02-19 08:00:00+00:00,191.36399841308594,191.7310028076172,190.44700622558594,190.62399291992188
2025-02-19 16:00:00+00:00,190.62600708007812,190.82699584960938,190.0850067138672,190.2740020751953
2025-02-20 00:00:00+00:00,190.2729949951172,190.3179931640625,188.78799438476562,189.14199829101562
2025-02-20 08:00:00+00:00,189.14100646972656,189.73599243164062,188.67599487304688,188.9810028076172
2025-02-20 16:00:00+00:00,188.9810028076172,189.78700256347656,188.9250030517578,189.33700561523438
2025-02-21 00:00:00+00:00,189.37100219726562,190.93699645996094,189.35400390625,190.7239990234375
2025-02-21 08:00:00+00:00,190.72900390625,190.78700256347656,188.8979949951172,189.00399780273438
2025-02-21 16:00:00+00:00,189.0050048828125,189.20199584960938,188.13900756835938,188.65699768066406
2025-02-22 00:00:00+00:00,,,,
2025-02-22 08:00:00+00:00,,,,
2025-02-22 16:00:00+00:00,,,,
2025-02-23 00:00:00+00:00,,,,
2025-02-23 08:00:00+00:00,,,,
2025-02-23 16:00:00+00:00,,,,
2025-02-24 00:00:00+00:00,188.9739990234375,189.5800018310547,188.5989990234375,188.9739990234375
2025-02-24 08:00:00+00:00,188.97000122070312,189.51600646972656,188.218994140625,188.41400146484375
2025-02-24 16:00:00+00:00,188.41200256347656,189.3159942626953,188.41000366210938,189.07899475097656
2025-02-25 00:00:00+00:00,189.13600158691406,189.66099548339844,188.24099731445312,188.28399658203125
2025-02-25 08:00:00+00:00,188.2830047607422,189.74200439453125,188.16299438476562,188.63800048828125
2025-02-25 16:00:00+00:00,188.63499450683594,189.12100219726562,188.15199279785156,188.89100646972656
2025-02-26 00:00:00+00:00,188.8719940185547,189.24000549316406,188.38499450683594,189.12399291992188
2025-02-26 08:00:00+00:00,189.1320037841797,189.85899353027344,188.72000122070312,189.76199340820312
2025-02-26 16:00:00+00:00,189.76400756835938,189.83200073242188,188.61300659179688,188.71800231933594
2025-02-27 00:00:00+00:00,188.76800537109375,189.2030029296875,188.55999755859375,189.06399536132812
2025-02-27 08:00:00+00:00,189.0679931640625,190.10400390625,188.85899353027344,189.33799743652344
2025-02-27 16:00:00+00:00,189.343994140625,189.6060028076172,188.46099853515625,189.01100158691406
2025-02-28 00:00:00+00:00,189.03399658203125,189.51300048828125,187.67300415039062,189.36199951171875
2025-02-28 08:00:00+00:00,189.36300659179688,190.31199645996094,189.1540069580078,189.72999572753906
2025-02-28 16:00:00+00:00,189.72900390625,189.86900329589844,188.79200744628906,189.4530029296875
2025-03-01 00:00:00+00:00,,,,
2025-03-01 08:00:00+00:00,,,,
2025-03-01 16:00:00+00:00,,,,
2025-03-02 00:00:00+00:00,,,,
2025-03-02 08:00:00+00:00,,,,
2025-03-02 16:00:00+00:00,,,,
2025-03-03 00:00:00+00:00,190.04800415039062,190.18800354003906,189.2050018310547,189.2270050048828
2025-03-03 08:00:00+00:00,189.23399353027344,191.97500610351562,188.81100463867188,190.7729949951172
2025-03-03 16:00:00+00:00,190.78399658203125,191.13400268554688,189.0850067138672,189.63099670410156
2025-03-04 00:00:00+00:00,189.63400268554688,189.947998046875,188.78500366210938,189.7259979248047
2025-03-04 08:00:00+00:00,189.7270050048828,190.1179962158203,188.24000549316406,188.63999938964844
2025-03-04 16:00:00+00:00,188.6439971923828,191.89599609375,188.43899536132812,191.55299377441406
2025-03-05 00:00:00+00:00,191.70899963378906,192.08799743652344,191.1699981689453,191.5959930419922
2025-03-05 08:00:00+00:00,191.59800720214844,192.3209991455078,190.86900329589844,191.60400390625
2025-03-05 16:00:00+00:00,191.60699462890625,192.23300170898438,190.91299438476562,191.9320068359375
2025-03-06 00:00:00+00:00,191.8979949951172,192.5489959716797,191.4199981689453,191.5279998779297
2025-03-06 08:00:00+00:00,191.52099609375,191.56399536132812,189.8719940185547,191.07899475097656
2025-03-06 16:00:00+00:00,191.0800018310547,191.50900268554688,190.10299682617188,190.80299377441406
2025-03-07 00:00:00+00:00,190.85499572753906,190.8719940185547,189.91400146484375,190.52999877929688
2025-03-07 08:00:00+00:00,190.531005859375,191.03399658203125,189.7969970703125,190.63299560546875
2025-03-07 16:00:00+00:00,190.63900756835938,191.42799377441406,189.65199279785156,191.28199768066406
2025-03-08 00:00:00+00:00,,,,
2025-03-08 08:00:00+00:00,,,,
2025-03-08 16:00:00+00:00,,,,
2025-03-09 00:00:00+00:00,,,,
2025-03-09 08:00:00+00:00,,,,
2025-03-09 16:00:00+00:00,,,,
2025-03-10 00:00:00+00:00,190.8520050048828,190.9499969482422,190.1999969482422,190.29200744628906
2025-03-10 08:00:00+00:00,190.29400634765625,190.42300415039062,189.29600524902344,189.89500427246094
2025-03-10 16:00:00+00:00,189.8939971923828,190.01800537109375,188.99400329589844,189.34500122070312
2025-03-11 00:00:00+00:00,189.36099243164062,190.093994140625,188.78599548339844,189.68499755859375
2025-03-11 08:00:00+00:00,189.6820068359375,191.58799743652344,189.5959930419922,190.947998046875
2025-03-11 16:00:00+00:00,190.94700622558594,191.68899536132812,190.22000122070312,191.63699340820312
2025-03-12 00:00:00+00:00,191.63499450683594,192.1479949951172,191.24400329589844,192.1060028076172
2025-03-12 08:00:00+00:00,192.10699462890625,193.0749969482422,191.63299560546875,192.33599853515625
2025-03-12 16:00:00+00:00,192.33999633789062,192.6739959716797,191.9720001220703,192.23399353027344
2025-03-13 00:00:00+00:00,192.24600219726562,192.33999633789062,191.16700744628906,191.4239959716797
2025-03-13 08:00:00+00:00,191.42300415039062,192.08599853515625,190.9949951171875,191.17999267578125
2025-03-13 16:00:00+00:00,191.18099975585938,191.70899963378906,190.73300170898438,191.66200256347656
2025-03-14 00:00:00+00:00,191.67300415039062,192.6699981689453,191.5489959716797,192.25900268554688
2025-03-14 08:00:00+00:00,192.2550048828125,192.75,191.66799926757812,191.80999755859375
2025-03-14 16:00:00+00:00,191.8090057373047,192.3350067138672,191.44900512695312,192.23199462890625
2025-03-15 00:00:00+00:00,,,,
2025-03-15 08:00:00+00:00,,,,
2025-03-15 16:00:00+00:00,,,,
2025-03-16 00:00:00+00:00,,,,
2025-03-16 08:00:00+00:00,,,,
2025-03-16 16:00:00+00:00,,,,
2025-03-17 00:00:00+00:00,192.093994140625,192.85000610351562,191.97500610351562,192.531005859375
2025-03-17 08:00:00+00:00,192.5330047607422,193.39199829101562,192.35400390625,192.89199829101562
2025-03-17 16:00:00+00:00,192.89500427246094,194.01800537109375,192.8350067138672,193.9600067138672
2025-03-18 00:00:00+00:00,193.96499633789062,194.61700439453125,193.8209991455078,194.57899475097656
2025-03-18 08:00:00+00:00,194.57899475097656,194.90199279785156,193.80099487304688,194.10499572753906
2025-03-18 16:00:00+00:00,194.10400390625,194.40199279785156,193.8520050048828,194.29299926757812
2025-03-19 00:00:00+00:00,194.26699829101562,194.68899536132812,193.25100708007812,193.6219940185547
2025-03-19 08:00:00+00:00,193.61599731445312,194.70599365234375,193.61599731445312,194.53500366210938
2025-03-19 16:00:00+00:00,194.53599548339844,194.58599853515625,193.13499450683594,193.177001953125
2025-03-20 00:00:00+00:00,193.14599609375,193.1580047607422,192.5019989013672,192.74200439453125
2025-03-20 08:00:00+00:00,192.74099731445312,193.16900634765625,192.05299377441406,193.0959930419922
2025-03-20 16:00:00+00:00,193.0970001220703,193.2209930419922,192.66200256347656,192.6820068359375
2025-03-21 00:00:00+00:00,192.67999267578125,193.58399963378906,192.65699768066406,193.13400268554688
2025-03-21 08:00:00+00:00,193.13099670410156,193.50399780273438,192.03399658203125,192.08599853515625
2025-03-21 16:00:00+00:00,192.0850067138672,193.01400756835938,192.00799560546875,192.85400390625
2025-03-22 00:00:00+00:00,,,,
2025-03-22 08:00:00+00:00,,,,
2025-03-22 16:00:00+00:00,,,,
2025-03-23 00:00:00+00:00,,,,
2025-03-23 08:00:00+00:00,,,,
2025-03-23 16:00:00+00:00,,,,
2025-03-24 00:00:00+00:00,193.44500732421875,193.98300170898438,193.2550048828125,193.75399780273438
2025-03-24 08:00:00+00:00,193.7519989013672,194.68600463867188,193.5469970703125,194.62100219726562
2025-03-24 16:00:00+00:00,194.6219940185547,194.91799926757812,194.16099548339844,194.87399291992188
2025-03-25 00:00:00+00:00,194.843994140625,195.0,194.3000030517578,194.51699829101562
2025-03-25 08:00:00+00:00,194.52000427246094,194.66000366210938,193.62100219726562,193.90699768066406
2025-03-25 16:00:00+00:00,193.9080047607422,194.22999572753906,193.8820037841797,194.093994140625
2025-03-26 00:00:00+00:00,194.09800720214844,194.78799438476562,193.94500732421875,194.17100524902344
2025-03-26 08:00:00+00:00,194.17300415039062,194.37100219726562,193.46299743652344,194.16400146484375
2025-03-26 16:00:00+00:00,194.1699981689453,194.34300231933594,193.49400329589844,193.7449951171875
2025-03-27 00:00:00+00:00,193.75799560546875,194.50100708007812,193.54400634765625,194.37399291992188
2025-03-27 08:00:00+00:00,194.37600708007812,195.9199981689453,194.18899536132812,195.69400024414062
2025-03-27 16:00:00+00:00,195.69400024414062,195.9709930419922,195.23399353027344,195.36300659179688
2025-03-28 00:00:00+00:00,195.36500549316406,195.71400451660156,194.73399353027344,194.77200317382812
2025-03-28 08:00:00+00:00,194.76699829101562,195.30999755859375,194.22900390625,194.44900512695312
2025-03-28 16:00:00+00:00,194.4550018310547,194.572998046875,193.7239990234375,193.94400024414062
2025-03-29 00:00:00+00:00,,,,
2025-03-29 08:00:00+00:00,,,,
2025-03-29 16:00:00+00:00,,,,
2025-03-30 00:00:00+00:00,,,,
2025-03-30 08:00:00+00:00,,,,
2025-03-30 16:00:00+00:00,193.3040008544922,193.58399963378906,193.06500244140625,193.56500244140625
2025-03-31 00:00:00+00:00,193.56300354003906,193.6929931640625,192.72799682617188,193.23599243164062
2025-03-31 08:00:00+00:00,193.23500061035156,193.6790008544922,192.77000427246094,193.23899841308594
2025-03-31 16:00:00+00:00,193.25100708007812,193.9980010986328,193.16900634765625,193.71800231933594
2025-04-01 00:00:00+00:00,193.71099853515625,193.91400146484375,193.0500030517578,193.1320037841797
2025-04-01 08:00:00+00:00,193.1320037841797,193.677001953125,192.2050018310547,193.03799438476562
2025-04-01 16:00:00+00:00,193.03799438476562,193.78799438476562,192.7779998779297,193.4969940185547
2025-04-02 00:00:00+00:00,193.4929962158203,193.75799560546875,193.08700561523438,193.26800537109375
2025-04-02 08:00:00+00:00,193.27099609375,194.62600708007812,192.97799682617188,194.58099365234375
2025-04-02 16:00:00+00:00,194.5850067138672,195.77099609375,192.27200317382812,192.90899658203125
2025-04-03 00:00:00+00:00,192.9080047607422,193.4669952392578,192.31500244140625,193.4459991455078
2025-04-03 08:00:00+00:00,193.447998046875,193.66700744628906,191.13699340820312,191.47000122070312
2025-04-03 16:00:00+00:00,191.46600341796875,191.97300720214844,190.66900634765625,191.427001953125
2025-04-04 00:00:00+00:00,191.4320068359375,191.75599670410156,190.12899780273438,190.25900268554688
2025-04-04 08:00:00+00:00,190.26400756835938,190.41900634765625,187.5240020751953,188.6179962158203
2025-04-04 16:00:00+00:00,188.61599731445312,190.29800415039062,188.427001953125,189.5189971923828
2025-04-05 00:00:00+00:00,,,,
2025-04-05 08:00:00+00:00,,,,
2025-04-05 16:00:00+00:00,,,,
2025-04-06 00:00:00+00:00,,,,
2025-04-06 08:00:00+00:00,,,,
2025-04-06 16:00:00+00:00,186.94200134277344,187.8979949951172,186.70399475097656,187.7310028076172
2025-04-07 00:00:00+00:00,187.73399353027344,188.82899475097656,187.11599731445312,187.98300170898438
2025-04-07 08:00:00+00:00,187.98699951171875,190.08299255371094,187.20700073242188,188.28199768066406
2025-04-07 16:00:00+00:00,188.28199768066406,189.08799743652344,187.86000061035156,188.1790008544922
2025-04-08 00:00:00+00:00,188.1750030517578,188.94400024414062,187.54299926757812,187.92799377441406
2025-04-08 08:00:00+00:00,187.92300415039062,188.7480010986328,187.23300170898438,187.71099853515625
2025-04-08 16:00:00+00:00,187.71099853515625,187.8800048828125,186.11700439453125,186.48800659179688
2025-04-09 00:00:00+00:00,186.48899841308594,187.1540069580078,185.56700134277344,186.26300048828125
2025-04-09 08:00:00+00:00,186.26699829101562,186.6699981689453,184.36500549316406,185.27699279785156
2025-04-09 16:00:00+00:00,185.27699279785156,189.82200622558594,184.4510040283203,189.03399658203125
2025-04-10 00:00:00+00:00,189.03399658203125,189.41799926757812,188.2100067138672,188.34100341796875
2025-04-10 08:00:00+00:00,188.33700561523438,188.56500244140625,186.63800048828125,186.75599670410156
2025-04-10 16:00:00+00:00,186.75100708007812,187.9340057373047,186.3459930419922,186.7550048828125
2025-04-11 00:00:00+00:00,186.7469940185547,187.46400451660156,186.01100158691406,186.64100646972656
2025-04-11 08:00:00+00:00,186.6479949951172,187.69500732421875,186.16099548339844,187.3209991455078
2025-04-11 16:00:00+00:00,187.32200622558594,188.19400024414062,187.25799560546875,187.8459930419922
2025-04-12 00:00:00+00:00,,,,
2025-04-12 08:00:00+00:00,,,,
2025-04-12 16:00:00+00:00,,,,
2025-04-13 00:00:00+00:00,,,,
2025-04-13 08:00:00+00:00,,,,
2025-04-13 16:00:00+00:00,187.88099670410156,188.21600341796875,187.79299926757812,188.00599670410156
2025-04-14 00:00:00+00:00,188.0,188.38699340820312,186.5709991455078,188.3699951171875
2025-04-14 08:00:00+00:00,188.3719940185547,189.20199584960938,188.1790008544922,188.34500122070312
2025-04-14 16:00:00+00:00,188.34500122070312,188.8159942626953,188.13600158691406,188.6490020751953
2025-04-15 00:00:00+00:00,188.63900756835938,189.5540008544922,188.5399932861328,189.49200439453125
2025-04-15 08:00:00+00:00,189.49099731445312,189.52099609375,188.63499450683594,189.17799377441406
2025-04-15 16:00:00+00:00,189.17799377441406,189.58299255371094,189.00599670410156,189.3209991455078
2025-04-16 00:00:00+00:00,189.32400512695312,189.41700744628906,188.54299926757812,188.6699981689453
2025-04-16 08:00:00+00:00,188.66299438476562,189.68299865722656,188.5989990234375,188.75399780273438
2025-04-16 16:00:00+00:00,188.75,188.8300018310547,187.4320068359375,187.75799560546875
2025-04-17 00:00:00+00:00,187.7550048828125,189.21200561523438,187.66200256347656,189.177001953125
2025-04-17 08:00:00+00:00,189.1790008544922,189.36399841308594,188.0679931640625,188.6510009765625
2025-04-17 16:00:00+00:00,188.6490020751953,189.17300415039062,188.5540008544922,188.82000732421875
2025-04-18 00:00:00+00:00,188.82200622558594,189.1649932861328,188.66000366210938,188.86399841308594
2025-04-18 08:00:00+00:00,188.85000610351562,189.0760040283203,188.64300537109375,188.81399536132812
2025-04-18 16:00:00+00:00,188.82200622558594,189.07899475097656,188.71299743652344,189.05499267578125
2025-04-19 00:00:00+00:00,,,,
2025-04-19 08:00:00+00:00,,,,
2025-04-19 16:00:00+00:00,,,,
2025-04-20 00:00:00+00:00,,,,
2025-04-20 08:00:00+00:00,,,,
2025-04-20 16:00:00+00:00,188.5679931640625,188.61399841308594,188.26699829101562,188.52200317382812
2025-04-21 00:00:00+00:00,188.52200317382812,188.73699951171875,187.98899841308594,188.4949951171875
2025-04-21 08:00:00+00:00,188.4949951171875,188.843994140625,188.3979949951172,188.4199981689453
2025-04-21 16:00:00+00:00,188.4199981689453,188.6020050048828,188.0189971923828,188.48199462890625
2025-04-22 00:00:00+00:00,188.47999572753906,188.76800537109375,187.58200073242188,187.66200256347656
2025-04-22 08:00:00+00:00,187.66299438476562,188.50799560546875,187.45899963378906,188.3979949951172
2025-04-22 16:00:00+00:00,188.3979949951172,189.95799255371094,188.24400329589844,189.38800048828125
2025-04-23 00:00:00+00:00,189.38699340820312,189.50999450683594,188.50799560546875,188.75900268554688
2025-04-23 08:00:00+00:00,188.76199340820312,189.64599609375,188.2010040283203,189.07000732421875
2025-04-23 16:00:00+00:00,189.06900024414062,190.31100463867188,188.9969940185547,189.93899536132812
2025-04-24 00:00:00+00:00,189.94000244140625,190.11599731445312,189.29400634765625,189.5469970703125
2025-04-24 08:00:00+00:00,189.5469970703125,189.8780059814453,189.3070068359375,189.8000030517578
2025-04-24 16:00:00+00:00,189.7989959716797,190.50900268554688,189.7449951171875,190.37899780273438
2025-04-25 00:00:00+00:00,190.3780059814453,191.2429962158203,190.0489959716797,190.69400024414062
2025-04-25 08:00:00+00:00,190.69200134277344,191.7209930419922,190.4810028076172,191.59500122070312
2025-04-25 16:00:00+00:00,191.60000610351562,191.67799377441406,191.14100646972656,191.2989959716797
2025-04-26 00:00:00+00:00,,,,
2025-04-26 08:00:00+00:00,,,,
2025-04-26 16:00:00+00:00,,,,
2025-04-27 00:00:00+00:00,,,,
2025-04-27 08:00:00+00:00,,,,
2025-04-27 16:00:00+00:00,191.2030029296875,191.28399658203125,191.125,191.1719970703125
2025-04-28 00:00:00+00:00,191.17100524902344,191.33099365234375,190.65499877929688,191.1060028076172
2025-04-28 08:00:00+00:00,191.10299682617188,191.55099487304688,190.9929962158203,191.1219940185547
2025-04-28 16:00:00+00:00,191.1179962158203,191.16900634765625,190.5290069580078,191.01300048828125
2025-04-29 00:00:00+00:00,191.01699829101562,191.1820068359375,190.80099487304688,191.10800170898438
2025-04-29 08:00:00+00:00,191.11000061035156,191.3459930419922,190.4239959716797,190.6219940185547
2025-04-29 16:00:00+00:00,190.62100219726562,190.95199584960938,190.39199829101562,190.79100036621094
2025-04-30 00:00:00+00:00,190.78900146484375,191.2270050048828,190.61900329589844,191.14599609375
2025-04-30 08:00:00+00:00,191.1490020751953,191.26300048828125,189.9669952392578,190.28799438476562
2025-04-30 16:00:00+00:00,190.28900146484375,190.87600708007812,190.2220001220703,190.52000427246094
2025-05-01 00:00:00+00:00,190.52099609375,192.18699645996094,190.3300018310547,192.08900451660156
2025-05-01 08:00:00+00:00,192.08399963378906,193.36599731445312,191.98399353027344,193.08700561523438
2025-05-01 16:00:00+00:00,193.0850067138672,193.4550018310547,192.79400634765625,193.18099975585938
2025-05-02 00:00:00+00:00,193.177001953125,193.7449951171875,192.95599365234375,193.00999450683594
2025-05-02 08:00:00+00:00,193.00100708007812,193.01600646972656,191.46800231933594,191.93600463867188
2025-05-02 16:00:00+00:00,191.93499755859375,192.63299560546875,191.9340057373047,192.34100341796875
2025-05-03 00:00:00+00:00,,,,
2025-05-03 08:00:00+00:00,,,,
2025-05-03 16:00:00+00:00,,,,
2025-05-04 00:00:00+00:00,,,,
2025-05-04 08:00:00+00:00,,,,
2025-05-04 16:00:00+00:00,192.0,192.1300048828125,191.83900451660156,191.94200134277344
2025-05-05 00:00:00+00:00,191.9409942626953,192.0489959716797,191.54299926757812,191.7220001220703
2025-05-05 08:00:00+00:00,191.71600341796875,191.72999572753906,191.05599975585938,191.2270050048828
2025-05-05 16:00:00+00:00,191.22799682617188,191.44500732421875,190.84300231933594,190.98699951171875
2025-05-06 00:00:00+00:00,190.98899841308594,191.3520050048828,190.79400634765625,190.8979949951172
2025-05-06 08:00:00+00:00,190.9080047607422,191.19200134277344,190.44400024414062,190.83200073242188
2025-05-06 16:00:00+00:00,190.8459930419922,191.26199340820312,190.3070068359375,191.05099487304688
2025-05-07 00:00:00+00:00,191.05299377441406,191.3350067138672,190.71800231933594,191.16000366210938
2025-05-07 08:00:00+00:00,191.16200256347656,191.66299438476562,191.0279998779297,191.43099975585938
2025-05-07 16:00:00+00:00,191.4320068359375,191.51100158691406,190.656005859375,191.19400024414062
2025-05-08 00:00:00+00:00,191.19500732421875,191.90199279785156,190.98500061035156,191.81100463867188
2025-05-08 08:00:00+00:00,191.81300354003906,193.27200317382812,191.69900512695312,193.23300170898438
2025-05-08 16:00:00+00:00,193.23699951171875,193.49899291992188,193.03799438476562,193.2220001220703
2025-05-09 00:00:00+00:00,193.22500610351562,193.26199340820312,192.343994140625,192.52499389648438
2025-05-09 08:00:00+00:00,192.52699279785156,193.27699279785156,192.41600036621094,193.2740020751953
2025-05-09 16:00:00+00:00,193.2729949951172,193.4669952392578,193.2100067138672,193.36700439453125
2025-05-10 00:00:00+00:00,,,,
2025-05-10 08:00:00+00:00,,,,
2025-05-10 16:00:00+00:00,,,,
2025-05-11 00:00:00+00:00,,,,
2025-05-11 08:00:00+00:00,,,,
2025-05-11 16:00:00+00:00,193.7530059814453,193.8560028076172,193.69200134277344,193.73800659179688
2025-05-12 00:00:00+00:00,193.73399353027344,194.86199951171875,193.6219940185547,194.77699279785156
2025-05-12 08:00:00+00:00,194.781005859375,195.79600524902344,194.65699768066406,195.3520050048828
2025-05-12 16:00:00+00:00,195.35299682617188,195.78799438476562,195.27200317382812,195.36399841308594
2025-05-13 00:00:00+00:00,195.36399841308594,195.46099853515625,194.7740020751953,195.32899475097656
2025-05-13 08:00:00+00:00,195.32699584960938,196.33299255371094,195.2050018310547,196.16900634765625
2025-05-13 16:00:00+00:00,196.1719970703125,196.38099670410156,195.89700317382812,196.2530059814453
2025-05-14 00:00:00+00:00,196.25399780273438,196.406005859375,195.375,195.8979949951172
2025-05-14 08:00:00+00:00,195.89999389648438,195.9199981689453,194.23199462890625,194.9149932861328
2025-05-14 16:00:00+00:00,194.91299438476562,195.2689971923828,194.26800537109375,194.48800659179688
2025-05-15 00:00:00+00:00,194.48899841308594,194.60000610351562,193.51199340820312,193.55099487304688
2025-05-15 08:00:00+00:00,193.54800415039062,194.23899841308594,193.42599487304688,193.50999450683594
2025-05-15 16:00:00+00:00,193.51199340820312,193.89100646972656,193.44900512695312,193.6490020751953
2025-05-16 00:00:00+00:00,193.656005859375,193.6959991455078,193.0279998779297,193.375
2025-05-16 08:00:00+00:00,193.375,193.74899291992188,193.20199584960938,193.5659942626953
2025-05-16 16:00:00+00:00,193.5590057373047,193.7989959716797,193.36000061035156,193.4029998779297
2025-05-17 00:00:00+00:00,,,,
2025-05-17 08:00:00+00:00,,,,
2025-05-17 16:00:00+00:00,,,,
2025-05-18 00:00:00+00:00,,,,
2025-05-18 08:00:00+00:00,,,,
2025-05-18 16:00:00+00:00,193.07000732421875,193.3719940185547,192.99200439453125,193.2270050048828
2025-05-19 00:00:00+00:00,193.23800659179688,193.63299560546875,192.76100158691406,193.6300048828125
2025-05-19 08:00:00+00:00,193.6269989013672,194.07000732421875,193.48399353027344,193.6280059814453
2025-05-19 16:00:00+00:00,193.6269989013672,193.71800231933594,193.25900268554688,193.66799926757812
2025-05-20 00:00:00+00:00,193.6649932861328,194.20700073242188,192.91099548339844,193.01699829101562
2025-05-20 08:00:00+00:00,193.01600646972656,193.57899475097656,193.0070037841797,193.4759979248047
2025-05-20 16:00:00+00:00,193.47799682617188,193.70899963378906,193.06700134277344,193.33999633789062
2025-05-21 00:00:00+00:00,193.3350067138672,193.4739990234375,192.822998046875,193.01199340820312
2025-05-21 08:00:00+00:00,193.01100158691406,193.26199340820312,192.57200622558594,193.17999267578125
2025-05-21 16:00:00+00:00,193.1790008544922,193.5780029296875,192.56199645996094,192.84300231933594
2025-05-22 00:00:00+00:00,192.843994140625,192.89999389648438,192.0189971923828,192.1540069580078
2025-05-22 08:00:00+00:00,192.1529998779297,193.23399353027344,191.88800048828125,193.177001953125
2025-05-22 16:00:00+00:00,193.1750030517578,193.58700561523438,192.9239959716797,193.0260009765625
2025-05-23 00:00:00+00:00,193.03199768066406,193.32000732421875,192.81100463867188,193.1510009765625
2025-05-23 08:00:00+00:00,193.14999389648438,193.5709991455078,192.06100463867188,192.6230010986328
2025-05-23 16:00:00+00:00,192.6219940185547,193.05099487304688,192.6179962158203,193.02699279785156
2025-05-24 00:00:00+00:00,,,,
2025-05-24 08:00:00+00:00,,,,
2025-05-24 16:00:00+00:00,,,,
2025-05-25 00:00:00+00:00,,,,
2025-05-25 08:00:00+00:00,,,,
2025-05-25 16:00:00+00:00,193.25799560546875,193.43499755859375,193.23399353027344,193.3560028076172
2025-05-26 00:00:00+00:00,193.35000610351562,194.03700256347656,193.25399780273438,193.86700439453125
2025-05-26 08:00:00+00:00,193.86199951171875,193.93099975585938,193.55499267578125,193.74400329589844
2025-05-26 16:00:00+00:00,193.74200439453125,193.82200622558594,193.4550018310547,193.4739990234375
2025-05-27 00:00:00+00:00,193.47900390625,194.58900451660156,193.05499267578125,194.41000366210938
2025-05-27 08:00:00+00:00,194.4040069580078,195.62399291992188,194.3730010986328,194.94400024414062
2025-05-27 16:00:00+00:00,194.9429931640625,195.0919952392578,194.76600646972656,194.77999877929688
2025-05-28 00:00:00+00:00,194.7760009765625,195.39599609375,194.37399291992188,194.5760040283203
2025-05-28 08:00:00+00:00,194.5749969482422,195.26300048828125,194.4409942626953,195.22300720214844
2025-05-28 16:00:00+00:00,195.22300720214844,195.91799926757812,194.86599731445312,195.6699981689453
2025-05-29 00:00:00+00:00,195.677001953125,196.2989959716797,195.51699829101562,195.58700561523438
2025-05-29 08:00:00+00:00,195.5709991455078,195.66799926757812,194.28599548339844,194.3560028076172
2025-05-29 16:00:00+00:00,194.35699462890625,194.60299682617188,194.04600524902344,194.0540008544922
2025-05-30 00:00:00+00:00,194.052001953125,194.3179931640625,193.6219940185547,194.11500549316406
2025-05-30 08:00:00+00:00,194.11700439453125,194.66099548339844,193.38299560546875,194.1699981689453
2025-05-30 16:00:00+00:00,194.16400146484375,194.17999267578125,193.63499450683594,193.82899475097656
2025-05-31 00:00:00+00:00,,,,
2025-05-31 08:00:00+00:00,,,,
2025-05-31 16:00:00+00:00,,,,
2025-06-01 00:00:00+00:00,,,,
2025-06-01 08:00:00+00:00,,,,
2025-06-01 16:00:00+00:00,193.6699981689453,193.72999572753906,193.62100219726562,193.66200256347656
2025-06-02 00:00:00+00:00,193.65499877929688,193.89700317382812,193.447998046875,193.60400390625
2025-06-02 08:00:00+00:00,193.6009979248047,193.69700622558594,192.99899291992188,193.4199981689453
2025-06-02 16:00:00+00:00,193.41600036621094,193.468994140625,192.9810028076172,193.08599853515625
2025-06-03 00:00:00+00:00,193.08200073242188,193.81199645996094,192.8769989013672,193.09800720214844
2025-06-03 08:00:00+00:00,193.09800720214844,194.7259979248047,192.7220001220703,194.60400390625
2025-06-03 16:00:00+00:00,194.6060028076172,194.77999877929688,194.26300048828125,194.58900451660156
2025-06-04 00:00:00+00:00,194.58700561523438,195.03199768066406,194.52099609375,194.9340057373047
2025-06-04 08:00:00+00:00,194.9340057373047,195.2310028076172,193.80599975585938,193.90899658203125
2025-06-04 16:00:00+00:00,193.9080047607422,193.91700744628906,193.2550048828125,193.3979949951172
2025-06-05 00:00:00+00:00,193.4040069580078,194.45199584960938,193.32200622558594,194.3820037841797
2025-06-05 08:00:00+00:00,194.3780059814453,195.46499633789062,194.03900146484375,195.38800048828125
2025-06-05 16:00:00+00:00,195.38699340820312,195.50100708007812,194.5489959716797,194.927001953125
2025-06-06 00:00:00+00:00,194.92799377441406,195.3090057373047,194.80299377441406,194.92599487304688
2025-06-06 08:00:00+00:00,194.927001953125,196.18699645996094,194.8040008544922,196.0229949951172
2025-06-06 16:00:00+00:00,196.0279998779297,196.08599853515625,195.83599853515625,195.8939971923828
2025-06-07 00:00:00+00:00,,,,
2025-06-07 08:00:00+00:00,,,,
2025-06-07 16:00:00+00:00,,,,
2025-06-08 00:00:00+00:00,,,,
2025-06-08 08:00:00+00:00,,,,
2025-06-08 16:00:00+00:00,195.8470001220703,195.90499877929688,195.75,195.8699951171875
2025-06-09 00:00:00+00:00,195.8719940185547,196.1490020751953,195.46800231933594,195.52499389648438
2025-06-09 08:00:00+00:00,195.52499389648438,195.9969940185547,195.43800354003906,195.7949981689453
2025-06-09 16:00:00+00:00,195.79400634765625,196.0679931640625,195.64100646972656,195.9429931640625
2025-06-10 00:00:00+00:00,195.94500732421875,196.4429931640625,194.77000427246094,195.0019989013672
2025-06-10 08:00:00+00:00,194.99600219726562,195.86500549316406,194.8350067138672,195.73599243164062
2025-06-10 16:00:00+00:00,195.73599243164062,195.9199981689453,195.3509979248047,195.64100646972656
2025-06-11 00:00:00+00:00,195.63800048828125,195.75900268554688,195.28700256347656,195.6699981689453
2025-06-11 08:00:00+00:00,195.66900634765625,196.24200439453125,195.53199768066406,195.84800720214844
2025-06-11 16:00:00+00:00,195.85499572753906,196.08099365234375,195.55799865722656,195.61199951171875
2025-06-12 00:00:00+00:00,195.61300659179688,195.77499389648438,194.7989959716797,194.85000610351562
2025-06-12 08:00:00+00:00,194.8509979248047,195.52000427246094,194.70899963378906,195.1580047607422
2025-06-12 16:00:00+00:00,195.15899658203125,195.49200439453125,194.98599243164062,195.00799560546875
2025-06-13 00:00:00+00:00,195.00900268554688,195.1529998779297,193.7530059814453,194.97300720214844
2025-06-13 08:00:00+00:00,194.97000122070312,195.9739990234375,194.8350067138672,195.78900146484375
2025-06-13 16:00:00+00:00,195.78500366210938,195.86700439453125,195.05799865722656,195.6230010986328
2025-06-14 00:00:00+00:00,,,,
2025-06-14 08:00:00+00:00,,,,
2025-06-14 16:00:00+00:00,,,,
2025-06-15 00:00:00+00:00,,,,
2025-06-15 08:00:00+00:00,,,,
2025-06-15 16:00:00+00:00,195.8419952392578,196.05799865722656,195.75900268554688,195.8679962158203
2025-06-16 00:00:00+00:00,195.87600708007812,196.17599487304688,195.39700317382812,195.85800170898438
2025-06-16 08:00:00+00:00,195.85899353027344,196.04400634765625,195.54800415039062,195.97999572753906
2025-06-16 16:00:00+00:00,195.9810028076172,196.68699645996094,195.96800231933594,196.30499267578125
2025-06-17 00:00:00+00:00,196.3040008544922,196.843994140625,195.97000122070312,196.0500030517578
2025-06-17 08:00:00+00:00,196.0540008544922,196.48300170898438,195.80299377441406,196.00100708007812
2025-06-17 16:00:00+00:00,196.0030059814453,196.0189971923828,194.8090057373047,195.2239990234375
2025-06-18 00:00:00+00:00,195.3280029296875,195.33900451660156,194.7689971923828,195.08999633789062
2025-06-18 08:00:00+00:00,195.09100341796875,195.3350067138672,194.5260009765625,194.72900390625
2025-06-18 16:00:00+00:00,194.72999572753906,194.82899475097656,194.3280029296875,194.44200134277344
2025-06-19 00:00:00+00:00,194.44400024414062,194.99200439453125,194.00799560546875,194.84800720214844
2025-06-19 08:00:00+00:00,194.84800720214844,195.9530029296875,194.73599243164062,195.58299255371094
2025-06-19 16:00:00+00:00,195.58200073242188,196.031005859375,195.53199768066406,195.71400451660156
2025-06-20 00:00:00+00:00,195.71499633789062,196.32899475097656,195.677001953125,195.96200561523438
2025-06-20 08:00:00+00:00,195.95799255371094,196.7030029296875,195.8090057373047,196.48300170898438
2025-06-20 16:00:00+00:00,196.47900390625,196.64599609375,196.3730010986328,196.5030059814453
2025-06-21 00:00:00+00:00,,,,
2025-06-21 08:00:00+00:00,,,,
2025-06-21 16:00:00+00:00,,,,
2025-06-22 00:00:00+00:00,,,,
2025-06-22 08:00:00+00:00,,,,
2025-06-22 16:00:00+00:00,196.5279998779297,196.58200073242188,196.41000366210938,196.43299865722656
2025-06-23 00:00:00+00:00,196.4250030517578,198.03500366210938,196.2989959716797,198.0290069580078
2025-06-23 08:00:00+00:00,198.01300048828125,198.1959991455078,197.24600219726562,197.57400512695312
2025-06-23 16:00:00+00:00,197.5760040283203,197.8520050048828,197.3090057373047,197.65199279785156
2025-06-24 00:00:00+00:00,197.64500427246094,197.6529998779297,196.93800354003906,197.3280029296875
2025-06-24 08:00:00+00:00,197.33200073242188,197.57899475097656,196.95899963378906,197.26499938964844
2025-06-24 16:00:00+00:00,197.26600646972656,197.52999877929688,197.05799865722656,197.3260040283203
2025-06-25 00:00:00+00:00,197.32400512695312,198.06700134277344,197.03900146484375,197.82899475097656
2025-06-25 08:00:00+00:00,197.8260040283203,198.57200622558594,197.76100158691406,198.36399841308594
2025-06-25 16:00:00+00:00,198.36199951171875,198.5760040283203,198.177001953125,198.3820037841797
2025-06-26 00:00:00+00:00,198.3820037841797,198.593994140625,197.73899841308594,197.89300537109375
2025-06-26 08:00:00+00:00,197.88999938964844,198.5330047607422,197.7030029296875,198.48800659179688
2025-06-26 16:00:00+00:00,198.48699951171875,198.6179962158203,197.9550018310547,198.56900024414062
2025-06-27 00:00:00+00:00,198.56300354003906,198.80299377441406,198.1020050048828,198.51199340820312
2025-06-27 08:00:00+00:00,198.51100158691406,198.7480010986328,198.2899932861328,198.54100036621094
2025-06-27 16:00:00+00:00,198.53799438476562,198.55999755859375,198.0019989013672,198.42799377441406
2025-06-28 00:00:00+00:00,,,,
2025-06-28 08:00:00+00:00,,,,
2025-06-28 16:00:00+00:00,,,,
2025-06-29 00:00:00+00:00,,,,
2025-06-29 08:00:00+00:00,,,,
2025-06-29 16:00:00+00:00,198.28599548339844,198.31100463867188,198.16400146484375,198.23599243164062
2025-06-30 00:00:00+00:00,198.23199462890625,198.4550018310547,197.20899963378906,197.49099731445312
2025-06-30 08:00:00+00:00,197.48399353027344,198.0070037841797,197.28799438476562,197.78900146484375
2025-06-30 16:00:00+00:00,197.79299926757812,197.87399291992188,197.4219970703125,197.4510040283203
2025-07-01 00:00:00+00:00,197.45399475097656,197.7530059814453,196.9239959716797,196.96600341796875
2025-07-01 08:00:00+00:00,196.96400451660156,197.0709991455078,196.27200317382812,197.0449981689453
2025-07-01 16:00:00+00:00,197.0469970703125,197.5540008544922,196.9149932861328,197.06900024414062
2025-07-02 00:00:00+00:00,197.07000732421875,197.5469970703125,197.00799560546875,197.22300720214844
2025-07-02 08:00:00+00:00,197.2169952392578,197.52200317382812,195.35699462890625,195.80999755859375
2025-07-02 16:00:00+00:00,195.81300354003906,196.3249969482422,195.66200256347656,195.88800048828125
2025-07-03 00:00:00+00:00,195.88499450683594,196.58799743652344,195.7469940185547,196.43699645996094
2025-07-03 08:00:00+00:00,196.43899536132812,198.05799865722656,196.23599243164062,197.9219970703125
2025-07-03 16:00:00+00:00,197.91700744628906,198.10800170898438,197.7209930419922,197.7469940185547
2025-07-04 00:00:00+00:00,197.7469940185547,197.86500549316406,197.19000244140625,197.23699951171875
2025-07-04 08:00:00+00:00,197.23399353027344,197.30799865722656,196.89700317382812,197.2030029296875
2025-07-04 16:00:00+00:00,197.197998046875,197.4149932861328,197.03700256347656,197.11700439453125
2025-07-05 00:00:00+00:00,,,,
2025-07-05 08:00:00+00:00,,,,
2025-07-05 16:00:00+00:00,,,,
2025-07-06 00:00:00+00:00,,,,
2025-07-06 08:00:00+00:00,,,,
2025-07-06 16:00:00+00:00,197.26400756835938,197.36199951171875,197.16299438476562,197.23500061035156
2025-07-07 00:00:00+00:00,197.24200439453125,197.60000610351562,196.77699279785156,197.5290069580078
2025-07-07 08:00:00+00:00,197.5290069580078,198.98699951171875,197.18299865722656,198.9029998779297
2025-07-07 16:00:00+00:00,198.91000366210938,199.0019989013672,198.5070037841797,198.73800659179688
2025-07-08 00:00:00+00:00,198.73699951171875,199.47300720214844,198.6959991455078,199.2010040283203
2025-07-08 08:00:00+00:00,199.20599365234375,199.3159942626953,198.6649932861328,199.26300048828125
2025-07-08 16:00:00+00:00,199.25799560546875,199.53900146484375,198.94200134277344,199.50999450683594
2025-07-09 00:00:00+00:00,199.5070037841797,199.8280029296875,199.3249969482422,199.4980010986328
2025-07-09 08:00:00+00:00,199.4929962158203,199.55099487304688,198.88900756835938,199.03599548339844
2025-07-09 16:00:00+00:00,199.03199768066406,199.0780029296875,198.54100036621094,198.66900634765625
2025-07-10 00:00:00+00:00,198.66700744628906,199.25100708007812,198.3730010986328,199.11199951171875
2025-07-10 08:00:00+00:00,199.11900329589844,199.22000122070312,198.3699951171875,198.71400451660156
2025-07-10 16:00:00+00:00,198.7100067138672,198.74600219726562,198.23899841308594,198.63600158691406
2025-07-11 00:00:00+00:00,198.63999938964844,199.44400024414062,198.22900390625,198.85499572753906
2025-07-11 08:00:00+00:00,198.85299682617188,199.23899841308594,198.23300170898438,198.8730010986328
2025-07-11 16:00:00+00:00,198.87899780273438,199.24200439453125,198.78500366210938,198.85400390625
2025-07-12 00:00:00+00:00,,,,
2025-07-12 08:00:00+00:00,,,,
2025-07-12 16:00:00+00:00,,,,
2025-07-13 00:00:00+00:00,,,,
2025-07-13 08:00:00+00:00,,,,
2025-07-13 16:00:00+00:00,198.88800048828125,198.9810028076172,198.64599609375,198.77999877929688
2025-07-14 00:00:00+00:00,198.7760009765625,198.82000732421875,198.0970001220703,198.7050018310547
2025-07-14 08:00:00+00:00,198.7010040283203,198.79200744628906,198.25,198.39700317382812
2025-07-14 16:00:00+00:00,198.3990020751953,198.58099365234375,198.18499755859375,198.4409942626953
2025-07-15 00:00:00+00:00,198.43499755859375,198.7550048828125,198.2010040283203,198.74899291992188
2025-07-15 08:00:00+00:00,198.7449951171875,199.52099609375,198.47999572753906,199.26499938964844
2025-07-15 16:00:00+00:00,199.26600646972656,199.46200561523438,199.1300048828125,199.25599670410156
2025-07-16 00:00:00+00:00,199.25399780273438,199.73500061035156,199.13400268554688,199.41000366210938
2025-07-16 08:00:00+00:00,199.40699768066406,199.4499969482422,197.9040069580078,198.80799865722656
2025-07-16 16:00:00+00:00,198.8159942626953,199.01699829101562,198.10400390625,198.4600067138672
2025-07-17 00:00:00+00:00,198.46099853515625,199.11300659179688,198.44900512695312,199.03199768066406
2025-07-17 08:00:00+00:00,199.03199768066406,199.552001953125,198.9720001220703,199.2449951171875
2025-07-17 16:00:00+00:00,199.2449951171875,199.48199462890625,199.11500549316406,199.375
2025-07-18 00:00:00+00:00,199.38099670410156,199.9709930419922,199.24400329589844,199.81700134277344
2025-07-18 08:00:00+00:00,199.81199645996094,199.906005859375,199.4709930419922,199.61500549316406
2025-07-18 16:00:00+00:00,199.61500549316406,199.62899780273438,199.45399475097656,199.51100158691406
2025-07-19 00:00:00+00:00,,,,
2025-07-19 08:00:00+00:00,,,,
2025-07-19 16:00:00+00:00,,,,
2025-07-20 00:00:00+00:00,,,,
2025-07-20 08:00:00+00:00,,,,
2025-07-20 16:00:00+00:00,199.29100036621094,199.36700439453125,199.06500244140625,199.14999389648438
2025-07-21 00:00:00+00:00,199.1439971923828,199.2480010986328,198.55799865722656,199.1269989013672
2025-07-21 08:00:00+00:00,199.12399291992188,199.16900634765625,198.5780029296875,198.75
2025-07-21 16:00:00+00:00,198.74400329589844,198.93099975585938,198.51400756835938,198.82699584960938
2025-07-22 00:00:00+00:00,198.82699584960938,199.28700256347656,198.7209930419922,198.91799926757812
2025-07-22 08:00:00+00:00,198.91400146484375,199.29100036621094,197.427001953125,197.87399291992188
2025-07-22 16:00:00+00:00,197.87600708007812,198.66400146484375,197.875,198.42999267578125
2025-07-23 00:00:00+00:00,198.43499755859375,199.08399963378906,197.74200439453125,198.75
2025-07-23 08:00:00+00:00,198.74400329589844,198.92999267578125,197.86300659179688,198.81199645996094
2025-07-23 16:00:00+00:00,198.81100463867188,199.0290069580078,198.59800720214844,198.72000122070312
2025-07-24 00:00:00+00:00,198.71299743652344,198.85699462890625,198.1280059814453,198.54100036621094
2025-07-24 08:00:00+00:00,198.53900146484375,198.85000610351562,198.2989959716797,198.69700622558594
2025-07-24 16:00:00+00:00,198.69700622558594,198.8249969482422,198.2790069580078,198.57699584960938
2025-07-25 00:00:00+00:00,198.57899475097656,199.05599975585938,198.125,198.4969940185547
2025-07-25 08:00:00+00:00,198.49200439453125,199.08099365234375,198.2030029296875,198.42300415039062
2025-07-25 16:00:00+00:00,198.4199981689453,198.4739990234375,198.20599365234375,198.4250030517578
2025-07-26 00:00:00+00:00,,,,
2025-07-26 08:00:00+00:00,,,,
2025-07-26 16:00:00+00:00,,,,
2025-07-27 00:00:00+00:00,,,,
2025-07-27 08:00:00+00:00,,,,
2025-07-27 16:00:00+00:00,198.57200622558594,198.73399353027344,198.49600219726562,198.5850067138672
2025-07-28 00:00:00+00:00,198.58299255371094,198.9219970703125,198.40699768066406,198.83799743652344
2025-07-28 08:00:00+00:00,198.8419952392578,199.21499633789062,198.76300048828125,198.7989959716797
2025-07-28 16:00:00+00:00,198.8000030517578,198.83599853515625,198.21400451660156,198.33200073242188
2025-07-29 00:00:00+00:00,198.33099365234375,198.4600067138672,197.7259979248047,198.09500122070312
2025-07-29 08:00:00+00:00,198.0919952392578,198.46499633789062,197.7530059814453,198.1699981689453
2025-07-29 16:00:00+00:00,198.17100524902344,198.3780059814453,198.01800537109375,198.1909942626953
2025-07-30 00:00:00+00:00,198.1909942626953,198.24099731445312,197.4409942626953,197.85000610351562
2025-07-30 08:00:00+00:00,197.8520050048828,198.42300415039062,197.69000244140625,197.86399841308594
2025-07-30 16:00:00+00:00,197.86099243164062,198.0749969482422,197.60899353027344,197.8070068359375
2025-07-31 00:00:00+00:00,197.8000030517578,198.37399291992188,196.9600067138672,198.08599853515625
2025-07-31 08:00:00+00:00,198.0800018310547,199.2469940185547,197.96499633789062,199.0850067138672
2025-07-31 16:00:00+00:00,199.08900451660156,199.51600646972656,198.8280029296875,199.18499755859375
2025-08-01 00:00:00+00:00,199.17799377441406,199.3040008544922,198.52200317382812,198.62600708007812
2025-08-01 08:00:00+00:00,198.6219940185547,198.63499450683594,195.9949951171875,196.28399658203125
2025-08-01 16:00:00+00:00,196.28500366210938,196.36300659179688,195.32899475097656,195.76699829101562
2025-08-02 00:00:00+00:00,,,,
2025-08-02 08:00:00+00:00,,,,
2025-08-02 16:00:00+00:00,,,,
2025-08-03 00:00:00+00:00,,,,
2025-08-03 08:00:00+00:00,,,,
2025-08-03 16:00:00+00:00,195.51100158691406,195.85400390625,195.47999572753906,195.8350067138672
2025-08-04 00:00:00+00:00,195.8350067138672,196.46099853515625,195.63099670410156,196.33599853515625
2025-08-04 08:00:00+00:00,196.33599853515625,196.5290069580078,195.44400024414062,195.4550018310547
2025-08-04 16:00:00+00:00,195.45399475097656,195.5399932861328,195.0229949951172,195.19900512695312
2025-08-05 00:00:00+00:00,195.19500732421875,195.78799438476562,195.02699279785156,195.6199951171875
2025-08-05 08:00:00+00:00,195.62100219726562,196.36099243164062,195.50999450683594,196.27000427246094
2025-08-05 16:00:00+00:00,196.27099609375,196.45700073242188,196.07699584960938,196.18800354003906
2025-08-06 00:00:00+00:00,196.17799377441406,196.4739990234375,196.08999633789062,196.302001953125
2025-08-06 08:00:00+00:00,196.3000030517578,196.9080047607422,196.16000366210938,196.7050018310547
2025-08-06 16:00:00+00:00,196.70399475097656,197.08599853515625,196.44700622558594,196.61900329589844
2025-08-07 00:00:00+00:00,196.61599731445312,197.18499755859375,196.23399353027344,196.33799743652344
2025-08-07 08:00:00+00:00,196.33900451660156,197.97799682617188,196.30799865722656,197.9290008544922
2025-08-07 16:00:00+00:00,197.9219970703125,198.02099609375,197.38299560546875,197.4600067138672
2025-08-08 00:00:00+00:00,197.46499633789062,198.14999389648438,197.3730010986328,198.03399658203125
2025-08-08 08:00:00+00:00,198.02699279785156,198.8260040283203,197.87899780273438,198.5500030517578
2025-08-08 16:00:00+00:00,198.5469970703125,198.81100463867188,198.52499389648438,198.7209930419922
2025-08-09 00:00:00+00:00,,,,
2025-08-09 08:00:00+00:00,,,,
2025-08-09 16:00:00+00:00,,,,
2025-08-10 00:00:00+00:00,,,,
2025-08-10 08:00:00+00:00,,,,
2025-08-10 16:00:00+00:00,198.5800018310547,198.6300048828125,198.48500061035156,198.4929962158203
2025-08-11 00:00:00+00:00,198.49000549316406,198.80499267578125,198.17300415039062,198.28700256347656
2025-08-11 08:00:00+00:00,198.2830047607422,198.7779998779297,198.22000122070312,198.5240020751953
2025-08-11 16:00:00+00:00,198.52499389648438,199.11000061035156,198.49200439453125,199.01600646972656
2025-08-12 00:00:00+00:00,199.01699829101562,199.55499267578125,198.98599243164062,199.54200744628906
2025-08-12 08:00:00+00:00,199.54299926757812,200.08099365234375,199.44900512695312,199.63499450683594
2025-08-12 16:00:00+00:00,199.6269989013672,199.6999969482422,199.30599975585938,199.55099487304688
2025-08-13 00:00:00+00:00,199.55599975585938,199.97799682617188,199.42300415039062,199.82200622558594
2025-08-13 08:00:00+00:00,199.82000732421875,200.2790069580078,199.5399932861328,199.8280029296875
2025-08-13 16:00:00+00:00,199.8280029296875,200.16600036621094,199.8159942626953,199.86099243164062
2025-08-14 00:00:00+00:00,199.86199951171875,199.86700439453125,198.58900451660156,198.91600036621094
2025-08-14 08:00:00+00:00,198.91600036621094,200.11900329589844,198.79800415039062,199.81700134277344
2025-08-14 16:00:00+00:00,199.82400512695312,200.16000366210938,199.78799438476562,199.802001953125
2025-08-15 00:00:00+00:00,199.80499267578125,199.8509979248047,199.19900512695312,199.26800537109375
2025-08-15 08:00:00+00:00,199.26400756835938,199.5070037841797,198.9080047607422,199.375
2025-08-15 16:00:00+00:00,199.375,199.68800354003906,199.32400512695312,199.48300170898438
2025-08-16 00:00:00+00:00,,,,
2025-08-16 08:00:00+00:00,,,,
2025-08-16 16:00:00+00:00,,,,
2025-08-17 00:00:00+00:00,,,,
2025-08-17 08:00:00+00:00,,,,
2025-08-17 16:00:00+00:00,199.58799743652344,199.77200317382812,199.57200622558594,199.58700561523438
2025-08-18 00:00:00+00:00,199.58099365234375,200.0,199.37100219726562,199.6300048828125
2025-08-18 08:00:00+00:00,199.6320037841797,200.26699829101562,199.48300170898438,199.75100708007812
2025-08-18 16:00:00+00:00,199.7530059814453,199.83299255371094,199.43800354003906,199.80299377441406
2025-08-19 00:00:00+00:00,199.80599975585938,199.86300659179688,199.24400329589844,199.7050018310547
2025-08-19 08:00:00+00:00,199.7050018310547,199.86000061035156,199.2830047607422,199.32899475097656
2025-08-19 16:00:00+00:00,199.322998046875,199.32699584960938,198.81399536132812,199.2169952392578
2025-08-20 00:00:00+00:00,199.2169952392578,199.4320068359375,198.61900329589844,199.4219970703125
2025-08-20 08:00:00+00:00,199.4219970703125,199.4459991455078,197.85299682617188,197.95599365234375
2025-08-20 16:00:00+00:00,197.95599365234375,198.45199584960938,197.927001953125,198.343994140625
2025-08-21 00:00:00+00:00,198.3249969482422,198.593994140625,198.1199951171875,198.5760040283203
2025-08-21 08:00:00+00:00,198.5780029296875,199.23599243164062,198.39700317382812,198.98300170898438
2025-08-21 16:00:00+00:00,198.98199462890625,199.1490020751953,198.7270050048828,199.07200622558594
2025-08-22 00:00:00+00:00,199.07400512695312,199.33700561523438,198.843994140625,199.1909942626953
2025-08-22 08:00:00+00:00,199.19400024414062,199.53399658203125,198.33700561523438,198.56500244140625
2025-08-22 16:00:00+00:00,198.56300354003906,198.78199768066406,198.31300354003906,198.76600646972656
2025-08-23 00:00:00+00:00,,,,
2025-08-23 08:00:00+00:00,,,,
2025-08-23 16:00:00+00:00,,,,
2025-08-24 00:00:00+00:00,,,,
2025-08-24 08:00:00+00:00,,,,
2025-08-24 16:00:00+00:00,198.7550048828125,199.01199340820312,198.7530059814453,198.92999267578125
2025-08-25 00:00:00+00:00,198.92999267578125,199.1529998779297,198.76100158691406,198.9530029296875
2025-08-25 08:00:00+00:00,198.95199584960938,199.29100036621094,198.73800659179688,199.11199951171875
2025-08-25 16:00:00+00:00,199.11199951171875,199.13900756835938,198.593994140625,198.8730010986328
2025-08-26 00:00:00+00:00,198.86599731445312,198.98399353027344,198.26600646972656,198.7259979248047
2025-08-26 08:00:00+00:00,198.7259979248047,199.05499267578125,198.54600524902344,198.6020050048828
2025-08-26 16:00:00+00:00,198.60299682617188,198.7989959716797,198.36599731445312,198.74200439453125
2025-08-27 00:00:00+00:00,198.74200439453125,199.0240020751953,198.63999938964844,198.7779998779297
2025-08-27 08:00:00+00:00,198.7760009765625,199.18499755859375,198.6649932861328,198.95399475097656
2025-08-27 16:00:00+00:00,198.95399475097656,199.1009979248047,198.68600463867188,198.95700073242188
2025-08-28 00:00:00+00:00,198.9510040283203,199.1320037841797,198.54800415039062,198.66099548339844
2025-08-28 08:00:00+00:00,198.66000366210938,198.81300354003906,198.41299438476562,198.6510009765625
2025-08-28 16:00:00+00:00,198.64999389648438,198.6959991455078,198.1739959716797,198.33599853515625
2025-08-29 00:00:00+00:00,198.33900451660156,198.60499572753906,198.26300048828125,198.32400512695312
2025-08-29 08:00:00+00:00,198.3280029296875,198.51800537109375,197.9409942626953,198.427001953125
2025-08-29 16:00:00+00:00,198.42599487304688,198.66000366210938,198.3419952392578,198.5749969482422
2025-08-30 00:00:00+00:00,,,,
2025-08-30 08:00:00+00:00,,,,
2025-08-30 16:00:00+00:00,,,,
2025-08-31 00:00:00+00:00,,,,
2025-08-31 08:00:00+00:00,,,,
2025-08-31 16:00:00+00:00,198.6649932861328,198.73800659179688,198.61099243164062,198.6529998779297
2025-09-01 00:00:00+00:00,198.65699768066406,199.0749969482422,198.61099243164062,198.98300170898438
2025-09-01 08:00:00+00:00,198.98300170898438,199.55799865722656,198.86199951171875,199.41900634765625
2025-09-01 16:00:00+00:00,199.4219970703125,199.5240020751953,199.16799926757812,199.2469940185547
2025-09-02 00:00:00+00:00,199.24600219726562,200.26499938964844,199.1009979248047,199.23800659179688
2025-09-02 08:00:00+00:00,199.2310028076172,199.30599975585938,198.31500244140625,198.468994140625
2025-09-02 16:00:00+00:00,198.468994140625,198.88600158691406,198.42599487304688,198.81199645996094
2025-09-03 00:00:00+00:00,198.8159942626953,199.06399536132812,198.4759979248047,198.79800415039062
2025-09-03 08:00:00+00:00,198.7949981689453,199.72300720214844,198.78700256347656,198.97900390625
2025-09-03 16:00:00+00:00,198.9810028076172,199.16900634765625,198.85000610351562,198.88299560546875
2025-09-04 00:00:00+00:00,198.88299560546875,199.26100158691406,198.76499938964844,199.20599365234375
2025-09-04 08:00:00+00:00,199.20599365234375,199.82400512695312,199.09300231933594,199.73399353027344
2025-09-04 16:00:00+00:00,199.73199462890625,199.7480010986328,199.1739959716797,199.52499389648438
2025-09-05 00:00:00+00:00,199.52699279785156,199.69700622558594,199.21600341796875,199.5570068359375
2025-09-05 08:00:00+00:00,199.55599975585938,199.79100036621094,198.66400146484375,198.83399963378906
2025-09-05 16:00:00+00:00,198.83700561523438,199.20599365234375,198.76400756835938,199.17100524902344
2025-09-06 00:00:00+00:00,,,,
2025-09-06 08:00:00+00:00,,,,
2025-09-06 16:00:00+00:00,,,,
2025-09-07 00:00:00+00:00,,,,
2025-09-07 08:00:00+00:00,,,,
2025-09-07 16:00:00+00:00,200.1750030517578,200.2689971923828,199.93600463867188,200.1179962158203
2025-09-08 00:00:00+00:00,200.11099243164062,200.3459930419922,199.39500427246094,199.3990020751953
2025-09-08 08:00:00+00:00,199.3990020751953,200.14700317382812,199.35299682617188,199.92300415039062
2025-09-08 16:00:00+00:00,199.92300415039062,199.9929962158203,199.57000732421875,199.7209930419922
2025-09-09 00:00:00+00:00,199.72500610351562,199.8730010986328,199.38600158691406,199.67999267578125
2025-09-09 08:00:00+00:00,199.68499755859375,199.78900146484375,198.78599548339844,199.2239990234375
2025-09-09 16:00:00+00:00,199.2239990234375,199.4600067138672,199.13999938964844,199.2790069580078
2025-09-10 00:00:00+00:00,199.2790069580078,199.6699981689453,199.23800659179688,199.60800170898438
2025-09-10 08:00:00+00:00,199.6060028076172,199.80499267578125,199.42100524902344,199.62600708007812
2025-09-10 16:00:00+00:00,199.6280059814453,199.69200134277344,199.20399475097656,199.40699768066406
2025-09-11 00:00:00+00:00,199.4080047607422,199.781005859375,199.32400512695312,199.72500610351562
2025-09-11 08:00:00+00:00,199.72500610351562,200.09100341796875,199.36599731445312,199.64599609375
2025-09-11 16:00:00+00:00,199.64100646972656,199.96099853515625,199.5590057373047,199.84800720214844
2025-09-12 00:00:00+00:00,199.8459930419922,200.0449981689453,199.64999389648438,200.00900268554688
2025-09-12 08:00:00+00:00,200.0070037841797,200.47999572753906,199.95700073242188,200.2760009765625
2025-09-12 16:00:00+00:00,200.2760009765625,200.343994140625,200.04800415039062,200.1909942626953
2025-09-13 00:00:00+00:00,,,,
2025-09-13 08:00:00+00:00,,,,
2025-09-13 16:00:00+00:00,,,,
2025-09-14 00:00:00+00:00,,,,
2025-09-14 08:00:00+00:00,,,,
2025-09-14 16:00:00+00:00,200.24099731445312,200.25799560546875,200.1009979248047,200.13800048828125
2025-09-15 00:00:00+00:00,200.13299560546875,200.37399291992188,199.91799926757812,200.2830047607422
2025-09-15 08:00:00+00:00,200.2830047607422,200.74600219726562,200.1540069580078,200.38699340820312
2025-09-15 16:00:00+00:00,200.39199829101562,200.6060028076172,200.22900390625,200.47999572753906
2025-09-16 00:00:00+00:00,200.4739990234375,200.6479949951172,200.0659942626953,200.17999267578125
2025-09-16 08:00:00+00:00,200.18099975585938,200.7169952392578,199.93499755859375,200.08599853515625
2025-09-16 16:00:00+00:00,200.08900451660156,200.0959930419922,199.68600463867188,199.88499450683594
2025-09-17 00:00:00+00:00,199.88400268554688,200.06300354003906,199.69400024414062,199.97500610351562
2025-09-17 08:00:00+00:00,199.97500610351562,199.9929962158203,199.4720001220703,199.90899658203125
2025-09-17 16:00:00+00:00,199.90899658203125,200.4010009765625,199.5800018310547,200.18800354003906
2025-09-18 00:00:00+00:00,200.18800354003906,200.61199951171875,200.1280059814453,200.56399536132812
2025-09-18 08:00:00+00:00,200.56199645996094,201.26499938964844,200.41799926757812,200.53599548339844
2025-09-18 16:00:00+00:00,200.53599548339844,200.60800170898438,200.26699829101562,200.5540008544922
2025-09-19 00:00:00+00:00,200.5540008544922,200.5970001220703,199.35800170898438,199.56700134277344
2025-09-19 08:00:00+00:00,199.57699584960938,199.84100341796875,199.2429962158203,199.31300354003906
2025-09-19 16:00:00+00:00,199.31399536132812,199.41900634765625,199.2030029296875,199.2949981689453
2025-09-20 00:00:00+00:00,,,,
2025-09-20 08:00:00+00:00,,,,
2025-09-20 16:00:00+00:00,,,,
2025-09-21 00:00:00+00:00,,,,
2025-09-21 08:00:00+00:00,,,,
2025-09-21 16:00:00+00:00,199.3509979248047,199.43899536132812,199.33399963378906,199.38299560546875
2025-09-22 00:00:00+00:00,199.38099670410156,199.76199340820312,199.36700439453125,199.63299560546875
2025-09-22 08:00:00+00:00,199.63299560546875,199.79200744628906,199.38900756835938,199.61300659179688
2025-09-22 16:00:00+00:00,199.61000061035156,199.7570037841797,199.38499450683594,199.63699340820312
2025-09-23 00:00:00+00:00,199.63600158691406,199.781005859375,199.5330047607422,199.72900390625
2025-09-23 08:00:00+00:00,199.7310028076172,199.96499633789062,199.14100646972656,199.82200622558594
2025-09-23 16:00:00+00:00,199.82000732421875,199.86199951171875,199.3280029296875,199.61500549316406
2025-09-24 00:00:00+00:00,199.61500549316406,199.88999938964844,199.4499969482422,199.6219940185547
2025-09-24 08:00:00+00:00,199.61900329589844,200.14100646972656,199.5500030517578,199.9709930419922
2025-09-24 16:00:00+00:00,199.96800231933594,200.24899291992188,199.90499877929688,200.09800720214844
2025-09-25 00:00:00+00:00,200.0959930419922,200.34500122070312,199.8699951171875,199.97500610351562
2025-09-25 08:00:00+00:00,199.97300720214844,200.16200256347656,199.57000732421875,199.93299865722656
2025-09-25 16:00:00+00:00,199.93600463867188,200.02699279785156,199.5959930419922,199.85299682617188
2025-09-26 00:00:00+00:00,199.8520050048828,200.2100067138672,199.69000244140625,200.08099365234375
2025-09-26 08:00:00+00:00,200.07899475097656,200.51300048828125,199.9290008544922,200.37600708007812
2025-09-26 16:00:00+00:00,200.3780059814453,200.50100708007812,200.2030029296875,200.38299560546875
2025-09-27 00:00:00+00:00,,,,
2025-09-27 08:00:00+00:00,,,,
2025-09-27 16:00:00+00:00,,,,
2025-09-28 00:00:00+00:00,,,,
2025-09-28 08:00:00+00:00,,,,
2025-09-28 16:00:00+00:00,200.34800720214844,200.36900329589844,200.25,200.3159942626953
2025-09-29 00:00:00+00:00,200.31500244140625,200.3280029296875,199.7220001220703,199.77099609375
2025-09-29 08:00:00+00:00,199.7729949951172,199.99099731445312,199.3350067138672,199.55799865722656
2025-09-29 16:00:00+00:00,199.55299377441406,199.7519989013672,199.4199981689453,199.65899658203125
2025-09-30 00:00:00+00:00,199.66099548339844,199.76800537109375,198.84500122070312,199.07400512695312
2025-09-30 08:00:00+00:00,199.07400512695312,199.14199829101562,198.57200622558594,198.90499877929688
2025-09-30 16:00:00+00:00,198.9040069580078,198.98699951171875,198.6199951171875,198.9770050048828
2025-10-01 00:00:00+00:00,198.9759979248047,199.2169952392578,198.0240020751953,198.1320037841797
2025-10-01 08:00:00+00:00,198.13099670410156,198.53199768066406,197.9080047607422,198.22799682617188
2025-10-01 16:00:00+00:00,198.2270050048828,198.3979949951172,198.0260009765625,198.27200317382812
2025-10-02 00:00:00+00:00,198.27200317382812,198.61300659179688,198.08299255371094,198.47300720214844
2025-10-02 08:00:00+00:00,198.46800231933594,198.4949951171875,197.4810028076172,197.75599670410156
2025-10-02 16:00:00+00:00,197.7519989013672,198.04600524902344,197.61099243164062,197.86900329589844
2025-10-03 00:00:00+00:00,197.86399841308594,198.55299377441406,197.86000061035156,198.41600036621094
2025-10-03 08:00:00+00:00,198.41799926757812,198.68299865722656,198.0019989013672,198.6020050048828
2025-10-03 16:00:00+00:00,198.6009979248047,198.86599731445312,198.5850067138672,198.7519989013672
2025-10-04 00:00:00+00:00,,,,
2025-10-04 08:00:00+00:00,,,,
2025-10-04 16:00:00+00:00,,,,
2025-10-05 00:00:00+00:00,,,,
2025-10-05 08:00:00+00:00,,,,
2025-10-05 16:00:00+00:00,200.61199951171875,201.00399780273438,200.45199584960938,200.9080047607422
2025-10-06 00:00:00+00:00,200.90499877929688,202.24099731445312,200.76699829101562,201.68800354003906
2025-10-06 08:00:00+00:00,201.6909942626953,202.25399780273438,201.23599243164062,202.14999389648438
2025-10-06 16:00:00+00:00,202.1510009765625,202.82000732421875,202.0540008544922,202.7480010986328
2025-10-07 00:00:00+00:00,202.7480010986328,203.05599975585938,202.27099609375,202.3800048828125
2025-10-07 08:00:00+00:00,202.38099670410156,203.2899932861328,202.10699462890625,203.1820068359375
2025-10-07 16:00:00+00:00,203.1790008544922,204.18899536132812,203.14100646972656,204.0590057373047
2025-10-08 00:00:00+00:00,204.0590057373047,204.6699981689453,203.89999389648438,204.66400146484375
2025-10-08 08:00:00+00:00,204.66900634765625,205.322998046875,204.45700073242188,204.4759979248047
2025-10-08 16:00:00+00:00,204.47500610351562,204.75900268554688,204.3040008544922,204.63099670410156
2025-10-09 00:00:00+00:00,204.6280059814453,204.8800048828125,204.343994140625,204.37899780273438
2025-10-09 08:00:00+00:00,204.37899780273438,204.5659942626953,203.56900024414062,203.6929931640625
2025-10-09 16:00:00+00:00,203.68899536132812,203.75100708007812,203.30499267578125,203.56300354003906
2025-10-10 00:00:00+00:00,203.56300354003906,203.71099853515625,202.65199279785156,203.32899475097656
2025-10-10 08:00:00+00:00,203.3300018310547,203.44400024414062,202.20700073242188,202.72300720214844
2025-10-10 16:00:00+00:00,202.7209930419922,203.1199951171875,201.76699829101562,202.01699829101562
2025-10-11 00:00:00+00:00,,,,
2025-10-11 08:00:00+00:00,,,,
2025-10-11 16:00:00+00:00,,,,
2025-10-12 00:00:00+00:00,,,,
2025-10-12 08:00:00+00:00,,,,
2025-10-12 16:00:00+00:00,202.70700073242188,202.8179931640625,202.50399780273438,202.78399658203125
2025-10-13 00:00:00+00:00,202.7899932861328,203.24200439453125,202.6199951171875,203.08299255371094
2025-10-13 08:00:00+00:00,203.08299255371094,203.1510009765625,202.7220001220703,202.93299865722656
2025-10-13 16:00:00+00:00,202.93299865722656,203.25999450683594,202.76100158691406,203.2550048828125
2025-10-14 00:00:00+00:00,203.25399780273438,203.51499938964844,201.3249969482422,201.44400024414062
2025-10-14 08:00:00+00:00,201.4499969482422,202.19900512695312,201.3280029296875,202.13299560546875
2025-10-14 16:00:00+00:00,202.13299560546875,202.33399963378906,201.9510040283203,202.08700561523438
2025-10-15 00:00:00+00:00,202.08799743652344,202.3000030517578,201.58399963378906,201.906005859375
2025-10-15 08:00:00+00:00,201.91299438476562,202.59300231933594,201.74400329589844,202.52999877929688
2025-10-15 16:00:00+00:00,202.53500366210938,202.71600341796875,202.11599731445312,202.3679962158203
2025-10-16 00:00:00+00:00,202.36900329589844,203.11700439453125,201.9770050048828,203.05799865722656
2025-10-16 08:00:00+00:00,203.06199645996094,203.4320068359375,202.26400756835938,202.3509979248047
2025-10-16 16:00:00+00:00,202.3470001220703,202.4969940185547,201.70399475097656,201.8520050048828
2025-10-17 00:00:00+00:00,201.8509979248047,202.13400268554688,200.6719970703125,201.0749969482422
2025-10-17 08:00:00+00:00,201.08299255371094,202.10899353027344,200.81399536132812,201.7779998779297
2025-10-17 16:00:00+00:00,201.78500366210938,202.24899291992188,201.70599365234375,202.21400451660156
2025-10-18 00:00:00+00:00,,,,
2025-10-18 08:00:00+00:00,,,,
2025-10-18 16:00:00+00:00,,,,
2025-10-19 00:00:00+00:00,,,,
2025-10-19 08:00:00+00:00,,,,
2025-10-19 16:00:00+00:00,202.51800537109375,202.6750030517578,202.47000122070312,202.5970001220703
2025-10-20 00:00:00+00:00,202.59800720214844,203.10800170898438,202.08700561523438,202.22999572753906
2025-10-20 08:00:00+00:00,202.23399353027344,202.50599670410156,201.822998046875,202.08299255371094
2025-10-20 16:00:00+00:00,202.0850067138672,202.2010040283203,201.89999389648438,202.1580047607422
2025-10-21 00:00:00+00:00,202.156005859375,202.82699584960938,201.80499267578125,202.43699645996094
2025-10-21 08:00:00+00:00,202.4340057373047,203.5260009765625,202.22500610351562,203.13699340820312
2025-10-21 16:00:00+00:00,203.13699340820312,203.28799438476562,202.93299865722656,202.9810028076172
2025-10-22 00:00:00+00:00,202.98199462890625,203.26199340820312,202.0760040283203,202.25900268554688
2025-10-22 08:00:00+00:00,202.26100158691406,203.052001953125,201.91600036621094,202.9459991455078
2025-10-22 16:00:00+00:00,202.93899536132812,203.04600524902344,202.52200317382812,202.906005859375
2025-10-23 00:00:00+00:00,202.89999389648438,203.77200317382812,202.86700439453125,203.58799743652344
2025-10-23 08:00:00+00:00,203.58700561523438,203.79200744628906,203.20599365234375,203.43800354003906
2025-10-23 16:00:00+00:00,203.43800354003906,203.5489959716797,203.1490020751953,203.3679962158203
2025-10-24 00:00:00+00:00,203.36700439453125,203.94200134277344,203.25900268554688,203.5019989013672
2025-10-24 08:00:00+00:00,203.50100708007812,203.98699951171875,203.0780029296875,203.18600463867188
2025-10-24 16:00:00+00:00,203.18699645996094,203.52200317382812,203.10899353027344,203.49000549316406
2025-10-25 00:00:00+00:00,,,,
2025-10-25 08:00:00+00:00,,,,
2025-10-25 16:00:00+00:00,,,,
2025-10-26 00:00:00+00:00,,,,
2025-10-26 08:00:00+00:00,,,,
2025-10-26 16:00:00+00:00,,,,
2025-10-27 00:00:00+00:00,203.90699768066406,204.0780029296875,203.552001953125,203.7469940185547
2025-10-27 08:00:00+00:00,203.74400329589844,204.23800659179688,203.531005859375,204.0449981689453
2025-10-27 16:00:00+00:00,204.04400634765625,204.16200256347656,203.65699768066406,203.71400451660156
2025-10-28 00:00:00+00:00,203.69400024414062,203.70899963378906,202.84100341796875,202.8990020751953
2025-10-28 08:00:00+00:00,202.89599609375,202.89599609375,201.66099548339844,201.99600219726562
2025-10-28 16:00:00+00:00,201.99400329589844,202.26300048828125,201.51600646972656,201.57200622558594
2025-10-29 00:00:00+00:00,201.47300720214844,201.9550018310547,200.98399353027344,201.13800048828125
2025-10-29 08:00:00+00:00,201.1439971923828,201.4219970703125,200.56199645996094,201.14599609375
2025-10-29 16:00:00+00:00,201.14599609375,201.6580047607422,200.9770050048828,201.50399780273438
2025-10-30 00:00:00+00:00,201.50399780273438,202.6580047607422,200.9770050048828,202.45399475097656
2025-10-30 08:00:00+00:00,202.44900512695312,203.25999450683594,202.44900512695312,202.67599487304688
2025-10-30 16:00:00+00:00,202.66900634765625,202.8260040283203,202.43800354003906,202.51199340820312
2025-10-31 00:00:00+00:00,202.52000427246094,202.8780059814453,202.17599487304688,202.83700561523438
2025-10-31 08:00:00+00:00,202.8350067138672,202.9219970703125,201.83999633789062,202.3780059814453
2025-10-31 16:00:00+00:00,202.3820037841797,202.58399963378906,202.27999877929688,202.57200622558594
2025-11-01 00:00:00+00:00,,,,
2025-11-01 08:00:00+00:00,,,,
2025-11-01 16:00:00+00:00,,,,
2025-11-02 00:00:00+00:00,,,,
2025-11-02 08:00:00+00:00,,,,
2025-11-02 16:00:00+00:00,,,,
2025-11-03 00:00:00+00:00,202.5189971923828,202.78399658203125,202.3699951171875,202.46800231933594
2025-11-03 08:00:00+00:00,202.46200561523438,202.66099548339844,201.8780059814453,202.57899475097656
2025-11-03 16:00:00+00:00,202.57400512695312,202.80299377441406,202.4709930419922,202.53599548339844
2025-11-04 00:00:00+00:00,202.5399932861328,202.677001953125,201.2899932861328,201.50799560546875
2025-11-04 08:00:00+00:00,201.50799560546875,201.53900146484375,199.99600219726562,200.0970001220703
2025-11-04 16:00:00+00:00,200.10400390625,200.3350067138672,199.86900329589844,199.968994140625
2025-11-05 00:00:00+00:00,199.9340057373047,200.27999877929688,199.0590057373047,200.03700256347656
2025-11-05 08:00:00+00:00,200.03700256347656,201.23599243164062,199.97999572753906,201.22799682617188
2025-11-05 16:00:00+00:00,201.22799682617188,201.23899841308594,200.82400512695312,201.10400390625
2025-11-06 00:00:00+00:00,201.11199951171875,201.19500732421875,200.8179931640625,200.99000549316406
2025-11-06 08:00:00+00:00,200.98899841308594,201.37899780273438,200.3939971923828,200.51300048828125
2025-11-06 16:00:00+00:00,200.51400756835938,201.20199584960938,200.29400634765625,200.9929962158203
2025-11-07 00:00:00+00:00,200.97300720214844,201.37100219726562,200.69900512695312,201.3159942626953
2025-11-07 08:00:00+00:00,201.32000732421875,201.7989959716797,200.64500427246094,201.3939971923828
2025-11-07 16:00:00+00:00,201.3939971923828,202.09300231933594,201.375,201.9040069580078
2025-11-08 00:00:00+00:00,,,,
2025-11-08 08:00:00+00:00,,,,
2025-11-08 16:00:00+00:00,,,,
2025-11-09 00:00:00+00:00,,,,
2025-11-09 08:00:00+00:00,,,,
2025-11-09 16:00:00+00:00,,,,
2025-11-10 00:00:00+00:00,202.13600158691406,202.74200439453125,201.74899291992188,202.6699981689453
2025-11-10 08:00:00+00:00,202.6699981689453,203.23599243164062,202.49899291992188,202.51199340820312
2025-11-10 16:00:00+00:00,202.5070037841797,203.10299682617188,202.46099853515625,203.02999877929688
2025-11-11 00:00:00+00:00,203.03500366210938,203.281005859375,202.31500244140625,202.38299560546875
2025-11-11 08:00:00+00:00,202.38299560546875,203.04299926757812,202.37899780273438,202.82200622558594
2025-11-11 16:00:00+00:00,202.8280029296875,203.0590057373047,202.4720001220703,202.6439971923828
2025-11-12 00:00:00+00:00,202.64700317382812,203.2989959716797,202.5959930419922,203.2530059814453
2025-11-12 08:00:00+00:00,203.2530059814453,203.5659942626953,202.76300048828125,203.1739959716797
2025-11-12 16:00:00+00:00,203.1790008544922,203.31700134277344,202.93499755859375,203.093994140625
2025-11-13 00:00:00+00:00,203.08599853515625,203.45399475097656,202.95899963378906,203.30599975585938
2025-11-13 08:00:00+00:00,203.30099487304688,203.82200622558594,203.02000427246094,203.50900268554688
2025-11-13 16:00:00+00:00,203.51100158691406,204.07200622558594,203.11000061035156,203.38900756835938
2025-11-14 00:00:00+00:00,203.37600708007812,203.54400634765625,202.86399841308594,203.35000610351562
2025-11-14 08:00:00+00:00,203.3520050048828,203.95199584960938,202.33599853515625,202.9010009765625
2025-11-14 16:00:00+00:00,202.8990020751953,203.60899353027344,202.8070068359375,203.5500030517578
2025-11-15 00:00:00+00:00,,,,
2025-11-15 08:00:00+00:00,,,,
2025-11-15 16:00:00+00:00,,,,
2025-11-16 00:00:00+00:00,,,,
2025-11-16 08:00:00+00:00,,,,
2025-11-16 16:00:00+00:00,,,,
2025-11-17 00:00:00+00:00,203.41900634765625,203.8520050048828,203.125,203.802001953125
2025-11-17 08:00:00+00:00,203.81399536132812,204.51600646972656,203.57000732421875,204.5
2025-11-17 16:00:00+00:00,204.5,204.52499389648438,204.01199340820312,204.23899841308594
2025-11-18 00:00:00+00:00,204.26600646972656,204.29600524902344,203.6909942626953,203.8209991455078
2025-11-18 08:00:00+00:00,203.822998046875,204.47900390625,203.802001953125,204.08599853515625
2025-11-18 16:00:00+00:00,204.08999633789062,204.7449951171875,204.04100036621094,204.48899841308594
2025-11-19 00:00:00+00:00,204.47300720214844,204.51400756835938,203.9739990234375,204.37600708007812
2025-11-19 08:00:00+00:00,204.38099670410156,205.3679962158203,204.18299865722656,204.6999969482422
2025-11-19 16:00:00+00:00,204.70599365234375,205.28700256347656,204.58099365234375,205.01100158691406
2025-11-20 00:00:00+00:00,205.03399658203125,206.04800415039062,204.7969970703125,205.78700256347656
2025-11-20 08:00:00+00:00,205.7779998779297,206.85800170898438,205.29100036621094,206.4759979248047
2025-11-20 16:00:00+00:00,206.46800231933594,206.48699951171875,205.56900024414062,205.91400146484375
2025-11-21 00:00:00+00:00,205.9040069580078,206.05099487304688,204.86399841308594,205.0240020751953
2025-11-21 08:00:00+00:00,205.02699279785156,205.61900329589844,204.28399658203125,204.822998046875
2025-11-21 16:00:00+00:00,204.8179931640625,205.23199462890625,204.68800354003906,204.86700439453125
2025-11-22 00:00:00+00:00,,,,
2025-11-22 08:00:00+00:00,,,,
2025-11-22 16:00:00+00:00,,,,
2025-11-23 00:00:00+00:00,,,,
2025-11-23 08:00:00+00:00,,,,
2025-11-23 16:00:00+00:00,,,,
2025-11-24 00:00:00+00:00,205.1999969482422,205.39700317382812,205.0330047607422,205.3000030517578
2025-11-24 08:00:00+00:00,205.3040008544922,205.90699768066406,205.11199951171875,205.3730010986328
2025-11-24 16:00:00+00:00,205.3719940185547,205.70700073242188,205.35899353027344,205.63600158691406
2025-11-25 00:00:00+00:00,205.6300048828125,205.6929931640625,205.2310028076172,205.5070037841797
2025-11-25 08:00:00+00:00,205.5030059814453,205.88999938964844,204.99600219726562,205.7480010986328
2025-11-25 16:00:00+00:00,205.74600219726562,205.99000549316406,205.26300048828125,205.50999450683594
2025-11-26 00:00:00+00:00,205.5189971923828,206.1280059814453,205.3280029296875,206.09800720214844
2025-11-26 08:00:00+00:00,206.09100341796875,207.06700134277344,205.4969940185547,206.87100219726562
2025-11-26 16:00:00+00:00,206.86599731445312,207.2100067138672,206.76400756835938,206.9199981689453
2025-11-27 00:00:00+00:00,206.89999389648438,207.05599975585938,206.4219970703125,206.6649932861328
2025-11-27 08:00:00+00:00,206.66900634765625,207.1529998779297,206.4929962158203,207.1219940185547
2025-11-27 16:00:00+00:00,207.12100219726562,207.19400024414062,206.73699951171875,206.94000244140625
2025-11-28 00:00:00+00:00,206.9250030517578,207.20599365234375,206.45599365234375,206.51100158691406
2025-11-28 08:00:00+00:00,206.51100158691406,206.83700561523438,206.13800048828125,206.7530059814453
2025-11-28 16:00:00+00:00,206.76199340820312,206.88699340820312,206.49899291992188,206.656005859375
2025-11-29 00:00:00+00:00,,,,
2025-11-29 08:00:00+00:00,,,,
2025-11-29 16:00:00+00:00,,,,
2025-11-30 00:00:00+00:00,,,,
2025-11-30 08:00:00+00:00,,,,
2025-11-30 16:00:00+00:00,,,,
2025-12-01 00:00:00+00:00,206.4029998779297,206.4199981689453,205.33599853515625,205.38400268554688
2025-12-01 08:00:00+00:00,205.3800048828125,205.59300231933594,205.1909942626953,205.5279998779297
2025-12-01 16:00:00+00:00,205.531005859375,205.62899780273438,205.25900268554688,205.46800231933594
2025-12-02 00:00:00+00:00,205.46800231933594,205.95199584960938,205.3800048828125,205.8419952392578
2025-12-02 08:00:00+00:00,205.8459930419922,206.2550048828125,205.6739959716797,205.75799560546875
2025-12-02 16:00:00+00:00,205.76199340820312,206.0050048828125,205.4720001220703,205.9409942626953
2025-12-03 00:00:00+00:00,205.91000366210938,206.2010040283203,205.77699279785156,206.16400146484375
2025-12-03 08:00:00+00:00,206.1719970703125,207.07000732421875,206.09500122070312,206.91799926757812
2025-12-03 16:00:00+00:00,206.9149932861328,207.3419952392578,206.7220001220703,207.03599548339844
2025-12-04 00:00:00+00:00,207.03199768066406,207.35899353027344,206.87100219726562,207.0399932861328
2025-12-04 08:00:00+00:00,207.03900146484375,207.0570068359375,206.34100341796875,206.78799438476562
2025-12-04 16:00:00+00:00,206.78700256347656,206.8699951171875,206.42999267578125,206.6739959716797
2025-12-05 00:00:00+00:00,206.65699768066406,206.80799865722656,206.18299865722656,206.4739990234375
2025-12-05 08:00:00+00:00,206.468994140625,207.29400634765625,206.38499450683594,207.1510009765625
2025-12-05 16:00:00+00:00,207.14300537109375,207.16900634765625,206.83299255371094,207.08700561523438
2025-12-06 00:00:00+00:00,,,,
2025-12-06 08:00:00+00:00,,,,
2025-12-06 16:00:00+00:00,,,,
2025-12-07 00:00:00+00:00,,,,
2025-12-07 08:00:00+00:00,,,,
2025-12-07 16:00:00+00:00,,,,
2025-12-08 00:00:00+00:00,206.94900512695312,207.1009979248047,206.58299255371094,206.9969940185547
2025-12-08 08:00:00+00:00,207.0019989013672,207.6999969482422,206.9409942626953,207.46800231933594
2025-12-08 16:00:00+00:00,207.46800231933594,207.8070068359375,207.406005859375,207.6750030517578
2025-12-09 00:00:00+00:00,207.68499755859375,208.22000122070312,207.58299255371094,208.1739959716797
2025-12-09 08:00:00+00:00,208.16799926757812,208.71200561523438,208.01699829101562,208.58299255371094
2025-12-09 16:00:00+00:00,208.57400512695312,208.94500732421875,208.3979949951172,208.62899780273438
2025-12-10 00:00:00+00:00,208.59300231933594,208.7790069580078,208.22500610351562,208.71800231933594
2025-12-10 08:00:00+00:00,208.718994140625,208.87100219726562,208.33999633789062,208.43699645996094
2025-12-10 16:00:00+00:00,208.43699645996094,208.89500427246094,208.3300018310547,208.52699279785156
2025-12-11 00:00:00+00:00,208.52699279785156,208.6529998779297,208.01499938964844,208.60899353027344
2025-12-11 08:00:00+00:00,208.61000061035156,208.63299560546875,207.89599609375,208.45399475097656
2025-12-11 16:00:00+00:00,208.45399475097656,208.48800659179688,208.1719970703125,208.2729949951172
2025-12-12 00:00:00+00:00,208.26699829101562,208.72300720214844,208.2100067138672,208.3209991455078
2025-12-12 08:00:00+00:00,208.32200622558594,208.7469940185547,208.1439971923828,208.17300415039062
2025-12-12 16:00:00+00:00,208.17999267578125,208.4340057373047,207.8730010986328,208.29200744628906
2025-12-13 00:00:00+00:00,,,,
2025-12-13 08:00:00+00:00,,,,
2025-12-13 16:00:00+00:00,,,,
2025-12-14 00:00:00+00:00,,,,
2025-12-14 08:00:00+00:00,,,,
2025-12-14 16:00:00+00:00,,,,
2025-12-15 00:00:00+00:00,208.33700561523438,208.44400024414062,207.0850067138672,207.47999572753906
2025-12-15 08:00:00+00:00,207.48399353027344,207.82699584960938,207.29400634765625,207.8249969482422
2025-12-15 16:00:00+00:00,207.82400512695312,207.88800048828125,207.36500549316406,207.38299560546875
2025-12-16 00:00:00+00:00,207.41299438476562,207.4250030517578,206.76499938964844,207.15699768066406
2025-12-16 08:00:00+00:00,207.15499877929688,207.99899291992188,207.13499450683594,207.63999938964844
2025-12-16 16:00:00+00:00,207.63999938964844,207.96099853515625,207.51199340820312,207.7969970703125
2025-12-17 00:00:00+00:00,207.77499389648438,207.98699951171875,207.08399963378906,207.16200256347656
2025-12-17 08:00:00+00:00,207.16400146484375,208.25900268554688,207.0500030517578,208.22300720214844
2025-12-17 16:00:00+00:00,208.2259979248047,208.4040069580078,207.93800354003906,207.9510040283203
2025-12-18 00:00:00+00:00,207.94400024414062,208.552001953125,207.8560028076172,208.4029998779297
2025-12-18 08:00:00+00:00,208.40699768066406,209.01199340820312,207.8560028076172,208.3159942626953
2025-12-18 16:00:00+00:00,208.31300354003906,208.44000244140625,207.91200256347656,208.23599243164062
2025-12-19 00:00:00+00:00,208.2050018310547,209.49000549316406,208.18499755859375,209.4770050048828
2025-12-19 08:00:00+00:00,209.47000122070312,210.59800720214844,209.45399475097656,210.40499877929688
2025-12-19 16:00:00+00:00,210.40499877929688,211.06500244140625,210.34100341796875,211.06500244140625
2025-12-20 00:00:00+00:00,,,,
2025-12-20 08:00:00+00:00,,,,
2025-12-20 16:00:00+00:00,,,,
2025-12-21 00:00:00+00:00,,,,
2025-12-21 08:00:00+00:00,,,,
2025-12-21 16:00:00+00:00,,,,
2025-12-22 00:00:00+00:00,210.86599731445312,211.36900329589844,210.61700439453125,211.2480010986328
2025-12-22 08:00:00+00:00,211.2449951171875,211.5919952392578,210.82400512695312,211.18800354003906
2025-12-22 16:00:00+00:00,211.18600463867188,211.4669952392578,211.0189971923828,211.23399353027344
2025-12-23 00:00:00+00:00,211.26800537109375,211.33299255371094,210.2830047607422,210.66400146484375
2025-12-23 08:00:00+00:00,210.66400146484375,211.2010040283203,210.29299926757812,210.81700134277344
2025-12-23 16:00:00+00:00,210.81199645996094,211.2729949951172,210.5030059814453,210.94400024414062
2025-12-24 00:00:00+00:00,210.947998046875,211.0919952392578,210.39300537109375,210.4510040283203
2025-12-24 08:00:00+00:00,210.4510040283203,210.81100463867188,210.03700256347656,210.3699951171875
2025-12-24 16:00:00+00:00,210.37100219726562,210.66200256347656,210.2100067138672,210.4429931640625
2025-12-25 00:00:00+00:00,210.44400024414062,211.0019989013672,210.31199645996094,211.0019989013672
2025-12-25 08:00:00+00:00,210.9429931640625,211.0659942626953,210.90499877929688,211.0659942626953
2025-12-25 16:00:00+00:00,210.7989959716797,210.98899841308594,210.30099487304688,210.8489990234375
2025-12-26 00:00:00+00:00,210.8509979248047,211.41299438476562,210.61300659179688,210.8300018310547
2025-12-26 08:00:00+00:00,210.82400512695312,211.50599670410156,210.7469940185547,211.2729949951172
2025-12-26 16:00:00+00:00,211.2760009765625,211.4219970703125,211.13999938964844,211.36700439453125
2025-12-27 00:00:00+00:00,,,,
2025-12-27 08:00:00+00:00,,,,
2025-12-27 16:00:00+00:00,,,,
2025-12-28 00:00:00+00:00,,,,
2025-12-28 08:00:00+00:00,,,,
2025-12-28 16:00:00+00:00,,,,
2025-12-29 00:00:00+00:00,211.19500732421875,211.35299682617188,210.45700073242188,210.47300720214844
2025-12-29 08:00:00+00:00,210.4709930419922,211.1840057373047,210.42799377441406,210.5189971923828
2025-12-29 16:00:00+00:00,210.5189971923828,210.906005859375,210.44700622558594,210.7550048828125
2025-12-30 00:00:00+00:00,210.71600341796875,211.0959930419922,210.56300354003906,210.65699768066406
2025-12-30 08:00:00+00:00,210.66400146484375,210.7899932861328,210.41900634765625,210.62399291992188
2025-12-30 16:00:00+00:00,210.62399291992188,210.75100708007812,210.4199981689453,210.62899780273438
2025-12-31 00:00:00+00:00,210.6020050048828,210.8300018310547,210.48500061035156,210.677001953125
2025-12-31 08:00:00+00:00,210.67599487304688,211.09500122070312,210.25100708007812,210.82200622558594
2025-12-31 16:00:00+00:00,210.8260040283203,211.26199340820312,210.697998046875,211.00900268554688
2026-01-01 00:00:00+00:00,211.00900268554688,211.00900268554688,211.00900268554688,211.00900268554688
2026-01-01 08:00:00+00:00,211.00900268554688,211.00900268554688,211.00900268554688,211.00900268554688
2026-01-01 16:00:00+00:00,210.9290008544922,211.35699462890625,210.7969970703125,211.1840057373047
2026-01-02 00:00:00+00:00,211.1510009765625,211.44200134277344,211.00900268554688,211.1929931640625
2026-01-02 08:00:00+00:00,211.19400024414062,211.44000244140625,210.74200439453125,211.3470001220703
2026-01-02 16:00:00+00:00,211.33999633789062,211.40699768066406,210.96600341796875,211.14700317382812
2026-01-03 00:00:00+00:00,,,,
2026-01-03 08:00:00+00:00,,,,
2026-01-03 16:00:00+00:00,,,,
2026-01-04 00:00:00+00:00,,,,
2026-01-04 08:00:00+00:00,,,,
2026-01-04 16:00:00+00:00,,,,
2026-01-05 00:00:00+00:00,210.9600067138672,211.3350067138672,210.70799255371094,210.718994140625
2026-01-05 08:00:00+00:00,210.71800231933594,211.50999450683594,210.5,211.41600036621094
2026-01-05 16:00:00+00:00,211.41600036621094,211.99400329589844,211.3179931640625,211.96600341796875
2026-01-06 00:00:00+00:00,211.9239959716797,212.1510009765625,211.7740020751953,211.83799743652344
2026-01-06 08:00:00+00:00,211.83599853515625,211.97799682617188,211.302001953125,211.49000549316406
2026-01-06 16:00:00+00:00,211.49200439453125,211.72900390625,211.2760009765625,211.5050048828125
2026-01-07 00:00:00+00:00,211.48300170898438,211.74899291992188,211.0500030517578,211.1320037841797
2026-01-07 08:00:00+00:00,211.1320037841797,211.4199981689453,210.968994140625,211.2100067138672
2026-01-07 16:00:00+00:00,211.21200561523438,211.28500366210938,210.7550048828125,210.90199279785156
2026-01-08 00:00:00+00:00,210.88400268554688,211.15899658203125,210.3719940185547,210.3730010986328
2026-01-08 08:00:00+00:00,210.3730010986328,211.04800415039062,210.2989959716797,210.83700561523438
2026-01-08 16:00:00+00:00,210.83599853515625,210.95199584960938,210.4720001220703,210.77699279785156
2026-01-09 00:00:00+00:00,210.75399780273438,211.50999450683594,210.7530059814453,211.4739990234375
2026-01-09 08:00:00+00:00,211.4739990234375,212.031005859375,211.27099609375,211.82400512695312
2026-01-09 16:00:00+00:00,211.82000732421875,212.06500244140625,211.53700256347656,211.6300048828125
2026-01-10 00:00:00+00:00,,,,
2026-01-10 08:00:00+00:00,,,,
2026-01-10 16:00:00+00:00,,,,
2026-01-11 00:00:00+00:00,,,,
2026-01-11 08:00:00+00:00,,,,
2026-01-11 16:00:00+00:00,,,,
2026-01-12 00:00:00+00:00,211.79400634765625,212.38999938964844,211.63699340820312,212.2030029296875
2026-01-12 08:00:00+00:00,212.2030029296875,212.88999938964844,212.1199951171875,212.86700439453125
2026-01-12 16:00:00+00:00,212.86500549316406,213.00999450683594,212.64300537109375,212.69200134277344
2026-01-13 00:00:00+00:00,212.71600341796875,214.08200073242188,212.71099853515625,214.0489959716797
2026-01-13 08:00:00+00:00,214.04400634765625,214.29100036621094,213.5229949951172,213.6230010986328
2026-01-13 16:00:00+00:00,213.6219940185547,213.8300018310547,213.46099853515625,213.70899963378906
2026-01-14 00:00:00+00:00,213.72999572753906,214.11000061035156,213.56700134277344,213.9149932861328
2026-01-14 08:00:00+00:00,213.91400146484375,213.9459991455078,212.71800231933594,212.77099609375
2026-01-14 16:00:00+00:00,212.76499938964844,213.0919952392578,212.54600524902344,212.91799926757812
2026-01-15 00:00:00+00:00,212.9149932861328,213.19200134277344,212.5679931640625,213.04299926757812
2026-01-15 08:00:00+00:00,213.03799438476562,213.3090057373047,211.99099731445312,212.21600341796875
2026-01-15 16:00:00+00:00,212.21200561523438,212.30299377441406,212.072998046875,212.19900512695312
2026-01-16 00:00:00+00:00,212.19400024414062,212.2570037841797,211.46400451660156,211.79299926757812
2026-01-16 08:00:00+00:00,211.7899932861328,212.07200622558594,211.375,211.45199584960938
2026-01-16 16:00:00+00:00,211.44700622558594,211.71299743652344,211.38699340820312,211.49899291992188
2026-01-17 00:00:00+00:00,,,,
2026-01-17 08:00:00+00:00,,,,
2026-01-17 16:00:00+00:00,,,,
2026-01-18 00:00:00+00:00,,,,
2026-01-18 08:00:00+00:00,,,,
2026-01-18 16:00:00+00:00,,,,
2026-01-19 00:00:00+00:00,211.14100646972656,211.66200256347656,210.88699340820312,211.64100646972656
2026-01-19 08:00:00+00:00,211.63900756835938,212.2010040283203,211.57899475097656,212.14100646972656
2026-01-19 16:00:00+00:00,212.13900756835938,212.38999938964844,211.9739990234375,212.24600219726562
2026-01-20 00:00:00+00:00,212.2270050048828,213.49200439453125,211.83999633789062,213.39700317382812
2026-01-20 08:00:00+00:00,213.39500427246094,213.44000244140625,212.093994140625,212.51100158691406
2026-01-20 16:00:00+00:00,212.51100158691406,212.7480010986328,212.39100646972656,212.58099365234375
2026-01-21 00:00:00+00:00,212.55099487304688,212.64999389648438,212.21400451660156,212.28799438476562
2026-01-21 08:00:00+00:00,212.2899932861328,212.76100158691406,211.5780029296875,212.43499755859375
2026-01-21 16:00:00+00:00,212.43600463867188,212.67100524902344,212.21099853515625,212.63900756835938
2026-01-22 00:00:00+00:00,212.60699462890625,213.43699645996094,212.37100219726562,213.25100708007812
2026-01-22 08:00:00+00:00,213.25999450683594,213.62899780273438,212.66299438476562,213.47000122070312
2026-01-22 16:00:00+00:00,213.47300720214844,214.01100158691406,213.41200256347656,213.9600067138672
2026-01-23 00:00:00+00:00,213.94700622558594,214.8520050048828,212.45700073242188,213.69200134277344
2026-01-23 08:00:00+00:00,213.6929931640625,214.56199645996094,213.2010040283203,214.46400451660156
2026-01-23 16:00:00+00:00,214.46499633789062,214.6219940185547,212.08299255371094,212.28599548339844
2026-01-24 00:00:00+00:00,,,,
2026-01-24 08:00:00+00:00,,,,
2026-01-24 16:00:00+00:00,,,,
2026-01-25 00:00:00+00:00,,,,
2026-01-25 08:00:00+00:00,,,,
2026-01-25 16:00:00+00:00,,,,
2026-01-26 00:00:00+00:00,211.99099731445312,212.0760040283203,210.09800720214844,210.49000549316406
2026-01-26 08:00:00+00:00,210.48800659179688,210.83700561523438,209.6020050048828,210.83700561523438
2026-01-26 16:00:00+00:00,210.83399963378906,211.16299438476562,210.5489959716797,211.10499572753906
2026-01-27 00:00:00+00:00,211.10800170898438,211.75599670410156,210.76499938964844,211.5800018310547
2026-01-27 08:00:00+00:00,211.5749969482422,211.66799926757812,209.76800537109375,210.7239990234375
2026-01-27 16:00:00+00:00,210.7270050048828,210.9980010986328,210.05499267578125,210.75999450683594
2026-01-28 00:00:00+00:00,210.85000610351562,211.218994140625,210.4010009765625,210.66900634765625
2026-01-28 08:00:00+00:00,210.67100524902344,211.68600463867188,210.05999755859375,211.6179962158203
2026-01-28 16:00:00+00:00,211.61900329589844,212.02999877929688,211.5030059814453,211.6300048828125
2026-01-29 00:00:00+00:00,211.656005859375,212.12600708007812,211.322998046875,212.04600524902344
2026-01-29 08:00:00+00:00,212.0570068359375,212.16400146484375,210.03399658203125,210.32200622558594
2026-01-29 16:00:00+00:00,210.3209991455078,211.5189971923828,210.28399658203125,211.46600341796875
2026-01-30 00:00:00+00:00,211.44700622558594,211.9149932861328,211.28900146484375,211.77499389648438
2026-01-30 08:00:00+00:00,211.7760009765625,212.4709930419922,211.58099365234375,211.58599853515625
2026-01-30 16:00:00+00:00,211.58399963378906,211.89100646972656,211.49200439453125,211.81700134277344
2026-01-31 00:00:00+00:00,,,,
2026-01-31 08:00:00+00:00,,,,
2026-01-31 16:00:00+00:00,,,,
2026-02-01 00:00:00+00:00,,,,
2026-02-01 08:00:00+00:00,,,,
2026-02-01 16:00:00+00:00,,,,
2026-02-02 00:00:00+00:00,212.28599548339844,212.68299865722656,211.2790069580078,211.8939971923828
2026-02-02 08:00:00+00:00,211.8990020751953,212.49200439453125,211.7830047607422,212.13999938964844
2026-02-02 16:00:00+00:00,212.14199829101562,212.71400451660156,212.0330047607422,212.56500244140625
2026-02-03 00:00:00+00:00,212.56300354003906,212.98399353027344,212.53700256347656,212.85899353027344
2026-02-03 08:00:00+00:00,212.8459930419922,213.43899536132812,212.73699951171875,213.3719940185547
2026-02-03 16:00:00+00:00,213.3679962158203,213.47300720214844,212.8489990234375,213.38400268554688
2026-02-04 00:00:00+00:00,213.3979949951172,214.5959930419922,213.35299682617188,214.53900146484375
2026-02-04 08:00:00+00:00,214.5399932861328,215.00599670410156,213.97999572753906,214.0469970703125
2026-02-04 16:00:00+00:00,214.0449981689453,214.3509979248047,213.67300415039062,214.06100463867188
2026-02-05 00:00:00+00:00,214.1060028076172,214.23399353027344,213.46200561523438,213.96800231933594
2026-02-05 08:00:00+00:00,213.96600341796875,214.19400024414062,211.77499389648438,212.1580047607422
2026-02-05 16:00:00+00:00,212.1580047607422,212.70899963378906,211.91600036621094,212.00599670410156
2026-02-06 00:00:00+00:00,212.0030059814453,213.01300048828125,211.59300231933594,212.8350067138672
2026-02-06 08:00:00+00:00,212.83200073242188,213.6790008544922,212.6790008544922,213.52099609375
2026-02-06 16:00:00+00:00,213.5189971923828,214.0590057373047,213.49899291992188,214.03500366210938
2026-02-07 00:00:00+00:00,,,,
2026-02-07 08:00:00+00:00,,,,
2026-02-07 16:00:00+00:00,,,,
2026-02-08 00:00:00+00:00,,,,
2026-02-08 08:00:00+00:00,,,,
2026-02-08 16:00:00+00:00,,,,
2026-02-09 00:00:00+00:00,213.9929962158203,214.03199768066406,212.53500366210938,213.03700256347656
2026-02-09 08:00:00+00:00,213.03199768066406,213.71099853515625,212.1179962158203,213.16099548339844
2026-02-09 16:00:00+00:00,213.1699981689453,213.6719970703125,213.14100646972656,213.61700439453125
2026-02-10 00:00:00+00:00,213.6060028076172,213.7239990234375,212.16099548339844,212.68299865722656
2026-02-10 08:00:00+00:00,212.677001953125,212.78599548339844,210.61199951171875,210.86000061035156
2026-02-10 16:00:00+00:00,210.86099243164062,210.88499450683594,210.44900512695312,210.60499572753906
2026-02-11 00:00:00+00:00,210.62399291992188,210.64300537109375,208.9770050048828,209.35400390625
2026-02-11 08:00:00+00:00,209.3560028076172,210.5189971923828,208.61000061035156,209.427001953125
2026-02-11 16:00:00+00:00,209.42999267578125,209.48300170898438,208.17100524902344,208.802001953125
2026-02-12 00:00:00+00:00,208.781005859375,209.00599670410156,207.6269989013672,208.6230010986328
2026-02-12 08:00:00+00:00,208.62100219726562,209.5540008544922,208.33700561523438,208.41700744628906
2026-02-12 16:00:00+00:00,208.4199981689453,208.5,207.55499267578125,208.0540008544922
2026-02-13 00:00:00+00:00,208.06900024414062,208.97000122070312,207.98599243164062,208.8470001220703
2026-02-13 08:00:00+00:00,208.83900451660156,209.32899475097656,208.04100036621094,208.4510040283203
2026-02-13 16:00:00+00:00,208.44400024414062,208.697998046875,208.25100708007812,208.49899291992188
2026-02-14 00:00:00+00:00,,,,
2026-02-14 08:00:00+00:00,,,,
2026-02-14 16:00:00+00:00,,,,
2026-02-15 00:00:00+00:00,,,,
2026-02-15 08:00:00+00:00,,,,
2026-02-15 16:00:00+00:00,,,,
2026-02-16 00:00:00+00:00,208.51600646972656,209.2949981689453,208.47999572753906,209.21099853515625
2026-02-16 08:00:00+00:00,209.21200561523438,209.68299865722656,208.95700073242188,209.20399475097656
2026-02-16 16:00:00+00:00,209.20399475097656,209.48899841308594,209.02499389648438,209.2530059814453
2026-02-17 00:00:00+00:00,209.24400329589844,209.29299926757812,207.33799743652344,207.61500549316406
2026-02-17 08:00:00+00:00,207.61300659179688,208.2100067138672,207.2259979248047,207.6739959716797
2026-02-17 16:00:00+00:00,207.66400146484375,208.00900268554688,207.61199951171875,207.70700073242188
2026-02-18 00:00:00+00:00,207.677001953125,208.447998046875,207.61399841308594,208.38999938964844
2026-02-18 08:00:00+00:00,208.39599609375,209.21299743652344,208.281005859375,208.98500061035156
2026-02-18 16:00:00+00:00,208.9810028076172,209.197998046875,208.57000732421875,208.75799560546875
2026-02-19 00:00:00+00:00,208.74099731445312,209.53700256347656,208.62899780273438,209.3730010986328
2026-02-19 08:00:00+00:00,209.375,209.4709930419922,208.0760040283203,208.531005859375
2026-02-19 16:00:00+00:00,208.5279998779297,208.94400024414062,208.26499938964844,208.86599731445312
2026-02-20 00:00:00+00:00,208.87600708007812,209.09300231933594,208.3769989013672,209.06500244140625
2026-02-20 08:00:00+00:00,209.07400512695312,209.68800354003906,208.843994140625,209.05099487304688
2026-02-20 16:00:00+00:00,209.05499267578125,209.2729949951172,208.91000366210938,208.97900390625
2026-02-21 00:00:00+00:00,,,,
2026-02-21 08:00:00+00:00,,,,
2026-02-21 16:00:00+00:00,,,,
2026-02-22 00:00:00+00:00,,,,
2026-02-22 08:00:00+00:00,,,,
2026-02-22 16:00:00+00:00,,,,
2026-02-23 00:00:00+00:00,208.85299682617188,209.13999938964844,208.20399475097656,208.93699645996094
2026-02-23 08:00:00+00:00,208.93600463867188,209.22300720214844,208.31300354003906,208.38600158691406
2026-02-23 16:00:00+00:00,208.4010009765625,208.85800170898438,208.13099670410156,208.73899841308594
2026-02-24 00:00:00+00:00,208.72300720214844,210.46299743652344,208.68299865722656,210.38400268554688
2026-02-24 08:00:00+00:00,210.38600158691406,210.83999633789062,209.98199462890625,210.70199584960938
2026-02-24 16:00:00+00:00,210.7010040283203,210.76699829101562,210.13299560546875,210.38699340820312
2026-02-25 00:00:00+00:00,210.4010009765625,210.92999267578125,209.9929962158203,210.90699768066406
2026-02-25 08:00:00+00:00,210.89500427246094,212.0260009765625,210.84800720214844,211.625
2026-02-25 16:00:00+00:00,211.61900329589844,212.11700439453125,211.60499572753906,211.7429962158203
2026-02-26 00:00:00+00:00,211.71200561523438,211.781005859375,211.15899658203125,211.38299560546875
2026-02-26 08:00:00+00:00,211.38299560546875,211.56199645996094,210.62399291992188,210.8719940185547
2026-02-26 16:00:00+00:00,210.86599731445312,211.09100341796875,210.20700073242188,210.28799438476562
2026-02-27 00:00:00+00:00,210.25900268554688,210.57699584960938,209.91900634765625,210.51400756835938
2026-02-27 08:00:00+00:00,210.51400756835938,210.82699584960938,209.7949981689453,209.80799865722656
2026-02-27 16:00:00+00:00,209.81399536132812,210.5030059814453,209.79200744628906,210.39300537109375
2026-02-28 00:00:00+00:00,,,,
2026-02-28 08:00:00+00:00,,,,
2026-02-28 16:00:00+00:00,,,,
2026-03-01 00:00:00+00:00,,,,
2026-03-01 08:00:00+00:00,,,,
2026-03-01 16:00:00+00:00,,,,
2026-03-02 00:00:00+00:00,209.95899963378906,210.5330047607422,209.4969940185547,209.75100708007812
2026-03-02 08:00:00+00:00,209.75799560546875,211.3800048828125,209.343994140625,210.90899658203125
2026-03-02 16:00:00+00:00,210.91099548339844,211.1510009765625,210.5019989013672,210.8489990234375
2026-03-03 00:00:00+00:00,210.85299682617188,211.3560028076172,209.75599670410156,209.90499877929688
2026-03-03 08:00:00+00:00,209.90499877929688,210.1719970703125,209.21299743652344,209.9530029296875
2026-03-03 16:00:00+00:00,209.9499969482422,210.73899841308594,209.89999389648438,210.66799926757812
2026-03-04 00:00:00+00:00,210.63099670410156,210.67300415039062,209.47900390625,210.35499572753906
2026-03-04 08:00:00+00:00,210.3520050048828,210.56399536132812,209.83999633789062,209.98199462890625
2026-03-04 16:00:00+00:00,209.9709930419922,210.156005859375,209.47999572753906,209.85499572753906
2026-03-05 00:00:00+00:00,209.85800170898438,209.86199951171875,209.1739959716797,209.8040008544922
2026-03-05 08:00:00+00:00,209.80499267578125,210.6199951171875,209.35499572753906,209.99400329589844
2026-03-05 16:00:00+00:00,209.98399353027344,210.4969940185547,209.7790069580078,210.4290008544922
2026-03-06 00:00:00+00:00,210.42799377441406,210.98599243164062,210.2469940185547,210.60899353027344
2026-03-06 08:00:00+00:00,210.61199951171875,210.8979949951172,210.2570037841797,210.51699829101562
2026-03-06 16:00:00+00:00,210.51499938964844,211.64700317382812,210.51400756835938,211.61399841308594
2026-03-07 00:00:00+00:00,,,,
2026-03-07 08:00:00+00:00,,,,
2026-03-07 16:00:00+00:00,,,,
2026-03-08 00:00:00+00:00,,,,
2026-03-08 08:00:00+00:00,,,,
2026-03-08 16:00:00+00:00,,,,
2026-03-09 00:00:00+00:00,210.7550048828125,211.48500061035156,210.6510009765625,211.4510040283203
2026-03-09 08:00:00+00:00,211.4530029296875,212.0449981689453,211.02000427246094,211.71400451660156
2026-03-09 16:00:00+00:00,211.71299743652344,212.17599487304688,211.7050018310547,211.89999389648438
2026-03-10 00:00:00+00:00,211.91600036621094,212.08599853515625,211.58299255371094,211.99200439453125
2026-03-10 08:00:00+00:00,211.98699951171875,212.41299438476562,211.94900512695312,212.0850067138672
2026-03-10 16:00:00+00:00,212.0850067138672,212.23399353027344,211.9429931640625,212.1820068359375
2026-03-11 00:00:00+00:00,212.16200256347656,212.88499450683594,212.11900329589844,212.56399536132812
2026-03-11 08:00:00+00:00,212.5659942626953,213.07200622558594,212.38600158691406,212.7899932861328
2026-03-11 16:00:00+00:00,212.7899932861328,213.3000030517578,212.7519989013672,212.87100219726562
2026-03-12 00:00:00+00:00,212.88600158691406,213.0290069580078,212.54600524902344,212.65899658203125
2026-03-12 08:00:00+00:00,212.66400146484375,212.74000549316406,212.3990020751953,212.51400756835938
2026-03-12 16:00:00+00:00,212.51100158691406,212.86700439453125,212.3769989013672,212.5749969482422
2026-03-13 00:00:00+00:00,212.5970001220703,212.87600708007812,211.63999938964844,211.72300720214844
2026-03-13 08:00:00+00:00,211.72300720214844,211.72300720214844,211.08599853515625,211.20700073242188
2026-03-13 16:00:00+00:00,211.20899963378906,211.51300048828125,211.05999755859375,211.25399780273438
2026-03-14 00:00:00+00:00,,,,
2026-03-14 08:00:00+00:00,,,,
2026-03-14 16:00:00+00:00,,,,
2026-03-15 00:00:00+00:00,,,,
2026-03-15 08:00:00+00:00,,,,
2026-03-15 16:00:00+00:00,,,,
2026-03-16 00:00:00+00:00,211.35800170898438,211.58200073242188,210.7949981689453,210.947998046875
2026-03-16 08:00:00+00:00,210.947998046875,211.92999267578125,210.89700317382812,211.89100646972656
2026-03-16 16:00:00+00:00,211.88699340820312,212.11700439453125,211.6790008544922,211.83200073242188
2026-03-17 00:00:00+00:00,211.83700561523438,212.13800048828125,211.62399291992188,211.86000061035156
2026-03-17 08:00:00+00:00,211.85699462890625,212.26699829101562,211.64500427246094,212.19000244140625
2026-03-17 16:00:00+00:00,212.18099975585938,212.48500061035156,212.01499938964844,212.24899291992188
2026-03-18 00:00:00+00:00,212.2530059814453,212.49200439453125,211.94400024414062,212.01400756835938
2026-03-18 08:00:00+00:00,212.01100158691406,212.63400268554688,211.9949951171875,212.46400451660156
2026-03-18 16:00:00+00:00,212.46099853515625,212.72900390625,211.7480010986328,211.96499633789062
2026-03-19 00:00:00+00:00,211.9669952392578,212.3489990234375,211.14199829101562,211.18899536132812
2026-03-19 08:00:00+00:00,211.19500732421875,211.9010009765625,210.79100036621094,211.32200622558594
2026-03-19 16:00:00+00:00,211.3090057373047,212.156005859375,211.16799926757812,211.9949951171875
2026-03-20 00:00:00+00:00,211.9969940185547,212.68499755859375,211.7949981689453,212.5290069580078
2026-03-20 08:00:00+00:00,212.53500366210938,212.76800537109375,211.7449951171875,211.83200073242188
2026-03-20 16:00:00+00:00,211.83299255371094,212.60699462890625,211.81900024414062,212.44400024414062
2026-03-21 00:00:00+00:00,,,,
2026-03-21 08:00:00+00:00,,,,
2026-03-21 16:00:00+00:00,,,,
2026-03-22 00:00:00+00:00,,,,
2026-03-22 08:00:00+00:00,,,,
2026-03-22 16:00:00+00:00,,,,
2026-03-23 00:00:00+00:00,212.21299743652344,212.74000549316406,211.85000610351562,212.0749969482422
2026-03-23 08:00:00+00:00,212.08399963378906,213.30299377441406,211.57400512695312,212.4080047607422
2026-03-23 16:00:00+00:00,212.41099548339844,212.91200256347656,212.36599731445312,212.75599670410156
2026-03-24 00:00:00+00:00,212.7729949951172,212.9770050048828,212.2779998779297,212.86000061035156
2026-03-24 08:00:00+00:00,212.86500549316406,212.86900329589844,212.2480010986328,212.6199951171875
2026-03-24 16:00:00+00:00,212.62100219726562,212.9810028076172,212.47900390625,212.906005859375
2026-03-25 00:00:00+00:00,212.88900756835938,213.18800354003906,212.62399291992188,213.08599853515625
2026-03-25 08:00:00+00:00,213.0800018310547,213.20899963378906,212.63499450683594,212.87399291992188
2026-03-25 16:00:00+00:00,212.87100219726562,213.19500732421875,212.73899841308594,212.98899841308594
2026-03-26 00:00:00+00:00,212.97500610351562,213.125,212.72999572753906,212.91900634765625
2026-03-26 08:00:00+00:00,212.9219970703125,213.30299377441406,212.68499755859375,213.1479949951172
2026-03-26 16:00:00+00:00,213.14500427246094,213.20700073242188,212.72500610351562,212.98300170898438
2026-03-27 00:00:00+00:00,212.97000122070312,213.0959930419922,212.58299255371094,212.93600463867188
2026-03-27 08:00:00+00:00,212.93600463867188,212.97500610351562,212.22000122070312,212.86700439453125
2026-03-27 16:00:00+00:00,212.8730010986328,213.0050048828125,212.4530029296875,212.54200744628906
2026-03-28 00:00:00+00:00,,,,
2026-03-28 08:00:00+00:00,,,,
2026-03-28 16:00:00+00:00,,,,
2026-03-29 00:00:00+00:00,,,,
2026-03-29 08:00:00+00:00,,,,
2026-03-29 16:00:00+00:00,212.33799743652344,212.41400146484375,212.07899475097656,212.10800170898438
2026-03-30 00:00:00+00:00,212.0970001220703,212.13400268554688,211.43499755859375,211.62899780273438
2026-03-30 08:00:00+00:00,211.62899780273438,211.64700317382812,210.23599243164062,210.34100341796875
2026-03-30 16:00:00+00:00,210.34100341796875,210.64999389648438,210.19200134277344,210.53599548339844
2026-03-31 00:00:00+00:00,210.53500366210938,211.21499633789062,210.39599609375,210.8040008544922
2026-03-31 08:00:00+00:00,210.80299377441406,211.2010040283203,209.59800720214844,209.72799682617188
2026-03-31 16:00:00+00:00,209.73300170898438,210.4199981689453,209.69400024414062,209.9459991455078
2026-04-01 00:00:00+00:00,209.947998046875,210.62399291992188,209.86000061035156,210.5489959716797
2026-04-01 08:00:00+00:00,210.5540008544922,211.4669952392578,210.48500061035156,211.36700439453125
2026-04-01 16:00:00+00:00,211.36199951171875,211.4929962158203,210.86199951171875,211.07899475097656
2026-04-02 00:00:00+00:00,211.0749969482422,211.27999877929688,210.33399963378906,210.86199951171875
2026-04-02 08:00:00+00:00,210.86500549316406,211.06300354003906,210.46499633789062,210.9040069580078
2026-04-02 16:00:00+00:00,210.90499877929688,211.2030029296875,210.75999450683594,210.97799682617188
2026-04-03 00:00:00+00:00,210.9770050048828,211.30999755859375,210.9010009765625,211.24099731445312
2026-04-03 08:00:00+00:00,211.24099731445312,211.30099487304688,210.5749969482422,210.71600341796875
2026-04-03 16:00:00+00:00,210.7220001220703,210.8090057373047,210.34500122070312,210.6580047607422
2026-04-04 00:00:00+00:00,,,,
2026-04-04 08:00:00+00:00,,,,
2026-04-04 16:00:00+00:00,,,,
2026-04-05 00:00:00+00:00,,,,
2026-04-05 08:00:00+00:00,,,,
2026-04-05 16:00:00+00:00,210.61399841308594,210.75100708007812,210.53799438476562,210.66900634765625
2026-04-06 00:00:00+00:00,210.6719970703125,211.39199829101562,210.58599853515625,211.2310028076172
2026-04-06 08:00:00+00:00,211.22900390625,211.53799438476562,211.0970001220703,211.343994140625
2026-04-06 16:00:00+00:00,211.33399963378906,211.4759979248047,211.19200134277344,211.3260040283203
2026-04-07 00:00:00+00:00,211.322998046875,211.68899536132812,211.2220001220703,211.5500030517578
2026-04-07 08:00:00+00:00,211.552001953125,211.99000549316406,211.45599365234375,211.69200134277344
2026-04-07 16:00:00+00:00,211.6929931640625,212.78799438476562,211.67100524902344,212.68600463867188
2026-04-08 00:00:00+00:00,212.68899536132812,212.76100158691406,212.12899780273438,212.38900756835938
2026-04-08 08:00:00+00:00,212.38699340820312,213.15199279785156,212.26100158691406,212.84100341796875
2026-04-08 16:00:00+00:00,212.843994140625,212.85699462890625,212.27699279785156,212.4720001220703
2026-04-09 00:00:00+00:00,212.468994140625,212.91299438476562,212.41700744628906,212.90699768066406
2026-04-09 08:00:00+00:00,212.906005859375,213.78599548339844,212.8070068359375,213.552001953125
2026-04-09 16:00:00+00:00,213.53900146484375,213.8489990234375,213.3780059814453,213.64599609375
2026-04-10 00:00:00+00:00,213.64199829101562,213.84500122070312,213.53599548339844,213.6999969482422
2026-04-10 08:00:00+00:00,213.7010040283203,214.45700073242188,213.6820068359375,214.27699279785156
2026-04-10 16:00:00+00:00,214.2790069580078,214.58099365234375,214.23699951171875,214.406005859375
2026-04-11 00:00:00+00:00,,,,
2026-04-11 08:00:00+00:00,,,,
2026-04-11 16:00:00+00:00,,,,
2026-04-12 00:00:00+00:00,,,,
2026-04-12 08:00:00+00:00,,,,
2026-04-12 16:00:00+00:00,214.04299926757812,214.07400512695312,213.75399780273438,213.8679962158203
2026-04-13 00:00:00+00:00,213.86900329589844,214.427001953125,213.80299377441406,214.37100219726562
2026-04-13 08:00:00+00:00,214.3730010986328,214.98300170898438,214.30499267578125,214.97300720214844
2026-04-13 16:00:00+00:00,214.9810028076172,215.3679962158203,214.87600708007812,215.18600463867188
2026-04-14 00:00:00+00:00,215.18899536132812,215.322998046875,214.9010009765625,215.24200439453125
2026-04-14 08:00:00+00:00,215.24000549316406,215.78199768066406,215.08799743652344,215.5019989013672
2026-04-14 16:00:00+00:00,215.49400329589844,215.63699340820312,215.3070068359375,215.56300354003906
2026-04-15 00:00:00+00:00,215.56300354003906,215.7830047607422,215.46400451660156,215.50399780273438
2026-04-15 08:00:00+00:00,215.5030059814453,215.82200622558594,215.1820068359375,215.7519989013672
2026-04-15 16:00:00+00:00,215.74099731445312,215.9029998779297,215.36700439453125,215.5500030517578
2026-04-16 00:00:00+00:00,215.54400634765625,215.718994140625,215.11099243164062,215.3939971923828
2026-04-16 08:00:00+00:00,215.38999938964844,215.6439971923828,215.156005859375,215.35299682617188
2026-04-16 16:00:00+00:00,215.3509979248047,215.46299743652344,215.11399841308594,215.32699584960938
2026-04-17 00:00:00+00:00,215.31900024414062,215.69000244140625,215.23500061035156,215.41900634765625
2026-04-17 08:00:00+00:00,215.41600036621094,215.45799255371094,213.9929962158203,214.29100036621094
2026-04-17 16:00:00+00:00,214.29100036621094,214.48800659179688,214.09500122070312,214.41099548339844
2026-04-18 00:00:00+00:00,,,,
2026-04-18 08:00:00+00:00,,,,
2026-04-18 16:00:00+00:00,,,,
2026-04-19 00:00:00+00:00,,,,
2026-04-19 08:00:00+00:00,,,,
2026-04-19 16:00:00+00:00,214.447998046875,214.61300659179688,214.41000366210938,214.572998046875
2026-04-20 00:00:00+00:00,214.5749969482422,214.7220001220703,214.3459930419922,214.3769989013672
2026-04-20 08:00:00+00:00,214.56300354003906,214.87399291992188,214.52999877929688,214.83599853515625
2026-04-20 16:00:00+00:00,214.83299255371094,215.0970001220703,214.70799255371094,214.92999267578125
2026-04-21 00:00:00+00:00,214.92999267578125,215.0279998779297,214.6909942626953,214.781005859375
2026-04-21 08:00:00+00:00,214.79400634765625,215.22500610351562,214.58599853515625,215.08599853515625
