Datetime,Open,High,Low,Close
2003-09-14 23:00:00+00:00,1.4270999431610107,1.441100001335144,1.423699975013733,1.4350999593734741
2003-09-21 23:00:00+00:00,1.4354000091552734,1.4479999542236328,1.4330999851226807,1.4465999603271484
2003-09-28 23:00:00+00:00,1.4465999603271484,1.4488999843597412,1.416200041770935,1.4362000226974487
2003-10-05 23:00:00+00:00,1.4362000226974487,1.438599944114685,1.4040000438690186,1.4101999998092651
2003-10-12 23:00:00+00:00,1.409000039100647,1.447700023651123,1.4069000482559204,1.434499979019165
2003-10-19 23:00:00+00:00,1.4347000122070312,1.4417999982833862,1.4287999868392944,1.437399983406067
2003-10-27 00:00:00+00:00,1.4413000345230103,1.465499997138977,1.4392000436782837,1.4638999700546265
2003-11-03 00:00:00+00:00,1.4639999866485596,1.469099998474121,1.4488999843597412,1.4541000127792358
2003-11-10 00:00:00+00:00,1.4543999433517456,1.4577000141143799,1.4287999868392944,1.4287999868392944
2003-11-17 00:00:00+00:00,1.4296000003814697,1.440500020980835,1.4212000370025635,1.4312000274658203
2003-11-24 00:00:00+00:00,1.4312000274658203,1.4420000314712524,1.429800033569336,1.433500051498413
2003-12-01 00:00:00+00:00,1.4327000379562378,1.440500020980835,1.4190000295639038,1.4205000400543213
2003-12-08 00:00:00+00:00,1.4205000400543213,1.4357999563217163,1.4151999950408936,1.426900029182434
2003-12-15 00:00:00+00:00,1.4264999628067017,1.4296000003814697,1.412600040435791,1.4261000156402588
2003-12-22 00:00:00+00:00,1.4263999462127686,1.4270999431610107,1.4154000282287598,1.4255000352859497
2003-12-29 00:00:00+00:00,1.4255000352859497,1.4271999597549438,1.4106999635696411,1.4206000566482544
2004-01-05 00:00:00+00:00,1.419600009918213,1.4433000087738037,1.416200041770935,1.4372999668121338
2004-01-12 00:00:00+00:00,1.4377000331878662,1.455399990081787,1.4357999563217163,1.4529000520706177
2004-01-19 00:00:00+00:00,1.4529000520706177,1.4538999795913696,1.4381999969482422,1.4503999948501587
2004-01-26 00:00:00+00:00,1.4500000476837158,1.465999960899353,1.4426000118255615,1.4617999792099
2004-02-02 00:00:00+00:00,1.4617999792099,1.4671000242233276,1.451799988746643,1.4580999612808228
2004-02-09 00:00:00+00:00,1.4579999446868896,1.4859000444412231,1.4532999992370605,1.4803999662399292
2004-02-16 00:00:00+00:00,1.478700041770935,1.4921000003814697,1.475100040435791,1.4867000579833984
2004-02-23 00:00:00+00:00,1.4864000082015991,1.5025999546051025,1.4783999919891357,1.4952000379562378
2004-03-01 00:00:00+00:00,1.4950000047683716,1.5118000507354736,1.4853999614715576,1.492900013923645
2004-03-08 00:00:00+00:00,1.493399977684021,1.4984999895095825,1.4602999687194824,1.473099946975708
2004-03-15 00:00:00+00:00,1.4729000329971313,1.493899941444397,1.4660999774932861,1.493299961090088
2004-03-22 00:00:00+00:00,1.4936000108718872,1.5051000118255615,1.4843000173568726,1.4962999820709229
2004-03-28 23:00:00+00:00,1.4962999820709229,1.5115000009536743,1.4922000169754028,1.5092999935150146
2004-04-04 23:00:00+00:00,1.5092999935150146,1.523900032043457,1.5027999877929688,1.5161000490188599
2004-04-11 23:00:00+00:00,1.5162999629974365,1.5255999565124512,1.48989999294281,1.4966000318527222
2004-04-18 23:00:00+00:00,1.49590003490448,1.5083999633789062,1.4865000247955322,1.501099944114685
2004-04-25 23:00:00+00:00,1.5011999607086182,1.5090999603271484,1.4778000116348267,1.482699990272522
2004-05-02 23:00:00+00:00,1.4823999404907227,1.5053000450134277,1.470900058746338,1.5015000104904175
2004-05-09 23:00:00+00:00,1.5018999576568604,1.5054999589920044,1.4774999618530273,1.4783999919891357
2004-05-16 23:00:00+00:00,1.478600025177002,1.492400050163269,1.4671000242233276,1.4914000034332275
2004-05-23 23:00:00+00:00,1.4914000034332275,1.5027999877929688,1.4840999841690063,1.4986000061035156
2004-05-30 23:00:00+00:00,1.4993000030517578,1.507599949836731,1.4945000410079956,1.4950000047683716
2004-06-06 23:00:00+00:00,1.4950000047683716,1.527899980545044,1.4895999431610107,1.5188000202178955
2004-06-13 23:00:00+00:00,1.5184999704360962,1.5267000198364258,1.499899983406067,1.5145000219345093
2004-06-20 23:00:00+00:00,1.5145000219345093,1.5181000232696533,1.4937000274658203,1.5009000301361084
2004-06-27 23:00:00+00:00,1.499899983406067,1.503000020980835,1.4845999479293823,1.486299991607666
2004-07-04 23:00:00+00:00,1.4869999885559082,1.5015000104904175,1.486299991607666,1.498900055885315
2004-07-11 23:00:00+00:00,1.4996999502182007,1.5074000358581543,1.4954999685287476,1.5051000118255615
2004-07-18 23:00:00+00:00,1.5055999755859375,1.5147000551223755,1.4953999519348145,1.5132999420166016
2004-07-25 23:00:00+00:00,1.5125999450683594,1.5181000232696533,1.503600001335144,1.5118999481201172
2004-08-01 23:00:00+00:00,1.5121999979019165,1.5192999839782715,1.497499942779541,1.5008000135421753
2004-08-08 23:00:00+00:00,1.5006999969482422,1.503100037574768,1.4859999418258667,1.489400029182434
2004-08-15 23:00:00+00:00,1.4889999628067017,1.4952000379562378,1.4738999605178833,1.4773000478744507
2004-08-22 23:00:00+00:00,1.4767999649047852,1.49590003490448,1.4739999771118164,1.489799976348877
2004-08-29 23:00:00+00:00,1.48989999294281,1.4915000200271606,1.4660999774932861,1.4711999893188477
2004-09-05 23:00:00+00:00,1.4711999893188477,1.4781999588012695,1.4594000577926636,1.4632999897003174
2004-09-12 23:00:00+00:00,1.4637000560760498,1.4744999408721924,1.458299994468689,1.4718999862670898
2004-09-19 23:00:00+00:00,1.4711999893188477,1.472499966621399,1.4556000232696533,1.4696999788284302
2004-09-26 23:00:00+00:00,1.4696999788284302,1.4737000465393066,0.4476499855518341,1.4488999843597412
2004-10-03 23:00:00+00:00,1.4493000507354736,1.4559999704360962,1.4434000253677368,1.4456000328063965
2004-10-10 23:00:00+00:00,1.4457000494003296,1.4589999914169312,1.4436999559402466,1.445199966430664
2004-10-17 23:00:00+00:00,1.4449000358581543,1.450700044631958,1.4351999759674072,1.4371999502182007
2004-10-24 23:00:00+00:00,1.437399983406067,1.4420000314712524,1.4327000379562378,1.4349000453948975
2004-11-01 00:00:00+00:00,1.4349000453948975,1.4493000507354736,1.4284000396728516,1.4311000108718872
2004-11-08 00:00:00+00:00,1.4312000274658203,1.4400999546051025,1.4255000352859497,1.4291000366210938
2004-11-15 00:00:00+00:00,1.4289000034332275,1.4322999715805054,1.4218000173568726,1.4258999824523926
2004-11-22 00:00:00+00:00,1.4257999658584595,1.430899977684021,1.4217000007629395,1.4244999885559082
2004-11-29 00:00:00+00:00,1.4250999689102173,1.4620000123977661,1.4220000505447388,1.4449000358581543
2004-12-06 00:00:00+00:00,1.445099949836731,1.454800009727478,1.4392999410629272,1.445199966430664
2004-12-13 00:00:00+00:00,1.4453999996185303,1.4608999490737915,1.4421000480651855,1.4581999778747559
2004-12-20 00:00:00+00:00,1.458299994468689,1.4589999914169312,1.416599988937378,1.4221999645233154
2004-12-27 00:00:00+00:00,1.4219000339508057,1.4234999418258667,1.4069000482559204,1.413100004196167
2005-01-03 00:00:00+00:00,1.4132000207901,1.4333000183105469,1.409000039100647,1.431399941444397
2005-01-10 00:00:00+00:00,1.431399941444397,1.434399962425232,1.4211000204086304,1.42739999294281
2005-01-17 00:00:00+00:00,1.4270999431610107,1.445099949836731,1.4200999736785889,1.4391000270843506
2005-01-24 00:00:00+00:00,1.4391000270843506,1.4496999979019165,1.4355000257492065,1.4478000402450562
2005-01-31 00:00:00+00:00,1.4478000402450562,1.4589999914169312,1.4391000270843506,1.4571000337600708
2005-02-07 00:00:00+00:00,1.4570000171661377,1.4595999717712402,1.4458999633789062,1.4501999616622925
2005-02-14 00:00:00+00:00,1.4500999450683594,1.457200050354004,1.4430999755859375,1.4486000537872314
2005-02-21 00:00:00+00:00,1.4486000537872314,1.4532999992370605,1.4357999563217163,1.4483000040054321
2005-02-28 00:00:00+00:00,1.448099970817566,1.4581999778747559,1.4466999769210815,1.4529000520706177
2005-03-07 00:00:00+00:00,1.4529000520706177,1.4536999464035034,1.4287999868392944,1.4301999807357788
2005-03-14 00:00:00+00:00,1.4301999807357788,1.4426000118255615,1.4286999702453613,1.440500020980835
2005-03-21 00:00:00+00:00,1.4413000345230103,1.4455000162124634,1.4359999895095825,1.4428000450134277
2005-03-27 23:00:00+00:00,1.4423999786376953,1.4608999490737915,1.4408999681472778,1.4566999673843384
2005-04-03 23:00:00+00:00,1.4565999507904053,1.4641000032424927,1.4522000551223755,1.4567999839782715
2005-04-10 23:00:00+00:00,1.4566999673843384,1.4731999635696411,1.4551000595092773,1.465999960899353
2005-04-17 23:00:00+00:00,1.4661999940872192,1.4709999561309814,1.457900047302246,1.4681999683380127
2005-04-24 23:00:00+00:00,1.4677000045776367,1.4838999509811401,1.4660999774932861,1.4816999435424805
2005-05-01 23:00:00+00:00,1.4805999994277954,1.4837000370025635,1.4636000394821167,1.4737999439239502
2005-05-08 23:00:00+00:00,1.4746999740600586,1.4749000072479248,1.4596999883651733,1.4663000106811523
2005-05-15 23:00:00+00:00,1.4660999774932861,1.4670000076293945,1.4492000341415405,1.454300045967102
2005-05-22 23:00:00+00:00,1.4541000127792358,1.4577000141143799,1.4479999542236328,1.4550000429153442
2005-05-29 23:00:00+00:00,1.4551000595092773,1.486299991607666,1.4524999856948853,1.4830000400543213
2005-06-05 23:00:00+00:00,1.482800006866455,1.5002000331878662,1.4793000221252441,1.4952000379562378
2005-06-12 23:00:00+00:00,1.4950000047683716,1.5077999830245972,1.486199975013733,1.495300054550171
2005-06-19 23:00:00+00:00,1.495300054550171,1.5115000009536743,1.4911999702453613,1.5049999952316284
2005-06-26 23:00:00+00:00,1.5053999423980713,1.5084999799728394,1.4711999893188477,1.4758000373840332
2005-07-03 23:00:00+00:00,1.4764000177383423,1.4797999858856201,1.4499000310897827,1.451799988746643
2005-07-10 23:00:00+00:00,1.451799988746643,1.4610999822616577,1.4462000131607056,1.4541000127792358
2005-07-17 23:00:00+00:00,1.4545999765396118,1.455899953842163,1.430299997329712,1.4407000541687012
2005-07-24 23:00:00+00:00,1.440500020980835,1.4521000385284424,1.433899998664856,1.4471999406814575
2005-07-31 23:00:00+00:00,1.4470000267028809,1.4536999464035034,1.4091999530792236,1.4391000270843506
2005-08-07 23:00:00+00:00,1.4392000436782837,1.4611999988555908,1.4371000528335571,1.4574999809265137
2005-08-14 23:00:00+00:00,1.4577000141143799,1.4768999814987183,1.4571000337600708,1.475600004196167
2005-08-21 23:00:00+00:00,1.476099967956543,1.4773999452590942,1.4632999897003174,1.4661999940872192
2005-08-28 23:00:00+00:00,1.465499997138977,1.472499966621399,1.458799958229065,1.4671000242233276
2005-09-04 23:00:00+00:00,1.4666999578475952,1.4845999479293823,1.4656000137329102,1.4843000173568726
2005-09-11 23:00:00+00:00,1.4845000505447388,2.9586000442504883,1.472599983215332,1.4816999435424805
2005-09-18 23:00:00+00:00,1.4815000295639038,1.486799955368042,1.4706000089645386,1.4732999801635742
2005-09-25 23:00:00+00:00,1.473099946975708,1.475600004196167,1.461300015449524,1.4656000137329102
2005-10-02 23:00:00+00:00,1.465499997138977,1.4765000343322754,1.450600028038025,1.4508999586105347
2005-10-09 23:00:00+00:00,1.4508999586105347,1.4671000242233276,1.448699951171875,1.4620000123977661
2005-10-16 23:00:00+00:00,1.4620000123977661,1.482800006866455,1.4556000232696533,1.4788000583648682
2005-10-23 23:00:00+00:00,1.4788000583648682,1.4809000492095947,1.4648000001907349,1.4706000089645386
2005-10-31 00:00:00+00:00,1.470900058746338,1.4830000400543213,1.4665000438690186,1.4805999994277954
2005-11-07 00:00:00+00:00,1.4807000160217285,1.4905999898910522,1.475600004196167,1.4845999479293823
2005-11-14 00:00:00+00:00,1.4847999811172485,1.4876999855041504,1.4555000066757202,1.4574999809265137
2005-11-21 00:00:00+00:00,1.4577000141143799,1.4678000211715698,1.4534000158309937,1.4627000093460083
2005-11-28 00:00:00+00:00,1.4630000591278076,1.4812999963760376,1.4558000564575195,1.4778000116348267
2005-12-05 00:00:00+00:00,1.4778000116348267,1.4864000082015991,1.4707000255584717,1.4845999479293823
2005-12-12 00:00:00+00:00,1.4848999977111816,1.4874000549316406,1.4699000120162964,1.4723000526428223
2005-12-19 00:00:00+00:00,1.472100019454956,1.4809999465942383,1.4581999778747559,1.4608999490737915
2005-12-26 00:00:00+00:00,1.4608999490737915,1.465000033378601,1.4479000568389893,1.4532999992370605
2006-01-02 00:00:00+00:00,1.4538999795913696,1.4586999416351318,1.4470000267028809,1.4567999839782715
2006-01-09 00:00:00+00:00,1.4569000005722046,1.4677000045776367,1.4519000053405762,1.460800051689148
2006-01-16 00:00:00+00:00,1.4607000350952148,1.4630999565124512,1.4515999555587769,1.4569000005722046
2006-01-23 00:00:00+00:00,1.4569000005722046,1.4628000259399414,1.450600028038025,1.461300015449524
2006-01-30 00:00:00+00:00,1.4610999822616577,1.4730000495910645,1.4580999612808228,1.4652999639511108
2006-02-06 00:00:00+00:00,1.4651000499725342,1.4660999774932861,1.4452999830245972,1.465000033378601
2006-02-13 00:00:00+00:00,1.464900016784668,1.4658000469207764,1.4549000263214111,1.4580999612808228
2006-02-20 00:00:00+00:00,1.4580999612808228,1.4711999893188477,1.4566999673843384,1.4696999788284302
2006-02-27 00:00:00+00:00,1.4694000482559204,1.4717999696731567,1.4544999599456787,1.455299973487854
2006-03-06 00:00:00+00:00,1.4555000066757202,1.461300015449524,1.4471999406814575,1.4488999843597412
2006-03-13 00:00:00+00:00,1.4490000009536743,1.4538999795913696,1.4371999502182007,1.4407999515533447
2006-03-20 00:00:00+00:00,1.440600037574768,1.450700044631958,1.4386999607086182,1.4470000267028809
2006-03-26 23:00:00+00:00,1.4473999738693237,1.4551000595092773,1.4315999746322632,1.4335999488830566
2006-04-02 23:00:00+00:00,1.433500051498413,1.44159996509552,1.4239000082015991,1.4390000104904175
2006-04-09 23:00:00+00:00,1.4392000436782837,1.4488999843597412,1.434499979019165,1.4467999935150146
2006-04-16 23:00:00+00:00,1.4463000297546387,1.450600028038025,1.4397000074386597,1.4436999559402466
2006-04-23 23:00:00+00:00,1.4438999891281128,1.4467999935150146,1.4319000244140625,1.444700002670288
2006-04-30 23:00:00+00:00,1.4449000358581543,1.462399959564209,1.444000005722046,1.461300015449524
2006-05-07 23:00:00+00:00,1.4611999988555908,1.4701000452041626,1.4543999433517456,1.4642000198364258
2006-05-14 23:00:00+00:00,1.4642000198364258,1.4800000190734863,1.4642000198364258,1.4700000286102295
2006-05-21 23:00:00+00:00,1.4701000452041626,1.4704999923706055,1.4559999704360962,1.458400011062622
2006-05-28 23:00:00+00:00,1.458400011062622,1.4642000198364258,1.4526000022888184,1.4570000171661377
2006-06-04 23:00:00+00:00,1.4569000005722046,1.4591000080108643,1.4467999935150146,1.4573999643325806
2006-06-11 23:00:00+00:00,1.4574999809265137,1.4663000106811523,1.4565999507904053,1.4651000499725342
2006-06-18 23:00:00+00:00,1.4651999473571777,1.4671000242233276,1.448199987411499,1.454200029373169
2006-06-25 23:00:00+00:00,1.4539999961853027,1.4543999433517456,1.4391000270843506,1.444000005722046
2006-07-02 23:00:00+00:00,1.4443999528884888,1.4450000524520874,1.4361000061035156,1.4436999559402466
2006-07-09 23:00:00+00:00,1.4438999891281128,1.454300045967102,1.4419000148773193,1.454699993133545
2006-07-16 23:00:00+00:00,1.454300045967102,1.46589994430542,1.4499000310897827,1.4632999897003174
2006-07-23 23:00:00+00:00,1.462399959564209,1.467900037765503,1.4565999507904053,1.4586000442504883
2006-07-30 23:00:00+00:00,1.4586000442504883,1.4823999404907227,1.4586000442504883,1.4801000356674194
2006-08-06 23:00:00+00:00,1.4802000522613525,1.486899971961975,1.4771000146865845,1.485700011253357
2006-08-13 23:00:00+00:00,1.48580002784729,1.4864000082015991,1.465000033378601,1.465999960899353
2006-08-20 23:00:00+00:00,1.465999960899353,1.481600046157837,1.4638999700546265,1.478700041770935
2006-08-27 23:00:00+00:00,1.4788999557495117,1.4880000352859497,1.4767999649047852,1.4835000038146973
2006-09-03 23:00:00+00:00,1.4835000038146973,1.4840999841690063,1.468400001525879,1.4718999862670898
2006-09-10 23:00:00+00:00,1.472100019454956,1.4891999959945679,1.465999960899353,1.4850000143051147
2006-09-17 23:00:00+00:00,1.4851000308990479,1.4912999868392944,1.4779000282287598,1.4859000444412231
2006-09-24 23:00:00+00:00,1.4860999584197998,1.4953999519348145,1.4717999696731567,1.4759999513626099
2006-10-01 23:00:00+00:00,1.4757000207901,1.4883999824523926,1.4737999439239502,1.4846999645233154
2006-10-08 23:00:00+00:00,1.4847999811172485,1.4855999946594238,1.4772000312805176,1.483299970626831
2006-10-15 23:00:00+00:00,1.4837000370025635,1.4944000244140625,1.482200026512146,1.4922000169754028
2006-10-22 23:00:00+00:00,1.4924999475479126,1.493499994277954,1.4872000217437744,1.489400029182434
2006-10-30 00:00:00+00:00,1.4895000457763672,1.4982999563217163,1.489400029182434,1.4948999881744385
2006-11-06 00:00:00+00:00,1.4948999881744385,1.49590003490448,1.4802000522613525,1.4879000186920166
2006-11-13 00:00:00+00:00,1.4874999523162842,1.4878000020980835,1.4713000059127808,1.4771000146865845
2006-11-20 00:00:00+00:00,1.4768999814987183,1.4823999404907227,1.4731999635696411,1.4737999439239502
2006-11-27 00:00:00+00:00,1.4737999439239502,1.4881999492645264,1.4737999439239502,1.4836000204086304
2006-12-04 00:00:00+00:00,1.4836000204086304,1.496999979019165,1.4505000114440918,1.4814000129699707
2006-12-11 00:00:00+00:00,1.4814000129699707,1.4931999444961548,1.4766000509262085,1.4921000003814697
2006-12-18 00:00:00+00:00,1.4919999837875366,1.4937000274658203,1.4859999418258667,1.4912999868392944
2006-12-25 00:00:00+00:00,1.4910000562667847,1.5051000118255615,1.4818999767303467,1.4840999841690063
2007-01-01 00:00:00+00:00,1.4840999841690063,1.5022000074386597,1.4783999919891357,1.483199954032898
2007-01-08 00:00:00+00:00,1.483299970626831,1.517199993133545,1.4824999570846558,1.5157999992370605
2007-01-15 00:00:00+00:00,1.5154000520706177,1.5271999835968018,1.5132999420166016,1.5224000215530396
2007-01-22 00:00:00+00:00,1.5224000215530396,1.5295000076293945,1.5088000297546387,1.517199993133545
2007-01-29 00:00:00+00:00,1.517300009727478,1.5197999477386475,1.5047999620437622,1.5161000490188599
2007-02-05 00:00:00+00:00,1.5162999629974365,1.5257999897003174,1.492799997329712,1.500100016593933
2007-02-12 00:00:00+00:00,1.500100016593933,1.503600001335144,1.4799000024795532,1.4850000143051147
2007-02-19 00:00:00+00:00,1.4850000143051147,1.4952000379562378,1.479699969291687,1.489799976348877
2007-02-26 00:00:00+00:00,1.4896999597549438,1.4921000003814697,1.454800009727478,1.4668999910354614
2007-03-05 00:00:00+00:00,1.4666999578475952,1.4765000343322754,1.461400032043457,1.4759999513626099
2007-03-12 00:00:00+00:00,1.476099967956543,1.4766000509262085,1.455899953842163,1.457900047302246
2007-03-19 00:00:00+00:00,1.4574999809265137,1.4768999814987183,1.4571000337600708,1.476199984550476
2007-03-25 23:00:00+00:00,1.476099967956543,1.4803999662399292,1.4663000106811523,1.473099946975708
2007-04-01 23:00:00+00:00,1.4730000495910645,1.492300033569336,1.4665000438690186,1.4688999652862549
2007-04-08 23:00:00+00:00,1.4688999652862549,1.475100040435791,1.4635000228881836,1.4643000364303589
2007-04-15 23:00:00+00:00,1.464400053024292,1.4799000024795532,1.4595999717712402,1.4736000299453735
2007-04-22 23:00:00+00:00,1.4733999967575073,1.4758000373840332,1.4610999822616577,1.4629000425338745
2007-04-29 23:00:00+00:00,1.4628000259399414,1.4703999757766724,1.4538999795913696,1.4658000469207764
2007-05-06 23:00:00+00:00,1.4658000469207764,1.4743000268936157,1.4632999897003174,1.4639999866485596
2007-05-13 23:00:00+00:00,1.4641000032424927,1.4660999774932861,1.457900047302246,1.4602999687194824
2007-05-20 23:00:00+00:00,1.4602999687194824,1.4795000553131104,1.4594999551773071,1.4746999740600586
2007-05-27 23:00:00+00:00,1.475000023841858,1.4768999814987183,1.468000054359436,1.4740999937057495
2007-06-03 23:00:00+00:00,1.4743000268936157,1.4769999980926514,1.4687000513076782,1.472599983215332
2007-06-10 23:00:00+00:00,1.472100019454956,1.4853999614715576,1.468400001525879,1.4765000343322754
2007-06-17 23:00:00+00:00,1.476199984550476,1.4918999671936035,1.475600004196167,1.4844000339508057
2007-06-24 23:00:00+00:00,1.4845000505447388,1.4901000261306763,1.4807000160217285,1.4830000400543213
2007-07-01 23:00:00+00:00,1.4830000400543213,1.4850000143051147,1.4728000164031982,1.4753999710083008
2007-07-08 23:00:00+00:00,1.4758000373840332,1.4808000326156616,1.470900058746338,1.4759999513626099
2007-07-15 23:00:00+00:00,1.4759999513626099,1.4889999628067017,1.475100040435791,1.485200047492981
2007-07-22 23:00:00+00:00,1.485200047492981,1.4967000484466553,1.4825999736785889,1.4839999675750732
2007-07-29 23:00:00+00:00,1.4840999841690063,1.4873000383377075,1.4752999544143677,1.476199984550476
2007-08-05 23:00:00+00:00,1.476099967956543,1.4817999601364136,1.4665000438690186,1.4772000312805176
2007-08-12 23:00:00+00:00,1.4772000312805176,1.4816999435424805,1.465399980545044,1.4668999910354614
2007-08-19 23:00:00+00:00,1.4667999744415283,1.479099988937378,1.4645999670028687,1.4732999801635742
2007-08-26 23:00:00+00:00,1.4733999967575073,1.4805999994277954,1.468500018119812,1.4788999557495117
2007-09-02 23:00:00+00:00,1.4788999557495117,1.4835000038146973,1.4707000255584717,1.4716999530792236
2007-09-09 23:00:00+00:00,1.468000054359436,1.4708000421524048,1.4449000358581543,1.4460999965667725
2007-09-16 23:00:00+00:00,1.4458999633789062,1.4478000402450562,1.424299955368042,1.434000015258789
2007-09-23 23:00:00+00:00,1.4341000318527222,1.437600016593933,1.4226000308990479,1.4330999851226807
2007-09-30 23:00:00+00:00,1.4333000183105469,1.4471999406814575,1.4322999715805054,1.4428999423980713
2007-10-07 23:00:00+00:00,1.4428999423980713,1.4500999450683594,1.4270999431610107,1.4361000061035156
2007-10-14 23:00:00+00:00,1.4359999895095825,1.4387999773025513,1.4287999868392944,1.4300999641418457
2007-10-21 23:00:00+00:00,1.4300999641418457,1.441100001335144,1.4241000413894653,1.4253000020980835
2007-10-29 00:00:00+00:00,1.4253000020980835,1.4443999528884888,1.424299955368042,1.4391000270843506
2007-11-05 00:00:00+00:00,1.4391000270843506,1.4414000511169434,1.4187999963760376,1.422700047492981
2007-11-12 00:00:00+00:00,1.4226000308990479,1.426200032234192,1.392799973487854,1.3997999429702759
2007-11-19 00:00:00+00:00,1.399899959564209,1.5058000087738037,1.3808000087738037,1.3906999826431274
2007-11-26 00:00:00+00:00,1.3916000127792358,1.4061000347137451,1.3896000385284424,1.4033000469207764
2007-12-03 00:00:00+00:00,1.4032000303268433,1.410099983215332,1.38100004196167,1.3868000507354736
2007-12-10 00:00:00+00:00,1.3869999647140503,1.4007999897003174,1.385599970817566,1.3982000350952148
2007-12-17 00:00:00+00:00,1.3982000350952148,1.4053000211715698,1.3782000541687012,1.3795000314712524
2007-12-24 00:00:00+00:00,1.3792999982833862,1.3792999982833862,1.3531999588012695,1.3557000160217285
2007-12-31 00:00:00+00:00,1.3552000522613525,1.365399956703186,1.3344999551773071,1.3366999626159668
2008-01-07 00:00:00+00:00,1.336300015449524,1.3467999696731567,1.3179999589920044,1.3228000402450562
2008-01-14 00:00:00+00:00,1.3228000402450562,1.3476999998092651,1.3131999969482422,1.340399980545044
2008-01-21 00:00:00+00:00,1.3418999910354614,1.3521000146865845,1.3348000049591064,1.3518999814987183
2008-01-28 00:00:00+00:00,1.3514000177383423,1.3514000177383423,1.3250000476837158,1.327299952507019
2008-02-04 00:00:00+00:00,1.327299952507019,1.345900058746338,1.325600028038025,1.3395999670028687
2008-02-11 00:00:00+00:00,1.339400053024292,1.350000023841858,1.3315000534057617,1.3344000577926636
2008-02-18 00:00:00+00:00,1.3343000411987305,1.3366999626159668,1.3187999725341797,1.3270000219345093
2008-02-25 00:00:00+00:00,1.3270000219345093,1.3300000429153442,1.298699975013733,1.305299997329712
2008-03-03 00:00:00+00:00,1.304900050163269,1.315000057220459,1.2997000217437744,1.3112000226974487
2008-03-10 00:00:00+00:00,1.3118000030517578,1.3157999515533447,1.2806999683380127,1.2817000150680542
2008-03-17 00:00:00+00:00,1.2818000316619873,1.288100004196167,1.263700008392334,1.2842999696731567
2008-03-24 00:00:00+00:00,1.2842999696731567,1.2901999950408936,1.260699987411499,1.2619999647140503
2008-03-30 23:00:00+00:00,1.2619999647140503,1.2776000499725342,1.253100037574768,1.266700029373169
2008-04-06 23:00:00+00:00,1.2666000127792358,1.2702000141143799,1.2441999912261963,1.2511999607086182
2008-04-13 23:00:00+00:00,1.2512999773025513,1.2690000534057617,1.2344000339508057,1.2652000188827515
2008-04-20 23:00:00+00:00,1.2651000022888184,1.2732000350952148,1.2422000169754028,1.270300030708313
2008-04-27 23:00:00+00:00,1.2702000141143799,1.2867000102996826,1.2582000494003296,1.277899980545044
2008-05-04 23:00:00+00:00,1.277999997138977,1.2788000106811523,1.2589000463485718,1.2619999647140503
2008-05-11 23:00:00+00:00,1.2619999647140503,1.2690999507904053,1.2517000436782837,1.2553999423980713
2008-05-18 23:00:00+00:00,1.2553999423980713,1.2609000205993652,1.2446999549865723,1.2554999589920044
2008-05-25 23:00:00+00:00,1.2555999755859375,1.2759000062942505,1.2523000240325928,1.2687000036239624
2008-06-01 23:00:00+00:00,1.2683000564575195,1.2726000547409058,1.2455999851226807,1.2479000091552734
2008-06-08 23:00:00+00:00,1.2480000257492065,1.2700999975204468,1.2446999549865723,1.2661999464035034
2008-06-15 23:00:00+00:00,1.2664999961853027,1.2735999822616577,1.2568000555038452,1.2654000520706177
2008-06-22 23:00:00+00:00,1.2651000022888184,1.266700029373169,1.2575000524520874,1.2625999450683594
2008-06-29 23:00:00+00:00,1.2625999450683594,1.2654999494552612,1.2496000528335571,1.2623000144958496
2008-07-06 23:00:00+00:00,1.2621999979019165,1.2649999856948853,1.2461999654769897,1.2482999563217163
2008-07-13 23:00:00+00:00,1.2483999729156494,1.2640000581741333,1.2467999458312988,1.2589999437332153
2008-07-20 23:00:00+00:00,1.2590999603271484,1.2746000289916992,1.253600001335144,1.2664999961853027
2008-07-27 23:00:00+00:00,1.2666000127792358,1.2732000350952148,1.260599970817566,1.271399974822998
2008-08-24 23:00:00+00:00,1.257599949836731,1.2588000297546387,1.2285000085830688,1.2316999435424805
2008-08-31 23:00:00+00:00,1.2316999435424805,1.245300054550171,1.2217999696731567,1.242799997329712
2008-09-07 23:00:00+00:00,1.242799997329712,1.263100028038025,1.2378000020980835,1.256100058555603
2008-09-14 23:00:00+00:00,1.256500005722046,1.2735999822616577,1.2491999864578247,1.2663999795913696
2008-09-21 23:00:00+00:00,1.2661000490188599,1.267699956893921,1.2529000043869019,1.2596999406814575
2008-09-28 23:00:00+00:00,1.2597999572753906,1.295199990272522,1.2482999563217163,1.292799949645996
2008-10-05 23:00:00+00:00,1.2928999662399292,1.2975000143051147,1.2388999462127686,1.2589000463485718
2008-10-12 23:00:00+00:00,1.2588000297546387,1.2920000553131104,1.2553999423980713,1.2907999753952026
2008-10-19 23:00:00+00:00,1.2901999950408936,1.2984000444412231,1.2200000286102295,1.2559000253677368
2008-10-27 00:00:00+00:00,1.2555999755859375,1.2798999547958374,1.2307000160217285,1.2610000371932983
2008-11-03 00:00:00+00:00,1.2610000371932983,1.2740000486373901,1.2208000421524048,1.2301000356674194
2008-11-10 00:00:00+00:00,1.2310999631881714,1.232699990272522,1.1542999744415283,1.169800043106079
2008-11-17 00:00:00+00:00,1.1698999404907227,1.198699951171875,1.166700005531311,1.1805000305175781
2008-11-24 00:00:00+00:00,1.180999994277954,1.2136000394821167,1.1670000553131104,1.2103999853134155
2008-12-01 00:00:00+00:00,1.208299994468689,1.2127000093460083,1.1460000276565552,1.1546000242233276
2008-12-08 00:00:00+00:00,1.1541999578475952,1.1653000116348267,1.111799955368042,1.1145000457763672
2008-12-15 00:00:00+00:00,1.1145999431610107,1.1241999864578247,1.0463999509811401,1.0703999996185303
2008-12-22 00:00:00+00:00,1.0705000162124634,1.083899974822998,1.0384999513626099,1.0390000343322754
2008-12-29 00:00:00+00:00,1.0390000343322754,1.0591000318527222,1.0156999826431274,1.0398999452590942
2009-01-05 00:00:00+00:00,1.0398000478744507,1.1304999589920044,1.0374000072479248,1.1232999563217163
2009-01-12 00:00:00+00:00,1.1237000226974487,1.1291999816894531,1.0957000255584717,1.1134999990463257
2009-01-19 00:00:00+00:00,1.1134999990463257,1.11489999294281,1.0514999628067017,1.0550999641418457
2009-01-26 00:00:00+00:00,1.0556000471115112,1.135200023651123,1.0499000549316406,1.128000020980835
2009-02-02 00:00:00+00:00,1.1279000043869019,1.1535999774932861,1.0986000299453735,1.142799973487854
2009-02-09 00:00:00+00:00,1.142300009727478,1.156999945640564,1.1019999980926514,1.1124999523162842
2009-02-16 00:00:00+00:00,1.1121000051498413,1.139299988746643,1.1094000339508057,1.1229000091552734
2009-02-23 00:00:00+00:00,1.1233999729156494,1.1448999643325806,1.1133999824523926,1.1287000179290771
2009-03-02 00:00:00+00:00,1.1289000511169434,1.1341999769210815,1.1095000505447388,1.113700032234192
2009-03-09 00:00:00+00:00,1.1136000156402588,1.1160999536514282,1.073099970817566,1.0829999446868896
2009-03-16 00:00:00+00:00,1.0829999446868896,1.092900037765503,1.0546000003814697,1.0618000030517578
2009-03-23 00:00:00+00:00,1.061900019645691,1.0914000272750854,1.0608999729156494,1.0758999586105347
2009-03-29 23:00:00+00:00,1.0765000581741333,1.1055999994277954,1.070199966430664,1.0995999574661255
2009-04-05 23:00:00+00:00,1.0995999574661255,1.1162999868392944,1.0968999862670898,1.1117000579833984
2009-04-12 23:00:00+00:00,1.111299991607666,1.1375999450683594,1.108299970626831,1.1340999603271484
2009-04-19 23:00:00+00:00,1.1340999603271484,1.1359000205993652,1.1008000373840332,1.1079000234603882
2009-04-26 23:00:00+00:00,1.1073999404907227,1.1253000497817993,1.1039999723434448,1.104099988937378
2009-05-03 23:00:00+00:00,1.1241999864578247,1.1404000520706177,1.113800048828125,1.1152000427246094
2009-05-10 23:00:00+00:00,1.1152000427246094,1.1267999410629272,1.1064000129699707,1.1243000030517578
2009-05-17 23:00:00+00:00,1.1241999864578247,1.145799994468689,1.1241999864578247,1.1354000568389893
2009-05-24 23:00:00+00:00,1.1349999904632568,1.1549999713897705,1.1332000494003296,1.1452000141143799
2009-05-31 23:00:00+00:00,1.145300030708313,1.1654000282287598,1.127500057220459,1.1435999870300293
2009-06-07 23:00:00+00:00,1.143399953842163,1.1785000562667847,1.1368999481201172,1.1741000413894653
2009-06-14 23:00:00+00:00,1.1740000247955322,1.1866999864578247,1.1627000570297241,1.180899977684021
2009-06-21 23:00:00+00:00,1.180999994277954,1.1894999742507935,1.162600040435791,1.173699975013733
2009-06-28 23:00:00+00:00,1.1735999584197998,1.1849000453948975,1.1584999561309814,1.1663000583648682
2009-07-05 23:00:00+00:00,1.1663000583648682,1.1708999872207642,1.1527999639511108,1.1598999500274658
2009-07-12 23:00:00+00:00,1.1597000360488892,1.1689000129699707,1.1490000486373901,1.1575000286102295
2009-07-19 23:00:00+00:00,1.1627000570297241,1.1660000085830688,1.154099941253662,1.1557999849319458
2009-07-26 23:00:00+00:00,1.156999945640564,1.17330002784729,1.156499981880188,1.1722999811172485
2009-08-02 23:00:00+00:00,1.1744999885559082,1.1792999505996704,1.1684999465942383,1.1748000383377075
2009-08-09 23:00:00+00:00,1.1650999784469604,1.1656999588012695,1.1592999696731567,1.1624000072479248
2009-08-16 23:00:00+00:00,1.1598000526428223,1.1718000173568726,1.1504000425338745,1.1511000394821167
2009-08-23 23:00:00+00:00,1.1480000019073486,1.148300051689148,1.1330000162124634,1.1368000507354736
2009-08-30 23:00:00+00:00,1.1354000568389893,1.1469000577926636,1.1344000101089478,1.145799994468689
2009-09-06 23:00:00+00:00,1.1390000581741333,1.143399953842163,1.1354999542236328,1.142199993133545
2009-09-13 23:00:00+00:00,1.1327999830245972,1.1346999406814575,1.104099988937378,1.1050000190734863
2009-09-20 23:00:00+00:00,1.1045000553131104,1.1103999614715576,1.0744999647140503,1.0780999660491943
2009-09-27 23:00:00+00:00,1.0856000185012817,1.0958000421524048,1.0853999853134155,1.0908000469207764
2009-10-04 23:00:00+00:00,1.0872000455856323,1.0877000093460083,1.0752999782562256,1.0760999917984009
2009-10-11 23:00:00+00:00,1.0687999725341797,1.098099946975708,1.0686999559402466,1.0979000329971313
2009-10-18 23:00:00+00:00,1.095900058746338,1.1066999435424805,1.0829999446868896,1.0852999687194824
2009-10-26 00:00:00+00:00,1.0851000547409058,1.1216000318527222,1.0819000005722046,1.1154999732971191
2009-11-02 00:00:00+00:00,1.1155999898910522,1.1211999654769897,1.1031999588012695,1.118299961090088
2009-11-09 00:00:00+00:00,1.1181999444961548,1.1232999563217163,1.1028000116348267,1.1186000108718872
2009-11-16 00:00:00+00:00,1.1176999807357788,1.131600022315979,1.108199954032898,1.1095999479293823
2009-11-23 00:00:00+00:00,1.1095000505447388,1.1133999824523926,1.094599962234497,1.0997999906539917
2009-11-30 00:00:00+00:00,1.0989999771118164,1.1117000579833984,1.0920000076293945,1.1074999570846558
2009-12-07 00:00:00+00:00,1.1073999404907227,1.1131999492645264,1.0993000268936157,1.1092000007629395
2009-12-14 00:00:00+00:00,1.1096999645233154,1.1295000314712524,1.1049000024795532,1.125100016593933
2009-12-21 00:00:00+00:00,1.1253000497817993,1.128000020980835,1.1039999723434448,1.1095000505447388
2009-12-28 00:00:00+00:00,1.1101000308990479,1.1289000511169434,1.104099988937378,1.1268999576568604
2010-01-04 00:00:00+00:00,1.1273000240325928,1.128600001335144,1.107800006866455,1.1116000413894653
2010-01-11 00:00:00+00:00,1.1115000247955322,1.1345000267028809,1.1074999570846558,1.1328999996185303
2010-01-18 00:00:00+00:00,1.1331000328063965,1.1556999683380127,1.131700038909912,1.138200044631958
2010-01-25 00:00:00+00:00,1.138100028038025,1.1619999408721924,1.1367000341415405,1.1510000228881836
2010-02-01 00:00:00+00:00,1.1506999731063843,1.1512000560760498,1.1402000188827515,1.143399953842163
2010-02-08 00:00:00+00:00,1.142799973487854,1.1547000408172607,1.1308000087738037,1.149399995803833
2010-02-15 00:00:00+00:00,1.1497999429702759,1.1539000272750854,1.1339999437332153,1.134600043296814
2010-02-22 00:00:00+00:00,1.134600043296814,1.1425000429153442,1.11080002784729,1.1128000020980835
2010-03-01 00:00:00+00:00,1.1126999855041504,1.1146999597549438,1.0928000211715698,1.1101000308990479
2010-03-08 00:00:00+00:00,1.1103999614715576,1.111199975013733,1.094499945640564,1.1030999422073364
2010-03-15 00:00:00+00:00,1.1029000282287598,1.1211999654769897,1.0951999425888062,1.1093000173568726
2010-03-22 00:00:00+00:00,1.1093000173568726,1.1239999532699585,1.105299949645996,1.1083999872207642
2010-03-28 23:00:00+00:00,1.1090999841690063,1.1332000494003296,1.1087000370025635,1.1309000253677368
2010-04-04 23:00:00+00:00,1.1309000253677368,1.1481000185012817,1.1283999681472778,1.13100004196167
2010-04-11 23:00:00+00:00,1.1304999589920044,1.142899990081787,1.1279000043869019,1.1332999467849731
2010-04-18 23:00:00+00:00,1.1332999467849731,1.1613999605178833,1.1305999755859375,1.1509000062942505
2010-04-25 23:00:00+00:00,1.1505000591278076,1.1619000434875488,1.144700050354004,1.1485999822616577
2010-05-02 23:00:00+00:00,1.1486999988555908,1.1859999895095825,1.1354999542236328,1.1468000411987305
2010-05-09 23:00:00+00:00,1.1466000080108643,1.1836999654769897,1.142699956893921,1.1753000020980835
2010-05-16 23:00:00+00:00,1.1749000549316406,1.176800012588501,1.1390999555587769,1.15339994430542
2010-05-23 23:00:00+00:00,1.1536999940872192,1.1864999532699585,1.1531000137329102,1.1766999959945679
2010-05-30 23:00:00+00:00,1.176300048828125,1.2111999988555908,1.1727999448776245,1.2073999643325806
2010-06-06 23:00:00+00:00,1.207200050354004,1.2173999547958374,1.1993000507354736,1.2007999420166016
2010-06-13 23:00:00+00:00,1.2003999948501587,1.2099000215530396,1.190500020980835,1.1952999830245972
2010-06-20 23:00:00+00:00,1.1956000328063965,1.2218999862670898,1.1929999589920044,1.2145999670028687
2010-06-27 23:00:00+00:00,1.215000033378601,1.2391999959945679,1.204699993133545,1.2093000411987305
2010-07-04 23:00:00+00:00,1.2092000246047974,1.211300015449524,1.1900999546051025,1.1914000511169434
2010-07-11 23:00:00+00:00,1.1913000345230103,1.2019000053405762,1.1764999628067017,1.1857999563217163
2010-07-18 23:00:00+00:00,1.1857000589370728,1.20169997215271,1.1718000173568726,1.1970000267028809
2010-07-25 23:00:00+00:00,1.1963000297546387,1.2038999795913696,1.187999963760376,1.2021000385284424
2010-08-01 23:00:00+00:00,1.2019000053405762,1.2109999656677246,1.1990000009536743,1.205199956893921
2010-08-08 23:00:00+00:00,1.202299952507019,1.22160005569458,1.1958999633789062,1.214400053024292
2010-08-15 23:00:00+00:00,1.221500039100647,1.223099946975708,1.2072999477386475,1.2158000469207764
2010-08-22 23:00:00+00:00,1.2226999998092651,1.2276999950408936,1.2138999700546265,1.220900058746338
2010-08-29 23:00:00+00:00,1.2174999713897705,1.2246999740600586,1.19760000705719,1.2001999616622925
2010-09-05 23:00:00+00:00,1.1979000568389893,1.2187999486923218,1.19159996509552,1.2151999473571777
2010-09-12 23:00:00+00:00,1.2081999778747559,1.2086000442504883,1.1900999546051025,1.194700002670288
2010-09-19 23:00:00+00:00,1.1988999843597412,1.1994999647140503,1.1655000448226929,1.176800012588501
2010-09-26 23:00:00+00:00,1.1739000082015991,1.1806999444961548,1.148900032043457,1.1535999774932861
2010-10-03 23:00:00+00:00,1.1477999687194824,1.1589000225067139,1.135699987411499,1.1399999856948853
2010-10-10 23:00:00+00:00,1.1401000022888184,1.149399995803833,1.131100058555603,1.1371999979019165
2010-10-17 23:00:00+00:00,1.1441999673843384,1.1484999656677246,1.1224000453948975,1.128499984741211
2010-10-24 23:00:00+00:00,1.1246999502182007,1.1531000137329102,1.118299961090088,1.1449999809265137
2010-11-01 00:00:00+00:00,1.1503000259399414,1.155400037765503,1.1339000463485718,1.143399953842163
2010-11-08 00:00:00+00:00,1.1511000394821167,1.1830999851226807,1.1502000093460083,1.1818000078201294
2010-11-15 00:00:00+00:00,1.1777000427246094,1.1825000047683716,1.166599988937378,1.1749000549316406
2010-11-22 00:00:00+00:00,1.164199948310852,1.1872999668121338,1.1629999876022339,1.1812000274658203
2010-11-29 00:00:00+00:00,1.1777000427246094,1.1995999813079834,1.1728999614715576,1.179800033569336
2010-12-06 00:00:00+00:00,1.1749000549316406,1.1964000463485718,1.1749000549316406,1.191100001335144
2010-12-13 00:00:00+00:00,1.1964000463485718,1.19760000705719,1.1691999435424805,1.180400013923645
2010-12-20 00:00:00+00:00,1.1783000230789185,1.183500051498413,1.1726000308990479,1.1761000156402588
2010-12-27 00:00:00+00:00,1.1779999732971191,1.1779999732971191,1.156599998474121,1.1598000526428223
2011-01-03 00:00:00+00:00,1.1650999784469604,1.1993000507354736,1.1572999954223633,1.1902999877929688
2011-01-10 00:00:00+00:00,1.2051000595092773,1.2065000534057617,1.176800012588501,1.1865999698638916
2011-01-17 00:00:00+00:00,1.1866999864578247,1.1998000144958496,1.1723999977111816,1.1811000108718872
2011-01-24 00:00:00+00:00,1.1742000579833984,1.1771999597549438,1.1531000137329102,1.1603000164031982
2011-01-31 00:00:00+00:00,1.1655000448226929,1.186900019645691,1.1598999500274658,1.1837999820709229
2011-02-07 00:00:00+00:00,1.1859999895095825,1.1917999982833862,1.1726000308990479,1.1828999519348145
2011-02-14 00:00:00+00:00,1.1842999458312988,1.1960999965667725,1.1837999820709229,1.187000036239624
2011-02-21 00:00:00+00:00,1.1849000453948975,1.1923999786376953,1.1638000011444092,1.1680999994277954
2011-02-28 00:00:00+00:00,1.1720000505447388,1.180999994277954,1.1622999906539917,1.1657999753952026
2011-03-07 00:00:00+00:00,1.1620999574661255,1.1714999675750732,1.1568000316619873,1.1639000177383423
2011-03-14 00:00:00+00:00,1.1531000137329102,1.1586999893188477,1.1416000127792358,1.1505000591278076
2011-03-21 00:00:00+00:00,1.1446000337600708,1.1552000045776367,1.1347999572753906,1.1373000144958496
2011-03-27 23:00:00+00:00,1.1410000324249268,1.142300009727478,1.1295000314712524,1.132200002670288
2011-04-03 23:00:00+00:00,1.1332000494003296,1.1473000049591064,1.13100004196167,1.1409000158309937
2011-04-10 23:00:00+00:00,1.1319999694824219,1.1369999647140503,1.120300054550171,1.1263999938964844
2011-04-17 23:00:00+00:00,1.131700038909912,1.1433000564575195,1.1261999607086182,1.134600043296814
2011-04-24 23:00:00+00:00,1.1347999572753906,1.135200023651123,1.1187000274658203,1.1212999820709229
2011-05-01 23:00:00+00:00,1.1279000043869019,1.1345000267028809,1.1058000326156616,1.1265000104904175
2011-05-08 23:00:00+00:00,1.138800024986267,1.1526000499725342,1.1340999603271484,1.143399953842163
2011-05-15 23:00:00+00:00,1.1490000486373901,1.1514999866485596,1.1309000253677368,1.1334999799728394
2011-05-22 23:00:00+00:00,1.148800015449524,1.1608999967575073,1.1425000429153442,1.159000039100647
2011-05-29 23:00:00+00:00,1.1543999910354614,1.1548000574111938,1.1208000183105469,1.1295000314712524
2011-06-05 23:00:00+00:00,1.122499942779541,1.1313999891281128,1.1141999959945679,1.1273000240325928
2011-06-12 23:00:00+00:00,1.1319999694824219,1.1461999416351318,1.1292999982833862,1.1376999616622925
2011-06-19 23:00:00+00:00,1.132099986076355,1.1373000144958496,1.1175999641418457,1.1225999593734741
2011-06-26 23:00:00+00:00,1.1258000135421753,1.1283999681472778,1.1008000373840332,1.106600046157837
2011-07-03 23:00:00+00:00,1.1047999858856201,1.1276999711990356,1.1025999784469604,1.1122000217437744
2011-07-10 23:00:00+00:00,1.128000020980835,1.1432000398635864,1.1246000528335571,1.1403000354766846
2011-07-17 23:00:00+00:00,1.1411000490188599,1.1484999656677246,1.1294000148773193,1.1318000555038452
2011-07-24 23:00:00+00:00,1.1337000131607056,1.1446000337600708,1.1256999969482422,1.141800045967102
2011-07-31 23:00:00+00:00,1.1424000263214111,1.156599998474121,1.1354999542236328,1.1541999578475952
2011-08-07 23:00:00+00:00,1.1482000350952148,1.1539000272750854,1.1253999471664429,1.1404000520706177
2011-08-14 23:00:00+00:00,1.1411999464035034,1.1549999713897705,1.132699966430664,1.1520999670028687
2011-08-21 23:00:00+00:00,1.146299958229065,1.1497000455856323,1.1275999546051025,1.132599949836731
2011-08-28 23:00:00+00:00,1.1275999546051025,1.1405999660491943,1.125499963760376,1.1347999572753906
2011-09-04 23:00:00+00:00,1.1420999765396118,1.1627000570297241,1.1308000087738037,1.148900032043457
2011-09-11 23:00:00+00:00,1.1648999452590942,1.1713999509811401,1.1375999450683594,1.1385999917984009
2011-09-18 23:00:00+00:00,1.1474000215530396,1.152999997138977,1.1373000144958496,1.139299988746643
2011-09-25 23:00:00+00:00,1.1434999704360962,1.162500023841858,1.142799973487854,1.1481000185012817
2011-10-02 23:00:00+00:00,1.1653000116348267,1.1713999509811401,1.145900011062622,1.1490999460220337
2011-10-09 23:00:00+00:00,1.1608999967575073,1.1613999605178833,1.1377999782562256,1.1455999612808228
2011-10-16 23:00:00+00:00,1.1397000551223755,1.152999997138977,1.1368000507354736,1.1460000276565552
2011-10-23 23:00:00+00:00,1.1511000394821167,1.1526000499725342,1.1327999830245972,1.1347999572753906
2011-10-31 00:00:00+00:00,1.139299988746643,1.1694999933242798,1.138100028038025,1.1598000526428223
2011-11-07 00:00:00+00:00,1.1627000570297241,1.1782000064849854,1.1617000102996826,1.1710000038146973
2011-11-14 00:00:00+00:00,1.166100025177002,1.173699975013733,1.1622999906539917,1.1704000234603882
2011-11-21 00:00:00+00:00,1.1654000282287598,1.1699999570846558,1.1539000272750854,1.1606999635696411
2011-11-28 00:00:00+00:00,1.1633000373840332,1.17330002784729,1.160599946975708,1.1646000146865845
2011-12-05 00:00:00+00:00,1.1633000373840332,1.176800012588501,1.1608999967575073,1.1714999675750732
2011-12-12 00:00:00+00:00,1.1705000400543213,1.1938999891281128,1.1689000129699707,1.1914000511169434
2011-12-19 00:00:00+00:00,1.1904000043869019,1.2041000127792358,1.1878000497817993,1.200700044631958
2011-12-26 00:00:00+00:00,1.1953999996185303,1.1998000144958496,1.1888999938964844,1.1973999738693237
2012-01-02 00:00:00+00:00,1.1973999738693237,1.215999960899353,1.1943000555038452,1.2158000469207764
2012-01-09 00:00:00+00:00,1.2157000303268433,1.2157000303268433,1.193600058555603,1.2089999914169312
2012-01-16 00:00:00+00:00,1.2094999551773071,1.2110999822616577,1.1933000087738037,1.205399990081787
2012-01-23 00:00:00+00:00,1.2055000066757202,1.2064000368118286,1.1888999938964844,1.190000057220459
2012-01-30 00:00:00+00:00,1.1901999711990356,1.207900047302246,1.1900999546051025,1.2032999992370605
2012-02-06 00:00:00+00:00,1.2035000324249268,1.2095999717712402,1.1892999410629272,1.1919000148773193
2012-02-13 00:00:00+00:00,1.1913000345230103,1.207800030708313,1.1898000240325928,1.2000000476837158
2012-02-20 00:00:00+00:00,1.1995999813079834,1.2021000385284424,1.1754000186920166,1.1790000200271606
2012-02-27 00:00:00+00:00,1.1792000532150269,1.2024999856948853,1.1776000261306763,1.2001999616622925
2012-03-05 00:00:00+00:00,1.2005000114440918,1.201799988746643,1.190500020980835,1.194000005722046
2012-03-12 00:00:00+00:00,1.1937999725341797,1.2055000066757202,1.187000036239624,1.2014000415802002
2012-03-19 00:00:00+00:00,1.2015000581741333,1.2070000171661377,1.1933000087738037,1.1956000328063965
2012-03-25 23:00:00+00:00,1.1950000524520874,1.2008999586105347,1.190999984741211,1.1974999904632568
2012-04-01 23:00:00+00:00,1.1986000537872314,1.2139999866485596,1.1963000297546387,1.2130999565124512
2012-04-08 23:00:00+00:00,1.2131999731063843,1.2151000499725342,1.2071000337600708,1.2130999565124512
2012-04-15 23:00:00+00:00,1.2139999866485596,1.225000023841858,1.2101999521255493,1.2213000059127808
2012-04-22 23:00:00+00:00,1.2213000059127808,1.229099988937378,1.2163000106811523,1.226199984550476
2012-04-29 23:00:00+00:00,1.2294000387191772,1.24399995803833,1.2197999954223633,1.2421000003814697
2012-05-06 23:00:00+00:00,1.243399977684021,1.25,1.2378000020980835,1.2462999820709229
2012-05-13 23:00:00+00:00,1.2460999488830566,1.2575000524520874,1.236899971961975,1.2382999658584595
2012-05-20 23:00:00+00:00,1.2378000020980835,1.2527999877929688,1.2345000505447388,1.2474000453948975
2012-05-27 23:00:00+00:00,1.2475999593734741,1.25409996509552,1.2351000308990479,1.236299991607666
2012-06-03 23:00:00+00:00,1.2375999689102173,1.2418999671936035,1.225600004196167,1.2288000583648682
2012-06-10 23:00:00+00:00,1.2285000085830688,1.2479000091552734,1.2265000343322754,1.2346999645233154
2012-06-17 23:00:00+00:00,1.2367000579833984,1.246000051498413,1.2344000339508057,1.2425999641418457
2012-06-24 23:00:00+00:00,1.242400050163269,1.2522000074386597,1.2353999614715576,1.2388999462127686
2012-07-01 23:00:00+00:00,1.2388999462127686,1.26419997215271,1.2379000186920166,1.2617000341415405
2012-07-08 23:00:00+00:00,1.2613999843597412,1.2723000049591064,1.2581000328063965,1.2714999914169312
2012-07-15 23:00:00+00:00,1.2720999717712402,1.2890000343322754,1.2696000337600708,1.2878999710083008
2012-07-22 23:00:00+00:00,1.2869000434875488,1.2877000570297241,1.2700999975204468,1.277999997138977
2012-07-29 23:00:00+00:00,1.277999997138977,1.283400058746338,1.2582000494003296,1.2618000507354736
2012-08-05 23:00:00+00:00,1.2591999769210815,1.2771999835968018,1.2556999921798706,1.2757999897003174
2012-08-12 23:00:00+00:00,1.2759000062942505,1.2797000408172607,1.2662999629974365,1.271399974822998
2012-08-19 23:00:00+00:00,1.2719999551773071,1.2762000560760498,1.2604000568389893,1.2633999586105347
2012-08-26 23:00:00+00:00,1.2633999586105347,1.2654000520706177,1.25600004196167,1.2613999843597412
2012-09-02 23:00:00+00:00,1.2616000175476074,1.2675000429153442,1.2488000392913818,1.2506999969482422
2012-09-09 23:00:00+00:00,1.2508000135421753,1.2548999786376953,1.232300043106079,1.236899971961975
2012-09-16 23:00:00+00:00,1.236799955368042,1.2537000179290771,1.2343000173568726,1.2517999410629272
2012-09-23 23:00:00+00:00,1.2516000270843506,1.2618000507354736,1.2503000497817993,1.257099986076355
2012-09-30 23:00:00+00:00,1.2585999965667725,1.2585999965667725,1.2374000549316406,1.2390999794006348
2012-10-07 23:00:00+00:00,1.2395000457763672,1.2462999820709229,1.2343000173568726,1.2410999536514282
2012-10-14 23:00:00+00:00,1.2412999868392944,1.243499994277954,1.2273000478744507,1.2281999588012695
2012-10-21 23:00:00+00:00,1.2282999753952026,1.249400019645691,1.2247999906539917,1.2444000244140625
2012-10-29 00:00:00+00:00,1.2446999549865723,1.2503000497817993,1.2381999492645264,1.2487000226974487
2012-11-05 00:00:00+00:00,1.248900055885315,1.2559000253677368,1.2451000213623047,1.2491999864578247
2012-11-12 00:00:00+00:00,1.2489999532699585,1.2544000148773193,1.2396999597549438,1.2460999488830566
2012-11-19 00:00:00+00:00,1.2458000183105469,1.2486000061035156,1.2316999435424805,1.23580002784729
2012-11-26 00:00:00+00:00,1.2353999614715576,1.2404999732971191,1.229599952697754,1.2325999736785889
2012-12-03 00:00:00+00:00,1.232800006866455,1.2444000244140625,1.2273000478744507,1.2426999807357788
2012-12-10 00:00:00+00:00,1.2422000169754028,1.2444000244140625,1.2258000373840332,1.2280999422073364
2012-12-17 00:00:00+00:00,1.2280999422073364,1.2323999404907227,1.2240999937057495,1.2252999544143677
2012-12-24 00:00:00+00:00,1.2252999544143677,1.2268999814987183,1.215499997138977,1.2216999530792236
2012-12-31 00:00:00+00:00,1.22160005569458,1.2364000082015991,1.2211999893188477,1.229200005531311
2013-01-07 00:00:00+00:00,1.2294000387191772,1.2333999872207642,1.2064000368118286,1.2067999839782715
2013-01-14 00:00:00+00:00,1.2067999839782715,1.2095999717712402,1.1892999410629272,1.1902999877929688
2013-01-21 00:00:00+00:00,1.1902999877929688,1.1953999996185303,1.1698999404907227,1.1717000007629395
2013-01-28 00:00:00+00:00,1.1713999509811401,1.1721999645233154,1.148800015449524,1.1502000093460083
2013-02-04 00:00:00+00:00,1.1504000425338745,1.1841000318527222,1.149899959564209,1.1816999912261963
2013-02-11 00:00:00+00:00,1.1819000244140625,1.1821999549865723,1.1513999700546265,1.159999966621399
2013-02-18 00:00:00+00:00,1.160099983215332,1.1622999906539917,1.1396000385284424,1.1440999507904053
2013-02-25 00:00:00+00:00,1.1440999507904053,1.1656999588012695,1.1341999769210815,1.1548999547958374
2013-03-04 00:00:00+00:00,1.1548999547958374,1.1640000343322754,1.1440000534057617,1.1476000547409058
2013-03-11 00:00:00+00:00,1.1476999521255493,1.1715999841690063,1.1369999647140503,1.1711000204086304
2013-03-18 00:00:00+00:00,1.1713999509811401,1.1783000230789185,1.1640000343322754,1.1705000400543213
2013-03-25 00:00:00+00:00,1.1705000400543213,1.187999963760376,1.1677000522613525,1.1863000392913818
2013-03-31 23:00:00+00:00,1.1865999698638916,1.1886999607086182,1.1735999584197998,1.179800033569336
2013-04-07 23:00:00+00:00,1.1813000440597534,1.1813000440597534,1.1680999994277954,1.170799970626831
2013-04-14 23:00:00+00:00,1.1720999479293823,1.1755000352859497,1.1577999591827393,1.1655999422073364
2013-04-21 23:00:00+00:00,1.1657999753952026,1.1904000043869019,1.1639000177383423,1.1864999532699585
2013-04-28 23:00:00+00:00,1.1877000331878662,1.1895999908447266,1.1770999431610107,1.1864999532699585
2013-05-05 23:00:00+00:00,1.1866999864578247,1.190000057220459,1.1782000064849854,1.1837999820709229
2013-05-12 23:00:00+00:00,1.1832000017166138,1.1871999502182007,1.174299955368042,1.1822999715805054
2013-05-19 23:00:00+00:00,1.1825000047683716,1.183899998664856,1.1628999710083008,1.1689000129699707
2013-05-26 23:00:00+00:00,1.1691999435424805,1.1721999645233154,1.163100004196167,1.1693700551986694
2013-06-02 23:00:00+00:00,1.16989004611969,1.1791000366210938,1.1681699752807617,1.1755000352859497
2013-06-09 23:00:00+00:00,1.1758999824523926,1.1801999807357788,1.1693400144577026,1.1775799989700317
2013-06-16 23:00:00+00:00,1.1777000427246094,1.1793999671936035,1.1637799739837646,1.1740299463272095
2013-06-23 23:00:00+00:00,1.1741000413894653,1.1806000471115112,1.1628999710083008,1.1682100296020508
2013-06-30 23:00:00+00:00,1.1684000492095947,1.1786999702453613,1.1581000089645386,1.1593999862670898
2013-07-07 23:00:00+00:00,1.1594799757003784,1.1658999919891357,1.1513999700546265,1.1561800241470337
2013-07-14 23:00:00+00:00,1.1560800075531006,1.1640000343322754,1.1479400396347046,1.1612000465393066
2013-07-21 23:00:00+00:00,1.16143000125885,1.1649999618530273,1.1561100482940674,1.1583600044250488
2013-07-28 23:00:00+00:00,1.1583000421524048,1.159540057182312,1.1401000022888184,1.1508699655532837
2013-08-04 23:00:00+00:00,1.1512000560760498,1.1653000116348267,1.145859956741333,1.1628999710083008
2013-08-11 23:00:00+00:00,1.1628400087356567,1.1756000518798828,1.1612099409103394,1.172160029411316
2013-08-18 23:00:00+00:00,1.1720999479293823,1.174399971961975,1.1610000133514404,1.1638000011444092
2013-08-25 23:00:00+00:00,1.163699984550476,1.1754000186920166,1.156000018119812,1.1749299764633179
2013-09-01 23:00:00+00:00,1.1747000217437744,1.190999984741211,1.1745400428771973,1.1868000030517578
2013-09-08 23:00:00+00:00,1.1868000030517578,1.19622004032135,1.1827000379562378,1.19173002243042
2013-09-15 23:00:00+00:00,1.192639946937561,1.196810007095337,1.1800299882888794,1.1831899881362915
2013-09-22 23:00:00+00:00,1.183150053024292,1.197700023651123,1.182919979095459,1.1975500583648682
2013-09-29 23:00:00+00:00,1.1978000402450562,1.1998000144958496,1.1777000427246094,1.1818000078201294
2013-10-06 23:00:00+00:00,1.1820000410079956,1.1866999864578247,1.1749299764633179,1.177549958229065
2013-10-13 23:00:00+00:00,1.1778000593185425,1.1850999593734741,1.1767899990081787,1.1816999912261963
2013-10-20 23:00:00+00:00,1.1816999912261963,1.1832000017166138,1.1688499450683594,1.1712000370025635
2013-10-28 00:00:00+00:00,1.171180009841919,1.1835999488830566,1.1645499467849731,1.179819941520691
2013-11-04 00:00:00+00:00,1.1799999475479126,1.204200029373169,1.1796000003814697,1.198699951171875
2013-11-11 00:00:00+00:00,1.198639988899231,1.1988999843597412,1.1812900304794312,1.194790005683899
2013-11-18 00:00:00+00:00,1.1948000192642212,1.2022000551223755,1.1881200075149536,1.1974999904632568
2013-11-25 00:00:00+00:00,1.197540044784546,1.2055000066757202,1.1915600299835205,1.2055000066757202
2013-12-02 00:00:00+00:00,1.205299973487854,1.2111999988555908,1.1908999681472778,1.1910699605941772
2013-12-09 00:00:00+00:00,1.191100001335144,1.1972999572753906,1.1832000017166138,1.1862800121307373
2013-12-16 00:00:00+00:00,1.186400055885315,1.2001999616622925,1.1810799837112427,1.1936999559402466
2013-12-23 00:00:00+00:00,1.1935700178146362,1.2003999948501587,1.1917999982833862,1.1986000537872314
2013-12-30 00:00:00+00:00,1.1981899738311768,1.2085000276565552,1.194000005722046,1.2069200277328491
2014-01-06 00:00:00+00:00,1.2070000171661377,1.2148000001907349,1.2002899646759033,1.2060999870300293
2014-01-13 00:00:00+00:00,1.2062000036239624,1.2137999534606934,1.1979999542236328,1.2134000062942505
2014-01-20 00:00:00+00:00,1.2135000228881836,1.2235000133514404,1.2037999629974365,1.2043999433517456
2014-01-27 00:00:00+00:00,1.2049000263214111,1.2209999561309814,1.204450011253357,1.2182999849319458
2014-02-03 00:00:00+00:00,1.2187000513076782,1.218999981880188,1.197700023651123,1.2045999765396118
2014-02-10 00:00:00+00:00,1.204699993133545,1.2235000133514404,1.1993000507354736,1.2232999801635742
2014-02-17 00:00:00+00:00,1.2231999635696411,1.225600004196167,1.2093000411987305,1.2106000185012817
2014-02-24 00:00:00+00:00,1.2103300094604492,1.2206000089645386,1.2070000171661377,1.2143000364303589
2014-03-03 00:00:00+00:00,1.2148000001907349,1.2186000347137451,1.2029000520706177,1.2052299976348877
2014-03-10 00:00:00+00:00,1.2053200006484985,1.2058000564575195,1.1922999620437622,1.196079969406128
2014-03-17 00:00:00+00:00,1.1963000297546387,1.2003999948501587,1.1904000043869019,1.1950500011444092
2014-03-24 00:00:00+00:00,1.1953999996185303,1.212499976158142,1.1902999877929688,1.2100499868392944
2014-03-30 23:00:00+00:00,1.210129976272583,1.211899995803833,1.2026000022888184,1.2101000547409058
2014-04-06 23:00:00+00:00,1.2095999717712402,1.2146999835968018,1.2026000022888184,1.2081999778747559
2014-04-13 23:00:00+00:00,1.2079999446868896,1.2170000076293945,1.2070000171661377,1.2155699729919434
2014-04-20 23:00:00+00:00,1.2148000001907349,1.2196999788284302,1.212499976158142,1.2137000560760498
2014-04-27 23:00:00+00:00,1.2141000032424927,1.2192000150680542,1.2108999490737915,1.2161999940872192
2014-05-04 23:00:00+00:00,1.2164599895477295,1.2252999544143677,1.2122999429702759,1.2249399423599243
2014-05-11 23:00:00+00:00,1.225000023841858,1.2301000356674194,1.2218600511550903,1.2281999588012695
2014-05-18 23:00:00+00:00,1.2275400161743164,1.2371000051498413,1.2254999876022339,1.2352999448776245
2014-05-25 23:00:00+00:00,1.2348999977111816,1.2366000413894653,1.2266000509262085,1.2293000221252441
2014-06-01 23:00:00+00:00,1.229099988937378,1.2395000457763672,1.226930022239685,1.2310999631881714
2014-06-08 23:00:00+00:00,1.2316999435424805,1.2544000148773193,1.2310700416564941,1.25409996509552
2014-06-15 23:00:00+00:00,1.2538599967956543,1.2561999559402466,1.2462999820709229,1.2516000270843506
2014-06-22 23:00:00+00:00,1.2523000240325928,1.2533999681472778,1.2447999715805054,1.2482000589370728
2014-06-29 23:00:00+00:00,1.2484999895095825,1.2626999616622925,1.2457000017166138,1.2624000310897827
2014-07-06 23:00:00+00:00,1.2620999813079834,1.2632999420166016,1.254699945449829,1.2582499980926514
2014-07-13 23:00:00+00:00,1.2584999799728394,1.2675000429153442,1.2527999877929688,1.2627999782562256
2014-07-20 23:00:00+00:00,1.2627999782562256,1.269700050354004,1.259529948234558,1.2640000581741333
2014-07-27 23:00:00+00:00,1.2642500400543213,1.2649999856948853,1.2512199878692627,1.2527999877929688
2014-08-03 23:00:00+00:00,1.2529000043869019,1.2627999782562256,1.250499963760376,1.2515000104904175
2014-08-10 23:00:00+00:00,1.251230001449585,1.260200023651123,1.2441999912261963,1.2482999563217163
2014-08-17 23:00:00+00:00,1.2483999729156494,1.2542999982833862,1.245479941368103,1.253849983215332
2014-08-24 23:00:00+00:00,1.2538000345230103,1.2639000415802002,1.2530699968338013,1.2630000114440918
2014-08-31 23:00:00+00:00,1.2635300159454346,1.2669999599456787,1.2472200393676758,1.2518999576568604
2014-09-07 23:00:00+00:00,1.2518999576568604,1.2584999799728394,1.2400000095367432,1.25409996509552
2014-09-14 23:00:00+00:00,1.2544000148773193,1.2802000045776367,1.2486000061035156,1.2700999975204468
2014-09-21 23:00:00+00:00,1.2702000141143799,1.2842999696731567,1.2675000429153442,1.2811800241470337
2014-09-28 23:00:00+00:00,1.281000018119812,1.2872200012207031,1.2719999551773071,1.2756999731063843
2014-10-05 23:00:00+00:00,1.2755000591278076,1.2769999504089355,1.2644000053405762,1.2722500562667847
2014-10-12 23:00:00+00:00,1.2730000019073486,1.2732000350952148,1.2455999851226807,1.2621699571609497
2014-10-19 23:00:00+00:00,1.2619999647140503,1.2702000141143799,1.2590199708938599,1.2690999507904053
2014-10-27 00:00:00+00:00,1.2690999507904053,1.277999997138977,1.26419997215271,1.277400016784668
2014-11-03 00:00:00+00:00,1.2773000001907349,1.2818100452423096,1.271299958229065,1.2744100093841553
2014-11-10 00:00:00+00:00,1.2742999792099,1.2813999652862549,1.2500799894332886,1.2512999773025513
2014-11-17 00:00:00+00:00,1.251099944114685,1.2653000354766846,1.243899941444397,1.264299988746643
2014-11-24 00:00:00+00:00,1.264299988746643,1.2659000158309937,1.2544599771499634,1.2550899982452393
2014-12-01 00:00:00+00:00,1.2555999755859375,1.2753000259399414,1.2534500360488892,1.2659000158309937
2014-12-08 00:00:00+00:00,1.2660000324249268,1.2745000123977661,1.2467000484466553,1.2618999481201172
2014-12-15 00:00:00+00:00,1.2616000175476074,1.27839994430542,1.2493000030517578,1.2781000137329102
2014-12-22 00:00:00+00:00,1.2782000303268433,1.2783000469207764,1.270900011062622,1.2778600454330444
2014-12-29 00:00:00+00:00,1.2776999473571777,1.2908999919891357,1.2728999853134155,1.2793999910354614
2015-01-05 00:00:00+00:00,1.2792999744415283,1.2835999727249146,1.2726000547409058,1.2793999910354614
2015-01-12 00:00:00+00:00,1.2798000574111938,1.315999984741211,1.2767000198364258,1.3092999458312988
2015-01-19 00:00:00+00:00,1.309399962425232,1.350100040435791,1.2963999509811401,1.3467999696731567
2015-01-26 00:00:00+00:00,1.345900058746338,1.345900058746338,1.3270000219345093,1.3339999914169312
2015-02-02 00:00:00+00:00,1.3341000080108643,1.3479000329971313,1.3188999891281128,1.346500039100647
2015-02-09 00:00:00+00:00,1.3466999530792236,1.3560999631881714,1.3401000499725342,1.3515000343322754
2015-02-16 00:00:00+00:00,1.3513000011444092,1.3622000217437744,1.343400001525879,1.3519999980926514
2015-02-23 00:00:00+00:00,1.3521000146865845,1.3811999559402466,1.3502000570297241,1.3800899982452393
2015-03-02 00:00:00+00:00,1.379699945449829,1.391800045967102,1.3694000244140625,1.3882299661636353
2015-03-09 00:00:00+00:00,1.3882999420166016,1.4254000186920166,1.38510000705719,1.4075000286102295
2015-03-16 00:00:00+00:00,1.406999945640564,1.406999945640564,1.3746000528335571,1.3804999589920044
2015-03-23 00:00:00+00:00,1.3802000284194946,1.3832999467849731,1.3539999723434448,1.3674999475479126
2015-03-29 23:00:00+00:00,1.3674999475479126,1.3832999467849731,1.3530999422073364,1.3568999767303467
2015-04-05 23:00:00+00:00,1.3567999601364136,1.3839000463485718,1.3562999963760376,1.3798999786376953
2015-04-12 23:00:00+00:00,1.3798999786376953,1.395400047302246,1.375,1.3842799663543701
2015-04-19 23:00:00+00:00,1.3842999935150146,1.4046000242233276,1.3839999437332153,1.3961900472640991
2015-04-26 23:00:00+00:00,1.39628005027771,1.4016000032424927,1.347499966621399,1.3538000583648682
2015-05-03 23:00:00+00:00,1.354099988937378,1.3833999633789062,1.3361999988555908,1.3785300254821777
2015-05-10 23:00:00+00:00,1.3789000511169434,1.4033000469207764,1.3719199895858765,1.3753000497817993
2015-05-17 23:00:00+00:00,1.3752000331878662,1.409999966621399,1.3725999593734741,1.4040000438690186
2015-05-24 23:00:00+00:00,1.4076999425888062,1.4168000221252441,1.388700008392334,1.3975000381469727
2015-05-31 23:00:00+00:00,1.3949999809265137,1.3991999626159668,1.3543000221252441,1.3704999685287476
2015-06-07 23:00:00+00:00,1.374400019645691,1.3890999555587769,1.3533999919891357,1.3794599771499634
2015-06-14 23:00:00+00:00,1.3868000507354736,1.4031000137329102,1.3789000511169434,1.3961000442504883
2015-06-21 23:00:00+00:00,1.3970999717712402,1.4127000570297241,1.3869999647140503,1.4053000211715698
2015-06-28 23:00:00+00:00,1.4292000532150269,1.429800033569336,1.4019999504089355,1.4077500104904175
2015-07-05 23:00:00+00:00,1.4140000343322754,1.4150999784469604,1.3839000463485718,1.3896000385284424
2015-07-12 23:00:00+00:00,1.3937000036239624,1.4412000179290771,1.388700008392334,1.4342000484466553
2015-07-19 23:00:00+00:00,1.440600037574768,1.4412000179290771,1.409600019454956,1.4124000072479248
2015-07-26 23:00:00+00:00,1.4144999980926514,1.430999994277954,1.3969999551773071,1.4261000156402588
2015-08-02 23:00:00+00:00,1.4241399765014648,1.4383000135421753,1.410599946975708,1.4199999570846558
2015-08-09 23:00:00+00:00,1.4129999876022339,1.4204000234603882,1.394700050354004,1.3991999626159668
2015-08-16 23:00:00+00:00,1.4103000164031982,1.423140048980713,1.3797999620437622,1.396299958229065
2015-08-23 23:00:00+00:00,1.3775999546051025,1.3777999877929688,1.348099946975708,1.3700000047683716
2015-08-30 23:00:00+00:00,1.3747999668121338,1.3763999938964844,1.353600025177002,1.371399998664856
2015-09-06 23:00:00+00:00,1.3621000051498413,1.3809000253677368,1.3590999841690063,1.3681000471115112
2015-09-13 23:00:00+00:00,1.3617000579833984,1.3757599592208862,1.3586699962615967,1.365399956703186
2015-09-20 23:00:00+00:00,1.3753000497817993,1.3890999555587769,1.3494000434875488,1.3619999885559082
2015-09-27 23:00:00+00:00,1.357100009918213,1.3623000383377075,1.3436000347137451,1.3521000146865845
2015-10-04 23:00:00+00:00,1.3533999919891357,1.3633300065994263,1.3459999561309814,1.3601000308990479
2015-10-11 23:00:00+00:00,1.3476999998092651,1.3624999523162842,1.3344000577926636,1.3608499765396118
2015-10-18 23:00:00+00:00,1.3586000204086304,1.3944000005722046,1.3560999631881714,1.388200044631958
2015-10-26 00:00:00+00:00,1.3897000551223755,1.4009000062942505,1.3791999816894531,1.4009000062942505
2015-11-02 00:00:00+00:00,1.4005000591278076,1.419600009918213,1.389299988746643,1.4000999927520752
2015-11-09 00:00:00+00:00,1.4026999473571777,1.419800043106079,1.3976999521255493,1.413699984550476
2015-11-16 00:00:00+00:00,1.4220000505447388,1.4319299459457397,1.412600040435791,1.4259999990463257
2015-11-23 00:00:00+00:00,1.4277000427246094,1.429900050163269,1.4124000072479248,1.4184999465942383
2015-11-30 00:00:00+00:00,1.420699954032898,1.4270399808883667,1.3818000555038452,1.3873000144958496
2015-12-07 00:00:00+00:00,1.3883999586105347,1.3954999446868896,1.3736000061035156,1.3835999965667725
2015-12-14 00:00:00+00:00,1.3835999965667725,1.3871999979019165,1.3694900274276733,1.3701000213623047
2015-12-21 00:00:00+00:00,1.3712999820709229,1.3733999729156494,1.351099967956543,1.3594000339508057
2015-12-28 00:00:00+00:00,1.3609000444412231,1.3629200458526611,1.3496999740600586,1.3574999570846558
2016-01-04 00:00:00+00:00,1.357699990272522,1.3672000169754028,1.3235000371932983,1.3273999691009521
2016-01-11 00:00:00+00:00,1.3278000354766846,1.343400001525879,1.3026000261306763,1.3069000244140625
2016-01-18 00:00:00+00:00,1.3070000410079956,1.3285000324249268,1.2893999814987183,1.320199966430664
2016-01-25 00:00:00+00:00,1.3199000358581543,1.323799967765808,1.304900050163269,1.315600037574768
2016-02-01 00:00:00+00:00,1.315600037574768,1.3285000324249268,1.2960000038146973,1.3017499446868896
2016-02-08 00:00:00+00:00,1.3016999959945679,1.3049800395965576,1.2662999629974365,1.2932000160217285
2016-02-15 00:00:00+00:00,1.2934000492095947,1.2992000579833984,1.2747999429702759,1.2821999788284302
2016-02-22 00:00:00+00:00,1.2821999788284302,1.2867000102996826,1.2613999843597412,1.2689000368118286
2016-02-29 00:00:00+00:00,1.2687000036239624,1.2991000413894653,1.2662999629974365,1.2926000356674194
2016-03-07 00:00:00+00:00,1.2927000522613525,1.305799961090088,1.2741999626159668,1.287600040435791
2016-03-14 00:00:00+00:00,1.287600040435791,1.2924000024795532,1.2640000581741333,1.2826000452041626
2016-03-21 00:00:00+00:00,1.2825000286102295,1.2825000286102295,1.2585999965667725,1.2661000490188599
2016-03-27 23:00:00+00:00,1.2661000490188599,1.2762000560760498,1.2467000484466553,1.2482000589370728
2016-04-03 23:00:00+00:00,1.2482000589370728,1.25600004196167,1.2319999933242798,1.238700032234192
2016-04-10 23:00:00+00:00,1.2389999628067017,1.261199951171875,1.2362699508666992,1.2546000480651855
2016-04-17 23:00:00+00:00,1.2549999952316284,1.2898000478744507,1.2509000301361084,1.285640001296997
2016-04-24 23:00:00+00:00,1.2859400510787964,1.2926000356674194,1.2715100049972534,1.2736999988555908
2016-05-01 23:00:00+00:00,1.2738499641418457,1.2782000303268433,1.2582099437713623,1.266759991645813
2016-05-08 23:00:00+00:00,1.2667499780654907,1.2741899490356445,1.261199951171875,1.2676000595092773
2016-05-15 23:00:00+00:00,1.267799973487854,1.3070000410079956,1.2667299509048462,1.2910000085830688
2016-05-22 23:00:00+00:00,1.2907999753952026,1.3214999437332153,1.2895100116729736,1.3162399530410767
2016-05-29 23:00:00+00:00,1.3161499500274658,1.3199599981307983,1.2651300430297852,1.2670300006866455
2016-06-05 23:00:00+00:00,1.2676600217819214,1.2855000495910645,1.2598999738693237,1.2621400356292725
2016-06-12 23:00:00+00:00,1.2623300552368164,1.2861499786376953,1.2514599561691284,1.2847900390625
2016-06-19 23:00:00+00:00,1.2846800088882446,1.3113800287246704,1.2026699781417847,1.2178800106048584
2016-06-26 23:00:00+00:00,1.2173399925231934,1.2187600135803223,1.1881999969482422,1.1931999921798706
2016-07-03 23:00:00+00:00,1.1933000087738037,1.1966999769210815,1.1610000133514404,1.1718599796295166
2016-07-10 23:00:00+00:00,1.171679973602295,1.2099699974060059,1.1654000282287598,1.1964000463485718
2016-07-17 23:00:00+00:00,1.1970499753952026,1.2044099569320679,1.1868499517440796,1.1964600086212158
2016-07-24 23:00:00+00:00,1.1961300373077393,1.199079990386963,1.1795899868011475,1.1830799579620361
2016-07-31 23:00:00+00:00,1.1834299564361572,1.1983000040054321,1.1756500005722046,1.1798800230026245
2016-08-07 23:00:00+00:00,1.1789900064468384,1.1804100275039673,1.1552000045776367,1.1557999849319458
2016-08-14 23:00:00+00:00,1.1561000347137451,1.1636300086975098,1.145900011062622,1.155500054359436
2016-08-21 23:00:00+00:00,1.1557999849319458,1.1780999898910522,1.1550999879837036,1.1720000505447388
2016-08-28 23:00:00+00:00,1.1720399856567383,1.19350004196167,1.169100046157837,1.1912000179290771
2016-09-04 23:00:00+00:00,1.191100001335144,1.1991000175476074,1.1770000457763672,1.1805000305175781
2016-09-11 23:00:00+00:00,1.1805200576782227,1.1872999668121338,1.1648000478744507,1.1661399602890015
2016-09-18 23:00:00+00:00,1.1659899950027466,1.1713999509811401,1.152500033378601,1.1543999910354614
2016-09-25 23:00:00+00:00,1.1546000242233276,1.163599967956543,1.1469000577926636,1.1507999897003174
2016-10-02 23:00:00+00:00,1.1507999897003174,1.1521999835968018,1.0986000299453735,1.1104999780654907
2016-10-09 23:00:00+00:00,1.1102999448776245,1.114799976348877,1.1026999950408936,1.1104999780654907
2016-10-16 23:00:00+00:00,1.1100000143051147,1.1247999668121338,1.1038999557495117,1.1224000453948975
2016-10-23 23:00:00+00:00,1.1225999593734741,1.1246000528335571,1.1055999994277954,1.1116000413894653
2016-10-31 00:00:00+00:00,1.1111299991607666,1.128600001335144,1.1050000190734863,1.124899983406067
2016-11-07 00:00:00+00:00,1.125,1.1668000221252441,1.107800006866455,1.1612000465393066
2016-11-14 00:00:00+00:00,1.1617000102996826,1.1724300384521484,1.1484899520874023,1.164199948310852
2016-11-21 00:00:00+00:00,1.1641000509262085,1.1815999746322632,1.1575000286102295,1.1760200262069702
2016-11-28 00:00:00+00:00,1.1761000156402588,1.2026000022888184,1.1655000448226929,1.1970000267028809
2016-12-05 00:00:00+00:00,1.198099970817566,1.2038999795913696,1.1675000190734863,1.194100022315979
2016-12-12 00:00:00+00:00,1.1937999725341797,1.1988999843597412,1.1862000226974487,1.1950000524520874
2016-12-19 00:00:00+00:00,1.195199966430664,1.1955000162124634,1.1710000038146973,1.1751999855041504
2016-12-26 00:00:00+00:00,1.1751999855041504,1.177109956741333,1.1612999439239502,1.1722999811172485
2017-01-02 00:00:00+00:00,1.1721999645233154,1.1833000183105469,1.1620999574661255,1.1638000011444092
2017-01-09 00:00:00+00:00,1.163699984550476,1.1643999814987183,1.12923002243042,1.1325199604034424
2017-01-16 00:00:00+00:00,1.1325199604034424,1.1612000465393066,1.1299999952316284,1.1560399532318115
2017-01-23 00:00:00+00:00,1.1561000347137451,1.1801400184631348,1.1540000438690186,1.1749999523162842
2017-01-30 00:00:00+00:00,1.1747599840164185,1.1776800155639648,1.1560100317001343,1.1576299667358398
2017-02-06 00:00:00+00:00,1.1572999954223633,1.1770100593566895,1.1572999954223633,1.1754399538040161
2017-02-13 00:00:00+00:00,1.1753300428390503,1.1820600032806396,1.1634000539779663,1.169950008392334
2017-02-20 00:00:00+00:00,1.1695899963378906,1.18996000289917,1.1690000295639038,1.1747699975967407
2017-02-27 00:00:00+00:00,1.1750199794769287,1.1768399477005005,1.1569000482559204,1.1576999425888062
2017-03-06 00:00:00+00:00,1.1575100421905518,1.1591700315475464,1.1375999450683594,1.1384799480438232
2017-03-13 00:00:00+00:00,1.1384899616241455,1.1541999578475952,1.1376999616622925,1.1526700258255005
2017-03-20 00:00:00+00:00,1.1525599956512451,1.1619399785995483,1.1459200382232666,1.1533000469207764
2017-03-26 23:00:00+00:00,1.1535099744796753,1.1782000064849854,1.1449099779129028,1.1751699447631836
2017-04-02 23:00:00+00:00,1.175279974937439,1.1756600141525269,1.1640000343322754,1.1692999601364136
2017-04-09 23:00:00+00:00,1.1693700551986694,1.1815099716186523,1.1689000129699707,1.1812299489974976
2017-04-16 23:00:00+00:00,1.1814199686050415,1.1993000507354736,1.174340009689331,1.1794300079345703
2017-04-23 23:00:00+00:00,1.1793400049209595,1.1886299848556519,1.1719000339508057,1.1855499744415283
2017-04-30 23:00:00+00:00,1.1856900453567505,1.1869900226593018,1.1749999523162842,1.1823500394821167
2017-05-07 23:00:00+00:00,1.1824400424957275,1.192579984664917,1.17739999294281,1.179010033607483
2017-05-14 23:00:00+00:00,1.1789900064468384,1.1822099685668945,1.1595300436019897,1.1612000465393066
2017-05-21 23:00:00+00:00,1.1611700057983398,1.162619948387146,1.1428699493408203,1.1464999914169312
2017-05-28 23:00:00+00:00,1.1465599536895752,1.1549400091171265,1.13919997215271,1.140820026397705
2017-06-04 23:00:00+00:00,1.140910029411316,1.154129981994629,1.1291099786758423,1.1372900009155273
2017-06-11 23:00:00+00:00,1.137529969215393,1.1467000246047974,1.1280399560928345,1.1402499675750732
2017-06-18 23:00:00+00:00,1.1402000188827515,1.1447499990463257,1.130579948425293,1.1378400325775146
2017-06-25 23:00:00+00:00,1.1378300189971924,1.1407899856567383,1.1260499954223633,1.1393799781799316
2017-07-02 23:00:00+00:00,1.1392500400543213,1.1418299674987793,1.1277999877929688,1.1302000284194946
2017-07-09 23:00:00+00:00,1.13031005859375,1.1432600021362305,1.1176999807357788,1.1423699855804443
2017-07-16 23:00:00+00:00,1.1423900127410889,1.1434299945831299,1.1119999885559082,1.1131500005722046
2017-07-23 23:00:00+00:00,1.11326003074646,1.124400019645691,1.1131000518798828,1.118839979171753
2017-07-30 23:00:00+00:00,1.118749976158142,1.1205300092697144,1.104349970817566,1.107550024986267
2017-08-06 23:00:00+00:00,1.1074600219726562,1.1099300384521484,1.0967199802398682,1.0997200012207031
2017-08-13 23:00:00+00:00,1.0997999906539917,1.1047300100326538,1.0925999879837036,1.0946999788284302
2017-08-20 23:00:00+00:00,1.094599962234497,1.0973999500274658,1.0788999795913696,1.0796400308609009
2017-08-27 23:00:00+00:00,1.0797499418258667,1.0926200151443481,1.0743000507354736,1.0909199714660645
2017-09-03 23:00:00+00:00,1.090939998626709,1.0981199741363525,1.0849000215530396,1.0980299711227417
2017-09-10 23:00:00+00:00,1.0980499982833862,1.1393500566482544,1.0959999561309814,1.1370899677276611
2017-09-17 23:00:00+00:00,1.1373000144958496,1.1388499736785889,1.1237900257110596,1.132200002670288
2017-09-24 23:00:00+00:00,1.132449984550476,1.1431200504302979,1.1310900449752808,1.1338000297546387
2017-10-01 23:00:00+00:00,1.134179949760437,1.1361099481582642,1.1119699478149414,1.1140999794006348
2017-10-08 23:00:00+00:00,1.1140300035476685,1.126520037651062,1.10725998878479,1.1237000226974487
2017-10-15 23:00:00+00:00,1.1246700286865234,1.1290600299835205,1.1081000566482544,1.1197999715805054
2017-10-22 23:00:00+00:00,1.1221599578857422,1.1329200267791748,1.114300012588501,1.1306999921798706
2017-10-30 00:00:00+00:00,1.1315699815750122,1.1448299884796143,1.1188700199127197,1.1263999938964844
2017-11-06 00:00:00+00:00,1.1260000467300415,1.1372499465942383,1.124899983406067,1.1305999755859375
2017-11-13 00:00:00+00:00,1.1249099969863892,1.1269099712371826,1.1095999479293823,1.1205999851226807
2017-11-20 00:00:00+00:00,1.124959945678711,1.130769968032837,1.1170400381088257,1.1175999641418457
2017-11-27 00:00:00+00:00,1.1168700456619263,1.138990044593811,1.1132999658584595,1.132200002670288
2017-12-04 00:00:00+00:00,1.137660026550293,1.1504000425338745,1.1281100511550903,1.1369999647140503
2017-12-11 00:00:00+00:00,1.1378799676895142,1.1411499977111816,1.128640055656433,1.1334999799728394
2017-12-18 00:00:00+00:00,1.1338200569152832,1.1370999813079834,1.1246000528335571,1.1265000104904175
2017-12-25 00:00:00+00:00,1.127500057220459,1.1291699409484863,1.124400019645691,1.1259000301361084
2018-01-01 00:00:00+00:00,1.124899983406067,1.1299599409103394,1.1205999851226807,1.127500057220459
2018-01-08 00:00:00+00:00,1.1276299953460693,1.1351499557495117,1.120300054550171,1.125499963760376
2018-01-15 00:00:00+00:00,1.1260700225830078,1.1359100341796875,1.1220999956130981,1.1334999799728394
2018-01-22 00:00:00+00:00,1.1331499814987183,1.1506600379943848,1.132699966430664,1.1390000581741333
2018-01-29 00:00:00+00:00,1.1383700370788574,1.14683997631073,1.1320600509643555,1.1330000162124634
2018-02-05 00:00:00+00:00,1.1336699724197388,1.1447199583053589,1.1222000122070312,1.1288000345230103
2018-02-12 00:00:00+00:00,1.1282600164413452,1.130429983139038,1.1211999654769897,1.1303000450134277
2018-02-19 00:00:00+00:00,1.130370020866394,1.1379300355911255,1.1274000406265259,1.1332000494003296
2018-02-26 00:00:00+00:00,1.1366499662399292,1.1399099826812744,1.1172699928283691,1.120300054550171
2018-03-05 00:00:00+00:00,1.119789958000183,1.1263200044631958,1.11489999294281,1.1246000528335571
2018-03-12 00:00:00+00:00,1.125599980354309,1.134600043296814,1.1239999532699585,1.1331000328063965
2018-03-19 00:00:00+00:00,1.1349999904632568,1.1518299579620361,1.1339999437332153,1.1430000066757202
2018-03-25 23:00:00+00:00,1.1450999975204468,1.147070050239563,1.1337000131607056,1.1337000131607056
2018-04-01 23:00:00+00:00,1.139780044555664,1.1490399837493896,1.1390999555587769,1.1438000202178955
2018-04-08 23:00:00+00:00,1.1481000185012817,1.158869981765747,1.1440000534057617,1.1526999473571777
2018-04-15 23:00:00+00:00,1.155060052871704,1.159909963607788,1.1361000537872314,1.1411999464035034
2018-04-22 23:00:00+00:00,1.1408300399780273,1.1517599821090698,1.1338000297546387,1.1338000297546387
2018-04-29 23:00:00+00:00,1.1357799768447876,1.1412899494171143,1.1269999742507935,1.13100004196167
2018-05-06 23:00:00+00:00,1.131700038909912,1.145609974861145,1.1312999725341797,1.132099986076355
2018-05-13 23:00:00+00:00,1.1336899995803833,1.1474000215530396,1.132599949836731,1.142199993133545
2018-05-20 23:00:00+00:00,1.1454499959945679,1.145900011062622,1.1368199586868286,1.1413999795913696
2018-05-27 23:00:00+00:00,1.1385200023651123,1.1495399475097656,1.1347999572753906,1.1438000202178955
2018-06-03 23:00:00+00:00,1.1441999673843384,1.1460700035095215,1.1313999891281128,1.1390999555587769
2018-06-10 23:00:00+00:00,1.1378999948501587,1.1469299793243408,1.1322200298309326,1.1404999494552612
2018-06-17 23:00:00+00:00,1.144700050354004,1.145740032196045,1.1361000537872314,1.1361000537872314
2018-06-24 23:00:00+00:00,1.1371999979019165,1.138659954071045,1.124809980392456,1.1282000541687012
2018-07-01 23:00:00+00:00,1.1308200359344482,1.1362199783325195,1.1274700164794922,1.1311999559402466
2018-07-08 23:00:00+00:00,1.131100058555603,1.134369969367981,1.1247800588607788,1.1303000450134277
2018-07-15 23:00:00+00:00,1.1325000524520874,1.1340700387954712,1.1160000562667847,1.1160999536514282
2018-07-22 23:00:00+00:00,1.119729995727539,1.12785005569458,1.118899941444397,1.1211999654769897
2018-07-29 23:00:00+00:00,1.1243000030517578,1.129080057144165,1.1193699836730957,1.1220999956130981
2018-08-05 23:00:00+00:00,1.1244900226593018,1.124500036239624,1.1074299812316895,1.117400050163269
2018-08-12 23:00:00+00:00,1.1194599866867065,1.123329997062683,1.1131000518798828,1.1131000518798828
2018-08-19 23:00:00+00:00,1.1142899990081787,1.1183500289916992,1.1038999557495117,1.1038999557495117
2018-08-26 23:00:00+00:00,1.1040300130844116,1.1187399625778198,1.099020004272461,1.1145999431610107
2018-09-02 23:00:00+00:00,1.1140400171279907,1.121709942817688,1.105080008506775,1.1162999868392944
2018-09-09 23:00:00+00:00,1.1180000305175781,1.1249500513076782,1.1160999536514282,1.1231000423431396
2018-09-16 23:00:00+00:00,1.1241999864578247,1.1301599740982056,1.1101000308990479,1.1101000308990479
2018-09-23 23:00:00+00:00,1.1129000186920166,1.126960039138794,1.1126999855041504,1.1207000017166138
2018-09-30 23:00:00+00:00,1.1234699487686157,1.1391500234603882,1.121000051498413,1.1378999948501587
2018-10-07 23:00:00+00:00,1.138800024986267,1.1462199687957764,1.1354000568389893,1.1354999542236328
2018-10-14 23:00:00+00:00,1.1340999603271484,1.1422799825668335,1.1328699588775635,1.1330000162124634
2018-10-21 23:00:00+00:00,1.1347999572753906,1.1361700296401978,1.120300054550171,1.120300054550171
2018-10-29 00:00:00+00:00,1.1252000331878662,1.140239953994751,1.1195000410079956,1.1390999555587769
2018-11-05 00:00:00+00:00,1.1409800052642822,1.1504100561141968,1.1397000551223755,1.1444000005722046
2018-11-12 00:00:00+00:00,1.142199993133545,1.155060052871704,1.1236000061035156,1.1236000061035156
2018-11-19 00:00:00+00:00,1.1246099472045898,1.1311899423599243,1.120129942893982,1.1298999786376953
2018-11-26 00:00:00+00:00,1.1303000450134277,1.134850025177002,1.1202000379562378,1.1268999576568604
2018-12-03 00:00:00+00:00,1.1240400075912476,1.128059983253479,1.1179699897766113,1.1181999444961548
2018-12-10 00:00:00+00:00,1.1151000261306763,1.1167800426483154,1.1003299951553345,1.1128000020980835
2018-12-17 00:00:00+00:00,1.1128000020980835,1.1152900457382202,1.104599952697754,1.1117000579833984
2018-12-24 00:00:00+00:00,1.1122100353240967,1.1225999593734741,1.103600025177002,1.1094000339508057
2018-12-31 00:00:00+00:00,1.1092000007629395,1.119860053062439,1.0973999500274658,1.1161999702453613
2019-01-07 00:00:00+00:00,1.1157599687576294,1.1202000379562378,1.103600025177002,1.1201000213623047
2019-01-14 00:00:00+00:00,1.1207000017166138,1.1399999856948853,1.1170400381088257,1.1325000524520874
2019-01-21 00:00:00+00:00,1.130660057067871,1.1598800420761108,1.1282700300216675,1.157099962234497
2019-01-28 00:00:00+00:00,1.1571999788284302,1.1572099924087524,1.1372900009155273,1.142300009727478
2019-02-04 00:00:00+00:00,1.1411999464035034,1.1456899642944336,1.1334999799728394,1.1403000354766846
2019-02-11 00:00:00+00:00,1.142300009727478,1.1433600187301636,1.131250023841858,1.1413999795913696
2019-02-18 00:00:00+00:00,1.1422899961471558,1.153689980506897,1.1404000520706177,1.1448999643325806
2019-02-25 00:00:00+00:00,1.1519099473953247,1.1721500158309937,1.149530053138733,1.1607999801635742
2019-03-04 00:00:00+00:00,1.163640022277832,1.1696499586105347,1.1566599607467651,1.1578999757766724
2019-03-11 00:00:00+00:00,1.156000018119812,1.1764999628067017,1.152500033378601,1.17330002784729
2019-03-18 00:00:00+00:00,1.1746000051498413,1.1746000051498413,1.149940013885498,1.1679999828338623
2019-03-25 00:00:00+00:00,1.1685999631881714,1.176110029220581,1.156059980392456,1.1607999801635742
2019-03-31 23:00:00+00:00,1.1601099967956543,1.1756800413131714,1.1590700149536133,1.159999966621399
2019-04-07 23:00:00+00:00,1.1619999408721924,1.16389000415802,1.1539000272750854,1.1539000272750854
2019-04-14 23:00:00+00:00,1.1574300527572632,1.1599700450897217,1.1517000198364258,1.1553000211715698
2019-04-21 23:00:00+00:00,1.1552000045776367,1.159409999847412,1.1520999670028687,1.156599998474121
2019-04-28 23:00:00+00:00,1.1586300134658813,1.1767899990081787,1.1556999683380127,1.1735999584197998
2019-05-05 23:00:00+00:00,1.1753499507904053,1.175469994544983,1.1564099788665771,1.157099962234497
2019-05-12 23:00:00+00:00,1.1575599908828735,1.1593400239944458,1.1374000310897827,1.1374000310897827
2019-05-19 23:00:00+00:00,1.1400400400161743,1.1449799537658691,1.1299899816513062,1.132099986076355
2019-05-26 23:00:00+00:00,1.1352100372314453,1.1374499797821045,1.1267999410629272,1.1282999515533447
2019-06-02 23:00:00+00:00,1.1312199831008911,1.1329100131988525,1.1225999593734741,1.1225999593734741
2019-06-09 23:00:00+00:00,1.1236000061035156,1.126870036125183,1.117799997329712,1.1196999549865723
2019-06-16 23:00:00+00:00,1.1227699518203735,1.1269099712371826,1.114400029182434,1.1176999807357788
2019-06-23 23:00:00+00:00,1.1200400590896606,1.1213200092315674,1.1121000051498413,1.114300012588501
2019-06-30 23:00:00+00:00,1.1172800064086914,1.120859980583191,1.1122000217437744,1.113800048828125
2019-07-07 23:00:00+00:00,1.1154999732971191,1.1166000366210938,1.1098400354385376,1.1114000082015991
2019-07-14 23:00:00+00:00,1.1150000095367432,1.116260051727295,1.1047899723052979,1.114300012588501
2019-07-21 23:00:00+00:00,1.11489999294281,1.124400019645691,1.1097999811172485,1.1097999811172485
2019-07-28 23:00:00+00:00,1.1118099689483643,1.111899971961975,1.0880600214004517,1.0923000574111938
2019-08-04 23:00:00+00:00,1.093709945678711,1.0947799682617188,1.0638999938964844,1.0638999938964844
2019-08-11 23:00:00+00:00,1.0726100206375122,1.099850058555603,1.0724300146102905,1.0946999788284302
2019-08-18 23:00:00+00:00,1.0960400104522705,1.1072499752044678,1.0887999534606934,1.1028000116348267
2019-08-25 23:00:00+00:00,1.1002399921417236,1.1085100173950195,1.0965499877929688,1.1039999723434448
2019-09-01 23:00:00+00:00,1.1060999631881714,1.1177599430084229,1.0931400060653687,1.1141999959945679
2019-09-08 23:00:00+00:00,1.1146199703216553,1.1253199577331543,1.109339952468872,1.120300054550171
2019-09-15 23:00:00+00:00,1.1274199485778809,1.1379200220108032,1.1232999563217163,1.1313999891281128
2019-09-22 23:00:00+00:00,1.13155996799469,1.1355799436569214,1.1225999593734741,1.1236000061035156
2019-09-29 23:00:00+00:00,1.1233400106430054,1.1318600177764893,1.114400029182434,1.120300054550171
2019-10-06 23:00:00+00:00,1.1226999759674072,1.1496100425720215,1.1085000038146973,1.1403809785842896
2019-10-13 23:00:00+00:00,1.1434099674224854,1.1648499965667725,1.1347999572753906,1.15842604637146
2019-10-20 23:00:00+00:00,1.1564500331878662,1.1655399799346924,1.1533499956130981,1.1572740077972412
2019-10-28 00:00:00+00:00,1.1571500301361084,1.1630699634552002,1.1554019451141357,1.1586140394210815
2019-11-04 00:00:00+00:00,1.1582000255584717,1.1633599996566772,1.1550500392913818,1.1591249704360962
2019-11-11 00:00:00+00:00,1.160830020904541,1.1701699495315552,1.1598000526428223,1.167099952697754
2019-11-18 00:00:00+00:00,1.1686400175094604,1.1729799509048462,1.1619000434875488,1.1642500162124634
2019-11-25 00:00:00+00:00,1.165779948234558,1.1762499809265137,1.1647000312805176,1.1728500127792358
2019-12-02 00:00:00+00:00,1.1717000007629395,1.187540054321289,1.1662700176239014,1.1875
2019-12-09 00:00:00+00:00,1.1885600090026855,1.2077699899673462,1.1778000593185425,1.19868004322052
2019-12-16 00:00:00+00:00,1.2003200054168701,1.2040899991989136,1.1689800024032593,1.1727900505065918
2019-12-23 00:00:00+00:00,1.1736700534820557,1.1755399703979492,1.1638000011444092,1.1700999736785889
2019-12-30 00:00:00+00:00,1.170699954032898,1.187399983406067,1.1686099767684937,1.1719000339508057
2020-01-06 00:00:00+00:00,1.1717499494552612,1.1825200319290161,1.1699999570846558,1.1744999885559082
2020-01-13 00:00:00+00:00,1.1730999946594238,1.177970051765442,1.163349986076355,1.1724599599838257
2020-01-20 00:00:00+00:00,1.1721500158309937,1.1907999515533447,1.169100046157837,1.1854000091552734
2020-01-27 00:00:00+00:00,1.184499979019165,1.1921800374984741,1.1780999898910522,1.1899000406265259
2020-02-03 00:00:00+00:00,1.1884900331497192,1.189210057258606,1.1710000038146973,1.1765899658203125
2020-02-10 00:00:00+00:00,1.1770999431610107,1.2052199840545654,1.1758999824523926,1.204300045967102
2020-02-17 00:00:00+00:00,1.203719973564148,1.207129955291748,1.1881999969482422,1.1943999528884888
2020-02-24 00:00:00+00:00,1.1947400569915771,1.199049949645996,1.1596800088882446,1.1616899967193604
2020-03-02 00:00:00+00:00,1.158460021018982,1.1633199453353882,1.143589973449707,1.156000018119812
2020-03-09 00:00:00+00:00,1.1497000455856323,1.1547199487686157,1.100600004196167,1.100600004196167
2020-03-16 00:00:00+00:00,1.110949993133545,1.1119799613952637,1.0526299476623535,1.0820000171661377
2020-03-23 00:00:00+00:00,1.0853500366210938,1.1205999851226807,1.0669399499893188,1.1151000261306763
2020-03-29 23:00:00+00:00,1.1181199550628662,1.143779993057251,1.1124800443649292,1.135200023651123
2020-04-05 23:00:00+00:00,1.1303600072860718,1.1453700065612793,1.1290700435638428,1.1382999420166016
2020-04-12 23:00:00+00:00,1.1396000385284424,1.151479959487915,1.1389000415802002,1.1492799520492554
2020-04-19 23:00:00+00:00,1.149090051651001,1.149340033531189,1.1296600103378296,1.1420199871063232
2020-04-26 23:00:00+00:00,1.1426700353622437,1.1530499458312988,1.1276999711990356,1.1276999711990356
2020-05-03 23:00:00+00:00,1.1366599798202515,1.15038001537323,1.1308000087738037,1.1308000087738037
2020-05-10 23:00:00+00:00,1.1455999612808228,1.146399974822998,1.1179200410842896,1.1179200410842896
2020-05-17 23:00:00+00:00,1.1167999505996704,1.1239500045776367,1.1110299825668335,1.1151800155639648
2020-05-24 23:00:00+00:00,1.1170200109481812,1.12568998336792,1.1045600175857544,1.1120500564575195
2020-05-31 23:00:00+00:00,1.110610008239746,1.1275800466537476,1.110200047492981,1.1216000318527222
2020-06-07 23:00:00+00:00,1.123579978942871,1.1276299953460693,1.1098899841308594,1.1139299869537354
2020-06-14 23:00:00+00:00,1.1116299629211426,1.1218500137329102,1.1022299528121948,1.1044399738311768
2020-06-21 23:00:00+00:00,1.1043200492858887,1.1107800006866455,1.0991699695587158,1.0992000102996826
2020-06-28 23:00:00+00:00,1.0993800163269043,1.1106499433517456,1.0898900032043457,1.1091400384902954
2020-07-05 23:00:00+00:00,1.1089999675750732,1.1186800003051758,1.1026999950408936,1.1167999505996704
2020-07-12 23:00:00+00:00,1.116420030593872,1.1176600456237793,1.094599962234497,1.0993000268936157
2020-07-19 23:00:00+00:00,1.098639965057373,1.11080002784729,1.094099998474121,1.097499966621399
2020-07-26 23:00:00+00:00,1.0981999635696411,1.1132099628448486,1.09306001663208,1.1102399826049805
2020-08-02 23:00:00+00:00,1.1117700338363647,1.11312997341156,1.1038999557495117,1.1070499420166016
2020-08-09 23:00:00+00:00,1.1077100038528442,1.1147600412368774,1.1043000221252441,1.104599952697754
2020-08-16 23:00:00+00:00,1.1055999994277954,1.1178799867630005,1.1022000312805176,1.1094000339508057
2020-08-23 23:00:00+00:00,1.109529972076416,1.1218600273132324,1.1057000160217285,1.121209979057312
2020-08-30 23:00:00+00:00,1.1205999851226807,1.1277799606323242,1.11489999294281,1.1216399669647217
2020-09-06 23:00:00+00:00,1.1191500425338745,1.1197400093078613,1.0760999917984009,1.0798799991607666
2020-09-13 23:00:00+00:00,1.081470012664795,1.1007299423217773,1.079800009727478,1.0907000303268433
2020-09-20 23:00:00+00:00,1.0915199518203735,1.0967400074005127,1.0844999551773071,1.0952600240707397
2020-09-27 23:00:00+00:00,1.0970100164413452,1.1073399782180786,1.092079997062683,1.103600025177002
2020-10-04 23:00:00+00:00,1.1029900312423706,1.104390025138855,1.0921000242233276,1.1023999452590942
2020-10-11 23:00:00+00:00,1.1024999618530273,1.1100800037384033,1.0964000225067139,1.1019999980926514
2020-10-18 23:00:00+00:00,1.1033799648284912,1.1091500520706177,1.0931700468063354,1.0994999408721924
2020-10-26 00:00:00+00:00,1.1015900373458862,1.1129800081253052,1.0979000329971313,1.107200026512146
2020-11-02 00:00:00+00:00,1.1102299690246582,1.1174099445343018,1.1025999784469604,1.1072299480438232
2020-11-09 00:00:00+00:00,1.1080299615859985,1.1283899545669556,1.1051700115203857,1.1150000095367432
2020-11-16 00:00:00+00:00,1.1160099506378174,1.1215100288391113,1.1116000413894653,1.1201200485229492
2020-11-23 00:00:00+00:00,1.121019959449768,1.1276700496673584,1.1120500564575195,1.1120500564575195
2020-11-30 00:00:00+00:00,1.1134999990463257,1.1196099519729614,1.1008199453353882,1.1079800128936768
2020-12-07 00:00:00+00:00,1.106719970703125,1.112879991531372,1.0834399461746216,1.0915000438690186
2020-12-14 00:00:00+00:00,1.0974899530410767,1.1130599975585938,1.0929299592971802,1.1027499437332153
2020-12-21 00:00:00+00:00,1.0974899530410767,1.1167999505996704,1.08502995967865,1.1140999794006348
2020-12-28 00:00:00+00:00,1.111799955368042,1.1269999742507935,1.0998899936676025,1.1226999759674072
2021-01-04 00:00:00+00:00,1.116919994354248,1.1180000305175781,1.1007299423217773,1.1097999811172485
2021-01-11 00:00:00+00:00,1.1092599630355835,1.1274700164794922,1.1065900325775146,1.1244499683380127
2021-01-18 00:00:00+00:00,1.1247299909591675,1.1324100494384766,1.1204700469970703,1.1238000392913818
2021-01-25 00:00:00+00:00,1.124709963798523,1.1345900297164917,1.1229599714279175,1.1294000148773193
2021-02-01 00:00:00+00:00,1.12978994846344,1.1442899703979492,1.1296000480651855,1.1397000551223755
2021-02-08 00:00:00+00:00,1.140089988708496,1.143380045890808,1.1366300582885742,1.1418999433517456
2021-02-15 00:00:00+00:00,1.1441600322723389,1.15693998336792,1.1439000368118286,1.1557999849319458
2021-02-22 00:00:00+00:00,1.1568700075149536,1.1695300340652466,1.1455299854278564,1.1532000303268433
2021-03-01 00:00:00+00:00,1.1558300256729126,1.1629600524902344,1.1535999774932861,1.1608500480651855
2021-03-08 00:00:00+00:00,1.1612000465393066,1.1696799993515015,1.1601999998092651,1.1642199754714966
2021-03-15 00:00:00+00:00,1.1655199527740479,1.1713800430297852,1.1575599908828735,1.1603000164031982
2021-03-22 00:00:00+00:00,1.1639900207519531,1.1712499856948853,1.1566100120544434,1.166200041770935
2021-03-28 23:00:00+00:00,1.169700026512146,1.1772300004959106,1.1676000356674194,1.1756999492645264
2021-04-04 23:00:00+00:00,1.175220012664795,1.1802799701690674,1.1495000123977661,1.1512000560760498
2021-04-11 23:00:00+00:00,1.1521400213241577,1.1572599411010742,1.1468000411987305,1.154729962348938
2021-04-18 23:00:00+00:00,1.1543999910354614,1.1641700267791748,1.1469999551773071,1.1471999883651733
2021-04-25 23:00:00+00:00,1.1469199657440186,1.1527099609375,1.1468000411987305,1.1490000486373901
2021-05-02 23:00:00+00:00,1.1489800214767456,1.1594599485397339,1.1481399536132812,1.1495000123977661
2021-05-09 23:00:00+00:00,1.1535700559616089,1.1680500507354736,1.1527999639511108,1.1604000329971313
2021-05-16 23:00:00+00:00,1.160580039024353,1.1651099920272827,1.1569199562072754,1.1612000465393066
2021-05-23 23:00:00+00:00,1.160770058631897,1.1659599542617798,1.1531000137329102,1.1634999513626099
2021-05-30 23:00:00+00:00,1.163100004196167,1.167330026626587,1.1563999652862549,1.1633299589157104
2021-06-06 23:00:00+00:00,1.163699984550476,1.1668399572372437,1.156999945640564,1.1648099422454834
2021-06-13 23:00:00+00:00,1.1654000282287598,1.1705399751663208,1.1589000225067139,1.1629899740219116
2021-06-20 23:00:00+00:00,1.1639100313186646,1.1721700429916382,1.1620999574661255,1.1627000570297241
2021-06-27 23:00:00+00:00,1.1635799407958984,1.16743004322052,1.1607099771499634,1.1654000282287598
2021-07-04 23:00:00+00:00,1.1663600206375122,1.171370029449463,1.1603599786758423,1.1705000400543213
2021-07-11 23:00:00+00:00,1.1704699993133545,1.175719976425171,1.165560007095337,1.165560007095337
2021-07-18 23:00:00+00:00,1.1650199890136719,1.1697800159454346,1.1533399820327759,1.1675000190734863
2021-07-25 23:00:00+00:00,1.1684199571609497,1.1763499975204468,1.166200041770935,1.1709400415420532
2021-08-01 23:00:00+00:00,1.171049952507019,1.1804200410842896,1.1684000492095947,1.1792000532150269
2021-08-08 23:00:00+00:00,1.1801199913024902,1.1831400394439697,1.173699975013733,1.1754000186920166
2021-08-15 23:00:00+00:00,1.1753400564193726,1.1782399415969849,1.1640000343322754,1.1640000343322754
2021-08-22 23:00:00+00:00,1.1647299528121948,1.1705100536346436,1.1634000539779663,1.166100025177002
2021-08-29 23:00:00+00:00,1.166100025177002,1.1677800416946411,1.1624000072479248,1.1663000583648682
2021-09-05 23:00:00+00:00,1.1655999422073364,1.1734800338745117,1.1607999801635742,1.1706000566482544
2021-09-12 23:00:00+00:00,1.1713999509811401,1.176200032234192,1.1678999662399292,1.1709699630737305
2021-09-19 23:00:00+00:00,1.1703200340270996,1.1713099479675293,1.1608999967575073,1.1686700582504272
2021-09-26 23:00:00+00:00,1.1659599542617798,1.1728500127792358,1.1548500061035156,1.1680999994277954
2021-10-03 23:00:00+00:00,1.1690200567245483,1.1792800426483154,1.1664700508117676,1.1759999990463257
2021-10-10 23:00:00+00:00,1.1773500442504883,1.186750054359436,1.173949956893921,1.1851999759674072
2021-10-17 23:00:00+00:00,1.1865299940109253,1.1872999668121338,1.180999994277954,1.180999994277954
2021-10-24 23:00:00+00:00,1.1821999549865723,1.190000057220459,1.1799999475479126,1.1838899850845337
2021-11-01 00:00:00+00:00,1.1838500499725342,1.1843899488449097,1.1634999513626099,1.1683000326156616
2021-11-08 00:00:00+00:00,1.1659599542617798,1.1733499765396118,1.164389967918396,1.1714999675750732
2021-11-15 00:00:00+00:00,1.1724400520324707,1.192710041999817,1.1711000204086304,1.191499948501587
2021-11-22 00:00:00+00:00,1.1912800073623657,1.1931099891662598,1.176900029182434,1.1812399625778198
2021-11-29 00:00:00+00:00,1.1812700033187866,1.1835999488830566,1.16989004611969,1.16989004611969
2021-12-06 00:00:00+00:00,1.1706899404525757,1.1778600215911865,1.1639000177383423,1.172569990158081
2021-12-13 00:00:00+00:00,1.1719599962234497,1.1828099489212036,1.1691499948501587,1.1770600080490112
2021-12-20 00:00:00+00:00,1.1766300201416016,1.1880799531936646,1.1693999767303467,1.1829999685287476
2021-12-27 00:00:00+00:00,1.1835099458694458,1.194890022277832,1.1822999715805054,1.188730001449585
2022-01-03 00:00:00+00:00,1.188730001449585,1.1996500492095947,1.187600016593933,1.1958500146865845
2022-01-10 00:00:00+00:00,1.1969399452209473,1.2009700536727905,1.1955000162124634,1.1979999542236328
2022-01-17 00:00:00+00:00,1.1980500221252441,1.203909993171692,1.1931999921798706,1.1944999694824219
2022-01-24 00:00:00+00:00,1.1951500177383423,1.2038400173187256,1.188349962234497,1.201889991760254
2022-01-31 00:00:00+00:00,1.2017099857330322,1.2064800262451172,1.1805800199508667,1.180999994277954
2022-02-07 00:00:00+00:00,1.1813499927520752,1.1945600509643555,1.179479956626892,1.1945600509643555
2022-02-14 00:00:00+00:00,1.1938199996948242,1.1999399662017822,1.1900999546051025,1.1999399662017822
2022-02-21 00:00:00+00:00,1.2008899450302124,1.2038300037384033,1.189479947090149,1.189479947090149
2022-02-28 00:00:00+00:00,1.1956700086593628,1.2147599458694458,1.1928000450134277,1.2095099687576294
2022-03-07 00:00:00+00:00,1.2149200439453125,1.2187600135803223,1.1859300136566162,1.194540023803711
2022-03-14 00:00:00+00:00,1.1935700178146362,1.1948399543762207,1.1825900077819824,1.1902999877929688
2022-03-21 00:00:00+00:00,1.1917500495910645,1.2053799629211426,1.1881999969482422,1.2003999948501587
2022-03-27 23:00:00+00:00,1.1994199752807617,1.2014700174331665,1.1744999885559082,1.1866999864578247
2022-04-03 23:00:00+00:00,1.186400055885315,1.203510046005249,1.1857999563217163,1.198199987411499
2022-04-10 23:00:00+00:00,1.1971399784088135,1.2117899656295776,1.1933399438858032,1.2077000141143799
2022-04-17 23:00:00+00:00,1.2072099447250366,1.2078399658203125,1.1885000467300415,1.1885000467300415
2022-04-24 23:00:00+00:00,1.1867200136184692,1.1926900148391724,1.1813000440597534,1.1920000314712524
2022-05-01 23:00:00+00:00,1.1932300329208374,1.195039987564087,1.1640900373458862,1.1696399450302124
2022-05-08 23:00:00+00:00,1.1702500581741333,1.1770100593566895,1.1603000164031982,1.1770100593566895
2022-05-15 23:00:00+00:00,1.1785399913787842,1.1911699771881104,1.1714999675750732,1.1815500259399414
2022-05-22 23:00:00+00:00,1.1828800439834595,1.1856600046157837,1.1643999814987183,1.1759999990463257
2022-05-29 23:00:00+00:00,1.1766300201416016,1.177839994430542,1.1648000478744507,1.1648000478744507
2022-06-05 23:00:00+00:00,1.1645900011062622,1.1781100034713745,1.1638000011444092,1.1700400114059448
2022-06-12 23:00:00+00:00,1.170050024986267,1.174090027809143,1.146399974822998,1.163949966430664
2022-06-19 23:00:00+00:00,1.1653900146484375,1.1679199934005737,1.1571500301361084,1.162500023841858
2022-06-26 23:00:00+00:00,1.1622899770736694,1.1691999435424805,1.1521799564361572,1.1595900058746338
2022-07-03 23:00:00+00:00,1.1598299741744995,1.1842600107192993,1.1586999893188477,1.1811000108718872
2022-07-10 23:00:00+00:00,1.181879997253418,1.1897900104522705,1.1746100187301636,1.176200032234192
2022-07-17 23:00:00+00:00,1.1773699522018433,1.1821399927139282,1.1647100448608398,1.175130009651184
2022-07-24 23:00:00+00:00,1.1750099658966064,1.1979700326919556,1.1730899810791016,1.1901999711990356
2022-07-31 23:00:00+00:00,1.1919900178909302,1.1988799571990967,1.1830999851226807,1.1854000091552734
2022-08-07 23:00:00+00:00,1.1855000257492065,1.1888200044631958,1.1775000095367432,1.182919979095459
2022-08-14 23:00:00+00:00,1.1825400590896606,1.1919900178909302,1.1748000383377075,1.177839994430542
2022-08-21 23:00:00+00:00,1.177549958229065,1.18913996219635,1.1760900020599365,1.1777000427246094
2022-08-28 23:00:00+00:00,1.1764800548553467,1.1766999959945679,1.152459979057312,1.1561199426651
2022-09-04 23:00:00+00:00,1.1578500270843506,1.1670900583267212,1.142799973487854,1.142799973487854
2022-09-11 23:00:00+00:00,1.1535799503326416,1.1589699983596802,1.1392500400543213,1.1401000022888184
2022-09-18 23:00:00+00:00,1.1406300067901611,1.1502200365066528,1.118499994277954,1.118499994277954
2022-09-25 23:00:00+00:00,1.1144299507141113,1.142300009727478,1.08132004737854,1.1390000581741333
2022-10-02 23:00:00+00:00,1.1373399496078491,1.1558300256729126,1.1323000192642212,1.138569951057434
2022-10-09 23:00:00+00:00,1.1372400522232056,1.1605600118637085,1.127750039100647,1.1499099731445312
2022-10-16 23:00:00+00:00,1.1543200016021729,1.1654399633407593,1.138890027999878,1.145300030708313
2022-10-23 23:00:00+00:00,1.1504100561141968,1.1660000085830688,1.1417900323867798,1.1653000116348267
2022-10-31 00:00:00+00:00,1.164639949798584,1.1663800477981567,1.1382100582122803,1.1396000385284424
2022-11-07 00:00:00+00:00,1.141160011291504,1.1503700017929077,1.1336300373077393,1.1389000415802002
2022-11-14 00:00:00+00:00,1.1422499418258667,1.1514999866485596,1.1336400508880615,1.1496000289916992
2022-11-21 00:00:00+00:00,1.1503000259399414,1.1663899421691895,1.1495000123977661,1.160599946975708
2022-11-28 00:00:00+00:00,1.1625800132751465,1.1697900295257568,1.1527199745178223,1.167199969291687
2022-12-05 00:00:00+00:00,1.1660499572753906,1.167680025100708,1.1567000150680542,1.1621999740600586
2022-12-12 00:00:00+00:00,1.1629799604415894,1.1675900220870972,1.1398999691009521,1.1454999446868896
2022-12-19 00:00:00+00:00,1.1486599445343018,1.1505500078201294,1.1295000314712524,1.1295000314712524
2022-12-26 00:00:00+00:00,1.1342400312423706,1.1370999813079834,1.1231000423431396,1.1231000423431396
2023-01-02 00:00:00+00:00,1.1295000314712524,1.1384700536727905,1.1266900300979614,1.135699987411499
2023-01-09 00:00:00+00:00,1.1368399858474731,1.1401499509811401,1.1238000392913818,1.1269999742507935
2023-01-16 00:00:00+00:00,1.129330039024353,1.1462899446487427,1.125100016593933,1.138700008392334
2023-01-23 00:00:00+00:00,1.141800045967102,1.141800045967102,1.129729986190796,1.1382999420166016
2023-01-30 00:00:00+00:00,1.1404500007629395,1.1411499977111816,1.1123000383377075,1.1123000383377075
2023-02-06 00:00:00+00:00,1.1160399913787842,1.133180022239685,1.115399956703186,1.1268999576568604
2023-02-13 00:00:00+00:00,1.1285799741744995,1.1355899572372437,1.1196000576019287,1.1232000589370728
2023-02-20 00:00:00+00:00,1.1257799863815308,1.1383099555969238,1.124500036239624,1.1282999515533447
2023-02-27 00:00:00+00:00,1.1322100162506104,1.14205002784729,1.1240099668502808,1.1302000284194946
2023-03-06 00:00:00+00:00,1.1318299770355225,1.1332099437713623,1.1205999851226807,1.1299999952316284
2023-03-13 00:00:00+00:00,1.1303399801254272,1.1467599868774414,1.128190040588379,1.129699945449829
2023-03-20 00:00:00+00:00,1.1410900354385376,1.1454800367355347,1.1279499530792236,1.1338000297546387
2023-03-26 23:00:00+00:00,1.1360700130462646,1.1399799585342407,1.1327199935913086,1.1353000402450562
2023-04-02 23:00:00+00:00,1.1368999481201172,1.1454600095748901,1.1295000314712524,1.1295000314712524
2023-04-09 23:00:00+00:00,1.1389800310134888,1.1410200595855713,1.1188000440597534,1.1188000440597534
2023-04-16 23:00:00+00:00,1.128790020942688,1.1372499465942383,1.1201000213623047,1.1201000213623047
2023-04-23 23:00:00+00:00,1.1323299407958984,1.1396000385284424,1.126670002937317,1.1287000179290771
2023-04-30 23:00:00+00:00,1.1403700113296509,1.1476500034332275,1.1270999908447266,1.1270999908447266
2023-05-07 23:00:00+00:00,1.1461900472640991,1.1537100076675415,1.138100028038025,1.138100028038025
2023-05-14 23:00:00+00:00,1.147189974784851,1.1532800197601318,1.1464999914169312,1.1500999927520752
2023-05-21 23:00:00+00:00,1.1512900590896606,1.1556799411773682,1.1469999551773071,1.1503000259399414
2023-05-28 23:00:00+00:00,1.151360034942627,1.1670299768447876,1.149999976158142,1.160599946975708
2023-06-04 23:00:00+00:00,1.1618599891662598,1.1703599691390991,1.1578999757766724,1.1670000553131104
2023-06-11 23:00:00+00:00,1.1701099872589111,1.1733100414276123,1.160599946975708,1.1693999767303467
2023-06-18 23:00:00+00:00,1.1726000308990479,1.1737600564956665,1.1579099893569946,1.162500023841858
2023-06-25 23:00:00+00:00,1.1670500040054321,1.1703499555587769,1.1549299955368042,1.1627999544143677
2023-07-02 23:00:00+00:00,1.1634000539779663,1.1734999418258667,1.1618000268936157,1.1692999601364136
2023-07-09 23:00:00+00:00,1.1705199480056763,1.1756900548934937,1.1639000177383423,1.1639000177383423
2023-07-16 23:00:00+00:00,1.1658200025558472,1.1665500402450562,1.1492799520492554,1.1546000242233276
2023-07-23 23:00:00+00:00,1.1552499532699585,1.1701500415802002,1.1550999879837036,1.1640000343322754
2023-07-30 23:00:00+00:00,1.165869951248169,1.1693899631500244,1.155460000038147,1.1561000347137451
2023-08-06 23:00:00+00:00,1.158560037612915,1.1640700101852417,1.15339994430542,1.1577999591827393
2023-08-13 23:00:00+00:00,1.159890055656433,1.172700047492981,1.158329963684082,1.1692999601364136
2023-08-20 23:00:00+00:00,1.1715199947357178,1.177090048789978,1.1648099422454834,1.1648999452590942
2023-08-27 23:00:00+00:00,1.1656999588012695,1.1697399616241455,1.1613999605178833,1.1656999588012695
2023-09-03 23:00:00+00:00,1.1683800220489502,1.1729199886322021,1.162600040435791,1.163599967956543
2023-09-10 23:00:00+00:00,1.1652100086212158,1.168429970741272,1.1585999727249146,1.1605000495910645
2023-09-17 23:00:00+00:00,1.1619900465011597,1.1627600193023682,1.1469999551773071,1.1469999551773071
2023-09-24 23:00:00+00:00,1.1495100259780884,1.1584800481796265,1.1484999656677246,1.1521999835968018
2023-10-01 23:00:00+00:00,1.1538000106811523,1.1572500467300415,1.1505000591278076,1.1545000076293945
2023-10-08 23:00:00+00:00,1.1563600301742554,1.1604599952697754,1.152999997138977,1.152999997138977
2023-10-15 23:00:00+00:00,1.155019998550415,1.1568299531936646,1.144070029258728,1.1460000276565552
2023-10-22 23:00:00+00:00,1.148300051689148,1.1516300439834595,1.1447900533676147,1.1461000442504883
2023-10-30 00:00:00+00:00,1.146780014038086,1.1527999639511108,1.1424399614334106,1.1518000364303589
2023-11-06 00:00:00+00:00,1.1527999639511108,1.1559499502182007,1.1407999992370605,1.1407999992370605
2023-11-13 00:00:00+00:00,1.1437900066375732,1.1508599519729614,1.1405999660491943,1.1405999660491943
2023-11-20 00:00:00+00:00,1.141759991645813,1.153130054473877,1.1406999826431274,1.1505999565124512
2023-11-27 00:00:00+00:00,1.1516000032424927,1.1663399934768677,1.1505999565124512,1.1655999422073364
2023-12-04 00:00:00+00:00,1.1674799919128418,1.169010043144226,1.1641000509262085,1.1643999814987183
2023-12-11 00:00:00+00:00,1.1660799980163574,1.1696900129318237,1.158210039138794,1.1628999710083008
2023-12-18 00:00:00+00:00,1.1629799604415894,1.1637599468231201,1.1512500047683716,1.1516000032424927
2023-12-25 00:00:00+00:00,1.1526399850845337,1.1548999547958374,1.1471999883651733,1.152400016784668
2024-01-01 00:00:00+00:00,1.1529799699783325,1.1626700162887573,1.148300051689148,1.1614999771118164
2024-01-08 00:00:00+00:00,1.1622099876403809,1.1645599603652954,1.1598000526428223,1.1622999906539917
2024-01-15 00:00:00+00:00,1.1635299921035767,1.1683000326156616,1.1600799560546875,1.163699984550476
2024-01-22 00:00:00+00:00,1.1658999919891357,1.173509955406189,1.1648999452590942,1.1698999404907227
2024-01-29 00:00:00+00:00,1.1708999872207642,1.1745500564575195,1.1671500205993652,1.1690000295639038
2024-02-05 00:00:00+00:00,1.170740008354187,1.1741700172424316,1.1664999723434448,1.1706000566482544
2024-02-12 00:00:00+00:00,1.1702100038528442,1.1765999794006348,1.166599988937378,1.1689000129699707
2024-02-19 00:00:00+00:00,1.169319987297058,1.1725499629974365,1.1655999422073364,1.1700999736785889
2024-02-26 00:00:00+00:00,1.171030044555664,1.171280026435852,1.1659799814224243,1.166200041770935
2024-03-04 00:00:00+00:00,1.167580008506775,1.1758500337600708,1.167099952697754,1.1744999885559082
2024-03-11 00:00:00+00:00,1.1746699810028076,1.1750999689102173,1.1683000326156616,1.1684999465942383
2024-03-18 00:00:00+00:00,1.169819951057434,1.1722400188446045,1.159600019454956,1.159600019454956
2024-03-25 00:00:00+00:00,1.159600019454956,1.1720000505447388,1.159600019454956,1.1685999631881714
2024-03-31 23:00:00+00:00,1.1708500385284424,1.1709400415420532,1.1644999980926514,1.1648999452590942
2024-04-07 23:00:00+00:00,1.1656299829483032,1.172510027885437,1.1647000312805176,1.1674000024795532
2024-04-14 23:00:00+00:00,1.1699999570846558,1.1734700202941895,1.1593999862670898,1.1593999862670898
2024-04-21 23:00:00+00:00,1.1611599922180176,1.167799949645996,1.1567000150680542,1.1668000221252441
2024-04-28 23:00:00+00:00,1.1682699918746948,1.172160029411316,1.1644999980926514,1.1646000146865845
2024-05-05 23:00:00+00:00,1.16566002368927,1.1685700416564941,1.160159945487976,1.1608999967575073
2024-05-12 23:00:00+00:00,1.1626499891281128,1.1688100099563599,1.160889983177185,1.1663000583648682
2024-05-19 23:00:00+00:00,1.1685800552368164,1.1763999462127686,1.1670000553131104,1.173699975013733
2024-05-26 23:00:00+00:00,1.173799991607666,1.1786400079727173,1.1708400249481201,1.173200011253357
2024-06-02 23:00:00+00:00,1.1742500066757202,1.1774699687957764,1.1715799570083618,1.1763999462127686
2024-06-09 23:00:00+00:00,1.180899977684021,1.190750002861023,1.1801999807357788,1.1816999912261963
2024-06-16 23:00:00+00:00,1.1849900484085083,1.1861499547958374,1.180899977684021,1.1819000244140625
2024-06-23 23:00:00+00:00,1.1823899745941162,1.1859999895095825,1.1790000200271606,1.1797000169754028
2024-06-30 23:00:00+00:00,1.1781599521636963,1.1830899715423584,1.176200032234192,1.1799999475479126
2024-07-07 23:00:00+00:00,1.1828800439834595,1.1915500164031982,1.1818000078201294,1.1884000301361084
2024-07-14 23:00:00+00:00,1.191140055656433,1.1927299499511719,1.1855000257492065,1.1857999563217163
2024-07-21 23:00:00+00:00,1.1865400075912476,1.1911100149154663,1.1832000017166138,1.183500051498413
2024-07-28 23:00:00+00:00,1.1855499744415283,1.1885099411010742,1.1717000007629395,1.1722999811172485
2024-08-04 23:00:00+00:00,1.1720000505447388,1.1720000505447388,1.1593999862670898,1.1656999588012695
2024-08-11 23:00:00+00:00,1.1681599617004395,1.1748600006103516,1.1639000177383423,1.1735999584197998
2024-08-18 23:00:00+00:00,1.1742700338363647,1.1819700002670288,1.170199990272522,1.1787999868392944
2024-08-25 23:00:00+00:00,1.1806000471115112,1.1902899742126465,1.1796000003814697,1.187000036239624
2024-09-01 23:00:00+00:00,1.1886800527572632,1.1894099712371826,1.1835999488830566,1.1835999488830566
2024-09-08 23:00:00+00:00,1.1844199895858765,1.1868300437927246,1.1815199851989746,1.183500051498413
2024-09-15 23:00:00+00:00,1.1846200227737427,1.1930700540542603,1.1826000213623047,1.191499948501587
2024-09-22 23:00:00+00:00,1.1928399801254272,1.2022199630737305,1.1921000480651855,1.1965999603271484
2024-09-29 23:00:00+00:00,1.1980899572372437,1.203179955482483,1.1855499744415283,1.195099949836731
2024-10-06 23:00:00+00:00,1.1961300373077393,1.1968200206756592,1.1897000074386597,1.193600058555603
2024-10-13 23:00:00+00:00,1.1944999694824219,1.205090045928955,1.1929999589920044,1.2000000476837158
2024-10-20 23:00:00+00:00,1.2008700370788574,1.2042399644851685,1.1971999406814575,1.1996999979019165
2024-10-28 00:00:00+00:00,1.2000999450683594,1.204949975013733,1.1837999820709229,1.1877000331878662
2024-11-04 00:00:00+00:00,1.1910899877548218,1.2049200534820557,1.187790036201477,1.204300045967102
2024-11-11 00:00:00+00:00,1.2054200172424316,1.2104899883270264,1.1963399648666382,1.1964999437332153
2024-11-18 00:00:00+00:00,1.1977699995040894,1.2093600034713745,1.1939300298690796,1.2022000551223755
2024-11-25 00:00:00+00:00,1.2016199827194214,1.204069972038269,1.1955900192260742,1.2030999660491943
2024-12-02 00:00:00+00:00,1.2046500444412231,1.2091599702835083,1.2028000354766846,1.2050000429153442
2024-12-09 00:00:00+00:00,1.206570029258728,1.2156699895858765,1.2010999917984009,1.2010999917984009
2024-12-16 00:00:00+00:00,1.2013499736785889,1.2160600423812866,1.2005000114440918,1.204699993133545
2024-12-23 00:00:00+00:00,1.204699993133545,1.2274999618530273,1.2006900310516357,1.2056000232696533
2024-12-30 00:00:00+00:00,1.2060099840164185,1.210070013999939,1.2011699676513672,1.2041000127792358
2025-01-06 00:00:00+00:00,1.2057700157165527,1.2070300579071045,1.1897900104522705,1.1900999546051025
2025-01-13 00:00:00+00:00,1.1912800073623657,1.192199945449829,1.1815999746322632,1.1815999746322632
2025-01-20 00:00:00+00:00,1.1841800212860107,1.1888200044631958,1.1800600290298462,1.187999963760376
2025-01-27 00:00:00+00:00,1.1900999546051025,1.196869969367981,1.1875100135803223,1.1963000297546387
2025-02-03 00:00:00+00:00,1.1990400552749634,1.2053699493408203,1.1938999891281128,1.2002999782562256
2025-02-10 00:00:00+00:00,1.2016199827194214,1.2032599449157715,1.1966500282287598,1.1996999979019165
2025-02-17 00:00:00+00:00,1.1996500492095947,1.2097500562667847,1.1990000009536743,1.2066999673843384
2025-02-24 00:00:00+00:00,1.2076200246810913,1.2131099700927734,1.2038999795913696,1.2111999988555908
2025-03-03 00:00:00+00:00,1.2102500200271606,1.2120599746704102,1.1879500150680542,1.1919000148773193
2025-03-10 00:00:00+00:00,1.1907000541687012,1.1940699815750122,1.1837600469589233,1.1847000122070312
2025-03-17 00:00:00+00:00,1.188230037689209,1.197409987449646,1.1863499879837036,1.1875
2025-03-24 00:00:00+00:00,1.1927000284194946,1.2025500535964966,1.1890000104904175,1.1890000104904175
2025-03-30 23:00:00+00:00,1.1952600479125977,1.1987299919128418,1.1732399463653564,1.1755000352859497
2025-04-06 23:00:00+00:00,1.1751899719238281,1.1780200004577637,1.1443300247192383,1.1512999534606934
2025-04-13 23:00:00+00:00,1.1534299850463867,1.1715999841690063,1.150149941444397,1.1611599922180176
2025-04-20 23:00:00+00:00,1.1620700359344482,1.1748100519180298,1.161579966545105,1.166599988937378
2025-04-27 23:00:00+00:00,1.171589970588684,1.1792099475860596,1.1699999570846558,1.1741000413894653
2025-05-04 23:00:00+00:00,1.1720199584960938,1.1820000410079956,1.1718000173568726,1.1820000410079956
2025-05-11 23:00:00+00:00,1.1832599639892578,1.190060019493103,1.1821999549865723,1.1894999742507935
2025-05-18 23:00:00+00:00,1.1892199516296387,1.1929999589920044,1.1820399761199951,1.1908999681472778
2025-05-25 23:00:00+00:00,1.1900899410247803,1.195680022239685,1.1858999729156494,1.1858999729156494
2025-06-01 23:00:00+00:00,1.1862499713897705,1.1893399953842163,1.1832000017166138,1.1862000226974487
2025-06-08 23:00:00+00:00,1.186669945716858,1.1883699893951416,1.1704000234603882,1.1739000082015991
2025-06-15 23:00:00+00:00,1.1739000082015991,1.1749000549316406,1.1674000024795532,1.1674000024795532
2025-06-22 23:00:00+00:00,1.167799949645996,1.1750999689102173,1.1661499738693237,1.170300006866455
2025-06-29 23:00:00+00:00,1.1697800159454346,1.1708600521087646,1.153380036354065,1.1585999727249146
2025-07-06 23:00:00+00:00,1.1587400436401367,1.1624900102615356,1.1537799835205078,1.1538000106811523
2025-07-13 23:00:00+00:00,1.155019998550415,1.1574100255966187,1.1497000455856323,1.1531000137329102
2025-07-20 23:00:00+00:00,1.153380036354065,1.1563600301742554,1.1434999704360962,1.1434999704360962
2025-07-27 23:00:00+00:00,1.1429699659347534,1.161180019378662,1.1424800157546997,1.1456999778747559
2025-08-03 23:00:00+00:00,1.1469299793243408,1.155519962310791,1.143970012664795,1.1541999578475952
2025-08-10 23:00:00+00:00,1.1541399955749512,1.163140058517456,1.152899980545044,1.1581000089645386
2025-08-17 23:00:00+00:00,1.1578999757766724,1.1614899635314941,1.15339994430542,1.15339994430542
2025-08-24 23:00:00+00:00,1.1537699699401855,1.1612000465393066,1.1526999473571777,1.155400037765503
2025-08-31 23:00:00+00:00,1.1550300121307373,1.1576199531555176,1.147760033607483,1.1523000001907349
2025-09-07 23:00:00+00:00,1.151900053024292,1.1577199697494507,1.1513999700546265,1.1553000211715698
2025-09-14 23:00:00+00:00,1.1557300090789795,1.158329963684082,1.1457899808883667,1.1497600078582764
2025-09-21 23:00:00+00:00,1.1470999717712402,1.1480900049209595,1.1428099870681763,1.1447999477386475
2025-09-28 23:00:00+00:00,1.1453499794006348,1.1505199670791626,1.143399953842163,1.1476000547409058
2025-10-05 23:00:00+00:00,1.1468499898910522,1.1550899744033813,1.1461000442504883,1.1490999460220337
2025-10-12 23:00:00+00:00,1.149359941482544,1.1540499925613403,1.1461999416351318,1.1516000032424927
2025-10-19 23:00:00+00:00,1.151610016822815,1.1532200574874878,1.1431200504302979,1.1445000171661377
2025-10-27 00:00:00+00:00,1.1452900171279907,1.1467299461364746,1.1339000463485718,1.1339000463485718
2025-11-03 00:00:00+00:00,1.1392500400543213,1.1411399841308594,1.1325099468231201,1.1374000310897827
2025-11-10 00:00:00+00:00,1.1379899978637695,1.1397700309753418,1.1277999877929688,1.131500005722046
2025-11-17 00:00:00+00:00,1.1327699422836304,1.138700008392334,1.131500005722046,1.1374000310897827
2025-11-24 00:00:00+00:00,1.1379899978637695,1.143280029296875,1.1335999965667725,1.1411000490188599
2025-12-01 00:00:00+00:00,1.1411499977111816,1.1463799476623535,1.1359000205993652,1.145300030708313
2025-12-08 00:00:00+00:00,1.144700050354004,1.1465200185775757,1.1373100280761719,1.1382999420166016
2025-12-15 00:00:00+00:00,1.1388800144195557,1.1445200443267822,1.1366000175476074,1.1420999765396118
2025-12-22 00:00:00+00:00,1.1423699855804443,1.1471600532531738,1.142199993133545,1.1461000442504883
2025-12-29 00:00:00+00:00,1.1464699506759644,1.1492400169372559,1.1433900594711304,1.1476999521255493
2026-01-05 00:00:00+00:00,1.148010015487671,1.156630039215088,1.1477999687194824,1.1519999504089355
2026-01-12 00:00:00+00:00,1.15215003490448,1.1557799577713013,1.1502000093460083,1.152999997138977
2026-01-19 00:00:00+00:00,1.1529300212860107,1.1548999547958374,1.1433199644088745,1.153499960899353
2026-01-26 00:00:00+00:00,1.1520299911499023,1.1559499502182007,1.1495000123977661,1.1545000076293945
2026-02-02 00:00:00+00:00,1.1543300151824951,1.160979986190796,1.146780014038086,1.1510000228881836
2026-02-09 00:00:00+00:00,1.1506199836730957,1.1515100002288818,1.1441500186920166,1.1497999429702759
2026-02-16 00:00:00+00:00,1.1499300003051758,1.151110053062439,1.1426000595092773,1.1431000232696533
2026-02-23 00:00:00+00:00,1.1435099840164185,1.1483500003814697,1.138010025024414,1.1403000354766846
2026-03-02 00:00:00+00:00,1.1399999856948853,1.154860019683838,1.1378899812698364,1.152999997138977
2026-03-09 00:00:00+00:00,1.1544699668884277,1.1602699756622314,1.1523000001907349,1.1539000272750854
2026-03-16 00:00:00+00:00,1.1582499742507935,1.1610300540924072,1.1506999731063843,1.1506999731063843
2026-03-23 00:00:00+00:00,1.153090000152588,1.1583800315856934,1.148900032043457,1.148900032043457
2026-03-29 23:00:00+00:00,1.1518700122833252,1.1529899835586548,1.1438000202178955,1.1455999612808228
2026-04-05 23:00:00+00:00,1.1456300020217896,1.1511800289154053,1.1438000202178955,1.1468000411987305
2026-04-12 23:00:00+00:00,1.1470799446105957,1.1513299942016602,1.1461999416351318,1.1484999656677246
2026-04-19 23:00:00+00:00,1.1484899520874023,1.1496690511703491,1.1467989683151245,1.1490819454193115
