Datetime,Open,High,Low,Close
2023-07-04 20:00:00+00:00,1.1682900190353394,1.1685800552368164,1.1678999662399292,1.1680999994277954
2023-07-05 00:00:00+00:00,1.1685099601745605,1.1686500310897827,1.167199969291687,1.16798996925354
2023-07-05 04:00:00+00:00,1.1680699586868286,1.1688100099563599,1.1655999422073364,1.167099952697754
2023-07-05 08:00:00+00:00,1.1673400402069092,1.1686999797821045,1.1660000085830688,1.166700005531311
2023-07-05 12:00:00+00:00,1.1670299768447876,1.16989004611969,1.166200041770935,1.1689000129699707
2023-07-05 16:00:00+00:00,1.1692899465560913,1.1704100370407104,1.1689000129699707,1.1694999933242798
2023-07-05 20:00:00+00:00,1.1700299978256226,1.1704399585723877,1.1693999767303467,1.169800043106079
2023-07-06 00:00:00+00:00,1.1702300310134888,1.1714099645614624,1.169600009918213,1.171030044555664
2023-07-06 04:00:00+00:00,1.171030044555664,1.1721500158309937,1.1690000295639038,1.1714999675750732
2023-07-06 08:00:00+00:00,1.1719599962234497,1.1734800338745117,1.1689000129699707,1.1719000339508057
2023-07-06 12:00:00+00:00,1.1723699569702148,1.1731899976730347,1.1674000024795532,1.1692999601364136
2023-07-06 16:00:00+00:00,1.169510006904602,1.1710000038146973,1.1689000129699707,1.1700999736785889
2023-07-06 20:00:00+00:00,1.1702300310134888,1.1702300310134888,1.1690000295639038,1.169600009918213
2023-07-07 00:00:00+00:00,1.1699399948120117,1.1701799631118774,1.1685999631881714,1.1692999601364136
2023-07-07 04:00:00+00:00,1.1696499586105347,1.1711499691009521,1.1690000295639038,1.170199990272522
2023-07-07 08:00:00+00:00,1.170549988746643,1.1722999811172485,1.1698999404907227,1.1715999841690063
2023-07-07 12:00:00+00:00,1.1719000339508057,1.172719955444336,1.169600009918213,1.1709100008010864
2023-07-07 16:00:00+00:00,1.1708300113677979,1.1711000204086304,1.1694999933242798,1.16989004611969
2023-07-07 20:00:00+00:00,1.1697499752044678,1.1705100536346436,1.1694999933242798,1.170199990272522
2023-07-08 00:00:00+00:00,,,,
2023-07-08 04:00:00+00:00,,,,
2023-07-08 08:00:00+00:00,,,,
2023-07-08 12:00:00+00:00,,,,
2023-07-08 16:00:00+00:00,,,,
2023-07-08 20:00:00+00:00,,,,
2023-07-09 00:00:00+00:00,,,,
2023-07-09 04:00:00+00:00,,,,
2023-07-09 08:00:00+00:00,,,,
2023-07-09 12:00:00+00:00,,,,
2023-07-09 16:00:00+00:00,,,,
2023-07-09 20:00:00+00:00,1.1700999736785889,1.1706199645996094,1.1699999570846558,1.1700999736785889
2023-07-10 00:00:00+00:00,1.1705199480056763,1.1705800294876099,1.1689000129699707,1.1693400144577026
2023-07-10 04:00:00+00:00,1.1689000129699707,1.1699600219726562,1.1682000160217285,1.169569969177246
2023-07-10 08:00:00+00:00,1.1691999435424805,1.1698499917984009,1.1655000448226929,1.1663700342178345
2023-07-10 12:00:00+00:00,1.1660000085830688,1.1680099964141846,1.1644999980926514,1.1677900552749634
2023-07-10 16:00:00+00:00,1.1674000024795532,1.169819951057434,1.1674000024795532,1.1694400310516357
2023-07-10 20:00:00+00:00,1.1690000295639038,1.1695899963378906,1.1680999994277954,1.1684000492095947
2023-07-11 00:00:00+00:00,1.1688100099563599,1.169260025024414,1.1676000356674194,1.1684000492095947
2023-07-11 04:00:00+00:00,1.1688300371170044,1.1712299585342407,1.1678999662399292,1.1689000129699707
2023-07-11 08:00:00+00:00,1.1692299842834473,1.1757700443267822,1.1687999963760376,1.1753000020980835
2023-07-11 12:00:00+00:00,1.1756700277328491,1.1756700277328491,1.1722999811172485,1.1730999946594238
2023-07-11 16:00:00+00:00,1.1734299659729004,1.175320029258728,1.172700047492981,1.174399971961975
2023-07-11 20:00:00+00:00,1.1748299598693848,1.1750500202178955,1.173799991607666,1.173799991607666
2023-07-12 00:00:00+00:00,1.1742899417877197,1.1756000518798828,1.173799991607666,1.1748499870300293
2023-07-12 04:00:00+00:00,1.174839973449707,1.1753499507904053,1.1727999448776245,1.1729999780654907
2023-07-12 08:00:00+00:00,1.1733399629592896,1.1738899946212769,1.170799970626831,1.1717000007629395
2023-07-12 12:00:00+00:00,1.1720399856567383,1.1720999479293823,1.1672999858856201,1.1675000190734863
2023-07-12 16:00:00+00:00,1.1678500175476074,1.1681699752807617,1.1655999422073364,1.1665899753570557
2023-07-12 20:00:00+00:00,1.1664700508117676,1.1668699979782104,1.1658999919891357,1.1663800477981567
2023-07-13 00:00:00+00:00,1.1664799451828003,1.1678400039672852,1.1657999753952026,1.1669000387191772
2023-07-13 04:00:00+00:00,1.167330026626587,1.168370008468628,1.1658999919891357,1.167199969291687
2023-07-13 08:00:00+00:00,1.1676599979400635,1.1703499555587769,1.1675000190734863,1.1684999465942383
2023-07-13 12:00:00+00:00,1.1689300537109375,1.1714999675750732,1.1682000160217285,1.1698700189590454
2023-07-13 16:00:00+00:00,1.16989004611969,1.1705800294876099,1.1691999435424805,1.1697100400924683
2023-07-13 20:00:00+00:00,1.1698499917984009,1.1699999570846558,1.1689000129699707,1.169659972190857
2023-07-14 00:00:00+00:00,1.1696300506591797,1.1698499917984009,1.1680999994277954,1.1682000160217285
2023-07-14 04:00:00+00:00,1.1686400175094604,1.1695799827575684,1.1676000356674194,1.1683000326156616
2023-07-14 08:00:00+00:00,1.1685999631881714,1.1689499616622925,1.1670000553131104,1.167799949645996
2023-07-14 12:00:00+00:00,1.1680799722671509,1.16867995262146,1.1660000085830688,1.1668000221252441
2023-07-14 16:00:00+00:00,1.1668599843978882,1.1670199632644653,1.1657999753952026,1.1657999753952026
2023-07-14 20:00:00+00:00,1.1661399602890015,1.166290044784546,1.1654000282287598,1.1655999422073364
2023-07-15 00:00:00+00:00,,,,
2023-07-15 04:00:00+00:00,,,,
2023-07-15 08:00:00+00:00,,,,
2023-07-15 12:00:00+00:00,,,,
2023-07-15 16:00:00+00:00,,,,
2023-07-15 20:00:00+00:00,,,,
2023-07-16 00:00:00+00:00,,,,
2023-07-16 04:00:00+00:00,,,,
2023-07-16 08:00:00+00:00,,,,
2023-07-16 12:00:00+00:00,,,,
2023-07-16 16:00:00+00:00,,,,
2023-07-16 20:00:00+00:00,1.1660499572753906,1.166100025177002,1.1653000116348267,1.165809988975525
2023-07-17 00:00:00+00:00,1.1656999588012695,1.1665600538253784,1.1651999950408936,1.1653000116348267
2023-07-17 04:00:00+00:00,1.1657600402832031,1.1660000085830688,1.1633000373840332,1.1647000312805176
2023-07-17 08:00:00+00:00,1.1650700569152832,1.1655800342559814,1.1634999513626099,1.1645900011062622
2023-07-17 12:00:00+00:00,1.1645900011062622,1.166159987449646,1.162600040435791,1.1633000373840332
2023-07-17 16:00:00+00:00,1.1636799573898315,1.1641900539398193,1.162600040435791,1.1627000570297241
2023-07-17 20:00:00+00:00,1.1630699634552002,1.1634999513626099,1.162500023841858,1.163159966468811
2023-07-18 00:00:00+00:00,1.163040041923523,1.163930058479309,1.162600040435791,1.163100004196167
2023-07-18 04:00:00+00:00,1.1634700298309326,1.1641499996185303,1.1612999439239502,1.1629899740219116
2023-07-18 08:00:00+00:00,1.1630799770355225,1.1657299995422363,1.162500023841858,1.1641000509262085
2023-07-18 12:00:00+00:00,1.16457998752594,1.1656099557876587,1.162500023841858,1.162500023841858
2023-07-18 16:00:00+00:00,1.162909984588623,1.162909984588623,1.1606999635696411,1.1606999635696411
2023-07-18 20:00:00+00:00,1.161139965057373,1.1612999439239502,1.1601999998092651,1.1607500314712524
2023-07-19 00:00:00+00:00,1.1601999998092651,1.1609400510787964,1.1593999862670898,1.1599700450897217
2023-07-19 04:00:00+00:00,1.159500002861023,1.1600699424743652,1.151900053024292,1.1529699563980103
2023-07-19 08:00:00+00:00,1.1532299518585205,1.1539700031280518,1.149899959564209,1.1502799987792969
2023-07-19 12:00:00+00:00,1.150189995765686,1.1521199941635132,1.148900032043457,1.1518800258636475
2023-07-19 16:00:00+00:00,1.1519900560379028,1.1546000242233276,1.1516000032424927,1.1546000242233276
2023-07-19 20:00:00+00:00,1.1545699834823608,1.155019998550415,1.1540000438690186,1.1545100212097168
2023-07-20 00:00:00+00:00,1.1544300317764282,1.1546800136566162,1.1533000469207764,1.1533000469207764
2023-07-20 04:00:00+00:00,1.1536600589752197,1.1538399457931519,1.1509000062942505,1.1517000198364258
2023-07-20 08:00:00+00:00,1.1520099639892578,1.1539299488067627,1.1497000455856323,1.1497999429702759
2023-07-20 12:00:00+00:00,1.1503499746322632,1.1539299488067627,1.1491999626159668,1.1533000469207764
2023-07-20 16:00:00+00:00,1.1537200212478638,1.1559100151062012,1.1531000137329102,1.1556099653244019
2023-07-20 20:00:00+00:00,1.1556600332260132,1.1560399532318115,1.1550999879837036,1.1555999517440796
2023-07-21 00:00:00+00:00,1.1559799909591675,1.156599998474121,1.155400037765503,1.1557999849319458
2023-07-21 04:00:00+00:00,1.156149983406067,1.157920002937317,1.1553000211715698,1.156000018119812
2023-07-21 08:00:00+00:00,1.1564199924468994,1.1565699577331543,1.152999997138977,1.152999997138977
2023-07-21 12:00:00+00:00,1.1533199548721313,1.155959963798523,1.1516000032424927,1.1552000045776367
2023-07-21 16:00:00+00:00,1.1556099653244019,1.1560800075531006,1.1549999713897705,1.1550999879837036
2023-07-21 20:00:00+00:00,1.1554399728775024,1.1557999849319458,1.1546000242233276,1.1547000408172607
2023-07-22 00:00:00+00:00,,,,
2023-07-22 04:00:00+00:00,,,,
2023-07-22 08:00:00+00:00,,,,
2023-07-22 12:00:00+00:00,,,,
2023-07-22 16:00:00+00:00,,,,
2023-07-22 20:00:00+00:00,,,,
2023-07-23 00:00:00+00:00,,,,
2023-07-23 04:00:00+00:00,,,,
2023-07-23 08:00:00+00:00,,,,
2023-07-23 12:00:00+00:00,,,,
2023-07-23 16:00:00+00:00,,,,
2023-07-23 20:00:00+00:00,1.154860019683838,1.1552499532699585,1.1542999744415283,1.1552499532699585
2023-07-24 00:00:00+00:00,1.15516996383667,1.1562700271606445,1.1547000408172607,1.1559799909591675
2023-07-24 04:00:00+00:00,1.1560300588607788,1.159890055656433,1.1550999879837036,1.1594300270080566
2023-07-24 08:00:00+00:00,1.1588000059127808,1.1600099802017212,1.1562999486923218,1.1580300331115723
2023-07-24 12:00:00+00:00,1.1576000452041626,1.1582599878311157,1.155400037765503,1.1573200225830078
2023-07-24 16:00:00+00:00,1.1572099924087524,1.1589000225067139,1.1563999652862549,1.158750057220459
2023-07-24 20:00:00+00:00,1.1586899757385254,1.1589000225067139,1.1576000452041626,1.1580499410629272
2023-07-25 00:00:00+00:00,1.157960057258606,1.1593899726867676,1.1574000120162964,1.1588499546051025
2023-07-25 04:00:00+00:00,1.158400058746338,1.1612399816513062,1.1583000421524048,1.161180019378662
2023-07-25 08:00:00+00:00,1.1614999771118164,1.1629300117492676,1.1603000164031982,1.1610000133514404
2023-07-25 12:00:00+00:00,1.1610499620437622,1.1650899648666382,1.1601999998092651,1.164870023727417
2023-07-25 16:00:00+00:00,1.1649800539016724,1.1674100160598755,1.1642999649047852,1.1670700311660767
2023-07-25 20:00:00+00:00,1.1670199632644653,1.1673699617385864,1.1659200191497803,1.1667499542236328
2023-07-26 00:00:00+00:00,1.1663000583648682,1.1671099662780762,1.1656999588012695,1.1664899587631226
2023-07-26 04:00:00+00:00,1.166100025177002,1.166509985923767,1.164199948310852,1.1655900478363037
2023-07-26 08:00:00+00:00,1.1656500101089478,1.1671299934387207,1.1642999649047852,1.166890025138855
2023-07-26 12:00:00+00:00,1.1669000387191772,1.1679699420928955,1.1656999588012695,1.1670900583267212
2023-07-26 16:00:00+00:00,1.167099952697754,1.1673500537872314,1.1657999753952026,1.1667300462722778
2023-07-26 20:00:00+00:00,1.1667900085449219,1.1675599813461304,1.1660000085830688,1.1667699813842773
2023-07-27 00:00:00+00:00,1.166849970817566,1.167680025100708,1.1663999557495117,1.1676499843597412
2023-07-27 04:00:00+00:00,1.1675200462341309,1.1680899858474731,1.1654000282287598,1.1664299964904785
2023-07-27 08:00:00+00:00,1.1667300462722778,1.1670000553131104,1.1624000072479248,1.1640000343322754
2023-07-27 12:00:00+00:00,1.163540005683899,1.1701699495315552,1.163100004196167,1.169800043106079
2023-07-27 16:00:00+00:00,1.170009970664978,1.1701500415802002,1.1650999784469604,1.1655000448226929
2023-07-27 20:00:00+00:00,1.1656899452209473,1.1660200357437134,1.1646000146865845,1.1652799844741821
2023-07-28 00:00:00+00:00,1.165179967880249,1.1655999422073364,1.1642999649047852,1.1652300357818604
2023-07-28 04:00:00+00:00,1.1651400327682495,1.1670000553131104,1.1638000011444092,1.166509985923767
2023-07-28 08:00:00+00:00,1.1664299964904785,1.169510006904602,1.166100025177002,1.1687400341033936
2023-07-28 12:00:00+00:00,1.168869972229004,1.1692700386047363,1.1649999618530273,1.1655199527740479
2023-07-28 16:00:00+00:00,1.1650999784469604,1.1676499843597412,1.1650999784469604,1.1663299798965454
2023-07-28 20:00:00+00:00,1.1662399768829346,1.1664700508117676,1.1656999588012695,1.1657999753952026
2023-07-29 00:00:00+00:00,,,,
2023-07-29 04:00:00+00:00,,,,
2023-07-29 08:00:00+00:00,,,,
2023-07-29 12:00:00+00:00,,,,
2023-07-29 16:00:00+00:00,,,,
2023-07-29 20:00:00+00:00,,,,
2023-07-30 00:00:00+00:00,,,,
2023-07-30 04:00:00+00:00,,,,
2023-07-30 08:00:00+00:00,,,,
2023-07-30 12:00:00+00:00,,,,
2023-07-30 16:00:00+00:00,,,,
2023-07-30 20:00:00+00:00,1.1654900312423706,1.1660699844360352,1.1650999784469604,1.1655000448226929
2023-07-31 00:00:00+00:00,1.165809988975525,1.167080044746399,1.1655000448226929,1.1663999557495117
2023-07-31 04:00:00+00:00,1.166759967803955,1.1678500175476074,1.1660000085830688,1.166200041770935
2023-07-31 08:00:00+00:00,1.1665699481964111,1.1668000221252441,1.1640000343322754,1.1658999919891357
2023-07-31 12:00:00+00:00,1.16635000705719,1.1674699783325195,1.163599967956543,1.1665600538253784
2023-07-31 16:00:00+00:00,1.1666699647903442,1.1685899496078491,1.166200041770935,1.1668000221252441
2023-07-31 20:00:00+00:00,1.1671299934387207,1.1674699783325195,1.1663999557495117,1.1663999557495117
2023-08-01 00:00:00+00:00,1.1666899919509888,1.1674699783325195,1.166200041770935,1.166700005531311
2023-08-01 04:00:00+00:00,1.166949987411499,1.1689599752426147,1.1655000448226929,1.1669000387191772
2023-08-01 08:00:00+00:00,1.1671199798583984,1.1693700551986694,1.163699984550476,1.164720058441162
2023-08-01 12:00:00+00:00,1.1647599935531616,1.1649600267410278,1.1613999605178833,1.1614999771118164
2023-08-01 16:00:00+00:00,1.1619199514389038,1.1639399528503418,1.1613999605178833,1.1627000570297241
2023-08-01 20:00:00+00:00,1.1631900072097778,1.1633000373840332,1.1603000164031982,1.1618000268936157
2023-08-02 00:00:00+00:00,1.1622600555419922,1.1631200313568115,1.1614999771118164,1.1621999740600586
2023-08-02 04:00:00+00:00,1.1626100540161133,1.1640299558639526,1.1612999439239502,1.1638799905776978
2023-08-02 08:00:00+00:00,1.163849949836731,1.1647100448608398,1.1621999740600586,1.1625900268554688
2023-08-02 12:00:00+00:00,1.1624900102615356,1.1624900102615356,1.158400058746338,1.1615999937057495
2023-08-02 16:00:00+00:00,1.161829948425293,1.163059949874878,1.1613999605178833,1.162160038948059
2023-08-02 20:00:00+00:00,1.1620899438858032,1.162269949913025,1.1612999439239502,1.1620999574661255
2023-08-03 00:00:00+00:00,1.1620399951934814,1.1630500555038452,1.1614999771118164,1.1629899740219116
2023-08-03 04:00:00+00:00,1.1629899740219116,1.1630899906158447,1.1601999998092651,1.1614999771118164
2023-08-03 08:00:00+00:00,1.1617399454116821,1.162660002708435,1.1549999713897705,1.156000018119812
2023-08-03 12:00:00+00:00,1.1565200090408325,1.1618200540542603,1.1557999849319458,1.1603000164031982
2023-08-03 16:00:00+00:00,1.1606899499893188,1.1613199710845947,1.1598000526428223,1.1603000164031982
2023-08-03 20:00:00+00:00,1.1607099771499634,1.1611299514770508,1.1601999998092651,1.161020040512085
2023-08-04 00:00:00+00:00,1.1610599756240845,1.1624900102615356,1.160599946975708,1.1619000434875488
2023-08-04 04:00:00+00:00,1.162269949913025,1.1625200510025024,1.1597000360488892,1.160099983215332
2023-08-04 08:00:00+00:00,1.1604599952697754,1.1613199710845947,1.159600019454956,1.1601999998092651
2023-08-04 12:00:00+00:00,1.160580039024353,1.1608400344848633,1.1557999849319458,1.1575100421905518
2023-08-04 16:00:00+00:00,1.157480001449585,1.159409999847412,1.1568000316619873,1.157580018043518
2023-08-04 20:00:00+00:00,1.1577199697494507,1.1579699516296387,1.1571999788284302,1.1576000452041626
2023-08-05 00:00:00+00:00,,,,
2023-08-05 04:00:00+00:00,,,,
2023-08-05 08:00:00+00:00,,,,
2023-08-05 12:00:00+00:00,,,,
2023-08-05 16:00:00+00:00,,,,
2023-08-05 20:00:00+00:00,,,,
2023-08-06 00:00:00+00:00,,,,
2023-08-06 04:00:00+00:00,,,,
2023-08-06 08:00:00+00:00,,,,
2023-08-06 12:00:00+00:00,,,,
2023-08-06 16:00:00+00:00,,,,
2023-08-06 20:00:00+00:00,1.1584700345993042,1.1589499711990356,1.1579999923706055,1.1582000255584717
2023-08-07 00:00:00+00:00,1.1585500240325928,1.1590299606323242,1.1577999591827393,1.1578999757766724
2023-08-07 04:00:00+00:00,1.1582499742507935,1.1592199802398682,1.1575000286102295,1.1586999893188477
2023-08-07 08:00:00+00:00,1.159250020980835,1.1605600118637085,1.1584999561309814,1.1597000360488892
2023-08-07 12:00:00+00:00,1.1602200269699097,1.1619000434875488,1.1593999862670898,1.1601999998092651
2023-08-07 16:00:00+00:00,1.160640001296997,1.1618000268936157,1.1601999998092651,1.1618000268936157
2023-08-07 20:00:00+00:00,1.1617599725723267,1.1619499921798706,1.1606999635696411,1.1615400314331055
2023-08-08 00:00:00+00:00,1.1611000299453735,1.1621400117874146,1.160599946975708,1.1610000133514404
2023-08-08 04:00:00+00:00,1.161370038986206,1.161679983139038,1.15910005569458,1.1612999439239502
2023-08-08 08:00:00+00:00,1.1617399454116821,1.161829948425293,1.1592999696731567,1.159999966621399
2023-08-08 12:00:00+00:00,1.1603800058364868,1.1624300479888916,1.159000039100647,1.1617000102996826
2023-08-08 16:00:00+00:00,1.1620800495147705,1.163290023803711,1.1618000268936157,1.162600040435791
2023-08-08 20:00:00+00:00,1.163059949874878,1.1635600328445435,1.1621999740600586,1.1622999906539917
2023-08-09 00:00:00+00:00,1.162750005722046,1.1629899740219116,1.1620999574661255,1.1624000072479248
2023-08-09 04:00:00+00:00,1.1628600358963013,1.1640900373458862,1.1617000102996826,1.1620999574661255
2023-08-09 08:00:00+00:00,1.1624699831008911,1.1625200510025024,1.15910005569458,1.1609400510787964
2023-08-09 12:00:00+00:00,1.1603000164031982,1.1606899499893188,1.1576000452041626,1.1584099531173706
2023-08-09 16:00:00+00:00,1.1579999923706055,1.1595100164413452,1.1578999757766724,1.1590800285339355
2023-08-09 20:00:00+00:00,1.1591600179672241,1.1592600345611572,1.1579999923706055,1.1582000255584717
2023-08-10 00:00:00+00:00,1.1585700511932373,1.1590399742126465,1.1574000120162964,1.1574000120162964
2023-08-10 04:00:00+00:00,1.1578700542449951,1.1583499908447266,1.1569000482559204,1.1572999954223633
2023-08-10 08:00:00+00:00,1.157580018043518,1.1586999893188477,1.1569000482559204,1.1579999923706055
2023-08-10 12:00:00+00:00,1.158370018005371,1.159019947052002,1.154099941253662,1.1546000242233276
2023-08-10 16:00:00+00:00,1.1550099849700928,1.1550300121307373,1.1535999774932861,1.1540000438690186
2023-08-10 20:00:00+00:00,1.1544500589370728,1.1544500589370728,1.1532000303268433,1.1532000303268433
2023-08-11 00:00:00+00:00,1.1536200046539307,1.154520034790039,1.152999997138977,1.154099941253662
2023-08-11 04:00:00+00:00,1.1544500589370728,1.1564600467681885,1.15339994430542,1.1553000211715698
2023-08-11 08:00:00+00:00,1.1556999683380127,1.1577999591827393,1.1542999744415283,1.1574000120162964
2023-08-11 12:00:00+00:00,1.1577600240707397,1.159209966659546,1.1555999517440796,1.1581000089645386
2023-08-11 16:00:00+00:00,1.1585299968719482,1.1600500345230103,1.1579999923706055,1.159600019454956
2023-08-11 20:00:00+00:00,1.1599500179290771,1.1602100133895874,1.1588000059127808,1.1592999696731567
2023-08-12 00:00:00+00:00,,,,
2023-08-12 04:00:00+00:00,,,,
2023-08-12 08:00:00+00:00,,,,
2023-08-12 12:00:00+00:00,,,,
2023-08-12 16:00:00+00:00,,,,
2023-08-12 20:00:00+00:00,,,,
2023-08-13 00:00:00+00:00,,,,
2023-08-13 04:00:00+00:00,,,,
2023-08-13 08:00:00+00:00,,,,
2023-08-13 12:00:00+00:00,,,,
2023-08-13 16:00:00+00:00,,,,
2023-08-13 20:00:00+00:00,1.15910005569458,1.1599199771881104,1.15910005569458,1.1598700284957886
2023-08-14 00:00:00+00:00,1.159500002861023,1.1599299907684326,1.1582000255584717,1.1589000225067139
2023-08-14 04:00:00+00:00,1.1584999561309814,1.160099983215332,1.1581000089645386,1.1589000225067139
2023-08-14 08:00:00+00:00,1.1584999561309814,1.16103994846344,1.1579999923706055,1.1602799892425537
2023-08-14 12:00:00+00:00,1.1598000526428223,1.162350058555603,1.1591999530792236,1.1618900299072266
2023-08-14 16:00:00+00:00,1.1612999439239502,1.1629400253295898,1.1611000299453735,1.1628899574279785
2023-08-14 20:00:00+00:00,1.162500023841858,1.1633000373840332,1.1621999740600586,1.162909984588623
2023-08-15 00:00:00+00:00,1.162500023841858,1.1630699634552002,1.1619000434875488,1.1623899936676025
2023-08-15 04:00:00+00:00,1.1620999574661255,1.1647000312805176,1.1614999771118164,1.1618599891662598
2023-08-15 08:00:00+00:00,1.1614999771118164,1.1632599830627441,1.1610000133514404,1.1624499559402466
2023-08-15 12:00:00+00:00,1.1620999574661255,1.1660100221633911,1.1620999574661255,1.165850043296814
2023-08-15 16:00:00+00:00,1.1656999588012695,1.1661700010299683,1.1640000343322754,1.1646300554275513
2023-08-15 20:00:00+00:00,1.1642999649047852,1.1650500297546387,1.163699984550476,1.1646599769592285
2023-08-16 00:00:00+00:00,1.1646599769592285,1.164739966392517,1.1634000539779663,1.1641299724578857
2023-08-16 04:00:00+00:00,1.163699984550476,1.1664299964904785,1.1632000207901,1.1662299633026123
2023-08-16 08:00:00+00:00,1.16635000705719,1.1678600311279297,1.1657999753952026,1.1673699617385864
2023-08-16 12:00:00+00:00,1.1669000387191772,1.1694799661636353,1.166100025177002,1.1691299676895142
2023-08-16 16:00:00+00:00,1.1685999631881714,1.1699600219726562,1.1684999465942383,1.1695899963378906
2023-08-16 20:00:00+00:00,1.169100046157837,1.1704000234603882,1.169100046157837,1.1702500581741333
2023-08-17 00:00:00+00:00,1.1698999404907227,1.1706600189208984,1.169700026512146,1.1702100038528442
2023-08-17 04:00:00+00:00,1.1701899766921997,1.1708099842071533,1.169600009918213,1.1703599691390991
2023-08-17 08:00:00+00:00,1.1698999404907227,1.1717400550842285,1.1682000160217285,1.1713800430297852
2023-08-17 12:00:00+00:00,1.1708999872207642,1.1726000308990479,1.1700999736785889,1.1724499464035034
2023-08-17 16:00:00+00:00,1.1720999479293823,1.1731699705123901,1.1717000007629395,1.172279953956604
2023-08-17 20:00:00+00:00,1.1719000339508057,1.1725000143051147,1.171589970588684,1.1721999645233154
2023-08-18 00:00:00+00:00,1.1718000173568726,1.172510027885437,1.1706000566482544,1.1712900400161743
2023-08-18 04:00:00+00:00,1.1708999872207642,1.1714799404144287,1.1679999828338623,1.1692399978637695
2023-08-18 08:00:00+00:00,1.1687999963760376,1.1715400218963623,1.1687999963760376,1.1693899631500244
2023-08-18 12:00:00+00:00,1.1687999963760376,1.1724400520324707,1.1686999797821045,1.1712100505828857
2023-08-18 16:00:00+00:00,1.1712100505828857,1.1723899841308594,1.1706000566482544,1.1714400053024292
2023-08-18 20:00:00+00:00,1.1713800430297852,1.1716899871826172,1.1704000234603882,1.1704000234603882
2023-08-19 00:00:00+00:00,,,,
2023-08-19 04:00:00+00:00,,,,
2023-08-19 08:00:00+00:00,,,,
2023-08-19 12:00:00+00:00,,,,
2023-08-19 16:00:00+00:00,,,,
2023-08-19 20:00:00+00:00,,,,
2023-08-20 00:00:00+00:00,,,,
2023-08-20 04:00:00+00:00,,,,
2023-08-20 08:00:00+00:00,,,,
2023-08-20 12:00:00+00:00,,,,
2023-08-20 16:00:00+00:00,,,,
2023-08-20 20:00:00+00:00,1.170699954032898,1.1716200113296509,1.170699954032898,1.171489953994751
2023-08-21 00:00:00+00:00,1.1710000038146973,1.171779990196228,1.1700999736785889,1.1705399751663208
2023-08-21 04:00:00+00:00,1.1704800128936768,1.1708600521087646,1.1689000129699707,1.169010043144226
2023-08-21 08:00:00+00:00,1.1685999631881714,1.169800043106079,1.1674000024795532,1.1695599555969238
2023-08-21 12:00:00+00:00,1.169100046157837,1.1708600521087646,1.1684999465942383,1.1696100234985352
2023-08-21 16:00:00+00:00,1.1691999435424805,1.1712199449539185,1.1690000295639038,1.170889973640442
2023-08-21 20:00:00+00:00,1.1705000400543213,1.1710599660873413,1.170199990272522,1.170799970626831
2023-08-22 00:00:00+00:00,1.1707600355148315,1.1710599660873413,1.169800043106079,1.1702300310134888
2023-08-22 04:00:00+00:00,1.169800043106079,1.1717100143432617,1.169700026512146,1.1711299419403076
2023-08-22 08:00:00+00:00,1.170699954032898,1.1734600067138672,1.1704000234603882,1.172819972038269
2023-08-22 12:00:00+00:00,1.1723999977111816,1.1744500398635864,1.1710000038146973,1.1737699508666992
2023-08-22 16:00:00+00:00,1.17330002784729,1.1741199493408203,1.1729999780654907,1.1736500263214111
2023-08-22 20:00:00+00:00,1.1736400127410889,1.1739399433135986,1.1729999780654907,1.1736799478530884
2023-08-23 00:00:00+00:00,1.17330002784729,1.1741399765014648,1.1730999946594238,1.1740100383758545
2023-08-23 04:00:00+00:00,1.1735999584197998,1.1772300004959106,1.173200011253357,1.175719976425171
2023-08-23 08:00:00+00:00,1.1753000020980835,1.1761800050735474,1.167799949645996,1.1680999994277954
2023-08-23 12:00:00+00:00,1.1677000522613525,1.1708699464797974,1.1670000553131104,1.170390009880066
2023-08-23 16:00:00+00:00,1.1704100370407104,1.1715799570083618,1.169800043106079,1.1706700325012207
2023-08-23 20:00:00+00:00,1.170199990272522,1.1711499691009521,1.169700026512146,1.17044997215271
2023-08-24 00:00:00+00:00,1.170199990272522,1.1705800294876099,1.1694999933242798,1.1700999736785889
2023-08-24 04:00:00+00:00,1.169600009918213,1.171049952507019,1.169100046157837,1.1698999404907227
2023-08-24 08:00:00+00:00,1.169700026512146,1.1703599691390991,1.1668000221252441,1.1673200130462646
2023-08-24 12:00:00+00:00,1.1672899723052979,1.1684000492095947,1.1653000116348267,1.166659951210022
2023-08-24 16:00:00+00:00,1.1663999557495117,1.1669600009918213,1.1649999618530273,1.1654200553894043
2023-08-24 20:00:00+00:00,1.1649999618530273,1.1660900115966797,1.1647000312805176,1.1659799814224243
2023-08-25 00:00:00+00:00,1.1655000448226929,1.1663800477981567,1.1648000478744507,1.165470004081726
2023-08-25 04:00:00+00:00,1.1650999784469604,1.1675699949264526,1.1643999814987183,1.1675200462341309
2023-08-25 08:00:00+00:00,1.1672600507736206,1.1680699586868286,1.1654000282287598,1.167680025100708
2023-08-25 12:00:00+00:00,1.1672999858856201,1.1677500009536743,1.1647000312805176,1.1651899814605713
2023-08-25 16:00:00+00:00,1.1648000478744507,1.1657700538635254,1.1646000146865845,1.165220022201538
2023-08-25 20:00:00+00:00,1.1648000478744507,1.16566002368927,1.1647000312805176,1.1648000478744507
2023-08-26 00:00:00+00:00,,,,
2023-08-26 04:00:00+00:00,,,,
2023-08-26 08:00:00+00:00,,,,
2023-08-26 12:00:00+00:00,,,,
2023-08-26 16:00:00+00:00,,,,
2023-08-26 20:00:00+00:00,,,,
2023-08-27 00:00:00+00:00,,,,
2023-08-27 04:00:00+00:00,,,,
2023-08-27 08:00:00+00:00,,,,
2023-08-27 12:00:00+00:00,,,,
2023-08-27 16:00:00+00:00,,,,
2023-08-27 20:00:00+00:00,1.1650199890136719,1.165910005569458,1.1648000478744507,1.1658200025558472
2023-08-28 00:00:00+00:00,1.1659200191497803,1.1661800146102905,1.1649999618530273,1.1655299663543701
2023-08-28 04:00:00+00:00,1.165470004081726,1.166100025177002,1.1627000570297241,1.1632100343704224
2023-08-28 08:00:00+00:00,1.163100004196167,1.1649800539016724,1.162500023841858,1.1648600101470947
2023-08-28 12:00:00+00:00,1.1647000312805176,1.1653000116348267,1.1632000207901,1.1646499633789062
2023-08-28 16:00:00+00:00,1.164680004119873,1.165719985961914,1.1642999649047852,1.165120005607605
2023-08-28 20:00:00+00:00,1.1650500297546387,1.165120005607605,1.16389000415802,1.1648600101470947
2023-08-29 00:00:00+00:00,1.1648499965667725,1.1655700206756592,1.1642999649047852,1.1652799844741821
2023-08-29 04:00:00+00:00,1.1648999452590942,1.1672199964523315,1.1648000478744507,1.1654399633407593
2023-08-29 08:00:00+00:00,1.1649999618530273,1.167099952697754,1.1640000343322754,1.1648800373077393
2023-08-29 12:00:00+00:00,1.1649099588394165,1.165369987487793,1.1612999439239502,1.1623300313949585
2023-08-29 16:00:00+00:00,1.1620800495147705,1.1628700494766235,1.1608999967575073,1.16211998462677
2023-08-29 20:00:00+00:00,1.16211998462677,1.162719964981079,1.1614999771118164,1.1624799966812134
2023-08-30 00:00:00+00:00,1.1624399423599243,1.1630200147628784,1.1613999605178833,1.1619700193405151
2023-08-30 04:00:00+00:00,1.1615999937057495,1.1638599634170532,1.1608999967575073,1.1634299755096436
2023-08-30 08:00:00+00:00,1.1635299921035767,1.1641900539398193,1.1610000133514404,1.163290023803711
2023-08-30 12:00:00+00:00,1.1632100343704224,1.1648199558258057,1.1622999906539917,1.164520025253296
2023-08-30 16:00:00+00:00,1.164520025253296,1.1647900342941284,1.1634000539779663,1.1643600463867188
2023-08-30 20:00:00+00:00,1.1639000177383423,1.1646499633789062,1.162500023841858,1.1628999710083008
2023-08-31 00:00:00+00:00,1.162500023841858,1.164929986000061,1.162500023841858,1.1647700071334839
2023-08-31 04:00:00+00:00,1.164720058441162,1.1667300462722778,1.1638000011444092,1.1666100025177002
2023-08-31 08:00:00+00:00,1.1667300462722778,1.1679099798202515,1.1648999452590942,1.166759967803955
2023-08-31 12:00:00+00:00,1.1667300462722778,1.168720006942749,1.1654000282287598,1.1683800220489502
2023-08-31 16:00:00+00:00,1.1684099435806274,1.168529987335205,1.167099952697754,1.1681699752807617
2023-08-31 20:00:00+00:00,1.1676000356674194,1.1688899993896484,1.1676000356674194,1.1685400009155273
2023-09-01 00:00:00+00:00,1.1685099601745605,1.1685800552368164,1.1672999858856201,1.1676900386810303
2023-09-01 04:00:00+00:00,1.1676700115203857,1.1685199737548828,1.1660000085830688,1.1683199405670166
2023-09-01 08:00:00+00:00,1.1682699918746948,1.169450044631958,1.1677000522613525,1.169450044631958
2023-09-01 12:00:00+00:00,1.1690000295639038,1.16975998878479,1.1664999723434448,1.1672899723052979
2023-09-01 16:00:00+00:00,1.1669000387191772,1.1685700416564941,1.166100025177002,1.1680400371551514
2023-09-01 20:00:00+00:00,1.167799949645996,1.1684199571609497,1.1677000522613525,1.1678999662399292
2023-09-02 00:00:00+00:00,,,,
2023-09-02 04:00:00+00:00,,,,
2023-09-02 08:00:00+00:00,,,,
2023-09-02 12:00:00+00:00,,,,
2023-09-02 16:00:00+00:00,,,,
2023-09-02 20:00:00+00:00,,,,
2023-09-03 00:00:00+00:00,,,,
2023-09-03 04:00:00+00:00,,,,
2023-09-03 08:00:00+00:00,,,,
2023-09-03 12:00:00+00:00,,,,
2023-09-03 16:00:00+00:00,,,,
2023-09-03 20:00:00+00:00,1.1679999828338623,1.1685199737548828,1.1677000522613525,1.1683599948883057
2023-09-04 00:00:00+00:00,1.1678999662399292,1.1688100099563599,1.167799949645996,1.168429970741272
2023-09-04 04:00:00+00:00,1.1679999828338623,1.1693600416183472,1.167799949645996,1.1690000295639038
2023-09-04 08:00:00+00:00,1.1686999797821045,1.1704000234603882,1.1684000492095947,1.169119954109192
2023-09-04 12:00:00+00:00,1.1686999797821045,1.1703200340270996,1.1682000160217285,1.168969988822937
2023-09-04 16:00:00+00:00,1.1684999465942383,1.1700999736785889,1.1684999465942383,1.1699600219726562
2023-09-04 20:00:00+00:00,1.1694999933242798,1.1700999736785889,1.1686999797821045,1.169600009918213
2023-09-05 00:00:00+00:00,1.1692999601364136,1.1701799631118774,1.169100046157837,1.1694799661636353
2023-09-05 04:00:00+00:00,1.1690000295639038,1.1701699495315552,1.1675000190734863,1.1678600311279297
2023-09-05 08:00:00+00:00,1.1678400039672852,1.1694300174713135,1.1655999422073364,1.169260025024414
2023-09-05 12:00:00+00:00,1.1687999963760376,1.1729199886322021,1.1685999631881714,1.1727299690246582
2023-09-05 16:00:00+00:00,1.1723999977111816,1.1730999946594238,1.1708999872207642,1.171679973602295
2023-09-05 20:00:00+00:00,1.1711000204086304,1.172029972076416,1.1708999872207642,1.1720000505447388
2023-09-06 00:00:00+00:00,1.1714999675750732,1.1718900203704834,1.170699954032898,1.1711399555206299
2023-09-06 04:00:00+00:00,1.1711299419403076,1.1723500490188599,1.1692399978637695,1.1700799465179443
2023-09-06 08:00:00+00:00,1.169700026512146,1.170799970626831,1.1676000356674194,1.1693400144577026
2023-09-06 12:00:00+00:00,1.1690000295639038,1.169909954071045,1.1655999422073364,1.166450023651123
2023-09-06 16:00:00+00:00,1.166200041770935,1.1671299934387207,1.1653000116348267,1.1657500267028809
2023-09-06 20:00:00+00:00,1.1657600402832031,1.1660499572753906,1.1649999618530273,1.1654399633407593
2023-09-07 00:00:00+00:00,1.1654599905014038,1.1655399799346924,1.164199948310852,1.1653399467468262
2023-09-07 04:00:00+00:00,1.1652499437332153,1.1662399768829346,1.1632000207901,1.1638000011444092
2023-09-07 08:00:00+00:00,1.163849949836731,1.1655100584030151,1.1621999740600586,1.16389000415802
2023-09-07 12:00:00+00:00,1.1639399528503418,1.1663999557495117,1.163100004196167,1.1663000583648682
2023-09-07 16:00:00+00:00,1.1663199663162231,1.1663199663162231,1.1646000146865845,1.1659300327301025
2023-09-07 20:00:00+00:00,1.1659899950027466,1.1660900115966797,1.1651999950408936,1.1660399436950684
2023-09-08 00:00:00+00:00,1.1660000085830688,1.1663299798965454,1.1647000312805176,1.1659799814224243
2023-09-08 04:00:00+00:00,1.1659400463104248,1.1667100191116333,1.1642999649047852,1.1665799617767334
2023-09-08 08:00:00+00:00,1.1666100025177002,1.1668800115585327,1.1649999618530273,1.166640043258667
2023-09-08 12:00:00+00:00,1.1666100025177002,1.1668800115585327,1.1638000011444092,1.1647700071334839
2023-09-08 16:00:00+00:00,1.1646599769592285,1.1647299528121948,1.1633000373840332,1.1641299724578857
2023-09-08 20:00:00+00:00,1.1640199422836304,1.1646000146865845,1.163599967956543,1.1646000146865845
2023-09-09 00:00:00+00:00,,,,
2023-09-09 04:00:00+00:00,,,,
2023-09-09 08:00:00+00:00,,,,
2023-09-09 12:00:00+00:00,,,,
2023-09-09 16:00:00+00:00,,,,
2023-09-09 20:00:00+00:00,,,,
2023-09-10 00:00:00+00:00,,,,
2023-09-10 04:00:00+00:00,,,,
2023-09-10 08:00:00+00:00,,,,
2023-09-10 12:00:00+00:00,,,,
2023-09-10 16:00:00+00:00,,,,
2023-09-10 20:00:00+00:00,1.1643999814987183,1.1652799844741821,1.1643999814987183,1.1652799844741821
2023-09-11 00:00:00+00:00,1.1648999452590942,1.1658300161361694,1.1647000312805176,1.1657899618148804
2023-09-11 04:00:00+00:00,1.1654000282287598,1.1676199436187744,1.1650999784469604,1.1674000024795532
2023-09-11 08:00:00+00:00,1.1670000553131104,1.1680599451065063,1.1648999452590942,1.1674100160598755
2023-09-11 12:00:00+00:00,1.1670000553131104,1.1683800220489502,1.1649999618530273,1.1659300327301025
2023-09-11 16:00:00+00:00,1.1655999422073364,1.1660200357437134,1.1632000207901,1.1639599800109863
2023-09-11 20:00:00+00:00,1.1634999513626099,1.1640000343322754,1.163100004196167,1.1637200117111206
2023-09-12 00:00:00+00:00,1.1632000207901,1.1646699905395508,1.162950038909912,1.164620041847229
2023-09-12 04:00:00+00:00,1.1645699739456177,1.1660900115966797,1.163699984550476,1.1653000116348267
2023-09-12 08:00:00+00:00,1.1648999452590942,1.1651300191879272,1.1624000072479248,1.1634399890899658
2023-09-12 12:00:00+00:00,1.1629999876022339,1.164639949798584,1.1622999906539917,1.163100004196167
2023-09-12 16:00:00+00:00,1.1627000570297241,1.1643199920654297,1.162500023841858,1.1643199920654297
2023-09-12 20:00:00+00:00,1.1639000177383423,1.1643699407577515,1.1603000164031982,1.1615300178527832
2023-09-13 00:00:00+00:00,1.1611000299453735,1.1619900465011597,1.160599946975708,1.1619499921798706
2023-09-13 04:00:00+00:00,1.1614999771118164,1.1622600555419922,1.158400058746338,1.1603699922561646
2023-09-13 08:00:00+00:00,1.160099983215332,1.1626100540161133,1.160099983215332,1.161679983139038
2023-09-13 12:00:00+00:00,1.1612000465393066,1.1638000011444092,1.1605000495910645,1.1630699634552002
2023-09-13 16:00:00+00:00,1.1627000570297241,1.1639399528503418,1.162500023841858,1.1636199951171875
2023-09-13 20:00:00+00:00,1.1635299921035767,1.1640000343322754,1.163100004196167,1.1635600328445435
2023-09-14 00:00:00+00:00,1.1632000207901,1.164039969444275,1.1622999906539917,1.1630699634552002
2023-09-14 04:00:00+00:00,1.162600040435791,1.1632200479507446,1.1618000268936157,1.1632000207901
2023-09-14 08:00:00+00:00,1.1627999544143677,1.1635899543762207,1.1604000329971313,1.1626399755477905
2023-09-14 12:00:00+00:00,1.1621999740600586,1.1655100584030151,1.1617399454116821,1.1639699935913086
2023-09-14 16:00:00+00:00,1.1640299558639526,1.1663700342178345,1.163699984550476,1.1656500101089478
2023-09-14 20:00:00+00:00,1.1651999950408936,1.1662499904632568,1.1649999618530273,1.1659200191497803
2023-09-15 00:00:00+00:00,1.1655000448226929,1.1668599843978882,1.1654000282287598,1.1665199995040894
2023-09-15 04:00:00+00:00,1.166200041770935,1.1668100357055664,1.1648000478744507,1.166059970855713
2023-09-15 08:00:00+00:00,1.1656999588012695,1.166599988937378,1.1633000373840332,1.1642999649047852
2023-09-15 12:00:00+00:00,1.1643799543380737,1.1645499467849731,1.1605000495910645,1.1607600450515747
2023-09-15 16:00:00+00:00,1.1603000164031982,1.1619499921798706,1.1601999998092651,1.1617000102996826
2023-09-15 20:00:00+00:00,1.1617399454116821,1.161829948425293,1.1607999801635742,1.1610000133514404
2023-09-16 00:00:00+00:00,,,,
2023-09-16 04:00:00+00:00,,,,
2023-09-16 08:00:00+00:00,,,,
2023-09-16 12:00:00+00:00,,,,
2023-09-16 16:00:00+00:00,,,,
2023-09-16 20:00:00+00:00,,,,
2023-09-17 00:00:00+00:00,,,,
2023-09-17 04:00:00+00:00,,,,
2023-09-17 08:00:00+00:00,,,,
2023-09-17 12:00:00+00:00,,,,
2023-09-17 16:00:00+00:00,,,,
2023-09-17 20:00:00+00:00,1.1617399454116821,1.1620500087738037,1.1613999605178833,1.1620500087738037
2023-09-18 00:00:00+00:00,1.161910057067871,1.162179946899414,1.1611000299453735,1.1615300178527832
2023-09-18 04:00:00+00:00,1.161579966545105,1.1623599529266357,1.1605000495910645,1.1609599590301514
2023-09-18 08:00:00+00:00,1.160830020904541,1.162850022315979,1.1598000526428223,1.1612299680709839
2023-09-18 12:00:00+00:00,1.1612900495529175,1.1618599891662598,1.1586999893188477,1.1595200300216675
2023-09-18 16:00:00+00:00,1.1595100164413452,1.1599299907684326,1.1581000089645386,1.15857994556427
2023-09-18 20:00:00+00:00,1.1586099863052368,1.1586899757385254,1.1575000286102295,1.1580300331115723
2023-09-19 00:00:00+00:00,1.1581000089645386,1.158750057220459,1.1576000452041626,1.1586300134658813
2023-09-19 04:00:00+00:00,1.1585500240325928,1.1594899892807007,1.1578999757766724,1.1583900451660156
2023-09-19 08:00:00+00:00,1.1584299802780151,1.1590499877929688,1.1575000286102295,1.158959984779358
2023-09-19 12:00:00+00:00,1.1589900255203247,1.160230040550232,1.1583000421524048,1.1596800088882446
2023-09-19 16:00:00+00:00,1.1592999696731567,1.160640001296997,1.1588000059127808,1.1605199575424194
2023-09-19 20:00:00+00:00,1.1605000495910645,1.160580039024353,1.1592999696731567,1.1601899862289429
2023-09-20 00:00:00+00:00,1.1598000526428223,1.1601699590682983,1.1588000059127808,1.159690022468567
2023-09-20 04:00:00+00:00,1.1592999696731567,1.1603100299835205,1.1545000076293945,1.156209945678711
2023-09-20 08:00:00+00:00,1.1556999683380127,1.1569900512695312,1.1542999744415283,1.1556400060653687
2023-09-20 12:00:00+00:00,1.1552000045776367,1.1575900316238403,1.1550999879837036,1.1560499668121338
2023-09-20 16:00:00+00:00,1.1560300588607788,1.15788996219635,1.1553000211715698,1.1576600074768066
2023-09-20 20:00:00+00:00,1.1576600074768066,1.157920002937317,1.1567000150680542,1.1573599576950073
2023-09-21 00:00:00+00:00,1.1574100255966187,1.159000039100647,1.156999945640564,1.1584099531173706
2023-09-21 04:00:00+00:00,1.1579999923706055,1.1585099697113037,1.1541999578475952,1.1555099487304688
2023-09-21 08:00:00+00:00,1.1552000045776367,1.1557799577713013,1.1500999927520752,1.1533199548721313
2023-09-21 12:00:00+00:00,1.1533399820327759,1.1537400484085083,1.1513999700546265,1.1531599760055542
2023-09-21 16:00:00+00:00,1.1531100273132324,1.1539499759674072,1.1519999504089355,1.1531399488449097
2023-09-21 20:00:00+00:00,1.1531200408935547,1.1533000469207764,1.1521999835968018,1.1530100107192993
2023-09-22 00:00:00+00:00,1.1530799865722656,1.1536799669265747,1.1520999670028687,1.152609944343567
2023-09-22 04:00:00+00:00,1.1521999835968018,1.1542099714279175,1.1512000560760498,1.152109980583191
2023-09-22 08:00:00+00:00,1.1517900228500366,1.1522599458694458,1.1495000123977661,1.1520500183105469
2023-09-22 12:00:00+00:00,1.1521199941635132,1.1523900032043457,1.148900032043457,1.1495800018310547
2023-09-22 16:00:00+00:00,1.149549961090088,1.1501699686050415,1.148900032043457,1.1497000455856323
2023-09-22 20:00:00+00:00,1.1497999429702759,1.1498899459838867,1.1490000486373901,1.149399995803833
2023-09-23 00:00:00+00:00,,,,
2023-09-23 04:00:00+00:00,,,,
2023-09-23 08:00:00+00:00,,,,
2023-09-23 12:00:00+00:00,,,,
2023-09-23 16:00:00+00:00,,,,
2023-09-23 20:00:00+00:00,,,,
2023-09-24 00:00:00+00:00,,,,
2023-09-24 04:00:00+00:00,,,,
2023-09-24 08:00:00+00:00,,,,
2023-09-24 12:00:00+00:00,,,,
2023-09-24 16:00:00+00:00,,,,
2023-09-24 20:00:00+00:00,1.1496100425720215,1.1497399806976318,1.1490000486373901,1.1495599746704102
2023-09-25 00:00:00+00:00,1.1494699716567993,1.1499700546264648,1.148900032043457,1.1493699550628662
2023-09-25 04:00:00+00:00,1.1493300199508667,1.1510800123214722,1.148900032043457,1.1505800485610962
2023-09-25 08:00:00+00:00,1.1502000093460083,1.1508899927139282,1.1485999822616577,1.149459958076477
2023-09-25 12:00:00+00:00,1.1490999460220337,1.153439998626709,1.1490999460220337,1.1533000469207764
2023-09-25 16:00:00+00:00,1.1533399820327759,1.153480052947998,1.1523000001907349,1.1527600288391113
2023-09-25 20:00:00+00:00,1.1527899503707886,1.153059959411621,1.1519999504089355,1.1529699563980103
2023-09-26 00:00:00+00:00,1.1530200242996216,1.1535799503326416,1.1518000364303589,1.152169942855835
2023-09-26 04:00:00+00:00,1.1518000364303589,1.1525499820709229,1.149399995803833,1.1499199867248535
2023-09-26 08:00:00+00:00,1.1495000123977661,1.1503700017929077,1.1485999822616577,1.1487699747085571
2023-09-26 12:00:00+00:00,1.1488100290298462,1.1507099866867065,1.1482000350952148,1.150629997253418
2023-09-26 16:00:00+00:00,1.150570034980774,1.151610016822815,1.1496000289916992,1.1499300003051758
2023-09-26 20:00:00+00:00,1.1496000289916992,1.1502000093460083,1.1485999822616577,1.1490999460220337
2023-09-27 00:00:00+00:00,1.1485999822616577,1.1501799821853638,1.1485999822616577,1.1494699716567993
2023-09-27 04:00:00+00:00,1.1490000486373901,1.1503599882125854,1.1485999822616577,1.1496599912643433
2023-09-27 08:00:00+00:00,1.1496599912643433,1.1520500183105469,1.1491999626159668,1.1515899896621704
2023-09-27 12:00:00+00:00,1.1516200304031372,1.1549700498580933,1.1506999731063843,1.1542099714279175
2023-09-27 16:00:00+00:00,1.1541399955749512,1.1555999517440796,1.1531000137329102,1.1553000211715698
2023-09-27 20:00:00+00:00,1.1549999713897705,1.15556001663208,1.1543999910354614,1.155019998550415
2023-09-28 00:00:00+00:00,1.1547000408172607,1.1555500030517578,1.1541999578475952,1.1554299592971802
2023-09-28 04:00:00+00:00,1.1553699970245361,1.156730055809021,1.1546000242233276,1.1564799547195435
2023-09-28 08:00:00+00:00,1.1564899682998657,1.1582800149917603,1.156000018119812,1.1579899787902832
2023-09-28 12:00:00+00:00,1.157979965209961,1.1585400104522705,1.1541999578475952,1.1553499698638916
2023-09-28 16:00:00+00:00,1.1549999713897705,1.1557600498199463,1.1541999578475952,1.154710054397583
2023-09-28 20:00:00+00:00,1.1547600030899048,1.1554800271987915,1.154099941253662,1.1553699970245361
2023-09-29 00:00:00+00:00,1.1553399562835693,1.1555099487304688,1.1542999744415283,1.1553499698638916
2023-09-29 04:00:00+00:00,1.155269980430603,1.1564300060272217,1.1536999940872192,1.1541500091552734
2023-09-29 08:00:00+00:00,1.154170036315918,1.156999945640564,1.152500033378601,1.1566499471664429
2023-09-29 12:00:00+00:00,1.1562999486923218,1.1568900346755981,1.1516000032424927,1.1540900468826294
2023-09-29 16:00:00+00:00,1.1539700031280518,1.1542799472808838,1.1526999473571777,1.1538599729537964
2023-09-29 20:00:00+00:00,1.1538599729537964,1.1542799472808838,1.1533000469207764,1.1533000469207764
2023-09-30 00:00:00+00:00,,,,
2023-09-30 04:00:00+00:00,,,,
2023-09-30 08:00:00+00:00,,,,
2023-09-30 12:00:00+00:00,,,,
2023-09-30 16:00:00+00:00,,,,
2023-09-30 20:00:00+00:00,,,,
2023-10-01 00:00:00+00:00,,,,
2023-10-01 04:00:00+00:00,,,,
2023-10-01 08:00:00+00:00,,,,
2023-10-01 12:00:00+00:00,,,,
2023-10-01 16:00:00+00:00,,,,
2023-10-01 20:00:00+00:00,1.153749942779541,1.1542500257492065,1.1533000469207764,1.1538000106811523
2023-10-02 00:00:00+00:00,1.1541600227355957,1.1542099714279175,1.1527999639511108,1.1532599925994873
2023-10-02 04:00:00+00:00,1.1532700061798096,1.15447998046875,1.152400016784668,1.152899980545044
2023-10-02 08:00:00+00:00,1.153249979019165,1.155019998550415,1.152400016784668,1.15339994430542
2023-10-02 12:00:00+00:00,1.1537400484085083,1.1555700302124023,1.152999997138977,1.1546000242233276
2023-10-02 16:00:00+00:00,1.1550699472427368,1.155210018157959,1.152899980545044,1.1533000469207764
2023-10-02 20:00:00+00:00,1.1535899639129639,1.1538599729537964,1.1527999639511108,1.1535600423812866
2023-10-03 00:00:00+00:00,1.1535999774932861,1.1540499925613403,1.152899980545044,1.1532000303268433
2023-10-03 04:00:00+00:00,1.1535600423812866,1.1539599895477295,1.1516000032424927,1.1521999835968018
2023-10-03 08:00:00+00:00,1.1525800228118896,1.153090000152588,1.1502000093460083,1.1516000032424927
2023-10-03 12:00:00+00:00,1.1519900560379028,1.154579997062683,1.1516000032424927,1.1542799472808838
2023-10-03 16:00:00+00:00,1.1543400287628174,1.1547900438308716,1.152400016784668,1.1533299684524536
2023-10-03 20:00:00+00:00,1.15339994430542,1.1541099548339844,1.152999997138977,1.1532000303268433
2023-10-04 00:00:00+00:00,1.153540015220642,1.1536999940872192,1.152500033378601,1.1527999639511108
2023-10-04 04:00:00+00:00,1.153190016746521,1.1541099548339844,1.1513999700546265,1.1519999504089355
2023-10-04 08:00:00+00:00,1.1524100303649902,1.1559300422668457,1.151900053024292,1.1543999910354614
2023-10-04 12:00:00+00:00,1.154289960861206,1.157349944114685,1.1538000106811523,1.1550999879837036
2023-10-04 16:00:00+00:00,1.155500054359436,1.1564199924468994,1.1548000574111938,1.1549999713897705
2023-10-04 20:00:00+00:00,1.1554100513458252,1.1557999849319458,1.1546000242233276,1.1546000242233276
2023-10-05 00:00:00+00:00,1.155079960823059,1.1554499864578247,1.1540000438690186,1.1552000045776367
2023-10-05 04:00:00+00:00,1.1552200317382812,1.155940055847168,1.1538000106811523,1.154289960861206
2023-10-05 08:00:00+00:00,1.1544500589370728,1.1546499729156494,1.152500033378601,1.1540000438690186
2023-10-05 12:00:00+00:00,1.154379963874817,1.1560200452804565,1.1526000499725342,1.1555999517440796
2023-10-05 16:00:00+00:00,1.1559799909591675,1.1563800573349,1.1552000045776367,1.155400037765503
2023-10-05 20:00:00+00:00,1.1558300256729126,1.1558300256729126,1.1548999547958374,1.1550999879837036
2023-10-06 00:00:00+00:00,1.1555399894714355,1.1556700468063354,1.1548000574111938,1.1548999547958374
2023-10-06 04:00:00+00:00,1.155269980430603,1.1567699909210205,1.1541999578475952,1.1562000513076782
2023-10-06 08:00:00+00:00,1.1566499471664429,1.156999945640564,1.1549999713897705,1.1553000211715698
2023-10-06 12:00:00+00:00,1.155750036239624,1.1571500301361084,1.1539000272750854,1.156000018119812
2023-10-06 16:00:00+00:00,1.1564899682998657,1.1568900346755981,1.1552000045776367,1.1555999517440796
2023-10-06 20:00:00+00:00,1.1559900045394897,1.1561599969863892,1.1552000045776367,1.155500054359436
2023-10-07 00:00:00+00:00,,,,
2023-10-07 04:00:00+00:00,,,,
2023-10-07 08:00:00+00:00,,,,
2023-10-07 12:00:00+00:00,,,,
2023-10-07 16:00:00+00:00,,,,
2023-10-07 20:00:00+00:00,,,,
2023-10-08 00:00:00+00:00,,,,
2023-10-08 04:00:00+00:00,,,,
2023-10-08 08:00:00+00:00,,,,
2023-10-08 12:00:00+00:00,,,,
2023-10-08 16:00:00+00:00,,,,
2023-10-08 20:00:00+00:00,1.1566400527954102,1.1566699743270874,1.155900001525879,1.156000018119812
2023-10-09 00:00:00+00:00,1.1563999652862549,1.1564899682998657,1.155400037765503,1.1558799743652344
2023-10-09 04:00:00+00:00,1.1559200286865234,1.1574900150299072,1.1550999879837036,1.1564500331878662
2023-10-09 08:00:00+00:00,1.1563199758529663,1.157349944114685,1.1545000076293945,1.1553000211715698
2023-10-09 12:00:00+00:00,1.155769944190979,1.158210039138794,1.1549999713897705,1.1572999954223633
2023-10-09 16:00:00+00:00,1.1577999591827393,1.1584299802780151,1.157099962234497,1.1581699848175049
2023-10-09 20:00:00+00:00,1.158310055732727,1.1583199501037598,1.1572999954223633,1.1578600406646729
2023-10-10 00:00:00+00:00,1.1578799486160278,1.1584899425506592,1.1571999788284302,1.157670021057129
2023-10-10 04:00:00+00:00,1.1577199697494507,1.1578999757766724,1.1561000347137451,1.156499981880188
2023-10-10 08:00:00+00:00,1.1568200588226318,1.157789945602417,1.155500054359436,1.1567000150680542
2023-10-10 12:00:00+00:00,1.1572799682617188,1.1579699516296387,1.1555999517440796,1.157189965248108
2023-10-10 16:00:00+00:00,1.157099962234497,1.15871000289917,1.156599998474121,1.1582900285720825
2023-10-10 20:00:00+00:00,1.158400058746338,1.159019947052002,1.1573699712753296,1.1588399410247803
2023-10-11 00:00:00+00:00,1.158400058746338,1.1593899726867676,1.158400058746338,1.1590800285339355
2023-10-11 04:00:00+00:00,1.1590900421142578,1.159369945526123,1.156999945640564,1.1582200527191162
2023-10-11 08:00:00+00:00,1.15802001953125,1.159500002861023,1.1567000150680542,1.1589000225067139
2023-10-11 12:00:00+00:00,1.1589699983596802,1.1605499982833862,1.1577999591827393,1.1590399742126465
2023-10-11 16:00:00+00:00,1.1586999893188477,1.1601500511169434,1.158400058746338,1.1597199440002441
2023-10-11 20:00:00+00:00,1.1597700119018555,1.1599400043487549,1.1584999561309814,1.1591500043869019
2023-10-12 00:00:00+00:00,1.159190058708191,1.159540057182312,1.1583000421524048,1.1588799953460693
2023-10-12 04:00:00+00:00,1.1589200496673584,1.1592899560928345,1.157099962234497,1.157639980316162
2023-10-12 08:00:00+00:00,1.1576100587844849,1.1594300270080566,1.1567000150680542,1.1594300270080566
2023-10-12 12:00:00+00:00,1.159000039100647,1.1598199605941772,1.156599998474121,1.1572400331497192
2023-10-12 16:00:00+00:00,1.1568000316619873,1.1576000452041626,1.155400037765503,1.1562299728393555
2023-10-12 20:00:00+00:00,1.1561299562454224,1.156690001487732,1.1555999517440796,1.1562199592590332
2023-10-13 00:00:00+00:00,1.1562299728393555,1.1575900316238403,1.1557999849319458,1.157170057296753
2023-10-13 04:00:00+00:00,1.1571600437164307,1.15802001953125,1.155900001525879,1.1571999788284302
2023-10-13 08:00:00+00:00,1.1567000150680542,1.158120036125183,1.1561000347137451,1.1575900316238403
2023-10-13 12:00:00+00:00,1.1571999788284302,1.1579099893569946,1.1548000574111938,1.1557199954986572
2023-10-13 16:00:00+00:00,1.1556899547576904,1.1557199954986572,1.1535999774932861,1.1546399593353271
2023-10-13 20:00:00+00:00,1.154670000076294,1.1551899909973145,1.1541999578475952,1.1550999879837036
2023-10-14 00:00:00+00:00,,,,
2023-10-14 04:00:00+00:00,,,,
2023-10-14 08:00:00+00:00,,,,
2023-10-14 12:00:00+00:00,,,,
2023-10-14 16:00:00+00:00,,,,
2023-10-14 20:00:00+00:00,,,,
2023-10-15 00:00:00+00:00,,,,
2023-10-15 04:00:00+00:00,,,,
2023-10-15 08:00:00+00:00,,,,
2023-10-15 12:00:00+00:00,,,,
2023-10-15 16:00:00+00:00,,,,
2023-10-15 20:00:00+00:00,1.154770016670227,1.155210018157959,1.1542999744415283,1.1547000408172607
2023-10-16 00:00:00+00:00,1.155079960823059,1.1553399562835693,1.1541999578475952,1.154979944229126
2023-10-16 04:00:00+00:00,1.1550699472427368,1.1563299894332886,1.1545000076293945,1.1553000211715698
2023-10-16 08:00:00+00:00,1.1556600332260132,1.1558300256729126,1.1527999639511108,1.155400037765503
2023-10-16 12:00:00+00:00,1.1557600498199463,1.156790018081665,1.154099941253662,1.1562000513076782
2023-10-16 16:00:00+00:00,1.156499981880188,1.1572599411010742,1.1561000347137451,1.1562000513076782
2023-10-16 20:00:00+00:00,1.1566400527954102,1.1571799516677856,1.1556999683380127,1.1570500135421753
2023-10-17 00:00:00+00:00,1.1569199562072754,1.1569199562072754,1.155400037765503,1.1564600467681885
2023-10-17 04:00:00+00:00,1.1566599607467651,1.1566799879074097,1.15339994430542,1.1538000106811523
2023-10-17 08:00:00+00:00,1.1541600227355957,1.1543699502944946,1.1513999700546265,1.1517000198364258
2023-10-17 12:00:00+00:00,1.1520400047302246,1.152269959449768,1.1504000425338745,1.1516000032424927
2023-10-17 16:00:00+00:00,1.1519900560379028,1.1531200408935547,1.1513999700546265,1.1518800258636475
2023-10-17 20:00:00+00:00,1.1519900560379028,1.1520999670028687,1.1510000228881836,1.1513999700546265
2023-10-18 00:00:00+00:00,1.1517399549484253,1.1519999504089355,1.1505000591278076,1.1512600183486938
2023-10-18 04:00:00+00:00,1.151229977607727,1.15378999710083,1.1509000062942505,1.1517000198364258
2023-10-18 08:00:00+00:00,1.152209997177124,1.1544500589370728,1.1512000560760498,1.1536999940872192
2023-10-18 12:00:00+00:00,1.1540499925613403,1.1546000242233276,1.1519999504089355,1.1531000137329102
2023-10-18 16:00:00+00:00,1.1534700393676758,1.1536999940872192,1.1518000364303589,1.1522300243377686
2023-10-18 20:00:00+00:00,1.1522899866104126,1.1524300575256348,1.1516000032424927,1.1517000198364258
2023-10-19 00:00:00+00:00,1.152109980583191,1.1523300409317017,1.1507999897003174,1.1507999897003174
2023-10-19 04:00:00+00:00,1.1512199640274048,1.1516300439834595,1.149399995803833,1.1495000123977661
2023-10-19 08:00:00+00:00,1.1499099731445312,1.1501400470733643,1.1468000411987305,1.1476000547409058
2023-10-19 12:00:00+00:00,1.1479500532150269,1.1497199535369873,1.1471999883651733,1.1483999490737915
2023-10-19 16:00:00+00:00,1.1487400531768799,1.1492600440979004,1.1469000577926636,1.1469000577926636
2023-10-19 20:00:00+00:00,1.147379994392395,1.1476000547409058,1.145799994468689,1.145799994468689
2023-10-20 00:00:00+00:00,1.1461800336837769,1.147879958152771,1.145799994468689,1.1471999883651733
2023-10-20 04:00:00+00:00,1.147510051727295,1.1475399732589722,1.1441999673843384,1.1445000171661377
2023-10-20 08:00:00+00:00,1.1448299884796143,1.146440029144287,1.1437000036239624,1.1462299823760986
2023-10-20 12:00:00+00:00,1.1462299823760986,1.1482399702072144,1.145900011062622,1.1467000246047974
2023-10-20 16:00:00+00:00,1.1472200155258179,1.148210048675537,1.146299958229065,1.1476000547409058
2023-10-20 20:00:00+00:00,1.1479599475860596,1.148460030555725,1.1474800109863281,1.1475000381469727
2023-10-21 00:00:00+00:00,,,,
2023-10-21 04:00:00+00:00,,,,
2023-10-21 08:00:00+00:00,,,,
2023-10-21 12:00:00+00:00,,,,
2023-10-21 16:00:00+00:00,,,,
2023-10-21 20:00:00+00:00,,,,
2023-10-22 00:00:00+00:00,,,,
2023-10-22 04:00:00+00:00,,,,
2023-10-22 08:00:00+00:00,,,,
2023-10-22 12:00:00+00:00,,,,
2023-10-22 16:00:00+00:00,,,,
2023-10-22 20:00:00+00:00,1.1480799913406372,1.148569941520691,1.1476999521255493,1.148569941520691
2023-10-23 00:00:00+00:00,1.1485300064086914,1.1492899656295776,1.1477999687194824,1.148669958114624
2023-10-23 04:00:00+00:00,1.148650050163269,1.1493799686431885,1.1476999521255493,1.1481499671936035
2023-10-23 08:00:00+00:00,1.1476000547409058,1.14860999584198,1.1455999612808228,1.147819995880127
2023-10-23 12:00:00+00:00,1.1471999883651733,1.1495000123977661,1.145900011062622,1.1491700410842896
2023-10-23 16:00:00+00:00,1.1489200592041016,1.1491299867630005,1.146299958229065,1.1479699611663818
2023-10-23 20:00:00+00:00,1.1478999853134155,1.148419976234436,1.1470999717712402,1.1479699611663818
2023-10-24 00:00:00+00:00,1.147860050201416,1.1486899852752686,1.1474000215530396,1.148110032081604
2023-10-24 04:00:00+00:00,1.1481300592422485,1.1505299806594849,1.1476000547409058,1.149880051612854
2023-10-24 08:00:00+00:00,1.1500999927520752,1.1515699625015259,1.1483999490737915,1.1488699913024902
2023-10-24 12:00:00+00:00,1.1488100290298462,1.1498700380325317,1.1475000381469727,1.1485199928283691
2023-10-24 16:00:00+00:00,1.1484800577163696,1.1486599445343018,1.1471999883651733,1.1482599973678589
2023-10-24 20:00:00+00:00,1.1482900381088257,1.1484099626541138,1.1473000049591064,1.147819995880127
2023-10-25 00:00:00+00:00,1.1478300094604492,1.14860999584198,1.1474000215530396,1.1479400396347046
2023-10-25 04:00:00+00:00,1.1479599475860596,1.1487300395965576,1.1461999416351318,1.146720051765442
2023-10-25 08:00:00+00:00,1.1467399597167969,1.1470199823379517,1.1455999612808228,1.1461700201034546
2023-10-25 12:00:00+00:00,1.1461199522018433,1.1479899883270264,1.1454999446868896,1.1468499898910522
2023-10-25 16:00:00+00:00,1.1469000577926636,1.1472100019454956,1.1456999778747559,1.1460800170898438
2023-10-25 20:00:00+00:00,1.1461700201034546,1.1461800336837769,1.1445000171661377,1.1452900171279907
2023-10-26 00:00:00+00:00,1.1452200412750244,1.1459499597549438,1.1444000005722046,1.1448999643325806
2023-10-26 04:00:00+00:00,1.1453200578689575,1.1468700170516968,1.1448999643325806,1.1455999612808228
2023-10-26 08:00:00+00:00,1.1460100412368774,1.1473499536514282,1.1448999643325806,1.1466000080108643
2023-10-26 12:00:00+00:00,1.146939992904663,1.1504900455474854,1.146299958229065,1.1495000123977661
2023-10-26 16:00:00+00:00,1.1498500108718872,1.1499199867248535,1.1477999687194824,1.1481800079345703
2023-10-26 20:00:00+00:00,1.1482399702072144,1.1488800048828125,1.1473000049591064,1.1487699747085571
2023-10-27 00:00:00+00:00,1.1487200260162354,1.148859977722168,1.1480000019073486,1.1481000185012817
2023-10-27 04:00:00+00:00,1.1484700441360474,1.148710012435913,1.1470999717712402,1.1474000215530396
2023-10-27 08:00:00+00:00,1.1477700471878052,1.1494699716567993,1.1468000411987305,1.1485999822616577
2023-10-27 12:00:00+00:00,1.149090051651001,1.1498899459838867,1.1461999416351318,1.1470600366592407
2023-10-27 16:00:00+00:00,1.1470600366592407,1.1473300457000732,1.145400047302246,1.1461000442504883
2023-10-27 20:00:00+00:00,1.1464899778366089,1.1473000049591064,1.1461999416351318,1.1473000049591064
2023-10-28 00:00:00+00:00,,,,
2023-10-28 04:00:00+00:00,,,,
2023-10-28 08:00:00+00:00,,,,
2023-10-28 12:00:00+00:00,,,,
2023-10-28 16:00:00+00:00,,,,
2023-10-28 20:00:00+00:00,,,,
2023-10-29 00:00:00+00:00,,,,
2023-10-29 04:00:00+00:00,,,,
2023-10-29 08:00:00+00:00,,,,
2023-10-29 12:00:00+00:00,,,,
2023-10-29 16:00:00+00:00,,,,
2023-10-29 20:00:00+00:00,,,,
2023-10-30 00:00:00+00:00,1.1467599868774414,1.1476999521255493,1.145900011062622,1.1471999883651733
2023-10-30 04:00:00+00:00,1.1476500034332275,1.1483700275421143,1.145300030708313,1.1459800004959106
2023-10-30 08:00:00+00:00,1.1466799974441528,1.1471199989318848,1.1452000141143799,1.145550012588501
2023-10-30 12:00:00+00:00,1.1454299688339233,1.1457300186157227,1.1435999870300293,1.1446199417114258
2023-10-30 16:00:00+00:00,1.1445399522781372,1.1467000246047974,1.1440000534057617,1.1465500593185425
2023-10-30 20:00:00+00:00,1.1464600563049316,1.1464999914169312,1.145400047302246,1.145990014076233
2023-10-31 00:00:00+00:00,1.1459100246429443,1.1462500095367432,1.1450999975204468,1.1461900472640991
2023-10-31 04:00:00+00:00,1.1462500095367432,1.1464699506759644,1.1439000368118286,1.1444599628448486
2023-10-31 08:00:00+00:00,1.1442099809646606,1.1451400518417358,1.1419999599456787,1.1429400444030762
2023-10-31 12:00:00+00:00,1.142989993095398,1.1479400396347046,1.142300009727478,1.1476000547409058
2023-10-31 16:00:00+00:00,1.1481000185012817,1.1492700576782227,1.1473000049591064,1.1482000350952148
2023-10-31 20:00:00+00:00,1.1485099792480469,1.1490999460220337,1.1476999521255493,1.1485400199890137
2023-11-01 00:00:00+00:00,1.148460030555725,1.1489800214767456,1.1473000049591064,1.1483999490737915
2023-11-01 04:00:00+00:00,1.1488699913024902,1.150570034980774,1.1476000547409058,1.1502000093460083
2023-11-01 08:00:00+00:00,1.1503700017929077,1.1512999534606934,1.1495000123977661,1.1495000123977661
2023-11-01 12:00:00+00:00,1.1500400304794312,1.151550054550171,1.148900032043457,1.1502000093460083
2023-11-01 16:00:00+00:00,1.1506600379943848,1.1508599519729614,1.1490999460220337,1.149530053138733
2023-11-01 20:00:00+00:00,1.1495100259780884,1.1506600379943848,1.1484999656677246,1.1504000425338745
2023-11-02 00:00:00+00:00,1.150480031967163,1.1507200002670288,1.1496000289916992,1.150149941444397
2023-11-02 04:00:00+00:00,1.150089979171753,1.150130033493042,1.1469000577926636,1.1473000049591064
2023-11-02 08:00:00+00:00,1.1476099491119385,1.1481000185012817,1.145799994468689,1.1463600397109985
2023-11-02 12:00:00+00:00,1.146780014038086,1.1480599641799927,1.1441999673843384,1.1463500261306763
2023-11-02 16:00:00+00:00,1.1463500261306763,1.1493099927902222,1.145799994468689,1.149150013923645
2023-11-02 20:00:00+00:00,1.149209976196289,1.1493699550628662,1.1477999687194824,1.148169994354248
2023-11-03 00:00:00+00:00,1.148169994354248,1.148319959640503,1.1471999883651733,1.1481200456619263
2023-11-03 04:00:00+00:00,1.148069977760315,1.1486400365829468,1.1470999717712402,1.1471999883651733
2023-11-03 08:00:00+00:00,1.1473900079727173,1.148419976234436,1.1461999416351318,1.1482399702072144
2023-11-03 12:00:00+00:00,1.1482499837875366,1.152809977531433,1.1475000381469727,1.1526800394058228
2023-11-03 16:00:00+00:00,1.1524900197982788,1.1538399457931519,1.1518000364303589,1.1536200046539307
2023-11-03 20:00:00+00:00,1.1536200046539307,1.1539900302886963,1.1527999639511108,1.1527999639511108
2023-11-04 00:00:00+00:00,,,,
2023-11-04 04:00:00+00:00,,,,
2023-11-04 08:00:00+00:00,,,,
2023-11-04 12:00:00+00:00,,,,
2023-11-04 16:00:00+00:00,,,,
2023-11-04 20:00:00+00:00,,,,
2023-11-05 00:00:00+00:00,,,,
2023-11-05 04:00:00+00:00,,,,
2023-11-05 08:00:00+00:00,,,,
2023-11-05 12:00:00+00:00,,,,
2023-11-05 16:00:00+00:00,,,,
2023-11-05 20:00:00+00:00,,,,
2023-11-06 00:00:00+00:00,1.1528400182724,1.153480052947998,1.1521999835968018,1.1527999639511108
2023-11-06 04:00:00+00:00,1.1527700424194336,1.153939962387085,1.1519999504089355,1.1535899639129639
2023-11-06 08:00:00+00:00,1.1533399820327759,1.155809998512268,1.1526999473571777,1.1552599668502808
2023-11-06 12:00:00+00:00,1.1555399894714355,1.1559300422668457,1.152500033378601,1.1531800031661987
2023-11-06 16:00:00+00:00,1.1526999473571777,1.1535700559616089,1.1513999700546265,1.151669979095459
2023-11-06 20:00:00+00:00,1.1517200469970703,1.1519500017166138,1.1506999731063843,1.1516000032424927
2023-11-07 00:00:00+00:00,1.1515699625015259,1.152109980583191,1.1511000394821167,1.1516799926757812
2023-11-07 04:00:00+00:00,1.1516200304031372,1.1517800092697144,1.1506999731063843,1.1509000062942505
2023-11-07 08:00:00+00:00,1.1512700319290161,1.1520400047302246,1.1502000093460083,1.1511800289154053
2023-11-07 12:00:00+00:00,1.1506999731063843,1.152269959449768,1.149999976158142,1.150879979133606
2023-11-07 16:00:00+00:00,1.1505000591278076,1.1513700485229492,1.1483999490737915,1.1496200561523438
2023-11-07 20:00:00+00:00,1.1495599746704102,1.149780035018921,1.1484999656677246,1.1491700410842896
2023-11-08 00:00:00+00:00,1.1490199565887451,1.1493099927902222,1.148300051689148,1.14860999584198
2023-11-08 04:00:00+00:00,1.1487699747085571,1.149109959602356,1.1482000350952148,1.1490199565887451
2023-11-08 08:00:00+00:00,1.1486999988555908,1.1494100093841553,1.1475000381469727,1.1488900184631348
2023-11-08 12:00:00+00:00,1.1484999656677246,1.149780035018921,1.1469999551773071,1.1476199626922607
2023-11-08 16:00:00+00:00,1.1476199626922607,1.1484500169754028,1.1469000577926636,1.147670030593872
2023-11-08 20:00:00+00:00,1.1477099657058716,1.1477099657058716,1.146299958229065,1.1467700004577637
2023-11-09 00:00:00+00:00,1.146880030632019,1.1474499702453613,1.146299958229065,1.1469000577926636
2023-11-09 04:00:00+00:00,1.1469299793243408,1.1475900411605835,1.1464999914169312,1.1471400260925293
2023-11-09 08:00:00+00:00,1.1469000577926636,1.1502100229263306,1.146399974822998,1.147130012512207
2023-11-09 12:00:00+00:00,1.1470500230789185,1.1473300457000732,1.1454999446868896,1.1465599536895752
2023-11-09 16:00:00+00:00,1.1466399431228638,1.146649956703186,1.1449999809265137,1.145509958267212
2023-11-09 20:00:00+00:00,1.1453800201416016,1.145799994468689,1.1447999477386475,1.1451799869537354
2023-11-10 00:00:00+00:00,1.1451900005340576,1.145609974861145,1.144700050354004,1.1452699899673462
2023-11-10 04:00:00+00:00,1.1453299522399902,1.1468900442123413,1.1448999643325806,1.1465599536895752
2023-11-10 08:00:00+00:00,1.1464500427246094,1.1464500427246094,1.1426000595092773,1.1432199478149414
2023-11-10 12:00:00+00:00,1.1432299613952637,1.1441199779510498,1.141800045967102,1.142930030822754
2023-11-10 16:00:00+00:00,1.1430100202560425,1.1445599794387817,1.1426000595092773,1.1440099477767944
2023-11-10 20:00:00+00:00,1.1435999870300293,1.144219994544983,1.1434999704360962,1.1437000036239624
2023-11-11 00:00:00+00:00,,,,
2023-11-11 04:00:00+00:00,,,,
2023-11-11 08:00:00+00:00,,,,
2023-11-11 12:00:00+00:00,,,,
2023-11-11 16:00:00+00:00,,,,
2023-11-11 20:00:00+00:00,,,,
2023-11-12 00:00:00+00:00,,,,
2023-11-12 04:00:00+00:00,,,,
2023-11-12 08:00:00+00:00,,,,
2023-11-12 12:00:00+00:00,,,,
2023-11-12 16:00:00+00:00,,,,
2023-11-12 20:00:00+00:00,,,,
2023-11-13 00:00:00+00:00,1.1438699960708618,1.1450400352478027,1.1435999870300293,1.144219994544983
2023-11-13 04:00:00+00:00,1.1442099809646606,1.1448299884796143,1.1435999870300293,1.1443699598312378
2023-11-13 08:00:00+00:00,1.1441899538040161,1.1466799974441528,1.1435999870300293,1.1461900472640991
2023-11-13 12:00:00+00:00,1.1461399793624878,1.1482900381088257,1.1456999778747559,1.145799994468689
2023-11-13 16:00:00+00:00,1.146209955215454,1.1472899913787842,1.1455999612808228,1.1468000411987305
2023-11-13 20:00:00+00:00,1.1471400260925293,1.1477500200271606,1.1464999914169312,1.1473900079727173
2023-11-14 00:00:00+00:00,1.1474499702453613,1.1474900245666504,1.1464999914169312,1.1467000246047974
2023-11-14 04:00:00+00:00,1.1470999717712402,1.148800015449524,1.1466000080108643,1.1482700109481812
2023-11-14 08:00:00+00:00,1.1481900215148926,1.1484099626541138,1.1450999975204468,1.1450999975204468
2023-11-14 12:00:00+00:00,1.1455700397491455,1.1507699489593506,1.145400047302246,1.148900032043457
2023-11-14 16:00:00+00:00,1.1491899490356445,1.1496000289916992,1.1481000185012817,1.1482000350952148
2023-11-14 20:00:00+00:00,1.1486300230026245,1.1489800214767456,1.1477999687194824,1.1484400033950806
2023-11-15 00:00:00+00:00,1.1483800411224365,1.1485199928283691,1.1475000381469727,1.1481000185012817
2023-11-15 04:00:00+00:00,1.1480900049209595,1.1487400531768799,1.146399974822998,1.146399974822998
2023-11-15 08:00:00+00:00,1.1466799974441528,1.1490000486373901,1.1455999612808228,1.1473000049591064
2023-11-15 12:00:00+00:00,1.1477400064468384,1.1482499837875366,1.1440999507904053,1.144700050354004
2023-11-15 16:00:00+00:00,1.1451200246810913,1.1461600065231323,1.1438000202178955,1.1445000171661377
2023-11-15 20:00:00+00:00,1.1448700428009033,1.1448999643325806,1.1435999870300293,1.1442999839782715
2023-11-16 00:00:00+00:00,1.1442999839782715,1.1445300579071045,1.1425000429153442,1.1431000232696533
2023-11-16 04:00:00+00:00,1.143489956855774,1.1438100337982178,1.1411999464035034,1.1414999961853027
2023-11-16 08:00:00+00:00,1.1416399478912354,1.1439499855041504,1.1404000520706177,1.1425000429153442
2023-11-16 12:00:00+00:00,1.1427600383758545,1.1436599493026733,1.141700029373169,1.1435600519180298
2023-11-16 16:00:00+00:00,1.1434799432754517,1.1452399492263794,1.142899990081787,1.143399953842163
2023-11-16 20:00:00+00:00,1.1437499523162842,1.1440199613571167,1.1432000398635864,1.1437699794769287
2023-11-17 00:00:00+00:00,1.143720030784607,1.1441800594329834,1.1426000595092773,1.1426000595092773
2023-11-17 04:00:00+00:00,1.1430399417877197,1.144070029258728,1.1412999629974365,1.1420999765396118
2023-11-17 08:00:00+00:00,1.1428099870681763,1.144469976425171,1.1407999992370605,1.1433000564575195
2023-11-17 12:00:00+00:00,1.1437499523162842,1.144670009613037,1.1406999826431274,1.142009973526001
2023-11-17 16:00:00+00:00,1.1420199871063232,1.1425700187683105,1.1409000158309937,1.1416000127792358
2023-11-17 20:00:00+00:00,1.1419899463653564,1.1424800157546997,1.1411000490188599,1.141700029373169
2023-11-18 00:00:00+00:00,,,,
2023-11-18 04:00:00+00:00,,,,
2023-11-18 08:00:00+00:00,,,,
2023-11-18 12:00:00+00:00,,,,
2023-11-18 16:00:00+00:00,,,,
2023-11-18 20:00:00+00:00,,,,
2023-11-19 00:00:00+00:00,,,,
2023-11-19 04:00:00+00:00,,,,
2023-11-19 08:00:00+00:00,,,,
2023-11-19 12:00:00+00:00,,,,
2023-11-19 16:00:00+00:00,,,,
2023-11-19 20:00:00+00:00,,,,
2023-11-20 00:00:00+00:00,1.1418700218200684,1.1430000066757202,1.1413999795913696,1.1427700519561768
2023-11-20 04:00:00+00:00,1.1428300142288208,1.1434099674224854,1.1420999765396118,1.1427700519561768
2023-11-20 08:00:00+00:00,1.1425399780273438,1.1436500549316406,1.1404000520706177,1.1412999629974365
2023-11-20 12:00:00+00:00,1.1416399478912354,1.1422200202941895,1.1404999494552612,1.1416000127792358
2023-11-20 16:00:00+00:00,1.142009973526001,1.1432000398635864,1.1413999795913696,1.1428099870681763
2023-11-20 20:00:00+00:00,1.1428600549697876,1.1431100368499756,1.1420999765396118,1.1426299810409546
2023-11-21 00:00:00+00:00,1.1427799463272095,1.1441099643707275,1.1420999765396118,1.1435500383377075
2023-11-21 04:00:00+00:00,1.1435400247573853,1.1438100337982178,1.1424000263214111,1.142899990081787
2023-11-21 08:00:00+00:00,1.1430599689483643,1.1460299491882324,1.1425000429153442,1.1452399492263794
2023-11-21 12:00:00+00:00,1.1452699899673462,1.1465699672698975,1.1442999839782715,1.1464999914169312
2023-11-21 16:00:00+00:00,1.1464899778366089,1.1489800214767456,1.1456999778747559,1.1488100290298462
2023-11-21 20:00:00+00:00,1.148859977722168,1.1490199565887451,1.1478999853134155,1.1488800048828125
2023-11-22 00:00:00+00:00,1.1488399505615234,1.1492300033569336,1.1478999853134155,1.1487499475479126
2023-11-22 04:00:00+00:00,1.148710012435913,1.1488699913024902,1.1471999883651733,1.147629976272583
2023-11-22 08:00:00+00:00,1.147670030593872,1.1502000093460083,1.1471999883651733,1.149880051612854
2023-11-22 12:00:00+00:00,1.149880051612854,1.1503299474716187,1.145799994468689,1.146440029144287
2023-11-22 16:00:00+00:00,1.1465799808502197,1.1476000547409058,1.1455999612808228,1.1470999717712402
2023-11-22 20:00:00+00:00,1.147510051727295,1.147760033607483,1.1466000080108643,1.1469999551773071
2023-11-23 00:00:00+00:00,1.146939992904663,1.147279977798462,1.1460000276565552,1.146299958229065
2023-11-23 04:00:00+00:00,1.1467100381851196,1.1470400094985962,1.145900011062622,1.1468600034713745
2023-11-23 08:00:00+00:00,1.146880030632019,1.1509699821472168,1.145799994468689,1.1503599882125854
2023-11-23 12:00:00+00:00,1.1504199504852295,1.1507600545883179,1.1485999822616577,1.148900032043457
2023-11-23 16:00:00+00:00,1.1492999792099,1.1495399475097656,1.1484999656677246,1.149459958076477
2023-11-23 20:00:00+00:00,1.149440050125122,1.1495200395584106,1.1483999490737915,1.1492799520492554
2023-11-24 00:00:00+00:00,1.1492400169372559,1.1500200033187866,1.148800015449524,1.1499700546264648
2023-11-24 04:00:00+00:00,1.1500699520111084,1.150149941444397,1.1480000019073486,1.148800015449524
2023-11-24 08:00:00+00:00,1.148710012435913,1.1518000364303589,1.1481000185012817,1.151479959487915
2023-11-24 12:00:00+00:00,1.1512900590896606,1.1529200077056885,1.1505999565124512,1.1528700590133667
2023-11-24 16:00:00+00:00,1.1528199911117554,1.1530799865722656,1.1510000228881836,1.1515899896621704
2023-11-24 20:00:00+00:00,1.1515300273895264,1.1521999835968018,1.1506999731063843,1.1516000032424927
2023-11-25 00:00:00+00:00,,,,
2023-11-25 04:00:00+00:00,,,,
2023-11-25 08:00:00+00:00,,,,
2023-11-25 12:00:00+00:00,,,,
2023-11-25 16:00:00+00:00,,,,
2023-11-25 20:00:00+00:00,,,,
2023-11-26 00:00:00+00:00,,,,
2023-11-26 04:00:00+00:00,,,,
2023-11-26 08:00:00+00:00,,,,
2023-11-26 12:00:00+00:00,,,,
2023-11-26 16:00:00+00:00,,,,
2023-11-26 20:00:00+00:00,,,,
2023-11-27 00:00:00+00:00,1.151669979095459,1.1523699760437012,1.1505000591278076,1.1514999866485596
2023-11-27 04:00:00+00:00,1.151550054550171,1.1524300575256348,1.1509000062942505,1.1524300575256348
2023-11-27 08:00:00+00:00,1.152269959449768,1.1534299850463867,1.1505000591278076,1.1534299850463867
2023-11-27 12:00:00+00:00,1.1533299684524536,1.1549299955368042,1.152400016784668,1.152999997138977
2023-11-27 16:00:00+00:00,1.152999997138977,1.153439998626709,1.1520999670028687,1.1528799533843994
2023-11-27 20:00:00+00:00,1.1529200077056885,1.152959942817688,1.1518000364303589,1.152400016784668
2023-11-28 00:00:00+00:00,1.1527899503707886,1.1533199548721313,1.1521999835968018,1.1529899835586548
2023-11-28 04:00:00+00:00,1.1528899669647217,1.1536799669265747,1.1521999835968018,1.1532299518585205
2023-11-28 08:00:00+00:00,1.153130054473877,1.153880000114441,1.1518000364303589,1.1524800062179565
2023-11-28 12:00:00+00:00,1.152359962463379,1.1550899744033813,1.1511000394821167,1.154919981956482
2023-11-28 16:00:00+00:00,1.1547499895095825,1.1553599834442139,1.1538000106811523,1.1552499532699585
2023-11-28 20:00:00+00:00,1.1552599668502808,1.1553499698638916,1.1539599895477295,1.1547000408172607
2023-11-29 00:00:00+00:00,1.1551300287246704,1.1557999849319458,1.1545000076293945,1.1553000211715698
2023-11-29 04:00:00+00:00,1.1553000211715698,1.1561199426651,1.1547000408172607,1.1557799577713013
2023-11-29 08:00:00+00:00,1.156440019607544,1.156559944152832,1.1540000438690186,1.1550300121307373
2023-11-29 12:00:00+00:00,1.1549500226974487,1.1569099426269531,1.1543999910354614,1.1568299531936646
2023-11-29 16:00:00+00:00,1.1568000316619873,1.1578099727630615,1.1552000045776367,1.1568700075149536
2023-11-29 20:00:00+00:00,1.1569700241088867,1.1571500301361084,1.1561000347137451,1.156749963760376
2023-11-30 00:00:00+00:00,1.1568200588226318,1.1573899984359741,1.1557999849319458,1.1570299863815308
2023-11-30 04:00:00+00:00,1.1570899486541748,1.159019947052002,1.1563999652862549,1.1588399410247803
2023-11-30 08:00:00+00:00,1.159119963645935,1.1603000164031982,1.157099962234497,1.15788996219635
2023-11-30 12:00:00+00:00,1.1578700542449951,1.160830020904541,1.1556999683380127,1.160830020904541
2023-11-30 16:00:00+00:00,1.1601300239562988,1.160249948501587,1.1577999591827393,1.1590800285339355
2023-11-30 20:00:00+00:00,1.15910005569458,1.1597800254821777,1.1585999727249146,1.159500002861023
2023-12-01 00:00:00+00:00,1.1596100330352783,1.1601099967956543,1.1584999561309814,1.1589299440383911
2023-12-01 04:00:00+00:00,1.1590299606323242,1.1593199968338013,1.1576000452041626,1.1593199968338013
2023-12-01 08:00:00+00:00,1.1595100164413452,1.1626499891281128,1.1586999893188477,1.1604499816894531
2023-12-01 12:00:00+00:00,1.1604499816894531,1.1659499406814575,1.1601999998092651,1.165850043296814
2023-12-01 16:00:00+00:00,1.1657099723815918,1.1680500507354736,1.1648999452590942,1.1680500507354736
2023-12-01 20:00:00+00:00,1.1680699586868286,1.1683599948883057,1.1672999858856201,1.1672999858856201
2023-12-02 00:00:00+00:00,,,,
2023-12-02 04:00:00+00:00,,,,
2023-12-02 08:00:00+00:00,,,,
2023-12-02 12:00:00+00:00,,,,
2023-12-02 16:00:00+00:00,,,,
2023-12-02 20:00:00+00:00,,,,
2023-12-03 00:00:00+00:00,,,,
2023-12-03 04:00:00+00:00,,,,
2023-12-03 08:00:00+00:00,,,,
2023-12-03 12:00:00+00:00,,,,
2023-12-03 16:00:00+00:00,,,,
2023-12-03 20:00:00+00:00,,,,
2023-12-04 00:00:00+00:00,1.1676100492477417,1.1677600145339966,1.164199948310852,1.1651500463485718
2023-12-04 04:00:00+00:00,1.165060043334961,1.167389988899231,1.1647000312805176,1.1666799783706665
2023-12-04 08:00:00+00:00,1.1663700342178345,1.1668299436569214,1.1646000146865845,1.166759967803955
2023-12-04 12:00:00+00:00,1.166200041770935,1.167140007019043,1.1648000478744507,1.1660100221633911
2023-12-04 16:00:00+00:00,1.1658999919891357,1.1671099662780762,1.1648999452590942,1.1656500101089478
2023-12-04 20:00:00+00:00,1.1656299829483032,1.1658799648284912,1.1649999618530273,1.1656399965286255
2023-12-05 00:00:00+00:00,1.165619969367981,1.1661299467086792,1.1647000312805176,1.1653200387954712
2023-12-05 04:00:00+00:00,1.1653800010681152,1.1672500371932983,1.1647000312805176,1.1665799617767334
2023-12-05 08:00:00+00:00,1.1664999723434448,1.167389988899231,1.1641000509262085,1.1666500568389893
2023-12-05 12:00:00+00:00,1.166599988937378,1.167490005493164,1.1656999588012695,1.1671500205993652
2023-12-05 16:00:00+00:00,1.1671700477600098,1.1675000190734863,1.1660000085830688,1.166659951210022
2023-12-05 20:00:00+00:00,1.1667399406433105,1.1670199632644653,1.1655999422073364,1.1667399406433105
2023-12-06 00:00:00+00:00,1.1667699813842773,1.1680500507354736,1.1663999557495117,1.1678800582885742
2023-12-06 04:00:00+00:00,1.1679500341415405,1.1685899496078491,1.167099952697754,1.1683800220489502
2023-12-06 08:00:00+00:00,1.1683299541473389,1.168969988822937,1.166200041770935,1.167490005493164
2023-12-06 12:00:00+00:00,1.1675100326538086,1.1684800386428833,1.1658999919891357,1.1670299768447876
2023-12-06 16:00:00+00:00,1.1669600009918213,1.1673400402069092,1.1657999753952026,1.1664700508117676
2023-12-06 20:00:00+00:00,1.1663700342178345,1.1667399406433105,1.1657999753952026,1.166409969329834
2023-12-07 00:00:00+00:00,1.1663999557495117,1.166509985923767,1.1655999422073364,1.16621994972229
2023-12-07 04:00:00+00:00,1.1661299467086792,1.1673200130462646,1.1655999422073364,1.1668800115585327
2023-12-07 08:00:00+00:00,1.1670900583267212,1.1688300371170044,1.1654000282287598,1.1668699979782104
2023-12-07 12:00:00+00:00,1.1671299934387207,1.167639970779419,1.1646000146865845,1.1658999919891357
2023-12-07 16:00:00+00:00,1.165809988975525,1.1661100387573242,1.1644999980926514,1.1660100221633911
2023-12-07 20:00:00+00:00,1.1660000085830688,1.166700005531311,1.1653000116348267,1.1664999723434448
2023-12-08 00:00:00+00:00,1.1665899753570557,1.1671700477600098,1.1658999919891357,1.1667399406433105
2023-12-08 04:00:00+00:00,1.1666200160980225,1.1676000356674194,1.1650999784469604,1.1655499935150146
2023-12-08 08:00:00+00:00,1.1654499769210815,1.1674100160598755,1.1643999814987183,1.1665600538253784
2023-12-08 12:00:00+00:00,1.1665799617767334,1.1675100326538086,1.1640000343322754,1.1649500131607056
2023-12-08 16:00:00+00:00,1.164989948272705,1.1668599843978882,1.164199948310852,1.1664299964904785
2023-12-08 20:00:00+00:00,1.166450023651123,1.166450023651123,1.1648999452590942,1.1653000116348267
2023-12-09 00:00:00+00:00,,,,
2023-12-09 04:00:00+00:00,,,,
2023-12-09 08:00:00+00:00,,,,
2023-12-09 12:00:00+00:00,,,,
2023-12-09 16:00:00+00:00,,,,
2023-12-09 20:00:00+00:00,,,,
2023-12-10 00:00:00+00:00,,,,
2023-12-10 04:00:00+00:00,,,,
2023-12-10 08:00:00+00:00,,,,
2023-12-10 12:00:00+00:00,,,,
2023-12-10 16:00:00+00:00,,,,
2023-12-10 20:00:00+00:00,,,,
2023-12-11 00:00:00+00:00,1.1660300493240356,1.1661299467086792,1.1643999814987183,1.1648999452590942
2023-12-11 04:00:00+00:00,1.164829969406128,1.1659799814224243,1.1639000177383423,1.165809988975525
2023-12-11 08:00:00+00:00,1.1658899784088135,1.1689300537109375,1.1648999452590942,1.1689300537109375
2023-12-11 12:00:00+00:00,1.168910026550293,1.169569969177246,1.1674000024795532,1.1679600477218628
2023-12-11 16:00:00+00:00,1.1679799556732178,1.1683399677276611,1.166100025177002,1.166640043258667
2023-12-11 20:00:00+00:00,1.166640043258667,1.1667300462722778,1.1655999422073364,1.1655999422073364
2023-12-12 00:00:00+00:00,1.1659599542617798,1.1677600145339966,1.1655999422073364,1.1677500009536743
2023-12-12 04:00:00+00:00,1.167549967765808,1.1684399843215942,1.1651999950408936,1.1657400131225586
2023-12-12 08:00:00+00:00,1.1655100584030151,1.1658899784088135,1.1627000570297241,1.1641700267791748
2023-12-12 12:00:00+00:00,1.1642199754714966,1.1650700569152832,1.1612000465393066,1.164639949798584
2023-12-12 16:00:00+00:00,1.1646699905395508,1.1650999784469604,1.1622999906539917,1.1642199754714966
2023-12-12 20:00:00+00:00,1.1642299890518188,1.1643500328063965,1.1632000207901,1.163599967956543
2023-12-13 00:00:00+00:00,1.1638400554656982,1.1640499830245972,1.1628999710083008,1.1635600328445435
2023-12-13 04:00:00+00:00,1.1635299921035767,1.1640900373458862,1.1601999998092651,1.1608500480651855
2023-12-13 08:00:00+00:00,1.160770058631897,1.1618000268936157,1.1601999998092651,1.1616599559783936
2023-12-13 12:00:00+00:00,1.1618000268936157,1.1619000434875488,1.159000039100647,1.160249948501587
2023-12-13 16:00:00+00:00,1.1602400541305542,1.1614700555801392,1.1585999727249146,1.1595499515533447
2023-12-13 20:00:00+00:00,1.159600019454956,1.160889983177185,1.1589000225067139,1.159690022468567
2023-12-14 00:00:00+00:00,1.159559965133667,1.1603599786758423,1.1586999893188477,1.1594500541687012
2023-12-14 04:00:00+00:00,1.159440040588379,1.1598800420761108,1.158400058746338,1.1595900058746338
2023-12-14 08:00:00+00:00,1.1597599983215332,1.1618599891662598,1.1577999591827393,1.1583499908447266
2023-12-14 12:00:00+00:00,1.160099983215332,1.1643400192260742,1.1586999893188477,1.1605099439620972
2023-12-14 16:00:00+00:00,1.1605299711227417,1.1623200178146362,1.1598999500274658,1.160580039024353
2023-12-14 20:00:00+00:00,1.1604900360107422,1.1617799997329712,1.159999966621399,1.1613800525665283
2023-12-15 00:00:00+00:00,1.161579966545105,1.1617000102996826,1.159999966621399,1.1605600118637085
2023-12-15 04:00:00+00:00,1.1606199741363525,1.1620099544525146,1.1601999998092651,1.1613099575042725
2023-12-15 08:00:00+00:00,1.1610000133514404,1.1665199995040894,1.1605000495910645,1.1642299890518188
2023-12-15 12:00:00+00:00,1.164180040359497,1.165369987487793,1.1627999544143677,1.1633399724960327
2023-12-15 16:00:00+00:00,1.1632599830627441,1.1655100584030151,1.1624000072479248,1.164180040359497
2023-12-15 20:00:00+00:00,1.1642299890518188,1.164389967918396,1.1627000570297241,1.163100004196167
2023-12-16 00:00:00+00:00,,,,
2023-12-16 04:00:00+00:00,,,,
2023-12-16 08:00:00+00:00,,,,
2023-12-16 12:00:00+00:00,,,,
2023-12-16 16:00:00+00:00,,,,
2023-12-16 20:00:00+00:00,,,,
2023-12-17 00:00:00+00:00,,,,
2023-12-17 04:00:00+00:00,,,,
2023-12-17 08:00:00+00:00,,,,
2023-12-17 12:00:00+00:00,,,,
2023-12-17 16:00:00+00:00,,,,
2023-12-17 20:00:00+00:00,,,,
2023-12-18 00:00:00+00:00,1.162969946861267,1.1637699604034424,1.1624000072479248,1.1633100509643555
2023-12-18 04:00:00+00:00,1.1633299589157104,1.1635099649429321,1.1615999937057495,1.161910057067871
2023-12-18 08:00:00+00:00,1.1623599529266357,1.1624300479888916,1.1586999893188477,1.1594699621200562
2023-12-18 12:00:00+00:00,1.1594300270080566,1.1604399681091309,1.1572999954223633,1.1584199666976929
2023-12-18 16:00:00+00:00,1.1584399938583374,1.158560037612915,1.1562000513076782,1.1577800512313843
2023-12-18 20:00:00+00:00,1.1576800346374512,1.1585099697113037,1.156999945640564,1.1576999425888062
2023-12-19 00:00:00+00:00,1.158139944076538,1.1592199802398682,1.1577999591827393,1.1586999893188477
2023-12-19 04:00:00+00:00,1.1586099863052368,1.159250020980835,1.1574000120162964,1.1589699983596802
2023-12-19 08:00:00+00:00,1.1587799787521362,1.162160038948059,1.1579999923706055,1.1612499952316284
2023-12-19 12:00:00+00:00,1.1612999439239502,1.1629199981689453,1.159000039100647,1.159409999847412
2023-12-19 16:00:00+00:00,1.159440040588379,1.1622099876403809,1.1584999561309814,1.1590100526809692
2023-12-19 20:00:00+00:00,1.1590800285339355,1.1595200300216675,1.1581000089645386,1.1591999530792236
2023-12-20 00:00:00+00:00,1.159350037574768,1.1596599817276,1.1588000059127808,1.1593300104141235
2023-12-20 04:00:00+00:00,1.1594300270080566,1.160290002822876,1.1532000303268433,1.1544599533081055
2023-12-20 08:00:00+00:00,1.1548199653625488,1.1569700241088867,1.1535999774932861,1.1566400527954102
2023-12-20 12:00:00+00:00,1.1565300226211548,1.1571199893951416,1.153499960899353,1.1545499563217163
2023-12-20 16:00:00+00:00,1.1543699502944946,1.1563999652862549,1.1538000106811523,1.1548500061035156
2023-12-20 20:00:00+00:00,1.1548700332641602,1.1551899909973145,1.1539000272750854,1.1548999547958374
2023-12-21 00:00:00+00:00,1.1549299955368042,1.1549400091171265,1.1532000303268433,1.153880000114441
2023-12-21 04:00:00+00:00,1.1538000106811523,1.154979944229126,1.15339994430542,1.154289960861206
2023-12-21 08:00:00+00:00,1.1548999547958374,1.1548999547958374,1.1519999504089355,1.1533700227737427
2023-12-21 12:00:00+00:00,1.1533499956130981,1.1541099548339844,1.1511000394821167,1.1513500213623047
2023-12-21 16:00:00+00:00,1.1514699459075928,1.1537599563598633,1.1509000062942505,1.1531699895858765
2023-12-21 20:00:00+00:00,1.1532599925994873,1.153380036354065,1.1516000032424927,1.151900053024292
2023-12-22 00:00:00+00:00,1.152250051498413,1.153499960899353,1.151900053024292,1.1532000303268433
2023-12-22 04:00:00+00:00,1.1531399488449097,1.1549099683761597,1.1526999473571777,1.1536999940872192
2023-12-22 08:00:00+00:00,1.1537699699401855,1.1557300090789795,1.152500033378601,1.1548500061035156
2023-12-22 12:00:00+00:00,1.1548099517822266,1.1551100015640259,1.1526000499725342,1.1546900272369385
2023-12-22 16:00:00+00:00,1.1545900106430054,1.1554499864578247,1.1526000499725342,1.1531800031661987
2023-12-22 20:00:00+00:00,1.1530499458312988,1.153540015220642,1.152400016784668,1.152400016784668
2023-12-23 00:00:00+00:00,,,,
2023-12-23 04:00:00+00:00,,,,
2023-12-23 08:00:00+00:00,,,,
2023-12-23 12:00:00+00:00,,,,
2023-12-23 16:00:00+00:00,,,,
2023-12-23 20:00:00+00:00,,,,
2023-12-24 00:00:00+00:00,,,,
2023-12-24 04:00:00+00:00,,,,
2023-12-24 08:00:00+00:00,,,,
2023-12-24 12:00:00+00:00,,,,
2023-12-24 16:00:00+00:00,,,,
2023-12-24 20:00:00+00:00,,,,
2023-12-25 00:00:00+00:00,1.152999997138977,1.1532000303268433,1.151900053024292,1.152400016784668
2023-12-25 04:00:00+00:00,1.152400016784668,1.153499960899353,1.1513999700546265,1.1527999639511108
2023-12-25 08:00:00+00:00,1.152899980545044,1.153499960899353,1.1518000364303589,1.152999997138977
2023-12-25 12:00:00+00:00,1.152999997138977,1.152999997138977,1.152999997138977,1.152999997138977
2023-12-25 16:00:00+00:00,1.1521999835968018,1.1521999835968018,1.1512999534606934,1.151900053024292
2023-12-25 20:00:00+00:00,1.151900053024292,1.1531599760055542,1.1511000394821167,1.1528799533843994
2023-12-26 00:00:00+00:00,1.1527999639511108,1.1528799533843994,1.151900053024292,1.1526199579238892
2023-12-26 04:00:00+00:00,1.1526399850845337,1.1530400514602661,1.1509000062942505,1.1516200304031372
2023-12-26 08:00:00+00:00,1.1515400409698486,1.1527400016784668,1.1511000394821167,1.1525100469589233
2023-12-26 12:00:00+00:00,1.1524399518966675,1.1535799503326416,1.1516000032424927,1.1521999835968018
2023-12-26 16:00:00+00:00,1.1522200107574463,1.1523000001907349,1.1506999731063843,1.1518900394439697
2023-12-26 20:00:00+00:00,1.151859998703003,1.1527400016784668,1.1512000560760498,1.1523699760437012
2023-12-27 00:00:00+00:00,1.152400016784668,1.1536799669265747,1.1516000032424927,1.1528799533843994
2023-12-27 04:00:00+00:00,1.1528799533843994,1.1532200574874878,1.151900053024292,1.152400016784668
2023-12-27 08:00:00+00:00,1.1525700092315674,1.1526299715042114,1.1491999626159668,1.1514699459075928
2023-12-27 12:00:00+00:00,1.1514500379562378,1.1527299880981445,1.1490999460220337,1.1510200500488281
2023-12-27 16:00:00+00:00,1.1512500047683716,1.152459979057312,1.1503000259399414,1.152459979057312
2023-12-27 20:00:00+00:00,1.1523300409317017,1.152590036392212,1.1513999700546265,1.152250051498413
2023-12-28 00:00:00+00:00,1.1517000198364258,1.1525100469589233,1.1512999534606934,1.152340054512024
2023-12-28 04:00:00+00:00,1.1522400379180908,1.153190016746521,1.1516000032424927,1.152959942817688
2023-12-28 08:00:00+00:00,1.152999997138977,1.1533499956130981,1.1490999460220337,1.1503100395202637
2023-12-28 12:00:00+00:00,1.1502399444580078,1.150480031967163,1.1469999551773071,1.1496700048446655
2023-12-28 16:00:00+00:00,1.1497000455856323,1.1510299444198608,1.1490999460220337,1.1501100063323975
2023-12-28 20:00:00+00:00,1.1501799821853638,1.1512399911880493,1.1496000289916992,1.1504499912261963
2023-12-29 00:00:00+00:00,1.1505000591278076,1.1510900259017944,1.1490000486373901,1.15106999874115
2023-12-29 04:00:00+00:00,1.1510800123214722,1.153499960899353,1.1505999565124512,1.1518199443817139
2023-12-29 08:00:00+00:00,1.1518000364303589,1.15215003490448,1.1490000486373901,1.150589942932129
2023-12-29 12:00:00+00:00,1.1504900455474854,1.153749942779541,1.1490000486373901,1.153749942779541
2023-12-29 16:00:00+00:00,1.1539000272750854,1.154520034790039,1.1510000228881836,1.1543899774551392
2023-12-29 20:00:00+00:00,1.1543400287628174,1.15461003780365,1.1527999639511108,1.1527999639511108
2023-12-30 00:00:00+00:00,,,,
2023-12-30 04:00:00+00:00,,,,
2023-12-30 08:00:00+00:00,,,,
2023-12-30 12:00:00+00:00,,,,
2023-12-30 16:00:00+00:00,,,,
2023-12-30 20:00:00+00:00,,,,
2023-12-31 00:00:00+00:00,,,,
2023-12-31 04:00:00+00:00,,,,
2023-12-31 08:00:00+00:00,,,,
2023-12-31 12:00:00+00:00,,,,
2023-12-31 16:00:00+00:00,,,,
2023-12-31 20:00:00+00:00,,,,
2024-01-01 00:00:00+00:00,,,,
2024-01-01 04:00:00+00:00,,,,
2024-01-01 08:00:00+00:00,,,,
2024-01-01 12:00:00+00:00,,,,
2024-01-01 16:00:00+00:00,1.152500033378601,1.1531000137329102,1.1513999700546265,1.1518000364303589
2024-01-01 20:00:00+00:00,1.1518000364303589,1.1534099578857422,1.1505000591278076,1.1531399488449097
2024-01-02 00:00:00+00:00,1.153090000152588,1.1538699865341187,1.1521999835968018,1.1535700559616089
2024-01-02 04:00:00+00:00,1.153540015220642,1.1558599472045898,1.152999997138977,1.1557600498199463
2024-01-02 08:00:00+00:00,1.1553699970245361,1.1564799547195435,1.151900053024292,1.1542600393295288
2024-01-02 12:00:00+00:00,1.1543300151824951,1.15447998046875,1.1512999534606934,1.1535199880599976
2024-01-02 16:00:00+00:00,1.153499960899353,1.1536799669265747,1.1512999534606934,1.1529300212860107
2024-01-02 20:00:00+00:00,1.1528700590133667,1.153540015220642,1.1523000001907349,1.153540015220642
2024-01-03 00:00:00+00:00,1.1535300016403198,1.1535899639129639,1.152400016784668,1.1531000137329102
2024-01-03 04:00:00+00:00,1.1532200574874878,1.1537400484085083,1.1521999835968018,1.1534099578857422
2024-01-03 08:00:00+00:00,1.1533700227737427,1.156540036201477,1.1526000499725342,1.1562800407409668
2024-01-03 12:00:00+00:00,1.1561299562454224,1.1586600542068481,1.1549999713897705,1.1579999923706055
2024-01-03 16:00:00+00:00,1.1579500436782837,1.16034996509552,1.1576000452041626,1.1600099802017212
2024-01-03 20:00:00+00:00,1.1598600149154663,1.160099983215332,1.1588000059127808,1.1598600149154663
2024-01-04 00:00:00+00:00,1.1596499681472778,1.1599299907684326,1.1586999893188477,1.159850001335144
2024-01-04 04:00:00+00:00,1.1598199605941772,1.1603699922561646,1.1585999727249146,1.16034996509552
2024-01-04 08:00:00+00:00,1.1603000164031982,1.161139965057373,1.1581000089645386,1.1590100526809692
2024-01-04 12:00:00+00:00,1.159060001373291,1.1593999862670898,1.156999945640564,1.1590499877929688
2024-01-04 16:00:00+00:00,1.1590100526809692,1.1590100526809692,1.1572999954223633,1.1584800481796265
2024-01-04 20:00:00+00:00,1.158519983291626,1.1588000059127808,1.1576000452041626,1.1583499908447266
2024-01-05 00:00:00+00:00,1.1583900451660156,1.159209966659546,1.1578999757766724,1.1591299772262573
2024-01-05 04:00:00+00:00,1.1591500043869019,1.160599946975708,1.1583000421524048,1.1605299711227417
2024-01-05 08:00:00+00:00,1.160290002822876,1.161620020866394,1.1586999893188477,1.1593300104141235
2024-01-05 12:00:00+00:00,1.15910005569458,1.1618800163269043,1.1577999591827393,1.1615400314331055
2024-01-05 16:00:00+00:00,1.1614700555801392,1.162660002708435,1.1608999967575073,1.1622600555419922
2024-01-05 20:00:00+00:00,1.1624000072479248,1.1627899408340454,1.1618000268936157,1.1618000268936157
2024-01-06 00:00:00+00:00,,,,
2024-01-06 04:00:00+00:00,,,,
2024-01-06 08:00:00+00:00,,,,
2024-01-06 12:00:00+00:00,,,,
2024-01-06 16:00:00+00:00,,,,
2024-01-06 20:00:00+00:00,,,,
2024-01-07 00:00:00+00:00,,,,
2024-01-07 04:00:00+00:00,,,,
2024-01-07 08:00:00+00:00,,,,
2024-01-07 12:00:00+00:00,,,,
2024-01-07 16:00:00+00:00,,,,
2024-01-07 20:00:00+00:00,,,,
2024-01-08 00:00:00+00:00,1.162179946899414,1.1623899936676025,1.1612000465393066,1.1616300344467163
2024-01-08 04:00:00+00:00,1.1617100238800049,1.1617599725723267,1.1605000495910645,1.1609599590301514
2024-01-08 08:00:00+00:00,1.160949945449829,1.1617599725723267,1.159500002861023,1.1608799695968628
2024-01-08 12:00:00+00:00,1.1608099937438965,1.1624000072479248,1.159999966621399,1.1621500253677368
2024-01-08 16:00:00+00:00,1.1621299982070923,1.1640100479125977,1.1614999771118164,1.1639599800109863
2024-01-08 20:00:00+00:00,1.1640000343322754,1.1642800569534302,1.1629999876022339,1.1635600328445435
2024-01-09 00:00:00+00:00,1.1634700298309326,1.1645499467849731,1.163100004196167,1.1634999513626099
2024-01-09 04:00:00+00:00,1.1635299921035767,1.163789987564087,1.1624000072479248,1.1632100343704224
2024-01-09 08:00:00+00:00,1.163059949874878,1.1639399528503418,1.1622999906539917,1.1629799604415894
2024-01-09 12:00:00+00:00,1.1628799438476562,1.163640022277832,1.1613999605178833,1.1634299755096436
2024-01-09 16:00:00+00:00,1.1634299755096436,1.1634299755096436,1.1614999771118164,1.1623200178146362
2024-01-09 20:00:00+00:00,1.1623400449752808,1.1627999544143677,1.1619000434875488,1.1625699996948242
2024-01-10 00:00:00+00:00,1.1625699996948242,1.163159966468811,1.1611000299453735,1.1619499921798706
2024-01-10 04:00:00+00:00,1.1618399620056152,1.1620500087738037,1.160099983215332,1.1619199514389038
2024-01-10 08:00:00+00:00,1.1618000268936157,1.162719964981079,1.1612000465393066,1.1624599695205688
2024-01-10 12:00:00+00:00,1.1625699996948242,1.1632499694824219,1.1607999801635742,1.1612900495529175
2024-01-10 16:00:00+00:00,1.1612199544906616,1.1616699695587158,1.159600019454956,1.1614199876785278
2024-01-10 20:00:00+00:00,1.1614700555801392,1.16156005859375,1.160099983215332,1.1611599922180176
2024-01-11 00:00:00+00:00,1.1612000465393066,1.1628600358963013,1.1607999801635742,1.162600040435791
2024-01-11 04:00:00+00:00,1.162559986114502,1.1628400087356567,1.1619000434875488,1.1625900268554688
2024-01-11 08:00:00+00:00,1.162269949913025,1.163040041923523,1.1612000465393066,1.1626800298690796
2024-01-11 12:00:00+00:00,1.1625499725341797,1.1626800298690796,1.159999966621399,1.161370038986206
2024-01-11 16:00:00+00:00,1.1613500118255615,1.1626299619674683,1.159999966621399,1.1621299982070923
2024-01-11 20:00:00+00:00,1.1620999574661255,1.1635299921035767,1.1614999771118164,1.1634600162506104
2024-01-12 00:00:00+00:00,1.1634399890899658,1.1638200283050537,1.162600040435791,1.1636600494384766
2024-01-12 04:00:00+00:00,1.1637699604034424,1.1640199422836304,1.1627000570297241,1.1630300283432007
2024-01-12 08:00:00+00:00,1.1629199981689453,1.1638699769973755,1.1615999937057495,1.1620399951934814
2024-01-12 12:00:00+00:00,1.16211998462677,1.164270043373108,1.1614999771118164,1.163699984550476
2024-01-12 16:00:00+00:00,1.1636199951171875,1.1638599634170532,1.1619000434875488,1.1634900569915771
2024-01-12 20:00:00+00:00,1.1634299755096436,1.1643400192260742,1.1628999710083008,1.1641000509262085
2024-01-13 00:00:00+00:00,,,,
2024-01-13 04:00:00+00:00,,,,
2024-01-13 08:00:00+00:00,,,,
2024-01-13 12:00:00+00:00,,,,
2024-01-13 16:00:00+00:00,,,,
2024-01-13 20:00:00+00:00,,,,
2024-01-14 00:00:00+00:00,,,,
2024-01-14 04:00:00+00:00,,,,
2024-01-14 08:00:00+00:00,,,,
2024-01-14 12:00:00+00:00,,,,
2024-01-14 16:00:00+00:00,,,,
2024-01-14 20:00:00+00:00,,,,
2024-01-15 00:00:00+00:00,1.1634800434112549,1.1639000177383423,1.1621999740600586,1.163599967956543
2024-01-15 04:00:00+00:00,1.1635299921035767,1.163599967956543,1.1622999906539917,1.1632699966430664
2024-01-15 08:00:00+00:00,1.1632299423217773,1.1638799905776978,1.1617000102996826,1.1630200147628784
2024-01-15 12:00:00+00:00,1.163100004196167,1.1632000207901,1.1607999801635742,1.1625499725341797
2024-01-15 16:00:00+00:00,1.1625699996948242,1.1631699800491333,1.1615999937057495,1.1620899438858032
2024-01-15 20:00:00+00:00,1.162160038948059,1.1622799634933472,1.1611000299453735,1.1616400480270386
2024-01-16 00:00:00+00:00,1.1616400480270386,1.1623200178146362,1.160599946975708,1.1614099740982056
2024-01-16 04:00:00+00:00,1.1613399982452393,1.1618499755859375,1.1597000360488892,1.160640001296997
2024-01-16 08:00:00+00:00,1.1607099771499634,1.1622300148010254,1.1598000526428223,1.1608699560165405
2024-01-16 12:00:00+00:00,1.1608699560165405,1.1638599634170532,1.1605000495910645,1.163409948348999
2024-01-16 16:00:00+00:00,1.1634600162506104,1.163699984550476,1.160599946975708,1.1616400480270386
2024-01-16 20:00:00+00:00,1.1615400314331055,1.1619900465011597,1.1610000133514404,1.1616300344467163
2024-01-17 00:00:00+00:00,1.1615500450134277,1.1620999574661255,1.1606999635696411,1.1612499952316284
2024-01-17 04:00:00+00:00,1.1612199544906616,1.1642099618911743,1.1598999500274658,1.1641499996185303
2024-01-17 08:00:00+00:00,1.163949966430664,1.1665699481964111,1.163100004196167,1.1665400266647339
2024-01-17 12:00:00+00:00,1.166409969329834,1.1667499542236328,1.1634999513626099,1.1665699481964111
2024-01-17 16:00:00+00:00,1.166599988937378,1.1670500040054321,1.1654000282287598,1.1658799648284912
2024-01-17 20:00:00+00:00,1.165809988975525,1.1661800146102905,1.1639000177383423,1.1644099950790405
2024-01-18 00:00:00+00:00,1.1643699407577515,1.1648099422454834,1.1634000539779663,1.1638699769973755
2024-01-18 04:00:00+00:00,1.163949966430664,1.1661299467086792,1.1634000539779663,1.1661299467086792
2024-01-18 08:00:00+00:00,1.1660300493240356,1.1668399572372437,1.1639000177383423,1.164870023727417
2024-01-18 12:00:00+00:00,1.164720058441162,1.1678800582885742,1.164199948310852,1.1675200462341309
2024-01-18 16:00:00+00:00,1.1677800416946411,1.1688300371170044,1.1669000387191772,1.167889952659607
2024-01-18 20:00:00+00:00,1.1679199934005737,1.1684800386428833,1.1674000024795532,1.1682100296020508
2024-01-19 00:00:00+00:00,1.168179988861084,1.1683299541473389,1.1663999557495117,1.16743004322052
2024-01-19 04:00:00+00:00,1.1674599647521973,1.1675000190734863,1.1648999452590942,1.1659899950027466
2024-01-19 08:00:00+00:00,1.1656899452209473,1.166290044784546,1.1641000509262085,1.1647299528121948
2024-01-19 12:00:00+00:00,1.164680004119873,1.1655299663543701,1.1641000509262085,1.1650300025939941
2024-01-19 16:00:00+00:00,1.1650300025939941,1.16566002368927,1.1633000373840332,1.165560007095337
2024-01-19 20:00:00+00:00,1.1655999422073364,1.1659799814224243,1.1649999618530273,1.1650999784469604
2024-01-20 00:00:00+00:00,,,,
2024-01-20 04:00:00+00:00,,,,
2024-01-20 08:00:00+00:00,,,,
2024-01-20 12:00:00+00:00,,,,
2024-01-20 16:00:00+00:00,,,,
2024-01-20 20:00:00+00:00,,,,
2024-01-21 00:00:00+00:00,,,,
2024-01-21 04:00:00+00:00,,,,
2024-01-21 08:00:00+00:00,,,,
2024-01-21 12:00:00+00:00,,,,
2024-01-21 16:00:00+00:00,,,,
2024-01-21 20:00:00+00:00,,,,
2024-01-22 00:00:00+00:00,1.1657700538635254,1.1660699844360352,1.1649999618530273,1.165969967842102
2024-01-22 04:00:00+00:00,1.1660399436950684,1.1668599843978882,1.1647000312805176,1.1655100584030151
2024-01-22 08:00:00+00:00,1.1655900478363037,1.1675699949264526,1.1648000478744507,1.1674400568008423
2024-01-22 12:00:00+00:00,1.1674699783325195,1.1688100099563599,1.1670000553131104,1.1684099435806274
2024-01-22 16:00:00+00:00,1.1684399843215942,1.1684399843215942,1.1663000583648682,1.1671899557113647
2024-01-22 20:00:00+00:00,1.167140007019043,1.1680400371551514,1.166700005531311,1.1680099964141846
2024-01-23 00:00:00+00:00,1.1679699420928955,1.1684999465942383,1.1675000190734863,1.1680799722671509
2024-01-23 04:00:00+00:00,1.1681300401687622,1.1684000492095947,1.1670000553131104,1.168030023574829
2024-01-23 08:00:00+00:00,1.167870044708252,1.1697100400924683,1.1674000024795532,1.1691999435424805
2024-01-23 12:00:00+00:00,1.1691900491714478,1.1699199676513672,1.1672999858856201,1.1693099737167358
2024-01-23 16:00:00+00:00,1.1691900491714478,1.169319987297058,1.1675000190734863,1.1691299676895142
2024-01-23 20:00:00+00:00,1.1691700220108032,1.169450044631958,1.1680999994277954,1.1687599420547485
2024-01-24 00:00:00+00:00,1.1687599420547485,1.169409990310669,1.1680999994277954,1.1690800189971924
2024-01-24 04:00:00+00:00,1.169100046157837,1.169659972190857,1.1676000356674194,1.1683000326156616
2024-01-24 08:00:00+00:00,1.1680899858474731,1.1713000535964966,1.1678999662399292,1.1696300506591797
2024-01-24 12:00:00+00:00,1.169469952583313,1.1701899766921997,1.1677000522613525,1.1698700189590454
2024-01-24 16:00:00+00:00,1.169950008392334,1.1700600385665894,1.1676000356674194,1.1685700416564941
2024-01-24 20:00:00+00:00,1.1686500310897827,1.1690399646759033,1.1680999994277954,1.1687099933624268
2024-01-25 00:00:00+00:00,1.1686899662017822,1.168869972229004,1.1678999662399292,1.1686099767684937
2024-01-25 04:00:00+00:00,1.1685999631881714,1.1694899797439575,1.167799949645996,1.1692700386047363
2024-01-25 08:00:00+00:00,1.169409990310669,1.1696399450302124,1.167099952697754,1.168720006942749
2024-01-25 12:00:00+00:00,1.168619990348816,1.1733200550079346,1.1676000356674194,1.1723099946975708
2024-01-25 16:00:00+00:00,1.1723899841308594,1.1727999448776245,1.170199990272522,1.1720000505447388
2024-01-25 20:00:00+00:00,1.1720600128173828,1.1721400022506714,1.170699954032898,1.1711000204086304
2024-01-26 00:00:00+00:00,1.171470046043396,1.1721999645233154,1.1710000038146973,1.1719599962234497
2024-01-26 04:00:00+00:00,1.1719000339508057,1.1728999614715576,1.1711000204086304,1.1720000505447388
2024-01-26 08:00:00+00:00,1.1720000505447388,1.172659993171692,1.1712000370025635,1.171720027923584
2024-01-26 12:00:00+00:00,1.1716200113296509,1.1726499795913696,1.1706000566482544,1.1709799766540527
2024-01-26 16:00:00+00:00,1.1710000038146973,1.1712199449539185,1.1693999767303467,1.1699800491333008
2024-01-26 20:00:00+00:00,1.1699899435043335,1.1703799962997437,1.1694999933242798,1.1699999570846558
2024-01-27 00:00:00+00:00,,,,
2024-01-27 04:00:00+00:00,,,,
2024-01-27 08:00:00+00:00,,,,
2024-01-27 12:00:00+00:00,,,,
2024-01-27 16:00:00+00:00,,,,
2024-01-27 20:00:00+00:00,,,,
2024-01-28 00:00:00+00:00,,,,
2024-01-28 04:00:00+00:00,,,,
2024-01-28 08:00:00+00:00,,,,
2024-01-28 12:00:00+00:00,,,,
2024-01-28 16:00:00+00:00,,,,
2024-01-28 20:00:00+00:00,,,,
2024-01-29 00:00:00+00:00,1.1709100008010864,1.1712199449539185,1.1699999570846558,1.171180009841919
2024-01-29 04:00:00+00:00,1.1712599992752075,1.1729400157928467,1.170799970626831,1.1727399826049805
2024-01-29 08:00:00+00:00,1.1728500127792358,1.1745500564575195,1.1718000173568726,1.1729300022125244
2024-01-29 12:00:00+00:00,1.1728800535202026,1.1740399599075317,1.1720999479293823,1.17399001121521
2024-01-29 16:00:00+00:00,1.1740599870681763,1.1742000579833984,1.1721999645233154,1.1730799674987793
2024-01-29 20:00:00+00:00,1.1730899810791016,1.1734999418258667,1.1725000143051147,1.1732499599456787
2024-01-30 00:00:00+00:00,1.173359990119934,1.1733800172805786,1.1723999977111816,1.17330002784729
2024-01-30 04:00:00+00:00,1.1732300519943237,1.1740299463272095,1.1721999645233154,1.1729300022125244
2024-01-30 08:00:00+00:00,1.172629952430725,1.1729300022125244,1.1684000492095947,1.1693999767303467
2024-01-30 12:00:00+00:00,1.1692399978637695,1.1703200340270996,1.1668000221252441,1.1685999631881714
2024-01-30 16:00:00+00:00,1.1687899827957153,1.1707799434661865,1.1676000356674194,1.17044997215271
2024-01-30 20:00:00+00:00,1.17044997215271,1.1711499691009521,1.169700026512146,1.1706500053405762
2024-01-31 00:00:00+00:00,1.1706899404525757,1.171820044517517,1.1698999404907227,1.1716899871826172
2024-01-31 04:00:00+00:00,1.1716400384902954,1.1723899841308594,1.170699954032898,1.171720027923584
2024-01-31 08:00:00+00:00,1.171929955482483,1.1731499433517456,1.1693999767303467,1.1701699495315552
2024-01-31 12:00:00+00:00,1.170050024986267,1.1727299690246582,1.1694999933242798,1.17221999168396
2024-01-31 16:00:00+00:00,1.1722899675369263,1.1731200218200684,1.1713000535964966,1.1725900173187256
2024-01-31 20:00:00+00:00,1.1725200414657593,1.1733299493789673,1.1715999841690063,1.1733200550079346
2024-02-01 00:00:00+00:00,1.173449993133545,1.1734999418258667,1.1722999811172485,1.1731300354003906
2024-02-01 04:00:00+00:00,1.1731899976730347,1.1733499765396118,1.1718000173568726,1.1722700595855713
2024-02-01 08:00:00+00:00,1.1723699569702148,1.1735600233078003,1.1680999994277954,1.169350028038025
2024-02-01 12:00:00+00:00,1.1691499948501587,1.1723999977111816,1.169100046157837,1.1713000535964966
2024-02-01 16:00:00+00:00,1.1712700128555298,1.173050045967102,1.1704000234603882,1.1724200248718262
2024-02-01 20:00:00+00:00,1.1723699569702148,1.1726499795913696,1.1713999509811401,1.1720399856567383
2024-02-02 00:00:00+00:00,1.1720199584960938,1.172469973564148,1.1713999509811401,1.172029972076416
2024-02-02 04:00:00+00:00,1.172029972076416,1.1723899841308594,1.1708999872207642,1.171720027923584
2024-02-02 08:00:00+00:00,1.171839952468872,1.1732900142669678,1.1706000566482544,1.1722999811172485
2024-02-02 12:00:00+00:00,1.1721899509429932,1.1733800172805786,1.1706000566482544,1.1714999675750732
2024-02-02 16:00:00+00:00,1.1716300249099731,1.1717100143432617,1.1693999767303467,1.1709500551223755
2024-02-02 20:00:00+00:00,1.171030044555664,1.171180009841919,1.170199990272522,1.1704000234603882
2024-02-03 00:00:00+00:00,,,,
2024-02-03 04:00:00+00:00,,,,
2024-02-03 08:00:00+00:00,,,,
2024-02-03 12:00:00+00:00,,,,
2024-02-03 16:00:00+00:00,,,,
2024-02-03 20:00:00+00:00,,,,
2024-02-04 00:00:00+00:00,,,,
2024-02-04 04:00:00+00:00,,,,
2024-02-04 08:00:00+00:00,,,,
2024-02-04 12:00:00+00:00,,,,
2024-02-04 16:00:00+00:00,,,,
2024-02-04 20:00:00+00:00,,,,
2024-02-05 00:00:00+00:00,1.1707199811935425,1.1709100008010864,1.1684999465942383,1.1698999404907227
2024-02-05 04:00:00+00:00,1.169950008392334,1.170930027961731,1.169100046157837,1.1702300310134888
2024-02-05 08:00:00+00:00,1.1704299449920654,1.172279953956604,1.1686999797821045,1.1690800189971924
2024-02-05 12:00:00+00:00,1.1690000295639038,1.1692700386047363,1.1668000221252441,1.167240023612976
2024-02-05 16:00:00+00:00,1.1672600507736206,1.1679199934005737,1.1663000583648682,1.1666799783706665
2024-02-05 20:00:00+00:00,1.166700005531311,1.167240023612976,1.1658999919891357,1.1667699813842773
2024-02-06 00:00:00+00:00,1.1667300462722778,1.1676900386810303,1.1663999557495117,1.1672099828720093
2024-02-06 04:00:00+00:00,1.1672699451446533,1.1677600145339966,1.1664999723434448,1.1676599979400635
2024-02-06 08:00:00+00:00,1.167549967765808,1.1693999767303467,1.1668000221252441,1.1690000295639038
2024-02-06 12:00:00+00:00,1.1690000295639038,1.1712599992752075,1.1679999828338623,1.1705900430679321
2024-02-06 16:00:00+00:00,1.1705600023269653,1.1718100309371948,1.1699999570846558,1.1714999675750732
2024-02-06 20:00:00+00:00,1.1715400218963623,1.171820044517517,1.1705000400543213,1.171589970588684
2024-02-07 00:00:00+00:00,1.1715799570083618,1.1716300249099731,1.1705000400543213,1.1712000370025635
2024-02-07 04:00:00+00:00,1.1711699962615967,1.172160029411316,1.1705000400543213,1.172160029411316
2024-02-07 08:00:00+00:00,1.172029972076416,1.173550009727478,1.1717000007629395,1.1726000308990479
2024-02-07 12:00:00+00:00,1.172629952430725,1.1741299629211426,1.1714999675750732,1.1741199493408203
2024-02-07 16:00:00+00:00,1.174090027809143,1.1741299629211426,1.1713000535964966,1.1722500324249268
2024-02-07 20:00:00+00:00,1.1721800565719604,1.1722999811172485,1.1713000535964966,1.1713000535964966
2024-02-08 00:00:00+00:00,1.1715999841690063,1.1721999645233154,1.1710000038146973,1.1715600490570068
2024-02-08 04:00:00+00:00,1.1715799570083618,1.1715799570083618,1.1705000400543213,1.1712499856948853
2024-02-08 08:00:00+00:00,1.171180009841919,1.1720999479293823,1.170199990272522,1.1711599826812744
2024-02-08 12:00:00+00:00,1.171120047569275,1.171679973602295,1.169800043106079,1.1712299585342407
2024-02-08 16:00:00+00:00,1.171180009841919,1.1716300249099731,1.1699999570846558,1.1707799434661865
2024-02-08 20:00:00+00:00,1.1706899404525757,1.170989990234375,1.1698999404907227,1.1705000400543213
2024-02-09 00:00:00+00:00,1.1708699464797974,1.1712100505828857,1.170300006866455,1.171049952507019
2024-02-09 04:00:00+00:00,1.1711699962615967,1.171910047531128,1.1705000400543213,1.1716699600219727
2024-02-09 08:00:00+00:00,1.1717100143432617,1.1718499660491943,1.169800043106079,1.170390009880066
2024-02-09 12:00:00+00:00,1.1702500581741333,1.1719199419021606,1.1694999933242798,1.1713000535964966
2024-02-09 16:00:00+00:00,1.1712100505828857,1.1715400218963623,1.170300006866455,1.1710699796676636
2024-02-09 20:00:00+00:00,1.1710599660873413,1.1712700128555298,1.1704000234603882,1.1705000400543213
2024-02-10 00:00:00+00:00,,,,
2024-02-10 04:00:00+00:00,,,,
2024-02-10 08:00:00+00:00,,,,
2024-02-10 12:00:00+00:00,,,,
2024-02-10 16:00:00+00:00,,,,
2024-02-10 20:00:00+00:00,,,,
2024-02-11 00:00:00+00:00,,,,
2024-02-11 04:00:00+00:00,,,,
2024-02-11 08:00:00+00:00,,,,
2024-02-11 12:00:00+00:00,,,,
2024-02-11 16:00:00+00:00,,,,
2024-02-11 20:00:00+00:00,,,,
2024-02-12 00:00:00+00:00,1.1702100038528442,1.1706899404525757,1.1694999933242798,1.1701500415802002
2024-02-12 04:00:00+00:00,1.1701300144195557,1.1710799932479858,1.169600009918213,1.1706000566482544
2024-02-12 08:00:00+00:00,1.1705399751663208,1.1721500158309937,1.170199990272522,1.171239972114563
2024-02-12 12:00:00+00:00,1.1710000038146973,1.1723999977111816,1.170300006866455,1.1715699434280396
2024-02-12 16:00:00+00:00,1.1710000038146973,1.1724799871444702,1.1710000038146973,1.1721500158309937
2024-02-12 20:00:00+00:00,1.1721500158309937,1.1724200248718262,1.1714999675750732,1.1720199584960938
2024-02-13 00:00:00+00:00,1.1720900535583496,1.1722899675369263,1.1712000370025635,1.1717699766159058
2024-02-13 04:00:00+00:00,1.1716899871826172,1.174839973449707,1.1712000370025635,1.1745200157165527
2024-02-13 08:00:00+00:00,1.1744799613952637,1.1760499477386475,1.17330002784729,1.1751899719238281
2024-02-13 12:00:00+00:00,1.1749000549316406,1.1762900352478027,1.17330002784729,1.1757500171661377
2024-02-13 16:00:00+00:00,1.1753000020980835,1.1762499809265137,1.1744999885559082,1.1749900579452515
2024-02-13 20:00:00+00:00,1.1749600172042847,1.1758500337600708,1.1744999885559082,1.1756399869918823
2024-02-14 00:00:00+00:00,1.1756199598312378,1.17631995677948,1.1749999523162842,1.1760799884796143
2024-02-14 04:00:00+00:00,1.1760200262069702,1.176609992980957,1.1722999811172485,1.1732800006866455
2024-02-14 08:00:00+00:00,1.1727999448776245,1.173490047454834,1.1712000370025635,1.1721999645233154
2024-02-14 12:00:00+00:00,1.1715999841690063,1.1729899644851685,1.1693999767303467,1.1704399585723877
2024-02-14 16:00:00+00:00,1.1704100370407104,1.1711900234222412,1.1692999601364136,1.1707700490951538
2024-02-14 20:00:00+00:00,1.1707799434661865,1.1712599992752075,1.170300006866455,1.1709200143814087
2024-02-15 00:00:00+00:00,1.1708999872207642,1.1715099811553955,1.170300006866455,1.1713900566101074
2024-02-15 04:00:00+00:00,1.1708999872207642,1.1713999509811401,1.1682000160217285,1.16867995262146
2024-02-15 08:00:00+00:00,1.1683000326156616,1.170240044593811,1.1679999828338623,1.1689800024032593
2024-02-15 12:00:00+00:00,1.1688599586486816,1.1694400310516357,1.1663999557495117,1.169350028038025
2024-02-15 16:00:00+00:00,1.169350028038025,1.169800043106079,1.1684999465942383,1.1696499586105347
2024-02-15 20:00:00+00:00,1.1696100234985352,1.169800043106079,1.1689000129699707,1.1692999601364136
2024-02-16 00:00:00+00:00,1.1690000295639038,1.1695400476455688,1.1683000326156616,1.169119954109192
2024-02-16 04:00:00+00:00,1.169219970703125,1.1705199480056763,1.1685999631881714,1.1699299812316895
2024-02-16 08:00:00+00:00,1.1697100400924683,1.169819951057434,1.1674000024795532,1.1689399480819702
2024-02-16 12:00:00+00:00,1.1689800024032593,1.1696799993515015,1.167099952697754,1.1681699752807617
2024-02-16 16:00:00+00:00,1.1683199405670166,1.1702899932861328,1.1678999662399292,1.1696200370788574
2024-02-16 20:00:00+00:00,1.169600009918213,1.169600009918213,1.168529987335205,1.1687999963760376
2024-02-17 00:00:00+00:00,,,,
2024-02-17 04:00:00+00:00,,,,
2024-02-17 08:00:00+00:00,,,,
2024-02-17 12:00:00+00:00,,,,
2024-02-17 16:00:00+00:00,,,,
2024-02-17 20:00:00+00:00,,,,
2024-02-18 00:00:00+00:00,,,,
2024-02-18 04:00:00+00:00,,,,
2024-02-18 08:00:00+00:00,,,,
2024-02-18 12:00:00+00:00,,,,
2024-02-18 16:00:00+00:00,,,,
2024-02-18 20:00:00+00:00,,,,
2024-02-19 00:00:00+00:00,1.169219970703125,1.170699954032898,1.1689000129699707,1.1704000234603882
2024-02-19 04:00:00+00:00,1.1703699827194214,1.1708799600601196,1.169600009918213,1.1703499555587769
2024-02-19 08:00:00+00:00,1.1703799962997437,1.1712199449539185,1.169700026512146,1.1701699495315552
2024-02-19 12:00:00+00:00,1.1700600385665894,1.170549988746643,1.1684999465942383,1.1689800024032593
2024-02-19 16:00:00+00:00,1.1689599752426147,1.169409990310669,1.167799949645996,1.1686700582504272
2024-02-19 20:00:00+00:00,1.168720006942749,1.1687400341033936,1.1676000356674194,1.1676000356674194
2024-02-20 00:00:00+00:00,1.1680099964141846,1.1691299676895142,1.1676000356674194,1.16867995262146
2024-02-20 04:00:00+00:00,1.16867995262146,1.1691999435424805,1.1678999662399292,1.1688899993896484
2024-02-20 08:00:00+00:00,1.1689499616622925,1.1689499616622925,1.1653000116348267,1.1657500267028809
2024-02-20 12:00:00+00:00,1.1659200191497803,1.170050024986267,1.1654000282287598,1.1698999404907227
2024-02-20 16:00:00+00:00,1.1697900295257568,1.1697900295257568,1.1670000553131104,1.1676199436187744
2024-02-20 20:00:00+00:00,1.1676499843597412,1.1678999662399292,1.1670000553131104,1.1678400039672852
2024-02-21 00:00:00+00:00,1.167829990386963,1.1681699752807617,1.167199969291687,1.168030023574829
2024-02-21 04:00:00+00:00,1.1680599451065063,1.1684399843215942,1.1669000387191772,1.1682300567626953
2024-02-21 08:00:00+00:00,1.1680799722671509,1.1685199737548828,1.1668000221252441,1.1681900024414062
2024-02-21 12:00:00+00:00,1.1681900024414062,1.1685099601745605,1.1663000583648682,1.1671299934387207
2024-02-21 16:00:00+00:00,1.1670700311660767,1.1679500341415405,1.166200041770935,1.1677299737930298
2024-02-21 20:00:00+00:00,1.1677900552749634,1.1680599451065063,1.167099952697754,1.1675000190734863
2024-02-22 00:00:00+00:00,1.1678600311279297,1.1678999662399292,1.166700005531311,1.1673500537872314
2024-02-22 04:00:00+00:00,1.1672199964523315,1.1678800582885742,1.1663999557495117,1.1676599979400635
2024-02-22 08:00:00+00:00,1.1675200462341309,1.169260025024414,1.1658999919891357,1.1678500175476074
2024-02-22 12:00:00+00:00,1.167799949645996,1.1685600280761719,1.166200041770935,1.1674200296401978
2024-02-22 16:00:00+00:00,1.1675100326538086,1.1699700355529785,1.167199969291687,1.1696900129318237
2024-02-22 20:00:00+00:00,1.1696200370788574,1.1700299978256226,1.1690000295639038,1.1691999435424805
2024-02-23 00:00:00+00:00,1.1695599555969238,1.1697800159454346,1.1689000129699707,1.1697499752044678
2024-02-23 04:00:00+00:00,1.169800043106079,1.170009970664978,1.1689000129699707,1.16989004611969
2024-02-23 08:00:00+00:00,1.1697499752044678,1.171589970588684,1.1690000295639038,1.171120047569275
2024-02-23 12:00:00+00:00,1.1711900234222412,1.1724400520324707,1.1706000566482544,1.171489953994751
2024-02-23 16:00:00+00:00,1.1714799404144287,1.1714999675750732,1.170199990272522,1.1710400581359863
2024-02-23 20:00:00+00:00,1.1710100173950195,1.1710699796676636,1.1699999570846558,1.170699954032898
2024-02-24 00:00:00+00:00,,,,
2024-02-24 04:00:00+00:00,,,,
2024-02-24 08:00:00+00:00,,,,
2024-02-24 12:00:00+00:00,,,,
2024-02-24 16:00:00+00:00,,,,
2024-02-24 20:00:00+00:00,,,,
2024-02-25 00:00:00+00:00,,,,
2024-02-25 04:00:00+00:00,,,,
2024-02-25 08:00:00+00:00,,,,
2024-02-25 12:00:00+00:00,,,,
2024-02-25 16:00:00+00:00,,,,
2024-02-25 20:00:00+00:00,,,,
2024-02-26 00:00:00+00:00,1.1710200309753418,1.1712299585342407,1.169600009918213,1.170009970664978
2024-02-26 04:00:00+00:00,1.1699800491333008,1.1706299781799316,1.169100046157837,1.1701699495315552
2024-02-26 08:00:00+00:00,1.170300006866455,1.1703399419784546,1.1679999828338623,1.1697399616241455
2024-02-26 12:00:00+00:00,1.1697200536727905,1.1699700355529785,1.1682000160217285,1.1686999797821045
2024-02-26 16:00:00+00:00,1.1684000492095947,1.1690399646759033,1.1676000356674194,1.168779969215393
2024-02-26 20:00:00+00:00,1.1687500476837158,1.1691399812698364,1.1683000326156616,1.1689599752426147
2024-02-27 00:00:00+00:00,1.1688599586486816,1.1690700054168701,1.1677000522613525,1.1682300567626953
2024-02-27 04:00:00+00:00,1.1678999662399292,1.1690399646759033,1.167799949645996,1.1688599586486816
2024-02-27 08:00:00+00:00,1.1688300371170044,1.169219970703125,1.1678999662399292,1.168429970741272
2024-02-27 12:00:00+00:00,1.1680999994277954,1.1694300174713135,1.1669000387191772,1.1691099405288696
2024-02-27 16:00:00+00:00,1.1691700220108032,1.1695499420166016,1.1683000326156616,1.1692399978637695
2024-02-27 20:00:00+00:00,1.1691999435424805,1.1697499752044678,1.1686999797821045,1.169469952583313
2024-02-28 00:00:00+00:00,1.1694899797439575,1.1695499420166016,1.1684999465942383,1.1692099571228027
2024-02-28 04:00:00+00:00,1.1692099571228027,1.169700026512146,1.1684000492095947,1.1695599555969238
2024-02-28 08:00:00+00:00,1.169100046157837,1.1700199842453003,1.1678999662399292,1.1699399948120117
2024-02-28 12:00:00+00:00,1.1697200536727905,1.1698499917984009,1.167099952697754,1.167739987373352
2024-02-28 16:00:00+00:00,1.1677900552749634,1.1685700416564941,1.1672999858856201,1.167829990386963
2024-02-28 20:00:00+00:00,1.1678999662399292,1.1683299541473389,1.1674000024795532,1.1680500507354736
2024-02-29 00:00:00+00:00,1.1680699586868286,1.1691299676895142,1.1676000356674194,1.1688599586486816
2024-02-29 04:00:00+00:00,1.1684000492095947,1.1691399812698364,1.1677000522613525,1.1684800386428833
2024-02-29 08:00:00+00:00,1.1683800220489502,1.16867995262146,1.1663999557495117,1.1676199436187744
2024-02-29 12:00:00+00:00,1.1675000190734863,1.1694400310516357,1.1664999723434448,1.1688100099563599
2024-02-29 16:00:00+00:00,1.1687899827957153,1.1693600416183472,1.167199969291687,1.1675200462341309
2024-02-29 20:00:00+00:00,1.1676100492477417,1.1684399843215942,1.1670000553131104,1.168370008468628
2024-03-01 00:00:00+00:00,1.1684199571609497,1.1684199571609497,1.1669000387191772,1.1677600145339966
2024-03-01 04:00:00+00:00,1.167739987373352,1.1684000492095947,1.167199969291687,1.1681300401687622
2024-03-01 08:00:00+00:00,1.1681900024414062,1.1688599586486816,1.1670000553131104,1.1685700416564941
2024-03-01 12:00:00+00:00,1.1685800552368164,1.1686099767684937,1.1655999422073364,1.1675900220870972
2024-03-01 16:00:00+00:00,1.1674000024795532,1.1680099964141846,1.1668000221252441,1.1679099798202515
2024-03-01 20:00:00+00:00,1.1674000024795532,1.1680899858474731,1.1668000221252441,1.1668000221252441
2024-03-02 00:00:00+00:00,,,,
2024-03-02 04:00:00+00:00,,,,
2024-03-02 08:00:00+00:00,,,,
2024-03-02 12:00:00+00:00,,,,
2024-03-02 16:00:00+00:00,,,,
2024-03-02 20:00:00+00:00,,,,
2024-03-03 00:00:00+00:00,,,,
2024-03-03 04:00:00+00:00,,,,
2024-03-03 08:00:00+00:00,,,,
2024-03-03 12:00:00+00:00,,,,
2024-03-03 16:00:00+00:00,,,,
2024-03-03 20:00:00+00:00,,,,
2024-03-04 00:00:00+00:00,1.167199969291687,1.1678999662399292,1.167099952697754,1.167799949645996
2024-03-04 04:00:00+00:00,1.1674000024795532,1.1681400537490845,1.1668000221252441,1.16798996925354
2024-03-04 08:00:00+00:00,1.1679199934005737,1.168720006942749,1.167099952697754,1.1676900386810303
2024-03-04 12:00:00+00:00,1.1677299737930298,1.1691800355911255,1.167199969291687,1.1688200235366821
2024-03-04 16:00:00+00:00,1.1687500476837158,1.1694799661636353,1.1683000326156616,1.168910026550293
2024-03-04 20:00:00+00:00,1.1684999465942383,1.169029951095581,1.1682000160217285,1.1689499616622925
2024-03-05 00:00:00+00:00,1.1685999631881714,1.1696200370788574,1.1684999465942383,1.1690599918365479
2024-03-05 04:00:00+00:00,1.1690499782562256,1.1691700220108032,1.1679999828338623,1.1687099933624268
2024-03-05 08:00:00+00:00,1.1687899827957153,1.1691999435424805,1.1677000522613525,1.1683800220489502
2024-03-05 12:00:00+00:00,1.1684999465942383,1.1711499691009521,1.1678999662399292,1.1710799932479858
2024-03-05 16:00:00+00:00,1.171090006828308,1.1711499691009521,1.169600009918213,1.170300006866455
2024-03-05 20:00:00+00:00,1.1703599691390991,1.1703699827194214,1.169600009918213,1.1701699495315552
2024-03-06 00:00:00+00:00,1.1702100038528442,1.1704699993133545,1.1692999601364136,1.1703200340270996
2024-03-06 04:00:00+00:00,1.170240044593811,1.1705100536346436,1.1691999435424805,1.1700799465179443
2024-03-06 08:00:00+00:00,1.1701500415802002,1.1707199811935425,1.1689000129699707,1.1697700023651123
2024-03-06 12:00:00+00:00,1.1698499917984009,1.1702100038528442,1.1675000190734863,1.1683399677276611
2024-03-06 16:00:00+00:00,1.1684199571609497,1.1693700551986694,1.1679999828338623,1.1691299676895142
2024-03-06 20:00:00+00:00,1.1691800355911255,1.1691800355911255,1.1672999858856201,1.1683599948883057
2024-03-07 00:00:00+00:00,1.168370008468628,1.1684399843215942,1.1672999858856201,1.1680899858474731
2024-03-07 04:00:00+00:00,1.168030023574829,1.1692099571228027,1.1676000356674194,1.169029951095581
2024-03-07 08:00:00+00:00,1.1685999631881714,1.1711399555206299,1.1679999828338623,1.170799970626831
2024-03-07 12:00:00+00:00,1.1700999736785889,1.173009991645813,1.169100046157837,1.1700199842453003
2024-03-07 16:00:00+00:00,1.1700400114059448,1.1702300310134888,1.1686999797821045,1.1697499752044678
2024-03-07 20:00:00+00:00,1.1696399450302124,1.1700799465179443,1.169100046157837,1.1699999570846558
2024-03-08 00:00:00+00:00,1.1699700355529785,1.1702799797058105,1.1692999601364136,1.169819951057434
2024-03-08 04:00:00+00:00,1.169909954071045,1.1712299585342407,1.1692999601364136,1.1709200143814087
2024-03-08 08:00:00+00:00,1.170699954032898,1.1741600036621094,1.170699954032898,1.173359990119934
2024-03-08 12:00:00+00:00,1.1732399463653564,1.1758099794387817,1.172700047492981,1.1750999689102173
2024-03-08 16:00:00+00:00,1.1750799417495728,1.1751699447631836,1.173699975013733,1.1749299764633179
2024-03-08 20:00:00+00:00,1.1749600172042847,1.1754100322723389,1.174299955368042,1.1749999523162842
2024-03-09 00:00:00+00:00,,,,
2024-03-09 04:00:00+00:00,,,,
2024-03-09 08:00:00+00:00,,,,
2024-03-09 12:00:00+00:00,,,,
2024-03-09 16:00:00+00:00,,,,
2024-03-09 20:00:00+00:00,,,,
2024-03-10 00:00:00+00:00,,,,
2024-03-10 04:00:00+00:00,,,,
2024-03-10 08:00:00+00:00,,,,
2024-03-10 12:00:00+00:00,,,,
2024-03-10 16:00:00+00:00,,,,
2024-03-10 20:00:00+00:00,,,,
2024-03-11 00:00:00+00:00,1.1747000217437744,1.1750600337982178,1.173799991607666,1.1743899583816528
2024-03-11 04:00:00+00:00,1.174430012702942,1.1749099493026733,1.173200011253357,1.1736899614334106
2024-03-11 08:00:00+00:00,1.17330002784729,1.1745799779891968,1.1720999479293823,1.174299955368042
2024-03-11 12:00:00+00:00,1.1739000082015991,1.1745400428771973,1.1714999675750732,1.1717699766159058
2024-03-11 16:00:00+00:00,1.1718100309371948,1.172469973564148,1.1711000204086304,1.1722899675369263
2024-03-11 20:00:00+00:00,1.1722300052642822,1.1729999780654907,1.1718000173568726,1.172659993171692
2024-03-12 00:00:00+00:00,1.1721999645233154,1.1728099584579468,1.1715999841690063,1.1720900535583496
2024-03-12 04:00:00+00:00,1.1715999841690063,1.1722400188446045,1.1693999767303467,1.169800043106079
2024-03-12 08:00:00+00:00,1.1694999933242798,1.1704299449920654,1.1692999601364136,1.1698499917984009
2024-03-12 12:00:00+00:00,1.1698299646377563,1.1713900566101074,1.1684999465942383,1.1708999872207642
2024-03-12 16:00:00+00:00,1.1708300113677979,1.1710400581359863,1.169600009918213,1.1708699464797974
2024-03-12 20:00:00+00:00,1.1709500551223755,1.1709599494934082,1.1699999570846558,1.1708300113677979
2024-03-13 00:00:00+00:00,1.1708799600601196,1.1710799932479858,1.170199990272522,1.1707500219345093
2024-03-13 04:00:00+00:00,1.170300006866455,1.1709200143814087,1.1691999435424805,1.1700600385665894
2024-03-13 08:00:00+00:00,1.1698999404907227,1.1709599494934082,1.1689000129699707,1.1704200506210327
2024-03-13 12:00:00+00:00,1.1704599857330322,1.1705600023269653,1.1686999797821045,1.1692299842834473
2024-03-13 16:00:00+00:00,1.1689000129699707,1.1694200038909912,1.1678999662399292,1.1687899827957153
2024-03-13 20:00:00+00:00,1.1688400506973267,1.1690399646759033,1.1680999994277954,1.1686300039291382
2024-03-14 00:00:00+00:00,1.1682000160217285,1.1691900491714478,1.1682000160217285,1.168779969215393
2024-03-14 04:00:00+00:00,1.1687599420547485,1.1708199977874756,1.1683000326156616,1.1706700325012207
2024-03-14 08:00:00+00:00,1.1705199480056763,1.1715199947357178,1.1700999736785889,1.170699954032898
2024-03-14 12:00:00+00:00,1.170300006866455,1.1709500551223755,1.1691999435424805,1.1707899570465088
2024-03-14 16:00:00+00:00,1.170300006866455,1.1714400053024292,1.170199990272522,1.1710799932479858
2024-03-14 20:00:00+00:00,1.171180009841919,1.1717000007629395,1.1706000566482544,1.1709699630737305
2024-03-15 00:00:00+00:00,1.1710400581359863,1.1712599992752075,1.170199990272522,1.1708600521087646
2024-03-15 04:00:00+00:00,1.1708300113677979,1.1712599992752075,1.1699999570846558,1.1703699827194214
2024-03-15 08:00:00+00:00,1.1704699993133545,1.171239972114563,1.169600009918213,1.1706899404525757
2024-03-15 12:00:00+00:00,1.170300006866455,1.1710799932479858,1.1694999933242798,1.1698999404907227
2024-03-15 16:00:00+00:00,1.169600009918213,1.1700299978256226,1.1686999797821045,1.1697200536727905
2024-03-15 20:00:00+00:00,1.1697399616241455,1.1698399782180786,1.169100046157837,1.169600009918213
2024-03-16 00:00:00+00:00,,,,
2024-03-16 04:00:00+00:00,,,,
2024-03-16 08:00:00+00:00,,,,
2024-03-16 12:00:00+00:00,,,,
2024-03-16 16:00:00+00:00,,,,
2024-03-16 20:00:00+00:00,,,,
2024-03-17 00:00:00+00:00,,,,
2024-03-17 04:00:00+00:00,,,,
2024-03-17 08:00:00+00:00,,,,
2024-03-17 12:00:00+00:00,,,,
2024-03-17 16:00:00+00:00,,,,
2024-03-17 20:00:00+00:00,,,,
2024-03-18 00:00:00+00:00,1.1696499586105347,1.169819951057434,1.1687999963760376,1.1690800189971924
2024-03-18 04:00:00+00:00,1.1691499948501587,1.1697200536727905,1.1683000326156616,1.1696399450302124
2024-03-18 08:00:00+00:00,1.1691999435424805,1.1699199676513672,1.1674000024795532,1.1687099933624268
2024-03-18 12:00:00+00:00,1.1683000326156616,1.1696900129318237,1.1682000160217285,1.1694999933242798
2024-03-18 16:00:00+00:00,1.1695799827575684,1.1709500551223755,1.169100046157837,1.1707899570465088
2024-03-18 20:00:00+00:00,1.1708500385284424,1.170889973640442,1.169800043106079,1.1703799962997437
2024-03-19 00:00:00+00:00,1.1703799962997437,1.1704399585723877,1.1693999767303467,1.1699399948120117
2024-03-19 04:00:00+00:00,1.169600009918213,1.1700400114059448,1.1686999797821045,1.1698299646377563
2024-03-19 08:00:00+00:00,1.16989004611969,1.1701300144195557,1.1683000326156616,1.1697100400924683
2024-03-19 12:00:00+00:00,1.1697100400924683,1.1708500385284424,1.1691999435424805,1.1704699993133545
2024-03-19 16:00:00+00:00,1.1707899570465088,1.1719499826431274,1.170300006866455,1.1707700490951538
2024-03-19 20:00:00+00:00,1.170799970626831,1.1708799600601196,1.1701699495315552,1.1708500385284424
2024-03-20 00:00:00+00:00,1.1705000400543213,1.1708400249481201,1.169700026512146,1.1704200506210327
2024-03-20 04:00:00+00:00,1.170490026473999,1.1707899570465088,1.1683800220489502,1.1700700521469116
2024-03-20 08:00:00+00:00,1.1700199842453003,1.171429991722107,1.1692999601364136,1.170609951019287
2024-03-20 12:00:00+00:00,1.170549988746643,1.1713299751281738,1.169600009918213,1.170930027961731
2024-03-20 16:00:00+00:00,1.1708799600601196,1.1713999509811401,1.1698999404907227,1.1703799962997437
2024-03-20 20:00:00+00:00,1.1705100536346436,1.1706899404525757,1.1694999933242798,1.1700199842453003
2024-03-21 00:00:00+00:00,1.1700600385665894,1.1704399585723877,1.1693999767303467,1.1700899600982666
2024-03-21 04:00:00+00:00,1.1700799465179443,1.1701899766921997,1.169100046157837,1.1698100566864014
2024-03-21 08:00:00+00:00,1.169819951057434,1.1722099781036377,1.1678999662399292,1.1682900190353394
2024-03-21 12:00:00+00:00,1.167549967765808,1.16798996925354,1.1650999784469604,1.1663000583648682
2024-03-21 16:00:00+00:00,1.1657999753952026,1.1666200160980225,1.1648000478744507,1.1651899814605713
2024-03-21 20:00:00+00:00,1.1648000478744507,1.16566002368927,1.1647000312805176,1.1655000448226929
2024-03-22 00:00:00+00:00,1.165429949760437,1.1665600538253784,1.1649999618530273,1.1664799451828003
2024-03-22 04:00:00+00:00,1.1664199829101562,1.1671199798583984,1.1638000011444092,1.1646000146865845
2024-03-22 08:00:00+00:00,1.164270043373108,1.1650899648666382,1.1619999408721924,1.1633100509643555
2024-03-22 12:00:00+00:00,1.1628999710083008,1.1657099723815918,1.1628999710083008,1.1650199890136719
2024-03-22 16:00:00+00:00,1.1646000146865845,1.1658400297164917,1.1643999814987183,1.1654399633407593
2024-03-22 20:00:00+00:00,1.1654599905014038,1.1656500101089478,1.1648999452590942,1.1655999422073364
2024-03-23 00:00:00+00:00,,,,
2024-03-23 04:00:00+00:00,,,,
2024-03-23 08:00:00+00:00,,,,
2024-03-23 12:00:00+00:00,,,,
2024-03-23 16:00:00+00:00,,,,
2024-03-23 20:00:00+00:00,,,,
2024-03-24 00:00:00+00:00,,,,
2024-03-24 04:00:00+00:00,,,,
2024-03-24 08:00:00+00:00,,,,
2024-03-24 12:00:00+00:00,,,,
2024-03-24 16:00:00+00:00,,,,
2024-03-24 20:00:00+00:00,,,,
2024-03-25 00:00:00+00:00,1.1655199527740479,1.1661100387573242,1.1650999784469604,1.16566002368927
2024-03-25 04:00:00+00:00,1.1653000116348267,1.1660200357437134,1.1643999814987183,1.1652899980545044
2024-03-25 08:00:00+00:00,1.1647000312805176,1.1671600341796875,1.1647000312805176,1.1668800115585327
2024-03-25 12:00:00+00:00,1.1664999723434448,1.1674200296401978,1.1658999919891357,1.166759967803955
2024-03-25 16:00:00+00:00,1.1667300462722778,1.1667300462722778,1.1654000282287598,1.165910005569458
2024-03-25 20:00:00+00:00,1.1655000448226929,1.166200041770935,1.1653000116348267,1.1658899784088135
2024-03-26 00:00:00+00:00,1.1655000448226929,1.1661900281906128,1.1654000282287598,1.1660499572753906
2024-03-26 04:00:00+00:00,1.1656999588012695,1.1668399572372437,1.1651999950408936,1.1667200326919556
2024-03-26 08:00:00+00:00,1.1663000583648682,1.166759967803955,1.1649999618530273,1.1652599573135376
2024-03-26 12:00:00+00:00,1.1653599739074707,1.1663099527359009,1.1639000177383423,1.1661399602890015
2024-03-26 16:00:00+00:00,1.1661700010299683,1.1665500402450562,1.1650999784469604,1.1656999588012695
2024-03-26 20:00:00+00:00,1.1656999588012695,1.165869951248169,1.1649999618530273,1.1656800508499146
2024-03-27 00:00:00+00:00,1.1656899452209473,1.1656899452209473,1.1642999649047852,1.1650899648666382
2024-03-27 04:00:00+00:00,1.1646000146865845,1.1667499542236328,1.1644999980926514,1.1666799783706665
2024-03-27 08:00:00+00:00,1.1665199995040894,1.1667300462722778,1.1648000478744507,1.165850043296814
2024-03-27 12:00:00+00:00,1.1657500267028809,1.16743004322052,1.1650999784469604,1.1671099662780762
2024-03-27 16:00:00+00:00,1.166599988937378,1.167449951171875,1.166100025177002,1.1671500205993652
2024-03-27 20:00:00+00:00,1.166700005531311,1.167389988899231,1.166200041770935,1.1668000221252441
2024-03-28 00:00:00+00:00,1.1668200492858887,1.1671899557113647,1.1663000583648682,1.1668100357055664
2024-03-28 04:00:00+00:00,1.1663999557495117,1.1679600477218628,1.1663000583648682,1.1679600477218628
2024-03-28 08:00:00+00:00,1.1678999662399292,1.1697299480438232,1.167099952697754,1.1694600582122803
2024-03-28 12:00:00+00:00,1.1690000295639038,1.1700400114059448,1.1684000492095947,1.1693300008773804
2024-03-28 16:00:00+00:00,1.169100046157837,1.1702500581741333,1.1687999963760376,1.1698399782180786
2024-03-28 20:00:00+00:00,1.1693999767303467,1.1701200008392334,1.1691999435424805,1.169450044631958
2024-03-29 00:00:00+00:00,1.1693400144577026,1.1715099811553955,1.169100046157837,1.1714500188827515
2024-03-29 04:00:00+00:00,1.1714199781417847,1.1721899509429932,1.170300006866455,1.1716400384902954
2024-03-29 08:00:00+00:00,1.1716699600219727,1.171820044517517,1.1684999465942383,1.1691700220108032
2024-03-29 12:00:00+00:00,1.1689000129699707,1.1711000204086304,1.1689000129699707,1.1707099676132202
2024-03-29 16:00:00+00:00,1.1706299781799316,1.170799970626831,1.1687999963760376,1.1691099405288696
2024-03-29 20:00:00+00:00,1.1686999797821045,1.1693999767303467,1.1686999797821045,1.1691999435424805
2024-03-30 00:00:00+00:00,,,,
2024-03-30 04:00:00+00:00,,,,
2024-03-30 08:00:00+00:00,,,,
2024-03-30 12:00:00+00:00,,,,
2024-03-30 16:00:00+00:00,,,,
2024-03-30 20:00:00+00:00,,,,
2024-03-31 00:00:00+00:00,,,,
2024-03-31 04:00:00+00:00,,,,
2024-03-31 08:00:00+00:00,,,,
2024-03-31 12:00:00+00:00,,,,
2024-03-31 16:00:00+00:00,,,,
2024-03-31 20:00:00+00:00,1.1703699827194214,1.1708099842071533,1.1699999570846558,1.1707500219345093
2024-04-01 00:00:00+00:00,1.1708099842071533,1.170930027961731,1.1699999570846558,1.1707600355148315
2024-04-01 04:00:00+00:00,1.1704000234603882,1.1709200143814087,1.1694999933242798,1.1699700355529785
2024-04-01 08:00:00+00:00,1.170009970664978,1.1701099872589111,1.1689000129699707,1.169659972190857
2024-04-01 12:00:00+00:00,1.1696499586105347,1.1702500581741333,1.1679999828338623,1.1685500144958496
2024-04-01 16:00:00+00:00,1.1685800552368164,1.1687300205230713,1.1674000024795532,1.1680099964141846
2024-04-01 20:00:00+00:00,1.1676000356674194,1.1686500310897827,1.1675000190734863,1.1683299541473389
2024-04-02 00:00:00+00:00,1.1679999828338623,1.1688400506973267,1.1679999828338623,1.1687699556350708
2024-04-02 04:00:00+00:00,1.1687400341033936,1.1700999736785889,1.1682000160217285,1.1685700416564941
2024-04-02 08:00:00+00:00,1.16867995262146,1.1706899404525757,1.1683000326156616,1.1693099737167358
2024-04-02 12:00:00+00:00,1.1693700551986694,1.1693799495697021,1.1656999588012695,1.1674799919128418
2024-04-02 16:00:00+00:00,1.167099952697754,1.1681599617004395,1.1668000221252441,1.1678400039672852
2024-04-02 20:00:00+00:00,1.1675000190734863,1.1680999994277954,1.166990041732788,1.1678199768066406
2024-04-03 00:00:00+00:00,1.1677700281143188,1.1678199768066406,1.1663000583648682,1.1671500205993652
2024-04-03 04:00:00+00:00,1.1671799421310425,1.1676499843597412,1.166100025177002,1.166640043258667
2024-04-03 08:00:00+00:00,1.1665300130844116,1.1684999465942383,1.1658999919891357,1.166260004043579
2024-04-03 12:00:00+00:00,1.1658999919891357,1.1668699979782104,1.1648000478744507,1.1667200326919556
2024-04-03 16:00:00+00:00,1.1663000583648682,1.1679400205612183,1.166200041770935,1.1675200462341309
2024-04-03 20:00:00+00:00,1.1675599813461304,1.167639970779419,1.1669000387191772,1.167240023612976
2024-04-04 00:00:00+00:00,1.1672799587249756,1.1673500537872314,1.1660000085830688,1.1668299436569214
2024-04-04 04:00:00+00:00,1.1664999723434448,1.167449951171875,1.1657999753952026,1.1661700010299683
2024-04-04 08:00:00+00:00,1.1658999919891357,1.1665899753570557,1.1649999618530273,1.1655399799346924
2024-04-04 12:00:00+00:00,1.1655499935150146,1.1662399768829346,1.1648999452590942,1.1657299995422363
2024-04-04 16:00:00+00:00,1.1657099723815918,1.1665799617767334,1.1653000116348267,1.1664700508117676
2024-04-04 20:00:00+00:00,1.1665300130844116,1.166599988937378,1.1655000448226929,1.166290044784546
2024-04-05 00:00:00+00:00,1.1658999919891357,1.1665199995040894,1.1655000448226929,1.1660799980163574
2024-04-05 04:00:00+00:00,1.1656999588012695,1.1662499904632568,1.1642999649047852,1.1649600267410278
2024-04-05 08:00:00+00:00,1.164870023727417,1.1661200523376465,1.1642999649047852,1.1657500267028809
2024-04-05 12:00:00+00:00,1.1657899618148804,1.1661800146102905,1.164199948310852,1.1650199890136719
2024-04-05 16:00:00+00:00,1.1651500463485718,1.1663600206375122,1.1643999814987183,1.1660100221633911
2024-04-05 20:00:00+00:00,1.1660200357437134,1.1661100387573242,1.1654000282287598,1.1655999422073364
2024-04-06 00:00:00+00:00,,,,
2024-04-06 04:00:00+00:00,,,,
2024-04-06 08:00:00+00:00,,,,
2024-04-06 12:00:00+00:00,,,,
2024-04-06 16:00:00+00:00,,,,
2024-04-06 20:00:00+00:00,,,,
2024-04-07 00:00:00+00:00,,,,
2024-04-07 04:00:00+00:00,,,,
2024-04-07 08:00:00+00:00,,,,
2024-04-07 12:00:00+00:00,,,,
2024-04-07 16:00:00+00:00,,,,
2024-04-07 20:00:00+00:00,1.1650999784469604,1.1656899452209473,1.1649999618530273,1.165560007095337
2024-04-08 00:00:00+00:00,1.1651999950408936,1.1658300161361694,1.1646000146865845,1.1658200025558472
2024-04-08 04:00:00+00:00,1.1658300161361694,1.1661900281906128,1.1648000478744507,1.1655900478363037
2024-04-08 08:00:00+00:00,1.1656299829483032,1.1662700176239014,1.1650999784469604,1.1657700538635254
2024-04-08 12:00:00+00:00,1.1657500267028809,1.1661399602890015,1.1643999814987183,1.1658200025558472
2024-04-08 16:00:00+00:00,1.1654000282287598,1.1660900115966797,1.1649999618530273,1.1655999422073364
2024-04-08 20:00:00+00:00,1.1651999950408936,1.165619969367981,1.1646000146865845,1.165179967880249
2024-04-09 00:00:00+00:00,1.1647000312805176,1.1657999753952026,1.1647000312805176,1.1656700372695923
2024-04-09 04:00:00+00:00,1.16566002368927,1.1660200357437134,1.1647000312805176,1.1657899618148804
2024-04-09 08:00:00+00:00,1.1658600568771362,1.1674400568008423,1.1648999452590942,1.167389988899231
2024-04-09 12:00:00+00:00,1.1669000387191772,1.1679500341415405,1.1663999557495117,1.1672799587249756
2024-04-09 16:00:00+00:00,1.1672999858856201,1.1675399541854858,1.1663999557495117,1.1674400568008423
2024-04-09 20:00:00+00:00,1.167490005493164,1.1677099466323853,1.1668000221252441,1.1673500537872314
2024-04-10 00:00:00+00:00,1.1673599481582642,1.168030023574829,1.1669000387191772,1.1678800582885742
2024-04-10 04:00:00+00:00,1.167889952659607,1.1688300371170044,1.1674000024795532,1.1688100099563599
2024-04-10 08:00:00+00:00,1.1684000492095947,1.169319987297058,1.1678999662399292,1.1692899465560913
2024-04-10 12:00:00+00:00,1.1687999963760376,1.1697900295257568,1.167199969291687,1.1680400371551514
2024-04-10 16:00:00+00:00,1.1677000522613525,1.1681599617004395,1.1663000583648682,1.167240023612976
2024-04-10 20:00:00+00:00,1.1672099828720093,1.1673799753189087,1.1663000583648682,1.1670700311660767
2024-04-11 00:00:00+00:00,1.1670700311660767,1.1675299406051636,1.1663999557495117,1.1674799919128418
2024-04-11 04:00:00+00:00,1.167099952697754,1.1692500114440918,1.1670000553131104,1.1691499948501587
2024-04-11 08:00:00+00:00,1.1686999797821045,1.169510006904602,1.1675000190734863,1.1686300039291382
2024-04-11 12:00:00+00:00,1.16867995262146,1.1704399585723877,1.1682000160217285,1.1690800189971924
2024-04-11 16:00:00+00:00,1.1690000295639038,1.1706199645996094,1.1685999631881714,1.1705299615859985
2024-04-11 20:00:00+00:00,1.1705900430679321,1.1706199645996094,1.1694999933242798,1.170390009880066
2024-04-12 00:00:00+00:00,1.1704000234603882,1.1707899570465088,1.169800043106079,1.170490026473999
2024-04-12 04:00:00+00:00,1.1700999736785889,1.171779990196228,1.1698999404907227,1.171679973602295
2024-04-12 08:00:00+00:00,1.1716400384902954,1.1724200248718262,1.169800043106079,1.170799970626831
2024-04-12 12:00:00+00:00,1.170799970626831,1.1717400550842285,1.1689000129699707,1.169819951057434
2024-04-12 16:00:00+00:00,1.1693999767303467,1.1701699495315552,1.169100046157837,1.169950008392334
2024-04-12 20:00:00+00:00,1.1694999933242798,1.1700600385665894,1.169100046157837,1.1693999767303467
2024-04-13 00:00:00+00:00,,,,
2024-04-13 04:00:00+00:00,,,,
2024-04-13 08:00:00+00:00,,,,
2024-04-13 12:00:00+00:00,,,,
2024-04-13 16:00:00+00:00,,,,
2024-04-13 20:00:00+00:00,,,,
2024-04-14 00:00:00+00:00,,,,
2024-04-14 04:00:00+00:00,,,,
2024-04-14 08:00:00+00:00,,,,
2024-04-14 12:00:00+00:00,,,,
2024-04-14 16:00:00+00:00,,,,
2024-04-14 20:00:00+00:00,1.1693999767303467,1.170300006866455,1.1693999767303467,1.1702799797058105
2024-04-15 00:00:00+00:00,1.169800043106079,1.1702899932861328,1.1687999963760376,1.1697499752044678
2024-04-15 04:00:00+00:00,1.1692999601364136,1.1707299947738647,1.1690000295639038,1.1703200340270996
2024-04-15 08:00:00+00:00,1.1705199480056763,1.172320008277893,1.1700999736785889,1.1710400581359863
2024-04-15 12:00:00+00:00,1.1705000400543213,1.1726100444793701,1.170300006866455,1.1710100173950195
2024-04-15 16:00:00+00:00,1.1706000566482544,1.1715400218963623,1.170199990272522,1.1713299751281738
2024-04-15 20:00:00+00:00,1.1708999872207642,1.1715600490570068,1.1705000400543213,1.171339988708496
2024-04-16 00:00:00+00:00,1.1710000038146973,1.1715400218963623,1.1704000234603882,1.1711100339889526
2024-04-16 04:00:00+00:00,1.171090006828308,1.1718300580978394,1.169800043106079,1.1713099479675293
2024-04-16 08:00:00+00:00,1.171370029449463,1.1725000143051147,1.169700026512146,1.1705199480056763
2024-04-16 12:00:00+00:00,1.1700999736785889,1.1716899871826172,1.1693999767303467,1.1699800491333008
2024-04-16 16:00:00+00:00,1.1694999933242798,1.1708799600601196,1.169100046157837,1.1703200340270996
2024-04-16 20:00:00+00:00,1.1703200340270996,1.1707099676132202,1.1694999933242798,1.170240044593811
2024-04-17 00:00:00+00:00,1.1702899932861328,1.170300006866455,1.1689000129699707,1.1695200204849243
2024-04-17 04:00:00+00:00,1.169100046157837,1.173449993133545,1.1689000129699707,1.1721099615097046
2024-04-17 08:00:00+00:00,1.1717000007629395,1.1723300218582153,1.1698999404907227,1.1712000370025635
2024-04-17 12:00:00+00:00,1.170699954032898,1.1713099479675293,1.1685999631881714,1.1687099933624268
2024-04-17 16:00:00+00:00,1.1689000129699707,1.1689000129699707,1.166100025177002,1.166890025138855
2024-04-17 20:00:00+00:00,1.1668100357055664,1.1672199964523315,1.166200041770935,1.1670900583267212
2024-04-18 00:00:00+00:00,1.166700005531311,1.1677000522613525,1.166599988937378,1.1674699783325195
2024-04-18 04:00:00+00:00,1.167099952697754,1.167889952659607,1.1663000583648682,1.1676299571990967
2024-04-18 08:00:00+00:00,1.167199969291687,1.1689599752426147,1.167199969291687,1.168030023574829
2024-04-18 12:00:00+00:00,1.168030023574829,1.1693300008773804,1.167099952697754,1.1690399646759033
2024-04-18 16:00:00+00:00,1.1690900325775146,1.1692999601364136,1.1676000356674194,1.1685099601745605
2024-04-18 20:00:00+00:00,1.1680999994277954,1.1686099767684937,1.167799949645996,1.1682900190353394
2024-04-19 00:00:00+00:00,1.1683299541473389,1.1685400009155273,1.166700005531311,1.1672600507736206
2024-04-19 04:00:00+00:00,1.1669000387191772,1.1683000326156616,1.166599988937378,1.168179988861084
2024-04-19 08:00:00+00:00,1.1682599782943726,1.1688499450683594,1.1670000553131104,1.167870044708252
2024-04-19 12:00:00+00:00,1.1678500175476074,1.1683399677276611,1.1629999876022339,1.1634299755096436
2024-04-19 16:00:00+00:00,1.1629999876022339,1.1634700298309326,1.160599946975708,1.1610599756240845
2024-04-19 20:00:00+00:00,1.1611299514770508,1.1612900495529175,1.1601999998092651,1.1606999635696411
2024-04-20 00:00:00+00:00,,,,
2024-04-20 04:00:00+00:00,,,,
2024-04-20 08:00:00+00:00,,,,
2024-04-20 12:00:00+00:00,,,,
2024-04-20 16:00:00+00:00,,,,
2024-04-20 20:00:00+00:00,,,,
2024-04-21 00:00:00+00:00,,,,
2024-04-21 04:00:00+00:00,,,,
2024-04-21 08:00:00+00:00,,,,
2024-04-21 12:00:00+00:00,,,,
2024-04-21 16:00:00+00:00,,,,
2024-04-21 20:00:00+00:00,1.1604199409484863,1.161139965057373,1.1601999998092651,1.161080002784729
2024-04-22 00:00:00+00:00,1.1611100435256958,1.1614899635314941,1.160599946975708,1.1612499952316284
2024-04-22 04:00:00+00:00,1.1607999801635742,1.1615099906921387,1.159000039100647,1.1603399515151978
2024-04-22 08:00:00+00:00,1.1598999500274658,1.160830020904541,1.156499981880188,1.1578700542449951
2024-04-22 12:00:00+00:00,1.1575000286102295,1.1591099500656128,1.156499981880188,1.158869981765747
2024-04-22 16:00:00+00:00,1.1588799953460693,1.1597700119018555,1.158400058746338,1.1596200466156006
2024-04-22 20:00:00+00:00,1.1596499681472778,1.1596499681472778,1.1583000421524048,1.15910005569458
2024-04-23 00:00:00+00:00,1.1586999893188477,1.1592700481414795,1.158400058746338,1.159119963645935
2024-04-23 04:00:00+00:00,1.1586999893188477,1.1596699953079224,1.1563999652862549,1.1576600074768066
2024-04-23 08:00:00+00:00,1.1575000286102295,1.1614700555801392,1.1569000482559204,1.1614700555801392
2024-04-23 12:00:00+00:00,1.1615400314331055,1.1634299755096436,1.1605000495910645,1.1623899936676025
2024-04-23 16:00:00+00:00,1.1622999906539917,1.1636199951171875,1.1619000434875488,1.1631100177764893
2024-04-23 20:00:00+00:00,1.163140058517456,1.163599967956543,1.1625499725341797,1.1635899543762207
2024-04-24 00:00:00+00:00,1.1632000207901,1.1636300086975098,1.162600040435791,1.1633700132369995
2024-04-24 04:00:00+00:00,1.163349986076355,1.1637300252914429,1.162500023841858,1.1628400087356567
2024-04-24 08:00:00+00:00,1.1626499891281128,1.1639100313186646,1.1622999906539917,1.1632599830627441
2024-04-24 12:00:00+00:00,1.1627999544143677,1.164330005645752,1.1624000072479248,1.1632000207901
2024-04-24 16:00:00+00:00,1.1627999544143677,1.1648099422454834,1.1627999544143677,1.164639949798584
2024-04-24 20:00:00+00:00,1.1642999649047852,1.164929986000061,1.1639000177383423,1.1643500328063965
2024-04-25 00:00:00+00:00,1.1643699407577515,1.1645499467849731,1.1634000539779663,1.1641199588775635
2024-04-25 04:00:00+00:00,1.1640900373458862,1.1666100025177002,1.1634000539779663,1.1664999723434448
2024-04-25 08:00:00+00:00,1.1665300130844116,1.1675200462341309,1.1656999588012695,1.1670700311660767
2024-04-25 12:00:00+00:00,1.166700005531311,1.1673099994659424,1.1644999980926514,1.1652100086212158
2024-04-25 16:00:00+00:00,1.1652300357818604,1.1664899587631226,1.1647000312805176,1.16621994972229
2024-04-25 20:00:00+00:00,1.1661700010299683,1.1663600206375122,1.1654000282287598,1.165910005569458
2024-04-26 00:00:00+00:00,1.1658600568771362,1.1659899950027466,1.1649999618530273,1.1655900478363037
2024-04-26 04:00:00+00:00,1.1655499935150146,1.1661100387573242,1.1644999980926514,1.165369987487793
2024-04-26 08:00:00+00:00,1.1649999618530273,1.167580008506775,1.1647000312805176,1.1674799919128418
2024-04-26 12:00:00+00:00,1.16743004322052,1.167799949645996,1.1656999588012695,1.1670000553131104
2024-04-26 16:00:00+00:00,1.1670000553131104,1.1682100296020508,1.166599988937378,1.1679799556732178
2024-04-26 20:00:00+00:00,1.1678600311279297,1.1684199571609497,1.1675000190734863,1.1678999662399292
2024-04-27 00:00:00+00:00,,,,
2024-04-27 04:00:00+00:00,,,,
2024-04-27 08:00:00+00:00,,,,
2024-04-27 12:00:00+00:00,,,,
2024-04-27 16:00:00+00:00,,,,
2024-04-27 20:00:00+00:00,,,,
2024-04-28 00:00:00+00:00,,,,
2024-04-28 04:00:00+00:00,,,,
2024-04-28 08:00:00+00:00,,,,
2024-04-28 12:00:00+00:00,,,,
2024-04-28 16:00:00+00:00,,,,
2024-04-28 20:00:00+00:00,1.1676000356674194,1.1683299541473389,1.1675000190734863,1.1682599782943726
2024-04-29 00:00:00+00:00,1.1678999662399292,1.1687999963760376,1.1677000522613525,1.1685199737548828
2024-04-29 04:00:00+00:00,1.1684499979019165,1.1692800521850586,1.1677000522613525,1.1690000295639038
2024-04-29 08:00:00+00:00,1.1685999631881714,1.1698700189590454,1.1682000160217285,1.1695400476455688
2024-04-29 12:00:00+00:00,1.1691999435424805,1.1712700128555298,1.1690000295639038,1.1710699796676636
2024-04-29 16:00:00+00:00,1.170699954032898,1.1718499660491943,1.170699954032898,1.1715600490570068
2024-04-29 20:00:00+00:00,1.1712000370025635,1.1720900535583496,1.170799970626831,1.172029972076416
2024-04-30 00:00:00+00:00,1.1720199584960938,1.1721500158309937,1.1710000038146973,1.1718499660491943
2024-04-30 04:00:00+00:00,1.1713999509811401,1.1719499826431274,1.1698999404907227,1.171339988708496
2024-04-30 08:00:00+00:00,1.1710000038146973,1.1716899871826172,1.1684999465942383,1.1697200536727905
2024-04-30 12:00:00+00:00,1.1692999601364136,1.1715600490570068,1.1685999631881714,1.1710000038146973
2024-04-30 16:00:00+00:00,1.1705000400543213,1.1712900400161743,1.1700999736785889,1.1707700490951538
2024-04-30 20:00:00+00:00,1.1707500219345093,1.1711499691009521,1.170199990272522,1.1708199977874756
2024-05-01 00:00:00+00:00,1.1708300113677979,1.1712499856948853,1.1699999570846558,1.1704399585723877
2024-05-01 04:00:00+00:00,1.1699999570846558,1.171180009841919,1.1699999570846558,1.170930027961731
2024-05-01 08:00:00+00:00,1.1705000400543213,1.171339988708496,1.1686999797821045,1.169819951057434
2024-05-01 12:00:00+00:00,1.1693999767303467,1.1698499917984009,1.1679999828338623,1.1692500114440918
2024-05-01 16:00:00+00:00,1.1692399978637695,1.1699199676513672,1.1683000326156616,1.1686700582504272
2024-05-01 20:00:00+00:00,1.1682000160217285,1.169819951057434,1.1679999828338623,1.169659972190857
2024-05-02 00:00:00+00:00,1.1691999435424805,1.1699600219726562,1.1689000129699707,1.169350028038025
2024-05-02 04:00:00+00:00,1.1690000295639038,1.1697299480438232,1.1677000522613525,1.1690499782562256
2024-05-02 08:00:00+00:00,1.1690200567245483,1.169909954071045,1.1682000160217285,1.1691999435424805
2024-05-02 12:00:00+00:00,1.1692399978637695,1.169819951057434,1.167199969291687,1.1681499481201172
2024-05-02 16:00:00+00:00,1.167799949645996,1.1687699556350708,1.167199969291687,1.1684999465942383
2024-05-02 20:00:00+00:00,1.1682000160217285,1.1686999797821045,1.1677000522613525,1.1685099601745605
2024-05-03 00:00:00+00:00,1.1682000160217285,1.169319987297058,1.1678999662399292,1.1691700220108032
2024-05-03 04:00:00+00:00,1.1687999963760376,1.1692899465560913,1.1682000160217285,1.168720006942749
2024-05-03 08:00:00+00:00,1.16867995262146,1.169319987297058,1.1675000190734863,1.1682699918746948
2024-05-03 12:00:00+00:00,1.168239951133728,1.1689399480819702,1.1642999649047852,1.164929986000061
2024-05-03 16:00:00+00:00,1.1644999980926514,1.1657600402832031,1.1643999814987183,1.1656399965286255
2024-05-03 20:00:00+00:00,1.1656800508499146,1.1657700538635254,1.1650999784469604,1.1651999950408936
2024-05-04 00:00:00+00:00,,,,
2024-05-04 04:00:00+00:00,,,,
2024-05-04 08:00:00+00:00,,,,
2024-05-04 12:00:00+00:00,,,,
2024-05-04 16:00:00+00:00,,,,
2024-05-04 20:00:00+00:00,,,,
2024-05-05 00:00:00+00:00,,,,
2024-05-05 04:00:00+00:00,,,,
2024-05-05 08:00:00+00:00,,,,
2024-05-05 12:00:00+00:00,,,,
2024-05-05 16:00:00+00:00,,,,
2024-05-05 20:00:00+00:00,1.1659300327301025,1.1661200523376465,1.1650999784469604,1.1656399965286255
2024-05-06 00:00:00+00:00,1.1656700372695923,1.165910005569458,1.1648000478744507,1.1655499935150146
2024-05-06 04:00:00+00:00,1.1650999784469604,1.1679500341415405,1.1648999452590942,1.1678099632263184
2024-05-06 08:00:00+00:00,1.1674000024795532,1.1685500144958496,1.166700005531311,1.1673599481582642
2024-05-06 12:00:00+00:00,1.1669000387191772,1.1673400402069092,1.1658999919891357,1.1664199829101562
2024-05-06 16:00:00+00:00,1.166450023651123,1.1665899753570557,1.1654000282287598,1.1664700508117676
2024-05-06 20:00:00+00:00,1.1663899421691895,1.1665300130844116,1.1657999753952026,1.1663600206375122
2024-05-07 00:00:00+00:00,1.1663600206375122,1.1665600538253784,1.1655999422073364,1.1659799814224243
2024-05-07 04:00:00+00:00,1.1655999422073364,1.1661299467086792,1.1639000177383423,1.164720058441162
2024-05-07 08:00:00+00:00,1.1646100282669067,1.1658999919891357,1.1640000343322754,1.1649999618530273
2024-05-07 12:00:00+00:00,1.165060043334961,1.1653900146484375,1.163100004196167,1.1639699935913086
2024-05-07 16:00:00+00:00,1.1638000011444092,1.1639100313186646,1.1624000072479248,1.1628400087356567
2024-05-07 20:00:00+00:00,1.1628899574279785,1.1633000373840332,1.1622999906539917,1.16280996799469
2024-05-08 00:00:00+00:00,1.1628700494766235,1.1629799604415894,1.1619999408721924,1.1624499559402466
2024-05-08 04:00:00+00:00,1.162410020828247,1.1626700162887573,1.1608999967575073,1.1613500118255615
2024-05-08 08:00:00+00:00,1.1612900495529175,1.162600040435791,1.1604000329971313,1.161620020866394
2024-05-08 12:00:00+00:00,1.161579966545105,1.1625900268554688,1.1598999500274658,1.162410020828247
2024-05-08 16:00:00+00:00,1.1619999408721924,1.1632399559020996,1.1617000102996826,1.1628299951553345
2024-05-08 20:00:00+00:00,1.162600040435791,1.1629400253295898,1.1619000434875488,1.1624300479888916
2024-05-09 00:00:00+00:00,1.1623799800872803,1.1627899408340454,1.1619000434875488,1.162719964981079
2024-05-09 04:00:00+00:00,1.1625900268554688,1.1626800298690796,1.1614999771118164,1.162269949913025
2024-05-09 08:00:00+00:00,1.1621999740600586,1.163930058479309,1.1597000360488892,1.1621999740600586
2024-05-09 12:00:00+00:00,1.1619000434875488,1.163059949874878,1.159999966621399,1.160830020904541
2024-05-09 16:00:00+00:00,1.1604000329971313,1.1617499589920044,1.1604000329971313,1.161370038986206
2024-05-09 20:00:00+00:00,1.161370038986206,1.1616599559783936,1.1606999635696411,1.161579966545105
2024-05-10 00:00:00+00:00,1.1615400314331055,1.1617399454116821,1.1608999967575073,1.1614999771118164
2024-05-10 04:00:00+00:00,1.16156005859375,1.1633599996566772,1.1610000133514404,1.1621099710464478
2024-05-10 08:00:00+00:00,1.1615999937057495,1.1627000570297241,1.1614999771118164,1.1621099710464478
2024-05-10 12:00:00+00:00,1.1621700525283813,1.1627899408340454,1.1612000465393066,1.1627600193023682
2024-05-10 16:00:00+00:00,1.1627299785614014,1.1632599830627441,1.1621999740600586,1.1628999710083008
2024-05-10 20:00:00+00:00,1.1628799438476562,1.1632599830627441,1.1621999740600586,1.1621999740600586
2024-05-11 00:00:00+00:00,,,,
2024-05-11 04:00:00+00:00,,,,
2024-05-11 08:00:00+00:00,,,,
2024-05-11 12:00:00+00:00,,,,
2024-05-11 16:00:00+00:00,,,,
2024-05-11 20:00:00+00:00,,,,
2024-05-12 00:00:00+00:00,,,,
2024-05-12 04:00:00+00:00,,,,
2024-05-12 08:00:00+00:00,,,,
2024-05-12 12:00:00+00:00,,,,
2024-05-12 16:00:00+00:00,,,,
2024-05-12 20:00:00+00:00,1.1624799966812134,1.162600040435791,1.1619999408721924,1.1625699996948242
2024-05-13 00:00:00+00:00,1.1625699996948242,1.162909984588623,1.1619000434875488,1.162909984588623
2024-05-13 04:00:00+00:00,1.162500023841858,1.1632699966430664,1.1613999605178833,1.1620899438858032
2024-05-13 08:00:00+00:00,1.1617000102996826,1.1632200479507446,1.1611000299453735,1.1627600193023682
2024-05-13 12:00:00+00:00,1.1624000072479248,1.163409948348999,1.1617000102996826,1.163409948348999
2024-05-13 16:00:00+00:00,1.1633700132369995,1.1639100313186646,1.1628999710083008,1.1635899543762207
2024-05-13 20:00:00+00:00,1.163640022277832,1.1640199422836304,1.163100004196167,1.1637400388717651
2024-05-14 00:00:00+00:00,1.1633000373840332,1.1642099618911743,1.1633000373840332,1.1641299724578857
2024-05-14 04:00:00+00:00,1.163699984550476,1.1644099950790405,1.162600040435791,1.1635600328445435
2024-05-14 08:00:00+00:00,1.1632000207901,1.1636799573898315,1.1603000164031982,1.1629600524902344
2024-05-14 12:00:00+00:00,1.162950038909912,1.1636699438095093,1.1613999605178833,1.1634600162506104
2024-05-14 16:00:00+00:00,1.1635099649429321,1.163640022277832,1.162500023841858,1.1634900569915771
2024-05-14 20:00:00+00:00,1.1629999876022339,1.163830041885376,1.1627999544143677,1.1636099815368652
2024-05-15 00:00:00+00:00,1.1632000207901,1.1638599634170532,1.1628999710083008,1.1635600328445435
2024-05-15 04:00:00+00:00,1.1632000207901,1.1637099981307983,1.1622999906539917,1.1632000207901
2024-05-15 08:00:00+00:00,1.1632299423217773,1.165969967842102,1.1627999544143677,1.164680004119873
2024-05-15 12:00:00+00:00,1.1646499633789062,1.1656299829483032,1.1634000539779663,1.1653599739074707
2024-05-15 16:00:00+00:00,1.1653200387954712,1.1659499406814575,1.1647000312805176,1.1653800010681152
2024-05-15 20:00:00+00:00,1.1649999618530273,1.1655700206756592,1.1647000312805176,1.1652899980545044
2024-05-16 00:00:00+00:00,1.1648000478744507,1.1657899618148804,1.1648000478744507,1.1656899452209473
2024-05-16 04:00:00+00:00,1.1656399965286255,1.1660900115966797,1.1648000478744507,1.1659499406814575
2024-05-16 08:00:00+00:00,1.1655000448226929,1.1661200523376465,1.164199948310852,1.1646000146865845
2024-05-16 12:00:00+00:00,1.164199948310852,1.1658600568771362,1.1640000343322754,1.1658600568771362
2024-05-16 16:00:00+00:00,1.165850043296814,1.166100025177002,1.1649999618530273,1.1657400131225586
2024-05-16 20:00:00+00:00,1.1654000282287598,1.1660100221633911,1.1651999950408936,1.165850043296814
2024-05-17 00:00:00+00:00,1.1658300161361694,1.1660200357437134,1.1649999618530273,1.1655999422073364
2024-05-17 04:00:00+00:00,1.1650999784469604,1.1659599542617798,1.1649999618530273,1.1655000448226929
2024-05-17 08:00:00+00:00,1.1649999618530273,1.1673799753189087,1.1649999618530273,1.1669100522994995
2024-05-17 12:00:00+00:00,1.1664999723434448,1.1688300371170044,1.1664999723434448,1.168529987335205
2024-05-17 16:00:00+00:00,1.1685899496078491,1.168910026550293,1.167799949645996,1.1686500310897827
2024-05-17 20:00:00+00:00,1.1685400009155273,1.168720006942749,1.167799949645996,1.167799949645996
2024-05-18 00:00:00+00:00,,,,
2024-05-18 04:00:00+00:00,,,,
2024-05-18 08:00:00+00:00,,,,
2024-05-18 12:00:00+00:00,,,,
2024-05-18 16:00:00+00:00,,,,
2024-05-18 20:00:00+00:00,,,,
2024-05-19 00:00:00+00:00,,,,
2024-05-19 04:00:00+00:00,,,,
2024-05-19 08:00:00+00:00,,,,
2024-05-19 12:00:00+00:00,,,,
2024-05-19 16:00:00+00:00,,,,
2024-05-19 20:00:00+00:00,1.1682000160217285,1.1685899496078491,1.167799949645996,1.1685199737548828
2024-05-20 00:00:00+00:00,1.1680999994277954,1.1685199737548828,1.1674000024795532,1.1677800416946411
2024-05-20 04:00:00+00:00,1.1674000024795532,1.168030023574829,1.166700005531311,1.1674200296401978
2024-05-20 08:00:00+00:00,1.1674100160598755,1.169100046157837,1.1669000387191772,1.1689300537109375
2024-05-20 12:00:00+00:00,1.1688200235366821,1.1698600053787231,1.1682000160217285,1.1697299480438232
2024-05-20 16:00:00+00:00,1.1697399616241455,1.1705299615859985,1.1691999435424805,1.1700299978256226
2024-05-20 20:00:00+00:00,1.169600009918213,1.1703399419784546,1.1694799661636353,1.1701699495315552
2024-05-21 00:00:00+00:00,1.169800043106079,1.1704699993133545,1.169600009918213,1.1703100204467773
2024-05-21 04:00:00+00:00,1.1703200340270996,1.1706600189208984,1.169700026512146,1.1700400114059448
2024-05-21 08:00:00+00:00,1.1700700521469116,1.1705399751663208,1.1690000295639038,1.1703100204467773
2024-05-21 12:00:00+00:00,1.1702200174331665,1.1717599630355835,1.169700026512146,1.1707199811935425
2024-05-21 16:00:00+00:00,1.1704000234603882,1.171339988708496,1.1700999736785889,1.1710200309753418
2024-05-21 20:00:00+00:00,1.1706000566482544,1.1710699796676636,1.1699999570846558,1.1709400415420532
2024-05-22 00:00:00+00:00,1.1708400249481201,1.171180009841919,1.170300006866455,1.1710000038146973
2024-05-22 04:00:00+00:00,1.1709799766540527,1.174630045890808,1.1704000234603882,1.1740100383758545
2024-05-22 08:00:00+00:00,1.1739399433135986,1.1742899417877197,1.1726000308990479,1.1737200021743774
2024-05-22 12:00:00+00:00,1.1737799644470215,1.175860047340393,1.173200011253357,1.1751600503921509
2024-05-22 16:00:00+00:00,1.1747000217437744,1.1754900217056274,1.174299955368042,1.175089955329895
2024-05-22 20:00:00+00:00,1.1750600337982178,1.1751899719238281,1.1742000579833984,1.1750199794769287
2024-05-23 00:00:00+00:00,1.1749299764633179,1.1752300262451172,1.174299955368042,1.1751999855041504
2024-05-23 04:00:00+00:00,1.1752099990844727,1.1763399839401245,1.1744999885559082,1.1748100519180298
2024-05-23 08:00:00+00:00,1.1748900413513184,1.1750099658966064,1.1722999811172485,1.1740599870681763
2024-05-23 12:00:00+00:00,1.173699975013733,1.1745599508285522,1.1726000308990479,1.1745400428771973
2024-05-23 16:00:00+00:00,1.1745400428771973,1.1751400232315063,1.1734999418258667,1.174180030822754
2024-05-23 20:00:00+00:00,1.1741000413894653,1.1742899417877197,1.17330002784729,1.1738799810409546
2024-05-24 00:00:00+00:00,1.1739200353622437,1.1742899417877197,1.1734999418258667,1.174049973487854
2024-05-24 04:00:00+00:00,1.173699975013733,1.174149990081787,1.172700047492981,1.1730400323867798
2024-05-24 08:00:00+00:00,1.172700047492981,1.1736899614334106,1.1726000308990479,1.1729700565338135
2024-05-24 12:00:00+00:00,1.1729999780654907,1.174720048904419,1.1715999841690063,1.174340009689331
2024-05-24 16:00:00+00:00,1.174280047416687,1.1743799448013306,1.1734000444412231,1.1741000413894653
2024-05-24 20:00:00+00:00,1.1741900444030762,1.1742299795150757,1.1735999584197998,1.173699975013733
2024-05-25 00:00:00+00:00,,,,
2024-05-25 04:00:00+00:00,,,,
2024-05-25 08:00:00+00:00,,,,
2024-05-25 12:00:00+00:00,,,,
2024-05-25 16:00:00+00:00,,,,
2024-05-25 20:00:00+00:00,,,,
2024-05-26 00:00:00+00:00,,,,
2024-05-26 04:00:00+00:00,,,,
2024-05-26 08:00:00+00:00,,,,
2024-05-26 12:00:00+00:00,,,,
2024-05-26 16:00:00+00:00,,,,
2024-05-26 20:00:00+00:00,1.1741399765014648,1.1741900444030762,1.1735999584197998,1.1739200353622437
2024-05-27 00:00:00+00:00,1.1734999418258667,1.1744699478149414,1.1734999418258667,1.1744400262832642
2024-05-27 04:00:00+00:00,1.1740000247955322,1.1748000383377075,1.173699975013733,1.174049973487854
2024-05-27 08:00:00+00:00,1.173799991607666,1.1746000051498413,1.17330002784729,1.1743799448013306
2024-05-27 12:00:00+00:00,1.1740000247955322,1.1768300533294678,1.1740000247955322,1.1760400533676147
2024-05-27 16:00:00+00:00,1.176010012626648,1.1761499643325806,1.1753000020980835,1.1759400367736816
2024-05-27 20:00:00+00:00,1.1755000352859497,1.1759400367736816,1.1751899719238281,1.1758300065994263
2024-05-28 00:00:00+00:00,1.1754000186920166,1.1758400201797485,1.174399971961975,1.1748199462890625
2024-05-28 04:00:00+00:00,1.174399971961975,1.1749500036239624,1.173699975013733,1.1741600036621094
2024-05-28 08:00:00+00:00,1.1742299795150757,1.1748199462890625,1.1735999584197998,1.1746100187301636
2024-05-28 12:00:00+00:00,1.174299955368042,1.1770000457763672,1.174299955368042,1.1751400232315063
2024-05-28 16:00:00+00:00,1.1747000217437744,1.1751799583435059,1.1739000082015991,1.17507004737854
2024-05-28 20:00:00+00:00,1.1751199960708618,1.17562997341156,1.1744999885559082,1.1756099462509155
2024-05-29 00:00:00+00:00,1.1755800247192383,1.175719976425171,1.1747000217437744,1.1754599809646606
2024-05-29 04:00:00+00:00,1.1754399538040161,1.1761599779129028,1.1749000549316406,1.1760799884796143
2024-05-29 08:00:00+00:00,1.1761000156402588,1.1784299612045288,1.1744999885559082,1.174880027770996
2024-05-29 12:00:00+00:00,1.1744999885559082,1.1759400367736816,1.173699975013733,1.1757500171661377
2024-05-29 16:00:00+00:00,1.1753000020980835,1.176069974899292,1.1748000383377075,1.1758400201797485
2024-05-29 20:00:00+00:00,1.175879955291748,1.1759899854660034,1.1749999523162842,1.1755199432373047
2024-05-30 00:00:00+00:00,1.1750999689102173,1.1760400533676147,1.1749000549316406,1.1756500005722046
2024-05-30 04:00:00+00:00,1.1751999855041504,1.1761499643325806,1.1744999885559082,1.1756500005722046
2024-05-30 08:00:00+00:00,1.175719976425171,1.1758899688720703,1.174299955368042,1.1747599840164185
2024-05-30 12:00:00+00:00,1.174399971961975,1.1757099628448486,1.1735999584197998,1.175320029258728
2024-05-30 16:00:00+00:00,1.1752300262451172,1.1755199432373047,1.1746000051498413,1.175469994544983
2024-05-30 20:00:00+00:00,1.1749999523162842,1.1755000352859497,1.1744999885559082,1.1751400232315063
2024-05-31 00:00:00+00:00,1.1747000217437744,1.176259994506836,1.1747000217437744,1.1758699417114258
2024-05-31 04:00:00+00:00,1.1754000186920166,1.1760300397872925,1.17330002784729,1.1738799810409546
2024-05-31 08:00:00+00:00,1.173949956893921,1.1743099689483643,1.1708999872207642,1.17153000831604
2024-05-31 12:00:00+00:00,1.171489953994751,1.1741199493408203,1.1705000400543213,1.1740700006484985
2024-05-31 16:00:00+00:00,1.1735999584197998,1.1748000383377075,1.172700047492981,1.174430012702942
2024-05-31 20:00:00+00:00,1.1741000413894653,1.1748700141906738,1.1739000082015991,1.1742000579833984
2024-06-01 00:00:00+00:00,,,,
2024-06-01 04:00:00+00:00,,,,
2024-06-01 08:00:00+00:00,,,,
2024-06-01 12:00:00+00:00,,,,
2024-06-01 16:00:00+00:00,,,,
2024-06-01 20:00:00+00:00,,,,
2024-06-02 00:00:00+00:00,,,,
2024-06-02 04:00:00+00:00,,,,
2024-06-02 08:00:00+00:00,,,,
2024-06-02 12:00:00+00:00,,,,
2024-06-02 16:00:00+00:00,,,,
2024-06-02 20:00:00+00:00,1.174239993095398,1.174340009689331,1.173699975013733,1.174239993095398
2024-06-03 00:00:00+00:00,1.174180030822754,1.174780011177063,1.1735999584197998,1.174149990081787
2024-06-03 04:00:00+00:00,1.174090027809143,1.1742199659347534,1.1723999977111816,1.172819972038269
2024-06-03 08:00:00+00:00,1.172819972038269,1.1742700338363647,1.1712000370025635,1.173840045928955
2024-06-03 12:00:00+00:00,1.1738699674606323,1.1750099658966064,1.1730999946594238,1.1746799945831299
2024-06-03 16:00:00+00:00,1.174720048904419,1.174720048904419,1.1735999584197998,1.174299955368042
2024-06-03 20:00:00+00:00,1.174280047416687,1.1746699810028076,1.173699975013733,1.1743600368499756
2024-06-04 00:00:00+00:00,1.174299955368042,1.174430012702942,1.17330002784729,1.1742700338363647
2024-06-04 04:00:00+00:00,1.1742700338363647,1.1746799945831299,1.1734000444412231,1.174489974975586
2024-06-04 08:00:00+00:00,1.1745200157165527,1.174880027770996,1.172700047492981,1.1748100519180298
2024-06-04 12:00:00+00:00,1.174739956855774,1.1755399703979492,1.173699975013733,1.1750400066375732
2024-06-04 16:00:00+00:00,1.17507004737854,1.1753900051116943,1.17330002784729,1.1737200021743774
2024-06-04 20:00:00+00:00,1.1737600564956665,1.1739200353622437,1.1729999780654907,1.1736500263214111
2024-06-05 00:00:00+00:00,1.1736700534820557,1.1743199825286865,1.173200011253357,1.1739399433135986
2024-06-05 04:00:00+00:00,1.1739599704742432,1.1749299764633179,1.1734000444412231,1.1747100353240967
2024-06-05 08:00:00+00:00,1.1748900413513184,1.1758400201797485,1.173799991607666,1.1757700443267822
2024-06-05 12:00:00+00:00,1.1756999492645264,1.1757899522781372,1.1735999584197998,1.1752099990844727
2024-06-05 16:00:00+00:00,1.1752500534057617,1.1764600276947021,1.1748000383377075,1.1762399673461914
2024-06-05 20:00:00+00:00,1.1762900352478027,1.176609992980957,1.1756000518798828,1.1764099597930908
2024-06-06 00:00:00+00:00,1.1764299869537354,1.1765400171279907,1.1746000051498413,1.1751400232315063
2024-06-06 04:00:00+00:00,1.1751699447631836,1.176010012626648,1.1747000217437744,1.1758300065994263
2024-06-06 08:00:00+00:00,1.1757400035858154,1.1757500171661377,1.174299955368042,1.1749900579452515
2024-06-06 12:00:00+00:00,1.174970030784607,1.1752599477767944,1.1726000308990479,1.1746400594711304
2024-06-06 16:00:00+00:00,1.1746400594711304,1.1747000217437744,1.1734999418258667,1.174489974975586
2024-06-06 20:00:00+00:00,1.1744199991226196,1.1746599674224854,1.173799991607666,1.1743899583816528
2024-06-07 00:00:00+00:00,1.174430012702942,1.1745400428771973,1.1730999946594238,1.173799991607666
2024-06-07 04:00:00+00:00,1.1737899780273438,1.1750500202178955,1.17330002784729,1.1750500202178955
2024-06-07 08:00:00+00:00,1.175029993057251,1.1751400232315063,1.173699975013733,1.1750999689102173
2024-06-07 12:00:00+00:00,1.1750199794769287,1.1774699687957764,1.174399971961975,1.1774499416351318
2024-06-07 16:00:00+00:00,1.1773500442504883,1.177899956703186,1.1765999794006348,1.1777499914169312
2024-06-07 20:00:00+00:00,1.1777900457382202,1.1778600215911865,1.176900029182434,1.1771999597549438
2024-06-08 00:00:00+00:00,,,,
2024-06-08 04:00:00+00:00,,,,
2024-06-08 08:00:00+00:00,,,,
2024-06-08 12:00:00+00:00,,,,
2024-06-08 16:00:00+00:00,,,,
2024-06-08 20:00:00+00:00,,,,
2024-06-09 00:00:00+00:00,,,,
2024-06-09 04:00:00+00:00,,,,
2024-06-09 08:00:00+00:00,,,,
2024-06-09 12:00:00+00:00,,,,
2024-06-09 16:00:00+00:00,,,,
2024-06-09 20:00:00+00:00,1.180709958076477,1.1810400485992432,1.1801999807357788,1.1808199882507324
2024-06-10 00:00:00+00:00,1.180799961090088,1.1820199489593506,1.179900050163269,1.1820199489593506
2024-06-10 04:00:00+00:00,1.1820299625396729,1.1828900575637817,1.180999994277954,1.1819100379943848
2024-06-10 08:00:00+00:00,1.1817500591278076,1.1826900243759155,1.180799961090088,1.1822799444198608
2024-06-10 12:00:00+00:00,1.1822500228881836,1.184730052947998,1.1818000078201294,1.1841700077056885
2024-06-10 16:00:00+00:00,1.1842600107192993,1.1842600107192993,1.1821999549865723,1.1827600002288818
2024-06-10 20:00:00+00:00,1.182729959487915,1.1828399896621704,1.1818000078201294,1.182229995727539
2024-06-11 00:00:00+00:00,1.1822199821472168,1.1827199459075928,1.1816999912261963,1.182629942893982
2024-06-11 04:00:00+00:00,1.1826599836349487,1.1830500364303589,1.1805000305175781,1.1818499565124512
2024-06-11 08:00:00+00:00,1.1818499565124512,1.1876499652862549,1.181399941444397,1.1870900392532349
2024-06-11 12:00:00+00:00,1.187059998512268,1.1878199577331543,1.1848000288009644,1.1853300333023071
2024-06-11 16:00:00+00:00,1.1852099895477295,1.1864099502563477,1.1842999458312988,1.1862399578094482
2024-06-11 20:00:00+00:00,1.1860599517822266,1.1862499713897705,1.1850999593734741,1.1860100030899048
2024-06-12 00:00:00+00:00,1.1860100030899048,1.1863900423049927,1.1856000423431396,1.1859999895095825
2024-06-12 04:00:00+00:00,1.1864099502563477,1.1868900060653687,1.1852999925613403,1.186560034751892
2024-06-12 08:00:00+00:00,1.1864999532699585,1.1870700120925903,1.1848000288009644,1.1851799488067627
2024-06-12 12:00:00+00:00,1.1852999925613403,1.1877299547195435,1.1827000379562378,1.1836999654769897
2024-06-12 16:00:00+00:00,1.1840699911117554,1.1849199533462524,1.18340003490448,1.1840699911117554
2024-06-12 20:00:00+00:00,1.1841599941253662,1.1842399835586548,1.1827000379562378,1.1833000183105469
2024-06-13 00:00:00+00:00,1.1833300590515137,1.183459997177124,1.1826000213623047,1.1829299926757812
2024-06-13 04:00:00+00:00,1.1829099655151367,1.1831200122833252,1.1818000078201294,1.1824300289154053
2024-06-13 08:00:00+00:00,1.182420015335083,1.1844099760055542,1.1821000576019287,1.183609962463379
2024-06-13 12:00:00+00:00,1.1835999488830566,1.186650037765503,1.1826000213623047,1.1865400075912476
2024-06-13 16:00:00+00:00,1.1863600015640259,1.1885900497436523,1.1857000589370728,1.188330054283142
2024-06-13 20:00:00+00:00,1.1884700059890747,1.1885900497436523,1.1872999668121338,1.187690019607544
2024-06-14 00:00:00+00:00,1.1877000331878662,1.1878900527954102,1.1868000030517578,1.186900019645691
2024-06-14 04:00:00+00:00,1.187250018119812,1.188730001449585,1.1866999864578247,1.188730001449585
2024-06-14 08:00:00+00:00,1.188730001449585,1.1906800270080566,1.1868000030517578,1.1880099773406982
2024-06-14 12:00:00+00:00,1.187849998474121,1.187940001487732,1.1847000122070312,1.185379981994629
2024-06-14 16:00:00+00:00,1.185349941253662,1.185920000076294,1.1845999956130981,1.1850299835205078
2024-06-14 20:00:00+00:00,1.1852400302886963,1.1854100227355957,1.1842000484466553,1.184499979019165
2024-06-15 00:00:00+00:00,,,,
2024-06-15 04:00:00+00:00,,,,
2024-06-15 08:00:00+00:00,,,,
2024-06-15 12:00:00+00:00,,,,
2024-06-15 16:00:00+00:00,,,,
2024-06-15 20:00:00+00:00,,,,
2024-06-16 00:00:00+00:00,,,,
2024-06-16 04:00:00+00:00,,,,
2024-06-16 08:00:00+00:00,,,,
2024-06-16 12:00:00+00:00,,,,
2024-06-16 16:00:00+00:00,,,,
2024-06-16 20:00:00+00:00,1.1847100257873535,1.1849700212478638,1.1841000318527222,1.1849100589752197
2024-06-17 00:00:00+00:00,1.1850199699401855,1.1852099895477295,1.1842000484466553,1.1847100257873535
2024-06-17 04:00:00+00:00,1.1842999458312988,1.1850899457931519,1.1832000017166138,1.183859944343567
2024-06-17 08:00:00+00:00,1.18340003490448,1.1839100122451782,1.1819000244140625,1.1822500228881836
2024-06-17 12:00:00+00:00,1.1818000078201294,1.1834299564361572,1.1813000440597534,1.1830999851226807
2024-06-17 16:00:00+00:00,1.182800054550171,1.1842999458312988,1.182800054550171,1.183609962463379
2024-06-17 20:00:00+00:00,1.1835099458694458,1.1836700439453125,1.1828999519348145,1.1835800409317017
2024-06-18 00:00:00+00:00,1.1833000183105469,1.184190034866333,1.1830999851226807,1.1838200092315674
2024-06-18 04:00:00+00:00,1.183500051498413,1.1841299533843994,1.1816999912261963,1.1822199821472168
2024-06-18 08:00:00+00:00,1.1819000244140625,1.1841000318527222,1.1818000078201294,1.1826200485229492
2024-06-18 12:00:00+00:00,1.1821999549865723,1.1833300590515137,1.1811000108718872,1.1821000576019287
2024-06-18 16:00:00+00:00,1.1821099519729614,1.183519959449768,1.18149995803833,1.1833499670028687
2024-06-18 20:00:00+00:00,1.1828999519348145,1.18340003490448,1.1825000047683716,1.1831400394439697
2024-06-19 00:00:00+00:00,1.182800054550171,1.1836600303649902,1.1826000213623047,1.1833800077438354
2024-06-19 04:00:00+00:00,1.1830999851226807,1.1861000061035156,1.1823999881744385,1.185230016708374
2024-06-19 08:00:00+00:00,1.1849000453948975,1.1858999729156494,1.1835999488830566,1.1842199563980103
2024-06-19 12:00:00+00:00,1.1837999820709229,1.1844799518585205,1.182800054550171,1.1835500001907349
2024-06-19 16:00:00+00:00,1.1832000017166138,1.1838799715042114,1.1829999685287476,1.1835999488830566
2024-06-19 20:00:00+00:00,1.1830999851226807,1.183769941329956,1.1829999685287476,1.1834900379180908
2024-06-20 00:00:00+00:00,1.1830999851226807,1.1837300062179565,1.1826000213623047,1.1835800409317017
2024-06-20 04:00:00+00:00,1.1836800575256348,1.1847399473190308,1.182800054550171,1.1847000122070312
2024-06-20 08:00:00+00:00,1.1846699714660645,1.1855100393295288,1.1816500425338745,1.1833000183105469
2024-06-20 12:00:00+00:00,1.1828999519348145,1.18340003490448,1.181399941444397,1.182919979095459
2024-06-20 16:00:00+00:00,1.1826000213623047,1.1833300590515137,1.1819000244140625,1.182729959487915
2024-06-20 20:00:00+00:00,1.1828299760818481,1.182979941368103,1.1819000244140625,1.1823899745941162
2024-06-21 00:00:00+00:00,1.1820000410079956,1.182479977607727,1.180899977684021,1.1813299655914307
2024-06-21 04:00:00+00:00,1.180999994277954,1.1842800378799438,1.180799961090088,1.1837899684906006
2024-06-21 08:00:00+00:00,1.1835999488830566,1.1841200590133667,1.1816999912261963,1.1827399730682373
2024-06-21 12:00:00+00:00,1.1823999881744385,1.1831799745559692,1.1811000108718872,1.1821099519729614
2024-06-21 16:00:00+00:00,1.1816999912261963,1.1829400062561035,1.1813000440597534,1.182770013809204
2024-06-21 20:00:00+00:00,1.182979941368103,1.1830500364303589,1.1815999746322632,1.1821999549865723
2024-06-22 00:00:00+00:00,,,,
2024-06-22 04:00:00+00:00,,,,
2024-06-22 08:00:00+00:00,,,,
2024-06-22 12:00:00+00:00,,,,
2024-06-22 16:00:00+00:00,,,,
2024-06-22 20:00:00+00:00,,,,
2024-06-23 00:00:00+00:00,,,,
2024-06-23 04:00:00+00:00,,,,
2024-06-23 08:00:00+00:00,,,,
2024-06-23 12:00:00+00:00,,,,
2024-06-23 16:00:00+00:00,,,,
2024-06-23 20:00:00+00:00,1.1822600364685059,1.182420015335083,1.18149995803833,1.1823400259017944
2024-06-24 00:00:00+00:00,1.1822199821472168,1.182610034942627,1.1812000274658203,1.1823300123214722
2024-06-24 04:00:00+00:00,1.1823400259017944,1.1824500560760498,1.1805000305175781,1.1809899806976318
2024-06-24 08:00:00+00:00,1.180799961090088,1.1819299459457397,1.1792999505996704,1.179460048675537
2024-06-24 12:00:00+00:00,1.1795599460601807,1.1829899549484253,1.1792000532150269,1.182129979133606
2024-06-24 16:00:00+00:00,1.1822799444198608,1.1823099851608276,1.1813000440597534,1.181480050086975
2024-06-24 20:00:00+00:00,1.1815600395202637,1.181839942932129,1.180799961090088,1.1815600395202637
2024-06-25 00:00:00+00:00,1.181589961051941,1.1822799444198608,1.1812000274658203,1.18218994140625
2024-06-25 04:00:00+00:00,1.1822700500488281,1.1832400560379028,1.1811000108718872,1.1827900409698486
2024-06-25 08:00:00+00:00,1.1828099489212036,1.1840699911117554,1.1821999549865723,1.1839699745178223
2024-06-25 12:00:00+00:00,1.1841100454330444,1.185960054397583,1.1829999685287476,1.1839699745178223
2024-06-25 16:00:00+00:00,1.1835999488830566,1.1846200227737427,1.183500051498413,1.184149980545044
2024-06-25 20:00:00+00:00,1.1841599941253662,1.184309959411621,1.18340003490448,1.184309959411621
2024-06-26 00:00:00+00:00,1.1842800378799438,1.184499979019165,1.183500051498413,1.1844300031661987
2024-06-26 04:00:00+00:00,1.1844700574874878,1.1856800317764282,1.183899998664856,1.1846699714660645
2024-06-26 08:00:00+00:00,1.1847699880599976,1.185479998588562,1.1828999519348145,1.1836899518966675
2024-06-26 12:00:00+00:00,1.1837999820709229,1.1845699548721313,1.1811000108718872,1.18163001537323
2024-06-26 16:00:00+00:00,1.1815600395202637,1.1824100017547607,1.1811000108718872,1.1819900274276733
2024-06-26 20:00:00+00:00,1.1818000078201294,1.1819599866867065,1.1811000108718872,1.1813000440597534
2024-06-27 00:00:00+00:00,1.1816999912261963,1.181730031967163,1.1806999444961548,1.181380033493042
2024-06-27 04:00:00+00:00,1.1813900470733643,1.1823300123214722,1.180799961090088,1.1816799640655518
2024-06-27 08:00:00+00:00,1.1815999746322632,1.1828099489212036,1.180999994277954,1.1821000576019287
2024-06-27 12:00:00+00:00,1.1819499731063843,1.1821399927139282,1.1794999837875366,1.1814099550247192
2024-06-27 16:00:00+00:00,1.1814099550247192,1.181879997253418,1.180400013923645,1.1806600093841553
2024-06-27 20:00:00+00:00,1.1808099746704102,1.1810699701309204,1.179900050163269,1.1807500123977661
2024-06-28 00:00:00+00:00,1.1807399988174438,1.1816400289535522,1.1799299716949463,1.1811800003051758
2024-06-28 04:00:00+00:00,1.181130051612854,1.1822700500488281,1.1806000471115112,1.1818699836730957
2024-06-28 08:00:00+00:00,1.1819900274276733,1.1821000576019287,1.180400013923645,1.1816200017929077
2024-06-28 12:00:00+00:00,1.1815799474716187,1.1817100048065186,1.1785999536514282,1.1797900199890137
2024-06-28 16:00:00+00:00,1.1797300577163696,1.1802200078964233,1.1789000034332275,1.1801400184631348
2024-06-28 20:00:00+00:00,1.1800700426101685,1.1804699897766113,1.1796000003814697,1.1796000003814697
2024-06-29 00:00:00+00:00,,,,
2024-06-29 04:00:00+00:00,,,,
2024-06-29 08:00:00+00:00,,,,
2024-06-29 12:00:00+00:00,,,,
2024-06-29 16:00:00+00:00,,,,
2024-06-29 20:00:00+00:00,,,,
2024-06-30 00:00:00+00:00,,,,
2024-06-30 04:00:00+00:00,,,,
2024-06-30 08:00:00+00:00,,,,
2024-06-30 12:00:00+00:00,,,,
2024-06-30 16:00:00+00:00,,,,
2024-06-30 20:00:00+00:00,1.177940011024475,1.1781599521636963,1.1775000095367432,1.1781500577926636
2024-07-01 00:00:00+00:00,1.1778199672698975,1.1781599521636963,1.1763999462127686,1.1769399642944336
2024-07-01 04:00:00+00:00,1.1764999628067017,1.1780699491500854,1.176200032234192,1.1774100065231323
2024-07-01 08:00:00+00:00,1.1774200201034546,1.1793299913406372,1.1763999462127686,1.1789300441741943
2024-07-01 12:00:00+00:00,1.1789300441741943,1.1796900033950806,1.17739999294281,1.1787899732589722
2024-07-01 16:00:00+00:00,1.1788100004196167,1.1793099641799927,1.176900029182434,1.177340030670166
2024-07-01 20:00:00+00:00,1.177299976348877,1.1779500246047974,1.176800012588501,1.177690029144287
2024-07-02 00:00:00+00:00,1.1775699853897095,1.1777100563049316,1.1765999794006348,1.1771299839019775
2024-07-02 04:00:00+00:00,1.1771399974822998,1.1779600381851196,1.1765999794006348,1.1777199506759644
2024-07-02 08:00:00+00:00,1.1777700185775757,1.1801300048828125,1.1771999597549438,1.1798499822616577
2024-07-02 12:00:00+00:00,1.1798399686813354,1.1810599565505981,1.1791000366210938,1.1805499792099
2024-07-02 16:00:00+00:00,1.1804900169372559,1.180709958076477,1.1794999837875366,1.1806199550628662
2024-07-02 20:00:00+00:00,1.1805499792099,1.1806299686431885,1.1797000169754028,1.1802400350570679
2024-07-03 00:00:00+00:00,1.1803100109100342,1.180780053138733,1.1797000169754028,1.1807600259780884
2024-07-03 04:00:00+00:00,1.1807899475097656,1.1810499429702759,1.1790000200271606,1.1796000003814697
2024-07-03 08:00:00+00:00,1.1795899868011475,1.1810599565505981,1.1792000532150269,1.1810499429702759
2024-07-03 12:00:00+00:00,1.1809799671173096,1.1820800304412842,1.179900050163269,1.1819000244140625
2024-07-03 16:00:00+00:00,1.181839942932129,1.1820800304412842,1.1806000471115112,1.1811599731445312
2024-07-03 20:00:00+00:00,1.1812399625778198,1.1820000410079956,1.1805000305175781,1.1811699867248535
2024-07-04 00:00:00+00:00,1.181149959564209,1.1817100048065186,1.1806999444961548,1.1813900470733643
2024-07-04 04:00:00+00:00,1.1813199520111084,1.1816200017929077,1.180299997329712,1.181380033493042
2024-07-04 08:00:00+00:00,1.1814199686050415,1.181879997253418,1.1799999475479126,1.1810499429702759
2024-07-04 12:00:00+00:00,1.181089997291565,1.1812599897384644,1.1797000169754028,1.1801999807357788
2024-07-04 16:00:00+00:00,1.1802899837493896,1.1803300380706787,1.1796000003814697,1.1801400184631348
2024-07-04 20:00:00+00:00,1.1800899505615234,1.180209994316101,1.1793999671936035,1.1797599792480469
2024-07-05 00:00:00+00:00,1.1797699928283691,1.1802500486373901,1.1792999505996704,1.1800700426101685
2024-07-05 04:00:00+00:00,1.1799900531768799,1.180459976196289,1.1791000366210938,1.1800199747085571
2024-07-05 08:00:00+00:00,1.1802799701690674,1.1816999912261963,1.1794999837875366,1.181589961051941
2024-07-05 12:00:00+00:00,1.1815799474716187,1.1830899715423584,1.180799961090088,1.18271005153656
2024-07-05 16:00:00+00:00,1.182669997215271,1.1827199459075928,1.181399941444397,1.1820800304412842
2024-07-05 20:00:00+00:00,1.1821399927139282,1.1823400259017944,1.1816999912261963,1.1819000244140625
2024-07-06 00:00:00+00:00,,,,
2024-07-06 04:00:00+00:00,,,,
2024-07-06 08:00:00+00:00,,,,
2024-07-06 12:00:00+00:00,,,,
2024-07-06 16:00:00+00:00,,,,
2024-07-06 20:00:00+00:00,,,,
2024-07-07 00:00:00+00:00,,,,
2024-07-07 04:00:00+00:00,,,,
2024-07-07 08:00:00+00:00,,,,
2024-07-07 12:00:00+00:00,,,,
2024-07-07 16:00:00+00:00,,,,
2024-07-07 20:00:00+00:00,1.1829999685287476,1.183169960975647,1.1823999881744385,1.1828199625015259
2024-07-08 00:00:00+00:00,1.1827900409698486,1.1833800077438354,1.1823999881744385,1.1830300092697144
2024-07-08 04:00:00+00:00,1.1829299926757812,1.1839100122451782,1.1816999912261963,1.182360053062439
2024-07-08 08:00:00+00:00,1.182360053062439,1.1845899820327759,1.18149995803833,1.184440016746521
2024-07-08 12:00:00+00:00,1.184380054473877,1.184790015220642,1.1833000183105469,1.183650016784668
2024-07-08 16:00:00+00:00,1.1835700273513794,1.183940052986145,1.1826000213623047,1.1832900047302246
2024-07-08 20:00:00+00:00,1.1832599639892578,1.183359980583191,1.1825000047683716,1.1830600500106812
2024-07-09 00:00:00+00:00,1.1831200122833252,1.1831200122833252,1.1820000410079956,1.1825200319290161
2024-07-09 04:00:00+00:00,1.1823899745941162,1.1832400560379028,1.1820000410079956,1.1829400062561035
2024-07-09 08:00:00+00:00,1.1830300092697144,1.184380054473877,1.1823999881744385,1.1835700273513794
2024-07-09 12:00:00+00:00,1.1835700273513794,1.1843199729919434,1.1815999746322632,1.1822099685668945
2024-07-09 16:00:00+00:00,1.1822799444198608,1.182860016822815,1.1815999746322632,1.1826900243759155
2024-07-09 20:00:00+00:00,1.1826200485229492,1.1826499700546265,1.1816999912261963,1.1824500560760498
2024-07-10 00:00:00+00:00,1.182420015335083,1.1826800107955933,1.1816999912261963,1.1822400093078613
2024-07-10 04:00:00+00:00,1.1822799444198608,1.1826800107955933,1.1816999912261963,1.1826000213623047
2024-07-10 08:00:00+00:00,1.1826499700546265,1.1839200258255005,1.1821999549865723,1.182770013809204
2024-07-10 12:00:00+00:00,1.1828900575637817,1.1867200136184692,1.1823999881744385,1.1864700317382812
2024-07-10 16:00:00+00:00,1.1865700483322144,1.186650037765503,1.1856000423431396,1.1861900091171265
2024-07-10 20:00:00+00:00,1.1862499713897705,1.1865400075912476,1.1856000423431396,1.1863900423049927
2024-07-11 00:00:00+00:00,1.186400055885315,1.1867300271987915,1.1854000091552734,1.1864999532699585
2024-07-11 04:00:00+00:00,1.186519980430603,1.1875100135803223,1.1858999729156494,1.1868900060653687
2024-07-11 08:00:00+00:00,1.1869900226593018,1.1874300241470337,1.1857000589370728,1.186210036277771
2024-07-11 12:00:00+00:00,1.1862200498580933,1.1884000301361084,1.1856000423431396,1.1881999969482422
2024-07-11 16:00:00+00:00,1.1881799697875977,1.1883699893951416,1.1871999502182007,1.1883200407028198
2024-07-11 20:00:00+00:00,1.1883699893951416,1.1885299682617188,1.1872999668121338,1.1884100437164307
2024-07-12 00:00:00+00:00,1.1884000301361084,1.188480019569397,1.186900019645691,1.1875499486923218
2024-07-12 04:00:00+00:00,1.1875,1.1888699531555176,1.1871000528335571,1.1886199712753296
2024-07-12 08:00:00+00:00,1.188670039176941,1.1904100179672241,1.187999963760376,1.1902999877929688
2024-07-12 12:00:00+00:00,1.1902600526809692,1.1915199756622314,1.1888999938964844,1.190940022468567
2024-07-12 16:00:00+00:00,1.1908999681472778,1.1913299560546875,1.1899000406265259,1.190600037574768
2024-07-12 20:00:00+00:00,1.1905100345611572,1.1908700466156006,1.1900999546051025,1.1902999877929688
2024-07-13 00:00:00+00:00,,,,
2024-07-13 04:00:00+00:00,,,,
2024-07-13 08:00:00+00:00,,,,
2024-07-13 12:00:00+00:00,,,,
2024-07-13 16:00:00+00:00,,,,
2024-07-13 20:00:00+00:00,,,,
2024-07-14 00:00:00+00:00,,,,
2024-07-14 04:00:00+00:00,,,,
2024-07-14 08:00:00+00:00,,,,
2024-07-14 12:00:00+00:00,,,,
2024-07-14 16:00:00+00:00,,,,
2024-07-14 20:00:00+00:00,1.1907000541687012,1.191230058670044,1.190500020980835,1.1907000541687012
2024-07-15 00:00:00+00:00,1.191159963607788,1.191159963607788,1.1901999711990356,1.1904000043869019
2024-07-15 04:00:00+00:00,1.190850019454956,1.1915600299835205,1.1901999711990356,1.190999984741211
2024-07-15 08:00:00+00:00,1.191290020942688,1.1914199590682983,1.1883000135421753,1.1894400119781494
2024-07-15 12:00:00+00:00,1.189389944076538,1.1903799772262573,1.1886999607086182,1.1892000436782837
2024-07-15 16:00:00+00:00,1.1895099878311157,1.1901500225067139,1.1891000270843506,1.1898399591445923
2024-07-15 20:00:00+00:00,1.1893999576568604,1.1902400255203247,1.1893999576568604,1.1899199485778809
2024-07-16 00:00:00+00:00,1.1894999742507935,1.1904200315475464,1.1894999742507935,1.18996000289917
2024-07-16 04:00:00+00:00,1.1895999908447266,1.1905100345611572,1.1890000104904175,1.1897200345993042
2024-07-16 08:00:00+00:00,1.1893999576568604,1.190119981765747,1.1885000467300415,1.189389944076538
2024-07-16 12:00:00+00:00,1.1891000270843506,1.190690040588379,1.1891000270843506,1.190310001373291
2024-07-16 16:00:00+00:00,1.1898000240325928,1.1902799606323242,1.1891000270843506,1.1895999908447266
2024-07-16 20:00:00+00:00,1.1900800466537476,1.1904100179672241,1.1892999410629272,1.1902899742126465
2024-07-17 00:00:00+00:00,1.1902300119400024,1.190310001373291,1.1892000436782837,1.1892000436782837
2024-07-17 04:00:00+00:00,1.1896799802780151,1.1924599409103394,1.1887999773025513,1.1920000314712524
2024-07-17 08:00:00+00:00,1.1923999786376953,1.1927800178527832,1.1901999711990356,1.1914000511169434
2024-07-17 12:00:00+00:00,1.191830039024353,1.191849946975708,1.1890000104904175,1.1891000270843506
2024-07-17 16:00:00+00:00,1.1894500255584717,1.190209984779358,1.1886999607086182,1.1894099712371826
2024-07-17 20:00:00+00:00,1.1893800497055054,1.189579963684082,1.1884000301361084,1.1889100074768066
2024-07-18 00:00:00+00:00,1.1889899969100952,1.1892999410629272,1.1884000301361084,1.189229965209961
2024-07-18 04:00:00+00:00,1.1887999773025513,1.1896300315856934,1.187600016593933,1.1891000270843506
2024-07-18 08:00:00+00:00,1.1887999773025513,1.1893199682235718,1.187000036239624,1.1878600120544434
2024-07-18 12:00:00+00:00,1.1875,1.1898900270462036,1.186900019645691,1.1887600421905518
2024-07-18 16:00:00+00:00,1.1883000135421753,1.188979983329773,1.1872999668121338,1.1879099607467651
2024-07-18 20:00:00+00:00,1.1875,1.1879899501800537,1.1871000528335571,1.187880039215088
2024-07-19 00:00:00+00:00,1.1875,1.188539981842041,1.187399983406067,1.1884100437164307
2024-07-19 04:00:00+00:00,1.187999963760376,1.1885700225830078,1.1866999864578247,1.187309980392456
2024-07-19 08:00:00+00:00,1.186900019645691,1.1880199909210205,1.1852999925613403,1.1862000226974487
2024-07-19 12:00:00+00:00,1.1866300106048584,1.187399983406067,1.1856000423431396,1.1862000226974487
2024-07-19 16:00:00+00:00,1.186669945716858,1.186959981918335,1.1857999563217163,1.1863000392913818
2024-07-19 20:00:00+00:00,1.1866600513458252,1.1866899728775024,1.1857999563217163,1.1865999698638916
2024-07-20 00:00:00+00:00,,,,
2024-07-20 04:00:00+00:00,,,,
2024-07-20 08:00:00+00:00,,,,
2024-07-20 12:00:00+00:00,,,,
2024-07-20 16:00:00+00:00,,,,
2024-07-20 20:00:00+00:00,,,,
2024-07-21 00:00:00+00:00,,,,
2024-07-21 04:00:00+00:00,,,,
2024-07-21 08:00:00+00:00,,,,
2024-07-21 12:00:00+00:00,,,,
2024-07-21 16:00:00+00:00,,,,
2024-07-21 20:00:00+00:00,1.1864500045776367,1.1867599487304688,1.1861000061035156,1.1864800453186035
2024-07-22 00:00:00+00:00,1.1864900588989258,1.1867200136184692,1.1856000423431396,1.1864099502563477
2024-07-22 04:00:00+00:00,1.1863900423049927,1.187690019607544,1.1857000589370728,1.1869100332260132
2024-07-22 08:00:00+00:00,1.1868699789047241,1.188420057296753,1.1862000226974487,1.1872600317001343
2024-07-22 12:00:00+00:00,1.187309980392456,1.1876699924468994,1.1857999563217163,1.1863600015640259
2024-07-22 16:00:00+00:00,1.1863499879837036,1.1875100135803223,1.1857000589370728,1.1874899864196777
2024-07-22 20:00:00+00:00,1.1875,1.1876599788665771,1.1866999864578247,1.187440037727356
2024-07-23 00:00:00+00:00,1.187440037727356,1.1874899864196777,1.1863000392913818,1.1868499517440796
2024-07-23 04:00:00+00:00,1.1868300437927246,1.1877100467681885,1.1863000392913818,1.1875300407409668
2024-07-23 08:00:00+00:00,1.1875200271606445,1.1891000270843506,1.1865999698638916,1.1889699697494507
2024-07-23 12:00:00+00:00,1.189210057258606,1.1907099485397339,1.1881999969482422,1.1897200345993042
2024-07-23 16:00:00+00:00,1.1896599531173706,1.1897399425506592,1.1884000301361084,1.1890300512313843
2024-07-23 20:00:00+00:00,1.1891200542449951,1.1893600225448608,1.1884000301361084,1.1889400482177734
2024-07-24 00:00:00+00:00,1.1889899969100952,1.1890900135040283,1.187999963760376,1.1883599758148193
2024-07-24 04:00:00+00:00,1.1884499788284302,1.1904000043869019,1.1875,1.1898900270462036
2024-07-24 08:00:00+00:00,1.1897799968719482,1.1910500526428223,1.1885000467300415,1.1910500526428223
2024-07-24 12:00:00+00:00,1.1909199953079224,1.1910500526428223,1.1892000436782837,1.1907199621200562
2024-07-24 16:00:00+00:00,1.190690040588379,1.1913000345230103,1.1898000240325928,1.1903200149536133
2024-07-24 20:00:00+00:00,1.1903799772262573,1.190750002861023,1.1894999742507935,1.1899700164794922
2024-07-25 00:00:00+00:00,1.1899900436401367,1.1899900436401367,1.1885000467300415,1.189020037651062
2024-07-25 04:00:00+00:00,1.1890100240707397,1.1894899606704712,1.1877000331878662,1.1883000135421753
2024-07-25 08:00:00+00:00,1.1882599592208862,1.1894700527191162,1.1857999563217163,1.1866999864578247
2024-07-25 12:00:00+00:00,1.1867300271987915,1.1879299879074097,1.1854000091552734,1.1860400438308716
2024-07-25 16:00:00+00:00,1.185960054397583,1.1862399578094482,1.184499979019165,1.1849700212478638
2024-07-25 20:00:00+00:00,1.184880018234253,1.1850099563598633,1.1842000484466553,1.1846200227737427
2024-07-26 00:00:00+00:00,1.1845699548721313,1.184790015220642,1.183899998664856,1.1846200227737427
2024-07-26 04:00:00+00:00,1.1846200227737427,1.1858700513839722,1.184000015258789,1.1855900287628174
2024-07-26 08:00:00+00:00,1.1855900287628174,1.1864299774169922,1.184399962425232,1.1850999593734741
2024-07-26 12:00:00+00:00,1.1850299835205078,1.1851799488067627,1.1829999685287476,1.1844899654388428
2024-07-26 16:00:00+00:00,1.1845200061798096,1.1857600212097168,1.1841000318527222,1.1856199502944946
2024-07-26 20:00:00+00:00,1.1855599880218506,1.1857600212097168,1.184399962425232,1.184399962425232
2024-07-27 00:00:00+00:00,,,,
2024-07-27 04:00:00+00:00,,,,
2024-07-27 08:00:00+00:00,,,,
2024-07-27 12:00:00+00:00,,,,
2024-07-27 16:00:00+00:00,,,,
2024-07-27 20:00:00+00:00,,,,
2024-07-28 00:00:00+00:00,,,,
2024-07-28 04:00:00+00:00,,,,
2024-07-28 08:00:00+00:00,,,,
2024-07-28 12:00:00+00:00,,,,
2024-07-28 16:00:00+00:00,,,,
2024-07-28 20:00:00+00:00,1.1852400302886963,1.185629963874817,1.1848000288009644,1.185479998588562
2024-07-29 00:00:00+00:00,1.1854599714279175,1.1860100030899048,1.1849000453948975,1.1857999563217163
2024-07-29 04:00:00+00:00,1.1857600212097168,1.1857600212097168,1.1826000213623047,1.1832000017166138
2024-07-29 08:00:00+00:00,1.1833000183105469,1.1858899593353271,1.18149995803833,1.1856499910354614
2024-07-29 12:00:00+00:00,1.1856399774551392,1.1881799697875977,1.184999942779541,1.187600016593933
2024-07-29 16:00:00+00:00,1.1875699758529663,1.1886800527572632,1.1871999502182007,1.1885499954223633
2024-07-29 20:00:00+00:00,1.1884900331497192,1.1887999773025513,1.1877000331878662,1.188099980354309
2024-07-30 00:00:00+00:00,1.1884900331497192,1.1885199546813965,1.1871000528335571,1.187399983406067
2024-07-30 04:00:00+00:00,1.1877599954605103,1.1879899501800537,1.1866999864578247,1.187809944152832
2024-07-30 08:00:00+00:00,1.187399983406067,1.1877700090408325,1.1857999563217163,1.1864500045776367
2024-07-30 12:00:00+00:00,1.1861000061035156,1.1881699562072754,1.1861000061035156,1.1866999864578247
2024-07-30 16:00:00+00:00,1.1863000392913818,1.187150001525879,1.1859999895095825,1.1869399547576904
2024-07-30 20:00:00+00:00,1.1864999532699585,1.1871099472045898,1.1861000061035156,1.1868499517440796
2024-07-31 00:00:00+00:00,1.1864999532699585,1.1869399547576904,1.1858999729156494,1.1863900423049927
2024-07-31 04:00:00+00:00,1.1859999895095825,1.1869100332260132,1.1856000423431396,1.1867400407791138
2024-07-31 08:00:00+00:00,1.1863000392913818,1.1871099472045898,1.184000015258789,1.1852999925613403
2024-07-31 12:00:00+00:00,1.1848000288009644,1.1870800256729126,1.1832000017166138,1.1857999563217163
2024-07-31 16:00:00+00:00,1.1862499713897705,1.1877599954605103,1.1858999729156494,1.1871999502182007
2024-07-31 20:00:00+00:00,1.1876200437545776,1.1879899501800537,1.1866999864578247,1.187000036239624
2024-08-01 00:00:00+00:00,1.1873300075531006,1.1873500347137451,1.1859999895095825,1.1859999895095825
2024-08-01 04:00:00+00:00,1.1864399909973145,1.186959981918335,1.1827000379562378,1.1837999820709229
2024-08-01 08:00:00+00:00,1.1841100454330444,1.1857600212097168,1.1819000244140625,1.1849000453948975
2024-08-01 12:00:00+00:00,1.1853899955749512,1.1868900060653687,1.1828999519348145,1.1828999519348145
2024-08-01 16:00:00+00:00,1.1832599639892578,1.1837400197982788,1.1797000169754028,1.1805000305175781
2024-08-01 20:00:00+00:00,1.1808899641036987,1.1808899641036987,1.1793999671936035,1.1794999837875366
2024-08-02 00:00:00+00:00,1.1799399852752686,1.1799399852752686,1.1779999732971191,1.1780999898910522
2024-08-02 04:00:00+00:00,1.1784600019454956,1.1792800426483154,1.176200032234192,1.176200032234192
2024-08-02 08:00:00+00:00,1.1763999462127686,1.177839994430542,1.1756999492645264,1.1757999658584595
2024-08-02 12:00:00+00:00,1.1762800216674805,1.1770999431610107,1.1712000370025635,1.1720999479293823
2024-08-02 16:00:00+00:00,1.1724599599838257,1.1737200021743774,1.1712000370025635,1.17330002784729
2024-08-02 20:00:00+00:00,1.1737500429153442,1.1737799644470215,1.1728999614715576,1.17330002784729
2024-08-03 00:00:00+00:00,,,,
2024-08-03 04:00:00+00:00,,,,
2024-08-03 08:00:00+00:00,,,,
2024-08-03 12:00:00+00:00,,,,
2024-08-03 16:00:00+00:00,,,,
2024-08-03 20:00:00+00:00,,,,
2024-08-04 00:00:00+00:00,,,,
2024-08-04 04:00:00+00:00,,,,
2024-08-04 08:00:00+00:00,,,,
2024-08-04 12:00:00+00:00,,,,
2024-08-04 16:00:00+00:00,,,,
2024-08-04 20:00:00+00:00,1.1729400157928467,1.1730400323867798,1.1714999675750732,1.1719399690628052
2024-08-05 00:00:00+00:00,1.1719800233840942,1.1719800233840942,1.170300006866455,1.1710200309753418
2024-08-05 04:00:00+00:00,1.1709500551223755,1.1710599660873413,1.1653000116348267,1.1684099435806274
2024-08-05 08:00:00+00:00,1.1683000326156616,1.168370008468628,1.1629999876022339,1.1642400026321411
2024-08-05 12:00:00+00:00,1.164289951324463,1.164989948272705,1.1598999500274658,1.1649199724197388
2024-08-05 16:00:00+00:00,1.164929986000061,1.1664899587631226,1.1638000011444092,1.1655100584030151
2024-08-05 20:00:00+00:00,1.1655399799346924,1.1678600311279297,1.1650999784469604,1.1676599979400635
2024-08-06 00:00:00+00:00,1.1677299737930298,1.167870044708252,1.166200041770935,1.1665600538253784
2024-08-06 04:00:00+00:00,1.1665300130844116,1.1667699813842773,1.1644999980926514,1.1658200025558472
2024-08-06 08:00:00+00:00,1.1656999588012695,1.1659300327301025,1.1621999740600586,1.162719964981079
2024-08-06 12:00:00+00:00,1.1627299785614014,1.164639949798584,1.1604000329971313,1.161810040473938
2024-08-06 16:00:00+00:00,1.1618200540542603,1.1628999710083008,1.160599946975708,1.1611299514770508
2024-08-06 20:00:00+00:00,1.1612000465393066,1.1615999937057495,1.160099983215332,1.160770058631897
2024-08-07 00:00:00+00:00,1.1608500480651855,1.1647700071334839,1.1604000329971313,1.1646900177001953
2024-08-07 04:00:00+00:00,1.1646499633789062,1.1650700569152832,1.1613999605178833,1.1625699996948242
2024-08-07 08:00:00+00:00,1.1626399755477905,1.1658999919891357,1.1621999740600586,1.1650300025939941
2024-08-07 12:00:00+00:00,1.1651099920272827,1.1658200025558472,1.1627000570297241,1.16389000415802
2024-08-07 16:00:00+00:00,1.1638000011444092,1.1638000011444092,1.1610000133514404,1.161679983139038
2024-08-07 20:00:00+00:00,1.1615500450134277,1.1619800329208374,1.1591999530792236,1.16034996509552
2024-08-08 00:00:00+00:00,1.1604599952697754,1.161329984664917,1.1598000526428223,1.1612800359725952
2024-08-08 04:00:00+00:00,1.1612600088119507,1.1617000102996826,1.1598999500274658,1.1608699560165405
2024-08-08 08:00:00+00:00,1.1608699560165405,1.1618000268936157,1.159000039100647,1.1615300178527832
2024-08-08 12:00:00+00:00,1.16143000125885,1.1675200462341309,1.1608999967575073,1.1674400568008423
2024-08-08 16:00:00+00:00,1.1674100160598755,1.1681599617004395,1.1668000221252441,1.167490005493164
2024-08-08 20:00:00+00:00,1.1674400568008423,1.167799949645996,1.166599988937378,1.167639970779419
2024-08-09 00:00:00+00:00,1.1676900386810303,1.168030023574829,1.1668000221252441,1.1679799556732178
2024-08-09 04:00:00+00:00,1.16798996925354,1.1688300371170044,1.1670000553131104,1.1684900522232056
2024-08-09 08:00:00+00:00,1.1684800386428833,1.1695300340652466,1.1660000085830688,1.1670700311660767
2024-08-09 12:00:00+00:00,1.1670299768447876,1.169100046157837,1.1653000116348267,1.1683399677276611
2024-08-09 16:00:00+00:00,1.1683100461959839,1.1689900159835815,1.1676000356674194,1.1685899496078491
2024-08-09 20:00:00+00:00,1.1685700416564941,1.1688899993896484,1.1679999828338623,1.1682000160217285
2024-08-10 00:00:00+00:00,,,,
2024-08-10 04:00:00+00:00,,,,
2024-08-10 08:00:00+00:00,,,,
2024-08-10 12:00:00+00:00,,,,
2024-08-10 16:00:00+00:00,,,,
2024-08-10 20:00:00+00:00,,,,
2024-08-11 00:00:00+00:00,,,,
2024-08-11 04:00:00+00:00,,,,
2024-08-11 08:00:00+00:00,,,,
2024-08-11 12:00:00+00:00,,,,
2024-08-11 16:00:00+00:00,,,,
2024-08-11 20:00:00+00:00,1.168370008468628,1.1684900522232056,1.1677000522613525,1.1681599617004395
2024-08-12 00:00:00+00:00,1.167799949645996,1.1690200567245483,1.1674000024795532,1.1689200401306152
2024-08-12 04:00:00+00:00,1.1684999465942383,1.1703100204467773,1.1676000356674194,1.1689900159835815
2024-08-12 08:00:00+00:00,1.1685999631881714,1.1692399978637695,1.166700005531311,1.16867995262146
2024-08-12 12:00:00+00:00,1.1683000326156616,1.1701099872589111,1.1676000356674194,1.16867995262146
2024-08-12 16:00:00+00:00,1.1683000326156616,1.1686899662017822,1.1670000553131104,1.1675000190734863
2024-08-12 20:00:00+00:00,1.1680099964141846,1.16812002658844,1.1670000553131104,1.167199969291687
2024-08-13 00:00:00+00:00,1.1676900386810303,1.1681499481201172,1.167199969291687,1.1675000190734863
2024-08-13 04:00:00+00:00,1.1678999662399292,1.1719499826431274,1.1676000356674194,1.1713999509811401
2024-08-13 08:00:00+00:00,1.171839952468872,1.172070026397705,1.1693999767303467,1.169800043106079
2024-08-13 12:00:00+00:00,1.1702100038528442,1.1711299419403076,1.1689000129699707,1.1709500551223755
2024-08-13 16:00:00+00:00,1.1706000566482544,1.1711599826812744,1.1693999767303467,1.1699399948120117
2024-08-13 20:00:00+00:00,1.169600009918213,1.1700999736785889,1.1691999435424805,1.1699399948120117
2024-08-14 00:00:00+00:00,1.1694999933242798,1.1702699661254883,1.169100046157837,1.1697399616241455
2024-08-14 04:00:00+00:00,1.1692999601364136,1.1699700355529785,1.1658999919891357,1.1660000085830688
2024-08-14 08:00:00+00:00,1.1664700508117676,1.166509985923767,1.1643999814987183,1.1651999950408936
2024-08-14 12:00:00+00:00,1.1656399965286255,1.165869951248169,1.1634999513626099,1.1649999618530273
2024-08-14 16:00:00+00:00,1.165410041809082,1.1658200025558472,1.1638000011444092,1.1642999649047852
2024-08-14 20:00:00+00:00,1.1646000146865845,1.1650500297546387,1.1640000343322754,1.1641000509262085
2024-08-15 00:00:00+00:00,1.1645300388336182,1.1657700538635254,1.1640000343322754,1.1653000116348267
2024-08-15 04:00:00+00:00,1.1657099723815918,1.1675200462341309,1.1653000116348267,1.1663000583648682
2024-08-15 08:00:00+00:00,1.1667699813842773,1.1679999828338623,1.1660000085830688,1.1672999858856201
2024-08-15 12:00:00+00:00,1.1677000522613525,1.171280026435852,1.1672999858856201,1.1704000234603882
2024-08-15 16:00:00+00:00,1.1707899570465088,1.1716400384902954,1.1700999736785889,1.1708999872207642
2024-08-15 20:00:00+00:00,1.1713199615478516,1.1718300580978394,1.1708999872207642,1.1717599630355835
2024-08-16 00:00:00+00:00,1.1713999509811401,1.1723899841308594,1.1711000204086304,1.1721400022506714
2024-08-16 04:00:00+00:00,1.1717000007629395,1.1729300022125244,1.1715999841690063,1.172410011291504
2024-08-16 08:00:00+00:00,1.1720000505447388,1.174489974975586,1.1718000173568726,1.174340009689331
2024-08-16 12:00:00+00:00,1.173799991607666,1.1747900247573853,1.1719000339508057,1.1735199689865112
2024-08-16 16:00:00+00:00,1.1730999946594238,1.174739956855774,1.1728999614715576,1.1740800142288208
2024-08-16 20:00:00+00:00,1.173699975013733,1.1743899583816528,1.173200011253357,1.1734000444412231
2024-08-17 00:00:00+00:00,,,,
2024-08-17 04:00:00+00:00,,,,
2024-08-17 08:00:00+00:00,,,,
2024-08-17 12:00:00+00:00,,,,
2024-08-17 16:00:00+00:00,,,,
2024-08-17 20:00:00+00:00,,,,
2024-08-18 00:00:00+00:00,,,,
2024-08-18 04:00:00+00:00,,,,
2024-08-18 08:00:00+00:00,,,,
2024-08-18 12:00:00+00:00,,,,
2024-08-18 16:00:00+00:00,,,,
2024-08-18 20:00:00+00:00,1.1737300157546997,1.1742700338363647,1.17330002784729,1.1742700338363647
2024-08-19 00:00:00+00:00,1.174239993095398,1.1744600534439087,1.1729999780654907,1.1733700037002563
2024-08-19 04:00:00+00:00,1.173509955406189,1.1739799976348877,1.1725000143051147,1.173949956893921
2024-08-19 08:00:00+00:00,1.1739799976348877,1.1752400398254395,1.1723999977111816,1.1733299493789673
2024-08-19 12:00:00+00:00,1.1732900142669678,1.1739100217819214,1.1721999645233154,1.1725900173187256
2024-08-19 16:00:00+00:00,1.1724499464035034,1.1727399826049805,1.1714999675750732,1.1718599796295166
2024-08-19 20:00:00+00:00,1.1719000339508057,1.1721299886703491,1.1712000370025635,1.1716400384902954
2024-08-20 00:00:00+00:00,1.1717100143432617,1.1719499826431274,1.170799970626831,1.171720027923584
2024-08-20 04:00:00+00:00,1.171720027923584,1.1733700037002563,1.1711000204086304,1.172700047492981
2024-08-20 08:00:00+00:00,1.1727900505065918,1.1741900444030762,1.1720999479293823,1.1738699674606323
2024-08-20 12:00:00+00:00,1.1736400127410889,1.1740700006484985,1.1718000173568726,1.1728099584579468
2024-08-20 16:00:00+00:00,1.1727900505065918,1.172860026359558,1.170699954032898,1.171429991722107
2024-08-20 20:00:00+00:00,1.1713099479675293,1.1715199947357178,1.170300006866455,1.171180009841919
2024-08-21 00:00:00+00:00,1.1711900234222412,1.1716300249099731,1.1705000400543213,1.171239972114563
2024-08-21 04:00:00+00:00,1.1711900234222412,1.1714999675750732,1.1705000400543213,1.1709400415420532
2024-08-21 08:00:00+00:00,1.170930027961731,1.1727900505065918,1.1698999404907227,1.1723400354385376
2024-08-21 12:00:00+00:00,1.1724499464035034,1.1750400066375732,1.1717000007629395,1.1734600067138672
2024-08-21 16:00:00+00:00,1.1734600067138672,1.1743500232696533,1.1726000308990479,1.1737200021743774
2024-08-21 20:00:00+00:00,1.1736199855804443,1.1742000579833984,1.1728999614715576,1.1734800338745117
2024-08-22 00:00:00+00:00,1.1734000444412231,1.1743199825286865,1.173200011253357,1.174090027809143
2024-08-22 04:00:00+00:00,1.1741000413894653,1.1760799884796143,1.1734399795532227,1.175879955291748
2024-08-22 08:00:00+00:00,1.175819993019104,1.1785600185394287,1.1746000051498413,1.1771700382232666
2024-08-22 12:00:00+00:00,1.1771399974822998,1.1792500019073486,1.176200032234192,1.1780999898910522
2024-08-22 16:00:00+00:00,1.1780999898910522,1.1784900426864624,1.177299976348877,1.1776800155639648
2024-08-22 20:00:00+00:00,1.1778099536895752,1.178030014038086,1.177299976348877,1.1779600381851196
2024-08-23 00:00:00+00:00,1.177970051765442,1.178030014038086,1.1770000457763672,1.177649974822998
2024-08-23 04:00:00+00:00,1.1776700019836426,1.1798800230026245,1.177299976348877,1.1796599626541138
2024-08-23 08:00:00+00:00,1.1796200275421143,1.181130051612854,1.1791000366210938,1.1799800395965576
2024-08-23 12:00:00+00:00,1.179819941520691,1.1818900108337402,1.1790000200271606,1.1804900169372559
2024-08-23 16:00:00+00:00,1.1805599927902222,1.180649995803833,1.1793999671936035,1.1803100109100342
2024-08-23 20:00:00+00:00,1.1800800561904907,1.1806299686431885,1.1797000169754028,1.1801999807357788
2024-08-24 00:00:00+00:00,,,,
2024-08-24 04:00:00+00:00,,,,
2024-08-24 08:00:00+00:00,,,,
2024-08-24 12:00:00+00:00,,,,
2024-08-24 16:00:00+00:00,,,,
2024-08-24 20:00:00+00:00,,,,
2024-08-25 00:00:00+00:00,,,,
2024-08-25 04:00:00+00:00,,,,
2024-08-25 08:00:00+00:00,,,,
2024-08-25 12:00:00+00:00,,,,
2024-08-25 16:00:00+00:00,,,,
2024-08-25 20:00:00+00:00,1.180299997329712,1.1808300018310547,1.179800033569336,1.180400013923645
2024-08-26 00:00:00+00:00,1.1807899475097656,1.180899977684021,1.1797000169754028,1.1800999641418457
2024-08-26 04:00:00+00:00,1.1804499626159668,1.1808799505233765,1.1796000003814697,1.1797000169754028
2024-08-26 08:00:00+00:00,1.1801999807357788,1.1820100545883179,1.1793999671936035,1.180799961090088
2024-08-26 12:00:00+00:00,1.181149959564209,1.1832200288772583,1.180400013923645,1.1806000471115112
2024-08-26 16:00:00+00:00,1.1809099912643433,1.1817599534988403,1.180400013923645,1.180999994277954
2024-08-26 20:00:00+00:00,1.1813700199127197,1.1814700365066528,1.1806000471115112,1.1811000108718872
2024-08-27 00:00:00+00:00,1.181399941444397,1.181399941444397,1.1805000305175781,1.1811800003051758
2024-08-27 04:00:00+00:00,1.1811599731445312,1.1832599639892578,1.1806999444961548,1.1819000244140625
2024-08-27 08:00:00+00:00,1.1822999715805054,1.18517005443573,1.1820000410079956,1.1841000318527222
2024-08-27 12:00:00+00:00,1.1844899654388428,1.1857000589370728,1.1833000183105469,1.1854000091552734
2024-08-27 16:00:00+00:00,1.1857999563217163,1.1857999563217163,1.1842000484466553,1.1852999925613403
2024-08-27 20:00:00+00:00,1.185539960861206,1.1860400438308716,1.1848000288009644,1.1858500242233276
2024-08-28 00:00:00+00:00,1.1854000091552734,1.1864700317382812,1.1851999759674072,1.186329960823059
2024-08-28 04:00:00+00:00,1.1859999895095825,1.1875,1.1855000257492065,1.1859699487686157
2024-08-28 08:00:00+00:00,1.1855000257492065,1.188480019569397,1.1854000091552734,1.187749981880188
2024-08-28 12:00:00+00:00,1.1872999668121338,1.1889300346374512,1.1857000589370728,1.186329960823059
2024-08-28 16:00:00+00:00,1.1858999729156494,1.186460018157959,1.1850999593734741,1.1862499713897705
2024-08-28 20:00:00+00:00,1.1858999729156494,1.1863499879837036,1.1850999593734741,1.1854000091552734
2024-08-29 00:00:00+00:00,1.1858999729156494,1.1866199970245361,1.1852999925613403,1.1855000257492065
2024-08-29 04:00:00+00:00,1.1858700513839722,1.1886299848556519,1.1855000257492065,1.1872999668121338
2024-08-29 08:00:00+00:00,1.187809944152832,1.1899800300598145,1.1875,1.1878000497817993
2024-08-29 12:00:00+00:00,1.1880700588226318,1.189479947090149,1.1865999698638916,1.1888999938964844
2024-08-29 16:00:00+00:00,1.1892800331115723,1.1899199485778809,1.187999963760376,1.1883000135421753
2024-08-29 20:00:00+00:00,1.1886199712753296,1.1889699697494507,1.1875,1.1877000331878662
2024-08-30 00:00:00+00:00,1.1881200075149536,1.1890599727630615,1.187600016593933,1.1881999969482422
2024-08-30 04:00:00+00:00,1.188599944114685,1.1901700496673584,1.188099980354309,1.1895999908447266
2024-08-30 08:00:00+00:00,1.1899000406265259,1.1902600526809692,1.1883000135421753,1.1893099546432495
2024-08-30 12:00:00+00:00,1.1892000436782837,1.1894099712371826,1.1862000226974487,1.187190055847168
2024-08-30 16:00:00+00:00,1.1866999864578247,1.1879700422286987,1.1861000061035156,1.187940001487732
2024-08-30 20:00:00+00:00,1.187600016593933,1.1882699728012085,1.1875,1.187999963760376
2024-08-31 00:00:00+00:00,,,,
2024-08-31 04:00:00+00:00,,,,
2024-08-31 08:00:00+00:00,,,,
2024-08-31 12:00:00+00:00,,,,
2024-08-31 16:00:00+00:00,,,,
2024-08-31 20:00:00+00:00,,,,
2024-09-01 00:00:00+00:00,,,,
2024-09-01 04:00:00+00:00,,,,
2024-09-01 08:00:00+00:00,,,,
2024-09-01 12:00:00+00:00,,,,
2024-09-01 16:00:00+00:00,,,,
2024-09-01 20:00:00+00:00,1.1886199712753296,1.1888099908828735,1.1881999969482422,1.1883000135421753
2024-09-02 00:00:00+00:00,1.1886199712753296,1.1886600255966187,1.187000036239624,1.1877000331878662
2024-09-02 04:00:00+00:00,1.1881099939346313,1.1882100105285645,1.1862000226974487,1.1863000392913818
2024-09-02 08:00:00+00:00,1.1867799758911133,1.187150001525879,1.1855000257492065,1.1866999864578247
2024-09-02 12:00:00+00:00,1.187150001525879,1.1882200241088867,1.1864999532699585,1.1871999502182007
2024-09-02 16:00:00+00:00,1.1875300407409668,1.1876599788665771,1.1868000030517578,1.1872600317001343
2024-09-02 20:00:00+00:00,1.1868000030517578,1.187399983406067,1.1866999864578247,1.1872199773788452
2024-09-03 00:00:00+00:00,1.1868000030517578,1.1877399682998657,1.1866999864578247,1.187209963798523
2024-09-03 04:00:00+00:00,1.1868000030517578,1.187399983406067,1.1852999925613403,1.18681001663208
2024-09-03 08:00:00+00:00,1.186400055885315,1.1889699697494507,1.1862000226974487,1.1888999938964844
2024-09-03 12:00:00+00:00,1.1889300346374512,1.189479947090149,1.1851999759674072,1.1865400075912476
2024-09-03 16:00:00+00:00,1.1861000061035156,1.1870900392532349,1.1857999563217163,1.1865999698638916
2024-09-03 20:00:00+00:00,1.187019944190979,1.1875300407409668,1.1863000392913818,1.1863000392913818
2024-09-04 00:00:00+00:00,1.18681001663208,1.1868699789047241,1.1852999925613403,1.1856000423431396
2024-09-04 04:00:00+00:00,1.1859999895095825,1.1863600015640259,1.1850999593734741,1.1861599683761597
2024-09-04 08:00:00+00:00,1.1861900091171265,1.1873600482940674,1.1857000589370728,1.1868000030517578
2024-09-04 12:00:00+00:00,1.187119960784912,1.1880199909210205,1.1854000091552734,1.1854000091552734
2024-09-04 16:00:00+00:00,1.1858999729156494,1.1866600513458252,1.1852999925613403,1.1859999895095825
2024-09-04 20:00:00+00:00,1.1863600015640259,1.1865400075912476,1.1854000091552734,1.1857999563217163
2024-09-05 00:00:00+00:00,1.1862200498580933,1.1869800090789795,1.1857000589370728,1.186400055885315
2024-09-05 04:00:00+00:00,1.1868200302124023,1.1869100332260132,1.184999942779541,1.1854000091552734
2024-09-05 08:00:00+00:00,1.18586003780365,1.1866999864578247,1.1850999593734741,1.1856000423431396
2024-09-05 12:00:00+00:00,1.1858999729156494,1.187809944152832,1.1848000288009644,1.1859999895095825
2024-09-05 16:00:00+00:00,1.1863900423049927,1.1866400241851807,1.1854000091552734,1.186020016670227
2024-09-05 20:00:00+00:00,1.1856000423431396,1.1862200498580933,1.1854000091552734,1.18572998046875
2024-09-06 00:00:00+00:00,1.1852999925613403,1.1859400272369385,1.1849000453948975,1.1854000091552734
2024-09-06 04:00:00+00:00,1.184999942779541,1.1863900423049927,1.1845999956130981,1.185829997062683
2024-09-06 08:00:00+00:00,1.1852999925613403,1.1863199472427368,1.1837999820709229,1.1862599849700928
2024-09-06 12:00:00+00:00,1.1858999729156494,1.1886600255966187,1.1835999488830566,1.1844899654388428
2024-09-06 16:00:00+00:00,1.1841000318527222,1.184980034828186,1.1836999654769897,1.1842999458312988
2024-09-06 20:00:00+00:00,1.184000015258789,1.184559941291809,1.183899998664856,1.1841000318527222
2024-09-07 00:00:00+00:00,,,,
2024-09-07 04:00:00+00:00,,,,
2024-09-07 08:00:00+00:00,,,,
2024-09-07 12:00:00+00:00,,,,
2024-09-07 16:00:00+00:00,,,,
2024-09-07 20:00:00+00:00,,,,
2024-09-08 00:00:00+00:00,,,,
2024-09-08 04:00:00+00:00,,,,
2024-09-08 08:00:00+00:00,,,,
2024-09-08 12:00:00+00:00,,,,
2024-09-08 16:00:00+00:00,,,,
2024-09-08 20:00:00+00:00,1.184540033340454,1.1846200227737427,1.183899998664856,1.184340000152588
2024-09-09 00:00:00+00:00,1.1842999458312988,1.1853100061416626,1.183899998664856,1.1850199699401855
2024-09-09 04:00:00+00:00,1.184999942779541,1.18517005443573,1.1835999488830566,1.184939980506897
2024-09-09 08:00:00+00:00,1.1848700046539307,1.185379981994629,1.18340003490448,1.1848599910736084
2024-09-09 12:00:00+00:00,1.1848900318145752,1.1856600046157837,1.1835999488830566,1.1847000122070312
2024-09-09 16:00:00+00:00,1.1847200393676758,1.1854100227355957,1.1836999654769897,1.1843199729919434
2024-09-09 20:00:00+00:00,1.184309959411621,1.1845099925994873,1.1836999654769897,1.184249997138977
2024-09-10 00:00:00+00:00,1.184340000152588,1.1843500137329102,1.1833000183105469,1.1841800212860107
2024-09-10 04:00:00+00:00,1.1841100454330444,1.1867300271987915,1.1836999654769897,1.1858999729156494
2024-09-10 08:00:00+00:00,1.185920000076294,1.18681001663208,1.1848000288009644,1.18641996383667
2024-09-10 12:00:00+00:00,1.1864999532699585,1.186669945716858,1.1836999654769897,1.1849100589752197
2024-09-10 16:00:00+00:00,1.1847200393676758,1.1866899728775024,1.184000015258789,1.1866600513458252
2024-09-10 20:00:00+00:00,1.1866400241851807,1.1870800256729126,1.1861000061035156,1.1868000030517578
2024-09-11 00:00:00+00:00,1.1867799758911133,1.18681001663208,1.1851999759674072,1.186110019683838
2024-09-11 04:00:00+00:00,1.1861200332641602,1.1865700483322144,1.1841000318527222,1.1847699880599976
2024-09-11 08:00:00+00:00,1.1848000288009644,1.1854300498962402,1.183500051498413,1.1853100061416626
2024-09-11 12:00:00+00:00,1.185379981994629,1.1858700513839722,1.1811000108718872,1.1825200319290161
2024-09-11 16:00:00+00:00,1.1825599670410156,1.183899998664856,1.1821000576019287,1.1838500499725342
2024-09-11 20:00:00+00:00,1.183500051498413,1.1844500303268433,1.18340003490448,1.1840399503707886
2024-09-12 00:00:00+00:00,1.1841000318527222,1.1843500137329102,1.18340003490448,1.1842000484466553
2024-09-12 04:00:00+00:00,1.1841700077056885,1.184939980506897,1.1836999654769897,1.1843899488449097
2024-09-12 08:00:00+00:00,1.184380054473877,1.1850999593734741,1.1833000183105469,1.1836700439453125
2024-09-12 12:00:00+00:00,1.1837300062179565,1.185289978981018,1.1822999715805054,1.184630036354065
2024-09-12 16:00:00+00:00,1.1847200393676758,1.1855900287628174,1.184000015258789,1.1849000453948975
2024-09-12 20:00:00+00:00,1.1849000453948975,1.185439944267273,1.1842999458312988,1.1852600574493408
2024-09-13 00:00:00+00:00,1.185230016708374,1.1858700513839722,1.1848000288009644,1.1858700513839722
2024-09-13 04:00:00+00:00,1.1859300136566162,1.1865099668502808,1.1845999956130981,1.18503999710083
2024-09-13 08:00:00+00:00,1.18503999710083,1.1855000257492065,1.1825000047683716,1.1836899518966675
2024-09-13 12:00:00+00:00,1.1838300228118896,1.1861399412155151,1.1832000017166138,1.185349941253662
2024-09-13 16:00:00+00:00,1.1852400302886963,1.1852400302886963,1.1835999488830566,1.184630036354065
2024-09-13 20:00:00+00:00,1.1846799850463867,1.1850999593734741,1.1842000484466553,1.1842999458312988
2024-09-14 00:00:00+00:00,,,,
2024-09-14 04:00:00+00:00,,,,
2024-09-14 08:00:00+00:00,,,,
2024-09-14 12:00:00+00:00,,,,
2024-09-14 16:00:00+00:00,,,,
2024-09-14 20:00:00+00:00,,,,
2024-09-15 00:00:00+00:00,,,,
2024-09-15 04:00:00+00:00,,,,
2024-09-15 08:00:00+00:00,,,,
2024-09-15 12:00:00+00:00,,,,
2024-09-15 16:00:00+00:00,,,,
2024-09-15 20:00:00+00:00,1.1844600439071655,1.1846200227737427,1.184000015258789,1.1842000484466553
2024-09-16 00:00:00+00:00,1.1846200227737427,1.1854599714279175,1.1842000484466553,1.1847000122070312
2024-09-16 04:00:00+00:00,1.1850999593734741,1.1854499578475952,1.183899998664856,1.184499979019165
2024-09-16 08:00:00+00:00,1.184880018234253,1.1868699789047241,1.184499979019165,1.1861000061035156
2024-09-16 12:00:00+00:00,1.186460018157959,1.1873799562454224,1.1856000423431396,1.186400055885315
2024-09-16 16:00:00+00:00,1.1868400573730469,1.1875100135803223,1.1861000061035156,1.187119960784912
2024-09-16 20:00:00+00:00,1.1872299909591675,1.187399983406067,1.1863000392913818,1.1864999532699585
2024-09-17 00:00:00+00:00,1.1868900060653687,1.187119960784912,1.1862000226974487,1.186750054359436
2024-09-17 04:00:00+00:00,1.1863000392913818,1.1876200437545776,1.1859999895095825,1.1867799758911133
2024-09-17 08:00:00+00:00,1.186400055885315,1.187399983406067,1.1858999729156494,1.1868400573730469
2024-09-17 12:00:00+00:00,1.1864999532699585,1.1878000497817993,1.18340003490448,1.183899998664856
2024-09-17 16:00:00+00:00,1.183500051498413,1.1839900016784668,1.1823999881744385,1.1839599609375
2024-09-17 20:00:00+00:00,1.1835999488830566,1.1841800212860107,1.1828999519348145,1.1837199926376343
2024-09-18 00:00:00+00:00,1.18340003490448,1.1838300228118896,1.1825000047683716,1.1830600500106812
2024-09-18 04:00:00+00:00,1.1827000379562378,1.185829997062683,1.1827000379562378,1.1856600046157837
2024-09-18 08:00:00+00:00,1.1851999759674072,1.1877399682998657,1.1850999593734741,1.187459945678711
2024-09-18 12:00:00+00:00,1.187000036239624,1.1897499561309814,1.1865999698638916,1.1872600317001343
2024-09-18 16:00:00+00:00,1.1868000030517578,1.1888699531555176,1.186400055885315,1.1873899698257446
2024-09-18 20:00:00+00:00,1.187000036239624,1.1883100271224976,1.187000036239624,1.187880039215088
2024-09-19 00:00:00+00:00,1.1875,1.1887199878692627,1.1871999502182007,1.1881200075149536
2024-09-19 04:00:00+00:00,1.1877000331878662,1.189810037612915,1.1871000528335571,1.1884100437164307
2024-09-19 08:00:00+00:00,1.187999963760376,1.191480040550232,1.186900019645691,1.1904699802398682
2024-09-19 12:00:00+00:00,1.1900999546051025,1.1913599967956543,1.1887999773025513,1.1912399530410767
2024-09-19 16:00:00+00:00,1.1907999515533447,1.191480040550232,1.1890000104904175,1.1898800134658813
2024-09-19 20:00:00+00:00,1.1893999576568604,1.1900500059127808,1.1891000270843506,1.190019965171814
2024-09-20 00:00:00+00:00,1.1895999908447266,1.1908700466156006,1.1891000270843506,1.1900999546051025
2024-09-20 04:00:00+00:00,1.1906399726867676,1.1930299997329712,1.190000057220459,1.1921000480651855
2024-09-20 08:00:00+00:00,1.1924400329589844,1.192639946937561,1.1898000240325928,1.191100001335144
2024-09-20 12:00:00+00:00,1.1913800239562988,1.1924099922180176,1.190000057220459,1.1917999982833862
2024-09-20 16:00:00+00:00,1.1922600269317627,1.1929700374603271,1.1914000511169434,1.1924999952316284
2024-09-20 20:00:00+00:00,1.1929600238800049,1.1933900117874146,1.1926000118255615,1.1928999423980713
2024-09-21 00:00:00+00:00,,,,
2024-09-21 04:00:00+00:00,,,,
2024-09-21 08:00:00+00:00,,,,
2024-09-21 12:00:00+00:00,,,,
2024-09-21 16:00:00+00:00,,,,
2024-09-21 20:00:00+00:00,,,,
2024-09-22 00:00:00+00:00,,,,
2024-09-22 04:00:00+00:00,,,,
2024-09-22 08:00:00+00:00,,,,
2024-09-22 12:00:00+00:00,,,,
2024-09-22 16:00:00+00:00,,,,
2024-09-22 20:00:00+00:00,1.1926000118255615,1.1927000284194946,1.1923999786376953,1.1924999952316284
2024-09-23 00:00:00+00:00,1.1924999952316284,1.193079948425293,1.1919000148773193,1.1923199892044067
2024-09-23 04:00:00+00:00,1.1923400163650513,1.1949000358581543,1.1919000148773193,1.194640040397644
2024-09-23 08:00:00+00:00,1.1947200298309326,1.1972600221633911,1.1943000555038452,1.1970800161361694
2024-09-23 12:00:00+00:00,1.1970800161361694,1.1995999813079834,1.1964999437332153,1.1993999481201172
2024-09-23 16:00:00+00:00,1.1994099617004395,1.2007900476455688,1.1986000537872314,1.2007700204849243
2024-09-23 20:00:00+00:00,1.2007800340652466,1.2013100385665894,1.1999000310897827,1.2013100385665894
2024-09-24 00:00:00+00:00,1.2012699842453003,1.2020599842071533,1.2007999420166016,1.2015299797058105
2024-09-24 04:00:00+00:00,1.2015399932861328,1.2022199630737305,1.198799967765808,1.1995400190353394
2024-09-24 08:00:00+00:00,1.199620008468628,1.2015299797058105,1.1988999843597412,1.2012699842453003
2024-09-24 12:00:00+00:00,1.2012799978256226,1.2022199630737305,1.198699951171875,1.1993999481201172
2024-09-24 16:00:00+00:00,1.1995099782943726,1.2002999782562256,1.1993999481201172,1.200119972229004
2024-09-24 20:00:00+00:00,1.2001899480819702,1.2001899480819702,1.1991000175476074,1.1996099948883057
2024-09-25 00:00:00+00:00,1.1996699571609497,1.1998000144958496,1.1979000568389893,1.1985900402069092
2024-09-25 04:00:00+00:00,1.1986500024795532,1.198699951171875,1.1957999467849731,1.19622004032135
2024-09-25 08:00:00+00:00,1.1962900161743164,1.196619987487793,1.194000005722046,1.194540023803711
2024-09-25 12:00:00+00:00,1.194599986076355,1.1977299451828003,1.1943999528884888,1.1968200206756592
2024-09-25 16:00:00+00:00,1.1967500448226929,1.1974999904632568,1.1957000494003296,1.1967999935150146
2024-09-25 20:00:00+00:00,1.1966999769210815,1.1969000101089478,1.1957000494003296,1.1961400508880615
2024-09-26 00:00:00+00:00,1.1960400342941284,1.1972999572753906,1.1957999467849731,1.1972700357437134
2024-09-26 04:00:00+00:00,1.1972600221633911,1.198349952697754,1.1959999799728394,1.1982899904251099
2024-09-26 08:00:00+00:00,1.198330044746399,1.1997400522232056,1.1971999406814575,1.1989500522613525
2024-09-26 12:00:00+00:00,1.198889970779419,1.200760006904602,1.1978000402450562,1.2006499767303467
2024-09-26 16:00:00+00:00,1.2007299661636353,1.2007900476455688,1.1993999481201172,1.200029969215393
2024-09-26 20:00:00+00:00,1.2000099420547485,1.200160026550293,1.1991000175476074,1.1997699737548828
2024-09-27 00:00:00+00:00,1.1997100114822388,1.1997300386428833,1.1984000205993652,1.1989599466323853
2024-09-27 04:00:00+00:00,1.1989599466323853,1.2015299797058105,1.1979000568389893,1.2006200551986694
2024-09-27 08:00:00+00:00,1.2006499767303467,1.200819969177246,1.1986000537872314,1.1994099617004395
2024-09-27 12:00:00+00:00,1.1993099451065063,1.2005599737167358,1.1973999738693237,1.200260043144226
2024-09-27 16:00:00+00:00,1.200160026550293,1.2003599405288696,1.19760000705719,1.1980899572372437
2024-09-27 20:00:00+00:00,1.1979000568389893,1.198099970817566,1.1971999406814575,1.1974999904632568
2024-09-28 00:00:00+00:00,,,,
2024-09-28 04:00:00+00:00,,,,
2024-09-28 08:00:00+00:00,,,,
2024-09-28 12:00:00+00:00,,,,
2024-09-28 16:00:00+00:00,,,,
2024-09-28 20:00:00+00:00,,,,
2024-09-29 00:00:00+00:00,,,,
2024-09-29 04:00:00+00:00,,,,
2024-09-29 08:00:00+00:00,,,,
2024-09-29 12:00:00+00:00,,,,
2024-09-29 16:00:00+00:00,,,,
2024-09-29 20:00:00+00:00,1.1976100206375122,1.198099970817566,1.1972999572753906,1.197700023651123
2024-09-30 00:00:00+00:00,1.1980700492858887,1.1994400024414062,1.1971999406814575,1.1990000009536743
2024-09-30 04:00:00+00:00,1.1994999647140503,1.1995799541473389,1.1978000402450562,1.198799967765808
2024-09-30 08:00:00+00:00,1.1989599466323853,1.1990200281143188,1.1962000131607056,1.1964000463485718
2024-09-30 12:00:00+00:00,1.1967300176620483,1.2028599977493286,1.1957000494003296,1.20169997215271
2024-09-30 16:00:00+00:00,1.2020599842071533,1.2025799751281738,1.2002999782562256,1.200600028038025
2024-09-30 20:00:00+00:00,1.2009799480438232,1.2011200189590454,1.2002999782562256,1.200700044631958
2024-10-01 00:00:00+00:00,1.2012100219726562,1.2015299797058105,1.2000000476837158,1.2000000476837158
2024-10-01 04:00:00+00:00,1.2003999948501587,1.2020200490951538,1.1991000175476074,1.1994999647140503
2024-10-01 08:00:00+00:00,1.2000000476837158,1.2022099494934082,1.1993000507354736,1.201200008392334
2024-10-01 12:00:00+00:00,1.2014399766921997,1.2030999660491943,1.1984000205993652,1.1994999647140503
2024-10-01 16:00:00+00:00,1.1995600461959839,1.200160026550293,1.1978000402450562,1.1994999647140503
2024-10-01 20:00:00+00:00,1.1998000144958496,1.2001700401306152,1.1991000175476074,1.1992000341415405
2024-10-02 00:00:00+00:00,1.1995999813079834,1.2006299495697021,1.1993000507354736,1.1995999813079834
2024-10-02 04:00:00+00:00,1.1999499797821045,1.2015899419784546,1.1988999843597412,1.2001999616622925
2024-10-02 08:00:00+00:00,1.2005499601364136,1.200850009918213,1.1991000175476074,1.2001899480819702
2024-10-02 12:00:00+00:00,1.200119972229004,1.2015399932861328,1.1992000341415405,1.2005000114440918
2024-10-02 16:00:00+00:00,1.2008800506591797,1.2015700340270996,1.2002999782562256,1.200600028038025
2024-10-02 20:00:00+00:00,1.2010200023651123,1.201050043106079,1.2000999450683594,1.2001999616622925
2024-10-03 00:00:00+00:00,1.2005200386047363,1.2012799978256226,1.2000999450683594,1.2005900144577026
2024-10-03 04:00:00+00:00,1.2001999616622925,1.2008600234985352,1.19159996509552,1.1921199560165405
2024-10-03 08:00:00+00:00,1.1916999816894531,1.1921499967575073,1.1851999759674072,1.1874200105667114
2024-10-03 12:00:00+00:00,1.187000036239624,1.1905800104141235,1.1859999895095825,1.190310001373291
2024-10-03 16:00:00+00:00,1.1899000406265259,1.1909099817276,1.1886999607086182,1.1896599531173706
2024-10-03 20:00:00+00:00,1.1892000436782837,1.1901299953460693,1.1886999607086182,1.189710021018982
2024-10-04 00:00:00+00:00,1.1892000436782837,1.1905699968338013,1.1890000104904175,1.1904200315475464
2024-10-04 04:00:00+00:00,1.1900999546051025,1.1938899755477905,1.1897000074386597,1.1930400133132935
2024-10-04 08:00:00+00:00,1.1927000284194946,1.1944899559020996,1.1917999982833862,1.1935800313949585
2024-10-04 12:00:00+00:00,1.1933000087738037,1.1959999799728394,1.1919000148773193,1.195680022239685
2024-10-04 16:00:00+00:00,1.195199966430664,1.1970700025558472,1.195099949836731,1.1957800388336182
2024-10-04 20:00:00+00:00,1.1953999996185303,1.1960400342941284,1.194700002670288,1.194700002670288
2024-10-05 00:00:00+00:00,,,,
2024-10-05 04:00:00+00:00,,,,
2024-10-05 08:00:00+00:00,,,,
2024-10-05 12:00:00+00:00,,,,
2024-10-05 16:00:00+00:00,,,,
2024-10-05 20:00:00+00:00,,,,
2024-10-06 00:00:00+00:00,,,,
2024-10-06 04:00:00+00:00,,,,
2024-10-06 08:00:00+00:00,,,,
2024-10-06 12:00:00+00:00,,,,
2024-10-06 16:00:00+00:00,,,,
2024-10-06 20:00:00+00:00,1.1956499814987183,1.1962100267410278,1.195199966430664,1.196079969406128
2024-10-07 00:00:00+00:00,1.1961300373077393,1.1965800523757935,1.1953999996185303,1.1965299844741821
2024-10-07 04:00:00+00:00,1.1965500116348267,1.1966400146484375,1.1943000555038452,1.1952199935913086
2024-10-07 08:00:00+00:00,1.1952699422836304,1.1952699422836304,1.190600037574768,1.1916500329971313
2024-10-07 12:00:00+00:00,1.1916899681091309,1.1921700239181519,1.1900999546051025,1.1916699409484863
2024-10-07 16:00:00+00:00,1.1914499998092651,1.1924599409103394,1.1908999681472778,1.1922199726104736
2024-10-07 20:00:00+00:00,1.1921900510787964,1.192330002784729,1.1913000345230103,1.1921600103378296
2024-10-08 00:00:00+00:00,1.1922600269317627,1.1929500102996826,1.1914000511169434,1.191830039024353
2024-10-08 04:00:00+00:00,1.1919100284576416,1.1920299530029297,1.1893999576568604,1.1915199756622314
2024-10-08 08:00:00+00:00,1.1914499998092651,1.1928800344467163,1.1904000043869019,1.1925599575042725
2024-10-08 12:00:00+00:00,1.192520022392273,1.1940399408340454,1.192199945449829,1.1933799982070923
2024-10-08 16:00:00+00:00,1.1933300495147705,1.1934800148010254,1.1919000148773193,1.1931099891662598
2024-10-08 20:00:00+00:00,1.1931300163269043,1.1935399770736694,1.1926000118255615,1.1928600072860718
2024-10-09 00:00:00+00:00,1.1928399801254272,1.1937199831008911,1.1922999620437622,1.1929899454116821
2024-10-09 04:00:00+00:00,1.1929700374603271,1.1938400268554688,1.1917999982833862,1.1935299634933472
2024-10-09 08:00:00+00:00,1.1935800313949585,1.1943800449371338,1.192199945449829,1.1943800449371338
2024-10-09 12:00:00+00:00,1.1943399906158447,1.1945899724960327,1.1928999423980713,1.1942100524902344
2024-10-09 16:00:00+00:00,1.1942499876022339,1.194949984550476,1.1936999559402466,1.194219946861267
2024-10-09 20:00:00+00:00,1.1942499876022339,1.1949100494384766,1.19350004196167,1.194000005722046
2024-10-10 00:00:00+00:00,1.1940200328826904,1.1948399543762207,1.1938999891281128,1.1947400569915771
2024-10-10 04:00:00+00:00,1.1947499513626099,1.1962499618530273,1.194200038909912,1.1960200071334839
2024-10-10 08:00:00+00:00,1.1960099935531616,1.19691002368927,1.1948000192642212,1.1953099966049194
2024-10-10 12:00:00+00:00,1.1953400373458862,1.195449948310852,1.1921000480651855,1.1946099996566772
2024-10-10 16:00:00+00:00,1.1946799755096436,1.1953200101852417,1.193600058555603,1.1939500570297241
2024-10-10 20:00:00+00:00,1.193809986114502,1.1945799589157104,1.1931999921798706,1.194409966468811
2024-10-11 00:00:00+00:00,1.1944500207901,1.1947300434112549,1.1928000450134277,1.1932799816131592
2024-10-11 04:00:00+00:00,1.1932799816131592,1.1945799589157104,1.1923999786376953,1.1945799589157104
2024-10-11 08:00:00+00:00,1.1945699453353882,1.1949399709701538,1.1934000253677368,1.1946899890899658
2024-10-11 12:00:00+00:00,1.1947499513626099,1.1953500509262085,1.193600058555603,1.1943399906158447
2024-10-11 16:00:00+00:00,1.1943700313568115,1.1952400207519531,1.193600058555603,1.194640040397644
2024-10-11 20:00:00+00:00,1.194849967956543,1.1950900554656982,1.194100022315979,1.194200038909912
2024-10-12 00:00:00+00:00,,,,
2024-10-12 04:00:00+00:00,,,,
2024-10-12 08:00:00+00:00,,,,
2024-10-12 12:00:00+00:00,,,,
2024-10-12 16:00:00+00:00,,,,
2024-10-12 20:00:00+00:00,,,,
2024-10-13 00:00:00+00:00,,,,
2024-10-13 04:00:00+00:00,,,,
2024-10-13 08:00:00+00:00,,,,
2024-10-13 12:00:00+00:00,,,,
2024-10-13 16:00:00+00:00,,,,
2024-10-13 20:00:00+00:00,1.194390058517456,1.1945099830627441,1.194000005722046,1.1944500207901
2024-10-14 00:00:00+00:00,1.1943800449371338,1.1952500343322754,1.194000005722046,1.1952099800109863
2024-10-14 04:00:00+00:00,1.1951899528503418,1.1958999633789062,1.1944999694824219,1.1951500177383423
2024-10-14 08:00:00+00:00,1.1950600147247314,1.195870041847229,1.1937999725341797,1.1946200132369995
2024-10-14 12:00:00+00:00,1.1947499513626099,1.1968499422073364,1.1938999891281128,1.1963200569152832
2024-10-14 16:00:00+00:00,1.196239948272705,1.197659969329834,1.1957000494003296,1.1971999406814575
2024-10-14 20:00:00+00:00,1.1971999406814575,1.1977100372314453,1.1965999603271484,1.1977100372314453
2024-10-15 00:00:00+00:00,1.1976699829101562,1.1984800100326538,1.197100043296814,1.1979399919509888
2024-10-15 04:00:00+00:00,1.1979299783706665,1.1994999647140503,1.197100043296814,1.1994999647140503
2024-10-15 08:00:00+00:00,1.1992199420928955,1.2003300189971924,1.19760000705719,1.199470043182373
2024-10-15 12:00:00+00:00,1.1994500160217285,1.201050043106079,1.1986000537872314,1.2001999616622925
2024-10-15 16:00:00+00:00,1.2002700567245483,1.2004899978637695,1.1993999481201172,1.200160026550293
2024-10-15 20:00:00+00:00,1.2001399993896484,1.2004300355911255,1.1993999481201172,1.2003300189971924
2024-10-16 00:00:00+00:00,1.2003899812698364,1.200469970703125,1.1994999647140503,1.2000600099563599
2024-10-16 04:00:00+00:00,1.200029969215393,1.200760006904602,1.1928000450134277,1.1945199966430664
2024-10-16 08:00:00+00:00,1.1944500207901,1.1960500478744507,1.1936999559402466,1.1960099935531616
2024-10-16 12:00:00+00:00,1.1959500312805176,1.1965500116348267,1.1944999694824219,1.1955699920654297
2024-10-16 16:00:00+00:00,1.195539951324463,1.1965700387954712,1.1948000192642212,1.195539951324463
2024-10-16 20:00:00+00:00,1.195539951324463,1.1962000131607056,1.1943999528884888,1.1962000131607056
2024-10-17 00:00:00+00:00,1.1962100267410278,1.196560025215149,1.195099949836731,1.1964600086212158
2024-10-17 04:00:00+00:00,1.1965399980545044,1.1967300176620483,1.195199966430664,1.1960699558258057
2024-10-17 08:00:00+00:00,1.196179986000061,1.1980199813842773,1.1952999830245972,1.19760000705719
2024-10-17 12:00:00+00:00,1.198009967803955,1.2016700506210327,1.1971999406814575,1.200219988822937
2024-10-17 16:00:00+00:00,1.2002300024032593,1.2020900249481201,1.1999000310897827,1.201640009880066
2024-10-17 20:00:00+00:00,1.2016600370407104,1.2018400430679321,1.2003999948501587,1.2016700506210327
2024-10-18 00:00:00+00:00,1.2014000415802002,1.202049970626831,1.200700044631958,1.201259970664978
2024-10-18 04:00:00+00:00,1.2007999420166016,1.2053500413894653,1.200700044631958,1.2037899494171143
2024-10-18 08:00:00+00:00,1.2032999992370605,1.203760027885437,1.2015000581741333,1.2024699449539185
2024-10-18 12:00:00+00:00,1.2024600505828857,1.2029000520706177,1.1992000341415405,1.199620008468628
2024-10-18 16:00:00+00:00,1.1996500492095947,1.200819969177246,1.1992000341415405,1.2003999948501587
2024-10-18 20:00:00+00:00,1.2000999450683594,1.2006900310516357,1.1999000310897827,1.200600028038025
2024-10-19 00:00:00+00:00,,,,
2024-10-19 04:00:00+00:00,,,,
2024-10-19 08:00:00+00:00,,,,
2024-10-19 12:00:00+00:00,,,,
2024-10-19 16:00:00+00:00,,,,
2024-10-19 20:00:00+00:00,,,,
2024-10-20 00:00:00+00:00,,,,
2024-10-20 04:00:00+00:00,,,,
2024-10-20 08:00:00+00:00,,,,
2024-10-20 12:00:00+00:00,,,,
2024-10-20 16:00:00+00:00,,,,
2024-10-20 20:00:00+00:00,1.200760006904602,1.2010200023651123,1.2002999782562256,1.2008999586105347
2024-10-21 00:00:00+00:00,1.2008600234985352,1.2011300325393677,1.2000000476837158,1.2008800506591797
2024-10-21 04:00:00+00:00,1.2008800506591797,1.201050043106079,1.1995999813079834,1.2002500295639038
2024-10-21 08:00:00+00:00,1.2002700567245483,1.2006900310516357,1.198699951171875,1.1992900371551514
2024-10-21 12:00:00+00:00,1.1993800401687622,1.2006800174713135,1.1990000009536743,1.1995500326156616
2024-10-21 16:00:00+00:00,1.199489951133728,1.2007499933242798,1.1991000175476074,1.2003899812698364
2024-10-21 20:00:00+00:00,1.2003599405288696,1.2005599737167358,1.1996999979019165,1.2003400325775146
2024-10-22 00:00:00+00:00,1.2002500295639038,1.20114004611969,1.1995999813079834,1.2009899616241455
2024-10-22 04:00:00+00:00,1.20100998878479,1.2019200325012207,1.1999000310897827,1.2003999948501587
2024-10-22 08:00:00+00:00,1.2003599405288696,1.2005599737167358,1.197700023651123,1.1997499465942383
2024-10-22 12:00:00+00:00,1.1998599767684937,1.2008399963378906,1.1978000402450562,1.200119972229004
2024-10-22 16:00:00+00:00,1.2001399993896484,1.2026300430297852,1.1993999481201172,1.2026300430297852
2024-10-22 20:00:00+00:00,1.2025699615478516,1.2026100158691406,1.2010999917984009,1.2022199630737305
2024-10-23 00:00:00+00:00,1.202139973640442,1.2023799419403076,1.201200008392334,1.2019399404525757
2024-10-23 04:00:00+00:00,1.2019599676132202,1.2030600309371948,1.201200008392334,1.202430009841919
2024-10-23 08:00:00+00:00,1.2022199630737305,1.2041900157928467,1.2019000053405762,1.2031300067901611
2024-10-23 12:00:00+00:00,1.203179955482483,1.2034499645233154,1.1996999979019165,1.2007100582122803
2024-10-23 16:00:00+00:00,1.2008099555969238,1.2010999917984009,1.1979000568389893,1.1989099979400635
2024-10-23 20:00:00+00:00,1.1989500522613525,1.1990300416946411,1.1967999935150146,1.1979299783706665
2024-10-24 00:00:00+00:00,1.1979000568389893,1.1984100341796875,1.1972999572753906,1.1981500387191772
2024-10-24 04:00:00+00:00,1.1979399919509888,1.2024199962615967,1.1972999572753906,1.2006200551986694
2024-10-24 08:00:00+00:00,1.200469970703125,1.2021600008010864,1.198699951171875,1.2016600370407104
2024-10-24 12:00:00+00:00,1.2016700506210327,1.2021600008010864,1.1988999843597412,1.1996599435806274
2024-10-24 16:00:00+00:00,1.1997400522232056,1.1997400522232056,1.1978000402450562,1.1981899738311768
2024-10-24 20:00:00+00:00,1.1980600357055664,1.1984200477600098,1.1972999572753906,1.1983400583267212
2024-10-25 00:00:00+00:00,1.198330044746399,1.1984599828720093,1.1973999738693237,1.1977499723434448
2024-10-25 04:00:00+00:00,1.1977299451828003,1.1986900568008423,1.1971999406814575,1.1980299949645996
2024-10-25 08:00:00+00:00,1.1981699466705322,1.2000000476837158,1.1975200176239014,1.2000000476837158
2024-10-25 12:00:00+00:00,1.2000600099563599,1.2003400325775146,1.198199987411499,1.2001399993896484
2024-10-25 16:00:00+00:00,1.2001500129699707,1.2008800506591797,1.1994999647140503,1.200369954109192
2024-10-25 20:00:00+00:00,1.2003999948501587,1.2005200386047363,1.1998000144958496,1.2001999616622925
2024-10-26 00:00:00+00:00,,,,
2024-10-26 04:00:00+00:00,,,,
2024-10-26 08:00:00+00:00,,,,
2024-10-26 12:00:00+00:00,,,,
2024-10-26 16:00:00+00:00,,,,
2024-10-26 20:00:00+00:00,,,,
2024-10-27 00:00:00+00:00,,,,
2024-10-27 04:00:00+00:00,,,,
2024-10-27 08:00:00+00:00,,,,
2024-10-27 12:00:00+00:00,,,,
2024-10-27 16:00:00+00:00,,,,
2024-10-27 20:00:00+00:00,,,,
2024-10-28 00:00:00+00:00,1.2000399827957153,1.2006700038909912,1.1994999647140503,1.2001899480819702
2024-10-28 04:00:00+00:00,1.2001299858093262,1.200850009918213,1.1994999647140503,1.2000000476837158
2024-10-28 08:00:00+00:00,1.2003999948501587,1.2007800340652466,1.198199987411499,1.2007800340652466
2024-10-28 12:00:00+00:00,1.200219988822937,1.2012399435043335,1.1992000341415405,1.1993000507354736
2024-10-28 16:00:00+00:00,1.199910044670105,1.200160026550293,1.1988999843597412,1.1991000175476074
2024-10-28 20:00:00+00:00,1.1994400024414062,1.199530005455017,1.1986000537872314,1.199280023574829
2024-10-29 00:00:00+00:00,1.1992900371551514,1.199679970741272,1.1985000371932983,1.1986000537872314
2024-10-29 04:00:00+00:00,1.1989799737930298,1.1998399496078491,1.1985000371932983,1.1993999481201172
2024-10-29 08:00:00+00:00,1.1998399496078491,1.2026100158691406,1.1988999843597412,1.2021000385284424
2024-10-29 12:00:00+00:00,1.2022900581359863,1.2048699855804443,1.20169997215271,1.2038999795913696
2024-10-29 16:00:00+00:00,1.2040899991989136,1.2041699886322021,1.2021000385284424,1.202589988708496
2024-10-29 20:00:00+00:00,1.2025500535964966,1.203160047531128,1.2019000053405762,1.2025099992752075
2024-10-30 00:00:00+00:00,1.2024600505828857,1.2027499675750732,1.201300024986267,1.2015000581741333
2024-10-30 04:00:00+00:00,1.201930046081543,1.2023199796676636,1.2010999917984009,1.2019000053405762
2024-10-30 08:00:00+00:00,1.2021199464797974,1.2021199464797974,1.1965999603271484,1.1978000402450562
2024-10-30 12:00:00+00:00,1.1981699466705322,1.2017600536346436,1.1960999965667725,1.1975599527359009
2024-10-30 16:00:00+00:00,1.197510004043579,1.198099970817566,1.193600058555603,1.1936999559402466
2024-10-30 20:00:00+00:00,1.1939899921417236,1.1942100524902344,1.1927000284194946,1.1932899951934814
2024-10-31 00:00:00+00:00,1.193269968032837,1.1936299800872803,1.1924999952316284,1.1929999589920044
2024-10-31 04:00:00+00:00,1.1934599876403809,1.196810007095337,1.1929999589920044,1.1962000131607056
2024-10-31 08:00:00+00:00,1.1965999603271484,1.1968499422073364,1.1931999921798706,1.1941299438476562
2024-10-31 12:00:00+00:00,1.1938799619674683,1.1941699981689453,1.1835999488830566,1.1836999654769897
2024-10-31 16:00:00+00:00,1.1842199563980103,1.1865700483322144,1.18340003490448,1.1847000122070312
2024-10-31 20:00:00+00:00,1.1851099729537964,1.1854300498962402,1.1842999458312988,1.184399962425232
2024-11-01 00:00:00+00:00,1.184790015220642,1.1859099864959717,1.184000015258789,1.1855000257492065
2024-11-01 04:00:00+00:00,1.1857800483703613,1.1867400407791138,1.1847000122070312,1.186710000038147
2024-11-01 08:00:00+00:00,1.1867300271987915,1.1895500421524048,1.1856000423431396,1.1884000301361084
2024-11-01 12:00:00+00:00,1.1886600255966187,1.1947400569915771,1.1881999969482422,1.194000005722046
2024-11-01 16:00:00+00:00,1.1943700313568115,1.1944799423217773,1.1919000148773193,1.1919000148773193
2024-11-01 20:00:00+00:00,1.192229986190796,1.1927000284194946,1.1916999816894531,1.1927000284194946
2024-11-02 00:00:00+00:00,,,,
2024-11-02 04:00:00+00:00,,,,
2024-11-02 08:00:00+00:00,,,,
2024-11-02 12:00:00+00:00,,,,
2024-11-02 16:00:00+00:00,,,,
2024-11-02 20:00:00+00:00,,,,
2024-11-03 00:00:00+00:00,,,,
2024-11-03 04:00:00+00:00,,,,
2024-11-03 08:00:00+00:00,,,,
2024-11-03 12:00:00+00:00,,,,
2024-11-03 16:00:00+00:00,,,,
2024-11-03 20:00:00+00:00,,,,
2024-11-04 00:00:00+00:00,1.191159963607788,1.1921700239181519,1.1907999515533447,1.1917999982833862
2024-11-04 04:00:00+00:00,1.1917999982833862,1.1924699544906616,1.190500020980835,1.1907700300216675
2024-11-04 08:00:00+00:00,1.1908400058746338,1.191249966621399,1.187600016593933,1.1891499757766724
2024-11-04 12:00:00+00:00,1.188979983329773,1.1915299892425537,1.187999963760376,1.190940022468567
2024-11-04 16:00:00+00:00,1.1907399892807007,1.190940022468567,1.1883000135421753,1.1906399726867676
2024-11-04 20:00:00+00:00,1.190600037574768,1.191249966621399,1.1900999546051025,1.1912100315093994
2024-11-05 00:00:00+00:00,1.1912100315093994,1.191290020942688,1.1902999877929688,1.190940022468567
2024-11-05 04:00:00+00:00,1.190940022468567,1.1920700073242188,1.190500020980835,1.1916799545288086
2024-11-05 08:00:00+00:00,1.1916999816894531,1.1921199560165405,1.1907999515533447,1.1918100118637085
2024-11-05 12:00:00+00:00,1.1919000148773193,1.193410038948059,1.1908999681472778,1.1925100088119507
2024-11-05 16:00:00+00:00,1.1924599409103394,1.1927299499511719,1.190500020980835,1.1909699440002441
2024-11-05 20:00:00+00:00,1.1910400390625,1.1931400299072266,1.190600037574768,1.1926599740982056
2024-11-06 00:00:00+00:00,1.192639946937561,1.2002700567245483,1.1922999620437622,1.1992900371551514
2024-11-06 04:00:00+00:00,1.1992100477218628,1.2002899646759033,1.1964000463485718,1.1984299421310425
2024-11-06 08:00:00+00:00,1.198490023612976,1.200950026512146,1.197100043296814,1.2005800008773804
2024-11-06 12:00:00+00:00,1.2006499767303467,1.2024799585342407,1.1986000537872314,1.2001700401306152
2024-11-06 16:00:00+00:00,1.2001999616622925,1.2018799781799316,1.1993000507354736,1.2005900144577026
2024-11-06 20:00:00+00:00,1.200569987297058,1.2012200355529785,1.1993999481201172,1.2002999782562256
2024-11-07 00:00:00+00:00,1.200260043144226,1.203089952468872,1.1999000310897827,1.2030600309371948
2024-11-07 04:00:00+00:00,1.203070044517517,1.20346999168396,1.2015999555587769,1.2026400566101074
2024-11-07 08:00:00+00:00,1.2022900581359863,1.2023500204086304,1.1986000537872314,1.1992100477218628
2024-11-07 12:00:00+00:00,1.1991900205612183,1.2026300430297852,1.1991900205612183,1.2020200490951538
2024-11-07 16:00:00+00:00,1.2021199464797974,1.2037400007247925,1.200700044631958,1.2022199630737305
2024-11-07 20:00:00+00:00,1.2021900415420532,1.2024500370025635,1.201300024986267,1.2024199962615967
2024-11-08 00:00:00+00:00,1.2025099992752075,1.2029399871826172,1.2020000219345093,1.2027699947357178
2024-11-08 04:00:00+00:00,1.202739953994751,1.2034499645233154,1.2019000053405762,1.2026000022888184
2024-11-08 08:00:00+00:00,1.202679991722107,1.2029900550842285,1.2008999586105347,1.2025699615478516
2024-11-08 12:00:00+00:00,1.202280044555664,1.204069972038269,1.200600028038025,1.2036800384521484
2024-11-08 16:00:00+00:00,1.2037500143051147,1.2057900428771973,1.2034000158309937,1.205180048942566
2024-11-08 20:00:00+00:00,1.2051600217819214,1.2055100202560425,1.204200029373169,1.2050000429153442
2024-11-09 00:00:00+00:00,,,,
2024-11-09 04:00:00+00:00,,,,
2024-11-09 08:00:00+00:00,,,,
2024-11-09 12:00:00+00:00,,,,
2024-11-09 16:00:00+00:00,,,,
2024-11-09 20:00:00+00:00,,,,
2024-11-10 00:00:00+00:00,,,,
2024-11-10 04:00:00+00:00,,,,
2024-11-10 08:00:00+00:00,,,,
2024-11-10 12:00:00+00:00,,,,
2024-11-10 16:00:00+00:00,,,,
2024-11-10 20:00:00+00:00,,,,
2024-11-11 00:00:00+00:00,1.2054599523544312,1.2055399417877197,1.2039999961853027,1.204949975013733
2024-11-11 04:00:00+00:00,1.2050199508666992,1.206570029258728,1.204200029373169,1.2063000202178955
2024-11-11 08:00:00+00:00,1.2056000232696533,1.2087700366973877,1.2056000232696533,1.2084699869155884
2024-11-11 12:00:00+00:00,1.2083499431610107,1.2102899551391602,1.2074999809265137,1.2084800004959106
2024-11-11 16:00:00+00:00,1.2086000442504883,1.2088799476623535,1.2066999673843384,1.2073299884796143
2024-11-11 20:00:00+00:00,1.2073800563812256,1.2075899839401245,1.2069000005722046,1.207200050354004
2024-11-12 00:00:00+00:00,1.2072099447250366,1.2078700065612793,1.2064000368118286,1.2069799900054932
2024-11-12 04:00:00+00:00,1.2064000368118286,1.2067899703979492,1.2041000127792358,1.2050800323486328
2024-11-12 08:00:00+00:00,1.2051199674606323,1.2075799703598022,1.204200029373169,1.2073400020599365
2024-11-12 12:00:00+00:00,1.2073700428009033,1.2082099914550781,1.2023999691009521,1.2028900384902954
2024-11-12 16:00:00+00:00,1.2029500007629395,1.203089952468872,1.1995999813079834,1.2000700235366821
2024-11-12 20:00:00+00:00,1.2000000476837158,1.2003599405288696,1.1992000341415405,1.1996300220489502
2024-11-13 00:00:00+00:00,1.1993000507354736,1.2002400159835815,1.1991000175476074,1.1999499797821045
2024-11-13 04:00:00+00:00,1.1999900341033936,1.2012699842453003,1.1993000507354736,1.2011100053787231
2024-11-13 08:00:00+00:00,1.2008800506591797,1.2015299797058105,1.1986000537872314,1.1989099979400635
2024-11-13 12:00:00+00:00,1.1989500522613525,1.2020200490951538,1.1978000402450562,1.2016099691390991
2024-11-13 16:00:00+00:00,1.2015899419784546,1.203570008277893,1.2009999752044678,1.2024099826812744
2024-11-13 20:00:00+00:00,1.2020000219345093,1.2031300067901611,1.2019000053405762,1.2026699781417847
2024-11-14 00:00:00+00:00,1.2025200128555298,1.2028900384902954,1.2015000581741333,1.2023899555206299
2024-11-14 04:00:00+00:00,1.2024099826812744,1.203320026397705,1.201799988746643,1.2022700309753418
2024-11-14 08:00:00+00:00,1.2025099992752075,1.2036800384521484,1.201200008392334,1.202180027961731
2024-11-14 12:00:00+00:00,1.2020000219345093,1.202929973602295,1.2008999586105347,1.2015700340270996
2024-11-14 16:00:00+00:00,1.2014000415802002,1.2031300067901611,1.201200008392334,1.202839970588684
2024-11-14 20:00:00+00:00,1.2027699947357178,1.2032500505447388,1.20169997215271,1.2028100490570068
2024-11-15 00:00:00+00:00,1.2029000520706177,1.2029000520706177,1.2015000581741333,1.2024699449539185
2024-11-15 04:00:00+00:00,1.2024699449539185,1.2026300430297852,1.1994999647140503,1.1998499631881714
2024-11-15 08:00:00+00:00,1.1998900175094604,1.2000700235366821,1.197100043296814,1.1996599435806274
2024-11-15 12:00:00+00:00,1.1991000175476074,1.1999900341033936,1.197100043296814,1.1986000537872314
2024-11-15 16:00:00+00:00,1.1985499858856201,1.198930025100708,1.1957999467849731,1.1967500448226929
2024-11-15 20:00:00+00:00,1.196869969367981,1.1978700160980225,1.1964000463485718,1.1966999769210815
2024-11-16 00:00:00+00:00,,,,
2024-11-16 04:00:00+00:00,,,,
2024-11-16 08:00:00+00:00,,,,
2024-11-16 12:00:00+00:00,,,,
2024-11-16 16:00:00+00:00,,,,
2024-11-16 20:00:00+00:00,,,,
2024-11-17 00:00:00+00:00,,,,
2024-11-17 04:00:00+00:00,,,,
2024-11-17 08:00:00+00:00,,,,
2024-11-17 12:00:00+00:00,,,,
2024-11-17 16:00:00+00:00,,,,
2024-11-17 20:00:00+00:00,,,,
2024-11-18 00:00:00+00:00,1.1975300312042236,1.1986099481582642,1.197100043296814,1.198330044746399
2024-11-18 04:00:00+00:00,1.198390007019043,1.198930025100708,1.1964000463485718,1.1970100402832031
2024-11-18 08:00:00+00:00,1.1969799995422363,1.197700023651123,1.194000005722046,1.1968499422073364
2024-11-18 12:00:00+00:00,1.1968499422073364,1.1979600191116333,1.194100022315979,1.1953099966049194
2024-11-18 16:00:00+00:00,1.1954400539398193,1.1970399618148804,1.195099949836731,1.1963200569152832
2024-11-18 20:00:00+00:00,1.1963499784469604,1.1967400312423706,1.1953999996185303,1.1965500116348267
2024-11-19 00:00:00+00:00,1.1965800523757935,1.197029948234558,1.1956000328063965,1.1969799995422363
2024-11-19 04:00:00+00:00,1.1969799995422363,1.1979299783706665,1.1959999799728394,1.1979199647903442
2024-11-19 08:00:00+00:00,1.1979600191116333,1.1999900341033936,1.1953999996185303,1.1961499452590942
2024-11-19 12:00:00+00:00,1.196120023727417,1.1966099739074707,1.193600058555603,1.1961699724197388
2024-11-19 16:00:00+00:00,1.1961899995803833,1.1978600025177002,1.1957999467849731,1.1964999437332153
2024-11-19 20:00:00+00:00,1.1964800357818604,1.197059988975525,1.1958999633789062,1.196660041809082
2024-11-20 00:00:00+00:00,1.1965899467468262,1.1974799633026123,1.1958999633789062,1.19746994972229
2024-11-20 04:00:00+00:00,1.1973799467086792,1.2006800174713135,1.1969000101089478,1.2000600099563599
2024-11-20 08:00:00+00:00,1.2001500129699707,1.200760006904602,1.198799967765808,1.1996099948883057
2024-11-20 12:00:00+00:00,1.1995799541473389,1.2027599811553955,1.1986000537872314,1.2024799585342407
2024-11-20 16:00:00+00:00,1.2025400400161743,1.2026400566101074,1.1993999481201172,1.199910044670105
2024-11-20 20:00:00+00:00,1.19992995262146,1.2001999616622925,1.1992000341415405,1.1998100280761719
2024-11-21 00:00:00+00:00,1.1998900175094604,1.2000900506973267,1.1990000009536743,1.1994099617004395
2024-11-21 04:00:00+00:00,1.1993999481201172,1.2005800008773804,1.198699951171875,1.2003799676895142
2024-11-21 08:00:00+00:00,1.2003400325775146,1.2015600204467773,1.1985000371932983,1.2012200355529785
2024-11-21 12:00:00+00:00,1.2012499570846558,1.2013399600982666,1.1990000009536743,1.2004300355911255
2024-11-21 16:00:00+00:00,1.2002999782562256,1.2021900415420532,1.1999000310897827,1.2019200325012207
2024-11-21 20:00:00+00:00,1.201930046081543,1.202180027961731,1.2010999917984009,1.201859951019287
2024-11-22 00:00:00+00:00,1.201990008354187,1.2022700309753418,1.2008999586105347,1.2012799978256226
2024-11-22 04:00:00+00:00,1.201300024986267,1.2015299797058105,1.1979999542236328,1.1988500356674194
2024-11-22 08:00:00+00:00,1.1988199949264526,1.2093600034713745,1.19760000705719,1.2010600566864014
2024-11-22 12:00:00+00:00,1.2011100053787231,1.2040300369262695,1.1995999813079834,1.2031999826431274
2024-11-22 16:00:00+00:00,1.2031500339508057,1.2038400173187256,1.20169997215271,1.2030600309371948
2024-11-22 20:00:00+00:00,1.203029990196228,1.2032899856567383,1.2021000385284424,1.2021000385284424
2024-11-23 00:00:00+00:00,,,,
2024-11-23 04:00:00+00:00,,,,
2024-11-23 08:00:00+00:00,,,,
2024-11-23 12:00:00+00:00,,,,
2024-11-23 16:00:00+00:00,,,,
2024-11-23 20:00:00+00:00,,,,
2024-11-24 00:00:00+00:00,,,,
2024-11-24 04:00:00+00:00,,,,
2024-11-24 08:00:00+00:00,,,,
2024-11-24 12:00:00+00:00,,,,
2024-11-24 16:00:00+00:00,,,,
2024-11-24 20:00:00+00:00,,,,
2024-11-25 00:00:00+00:00,1.2013800144195557,1.2020900249481201,1.200700044631958,1.2017199993133545
2024-11-25 04:00:00+00:00,1.2018300294876099,1.2032099962234497,1.2008999586105347,1.2028599977493286
2024-11-25 08:00:00+00:00,1.2027000188827515,1.2027000188827515,1.1978000402450562,1.1988600492477417
2024-11-25 12:00:00+00:00,1.1988799571990967,1.1989099979400635,1.1956000328063965,1.1966999769210815
2024-11-25 16:00:00+00:00,1.1964399814605713,1.1986299753189087,1.1958999633789062,1.1967999935150146
2024-11-25 20:00:00+00:00,1.1968300342559814,1.1994500160217285,1.1963000297546387,1.1993000507354736
2024-11-26 00:00:00+00:00,1.1996999979019165,1.2001899480819702,1.1969000101089478,1.197510004043579
2024-11-26 04:00:00+00:00,1.1973400115966797,1.1978700160980225,1.1966999769210815,1.1976399421691895
2024-11-26 08:00:00+00:00,1.197700023651123,1.1978000402450562,1.195099949836731,1.1968499422073364
2024-11-26 12:00:00+00:00,1.1967600584030151,1.1989599466323853,1.195099949836731,1.1987500190734863
2024-11-26 16:00:00+00:00,1.198240041732788,1.198930025100708,1.1956199407577515,1.1978600025177002
2024-11-26 20:00:00+00:00,1.1978700160980225,1.1985599994659424,1.1973999738693237,1.1983799934387207
2024-11-27 00:00:00+00:00,1.1982899904251099,1.1995500326156616,1.19760000705719,1.1991599798202515
2024-11-27 04:00:00+00:00,1.1991499662399292,1.19992995262146,1.1985000371932983,1.1993000507354736
2024-11-27 08:00:00+00:00,1.1993399858474731,1.1993399858474731,1.1964999437332153,1.1978600025177002
2024-11-27 12:00:00+00:00,1.1978100538253784,1.1994800567626953,1.197100043296814,1.1992100477218628
2024-11-27 16:00:00+00:00,1.199180006980896,1.1999599933624268,1.1978000402450562,1.1996599435806274
2024-11-27 20:00:00+00:00,1.1996400356292725,1.2001700401306152,1.1990000009536743,1.2000900506973267
2024-11-28 00:00:00+00:00,1.2001299858093262,1.200719952583313,1.1993999481201172,1.1998599767684937
2024-11-28 04:00:00+00:00,1.1998499631881714,1.2006800174713135,1.1992000341415405,1.1999900341033936
2024-11-28 08:00:00+00:00,1.2001899480819702,1.2012100219726562,1.1988999843597412,1.2005499601364136
2024-11-28 12:00:00+00:00,1.200600028038025,1.2025099992752075,1.1995999813079834,1.201640009880066
2024-11-28 16:00:00+00:00,1.2015399932861328,1.2023199796676636,1.2009999752044678,1.201799988746643
2024-11-28 20:00:00+00:00,1.201949954032898,1.2021000385284424,1.2010999917984009,1.202049970626831
2024-11-29 00:00:00+00:00,1.2020299434661865,1.2029600143432617,1.201200008392334,1.2022099494934082
2024-11-29 04:00:00+00:00,1.202239990234375,1.2038600444793701,1.20169997215271,1.2025699615478516
2024-11-29 08:00:00+00:00,1.202679991722107,1.2027599811553955,1.1999000310897827,1.202049970626831
2024-11-29 12:00:00+00:00,1.2021900415420532,1.2032500505447388,1.200600028038025,1.2031999826431274
2024-11-29 16:00:00+00:00,1.2031300067901611,1.2043700218200684,1.2029000520706177,1.2039300203323364
2024-11-29 20:00:00+00:00,1.2038400173187256,1.2042900323867798,1.2032999992370605,1.2036999464035034
2024-11-30 00:00:00+00:00,,,,
2024-11-30 04:00:00+00:00,,,,
2024-11-30 08:00:00+00:00,,,,
2024-11-30 12:00:00+00:00,,,,
2024-11-30 16:00:00+00:00,,,,
2024-11-30 20:00:00+00:00,,,,
2024-12-01 00:00:00+00:00,,,,
2024-12-01 04:00:00+00:00,,,,
2024-12-01 08:00:00+00:00,,,,
2024-12-01 12:00:00+00:00,,,,
2024-12-01 16:00:00+00:00,,,,
2024-12-01 20:00:00+00:00,,,,
2024-12-02 00:00:00+00:00,1.204450011253357,1.2059099674224854,1.2037999629974365,1.2056599855422974
2024-12-02 04:00:00+00:00,1.2056599855422974,1.207419991493225,1.2050000429153442,1.207419991493225
2024-12-02 08:00:00+00:00,1.2074300050735474,1.2090500593185425,1.2069000005722046,1.2079099416732788
2024-12-02 12:00:00+00:00,1.2078499794006348,1.2078499794006348,1.204800009727478,1.206130027770996
2024-12-02 16:00:00+00:00,1.2061100006103516,1.206470012664795,1.2043999433517456,1.205680012702942
2024-12-02 20:00:00+00:00,1.2057000398635864,1.2058000564575195,1.2041000127792358,1.2049000263214111
2024-12-03 00:00:00+00:00,1.2053500413894653,1.2058600187301636,1.204699993133545,1.2054200172424316
2024-12-03 04:00:00+00:00,1.2053799629211426,1.206339955329895,1.204800009727478,1.206220030784607
2024-12-03 08:00:00+00:00,1.2060799598693848,1.2065900564193726,1.2028000354766846,1.2032599449157715
2024-12-03 12:00:00+00:00,1.2032300233840942,1.2046300172805786,1.2024999856948853,1.2038400173187256
2024-12-03 16:00:00+00:00,1.203879952430725,1.205989956855774,1.2034000158309937,1.2057000398635864
2024-12-03 20:00:00+00:00,1.205739974975586,1.2061200141906738,1.205199956893921,1.2056900262832642
2024-12-04 00:00:00+00:00,1.2057600021362305,1.2063000202178955,1.2051000595092773,1.2059099674224854
2024-12-04 04:00:00+00:00,1.2059199810028076,1.2068500518798828,1.2050000429153442,1.2066400051116943
2024-12-04 08:00:00+00:00,1.206760048866272,1.2078399658203125,1.204300045967102,1.2070900201797485
2024-12-04 12:00:00+00:00,1.2069200277328491,1.2092000246047974,1.205199956893921,1.206719994544983
2024-12-04 16:00:00+00:00,1.206820011138916,1.207800030708313,1.2058000564575195,1.2077699899673462
2024-12-04 20:00:00+00:00,1.2078700065612793,1.2084100246429443,1.2072999477386475,1.2077000141143799
2024-12-05 00:00:00+00:00,1.2077000141143799,1.2080299854278564,1.2071000337600708,1.2076200246810913
2024-12-05 04:00:00+00:00,1.207669973373413,1.2086700201034546,1.2071000337600708,1.2082799673080444
2024-12-05 08:00:00+00:00,1.2081799507141113,1.2086700201034546,1.2073999643325806,1.2082899808883667
2024-12-05 12:00:00+00:00,1.2081899642944336,1.2082200050354004,1.205199956893921,1.206470012664795
2024-12-05 16:00:00+00:00,1.2065600156784058,1.2068400382995605,1.2043999433517456,1.204759955406189
2024-12-05 20:00:00+00:00,1.2048300504684448,1.2053799629211426,1.204200029373169,1.2051899433135986
2024-12-06 00:00:00+00:00,1.2053099870681763,1.2058299779891968,1.204800009727478,1.2055100202560425
2024-12-06 04:00:00+00:00,1.205530047416687,1.2063100337982178,1.204699993133545,1.205839991569519
2024-12-06 08:00:00+00:00,1.2059099674224854,1.2066899538040161,1.2051000595092773,1.2060500383377075
2024-12-06 12:00:00+00:00,1.2061799764633179,1.2075899839401245,1.2046500444412231,1.2062499523162842
2024-12-06 16:00:00+00:00,1.2061599493026733,1.206820011138916,1.205199956893921,1.2065000534057617
2024-12-06 20:00:00+00:00,1.2065000534057617,1.2065399885177612,1.2050000429153442,1.2050000429153442
2024-12-07 00:00:00+00:00,,,,
2024-12-07 04:00:00+00:00,,,,
2024-12-07 08:00:00+00:00,,,,
2024-12-07 12:00:00+00:00,,,,
2024-12-07 16:00:00+00:00,,,,
2024-12-07 20:00:00+00:00,,,,
2024-12-08 00:00:00+00:00,,,,
2024-12-08 04:00:00+00:00,,,,
2024-12-08 08:00:00+00:00,,,,
2024-12-08 12:00:00+00:00,,,,
2024-12-08 16:00:00+00:00,,,,
2024-12-08 20:00:00+00:00,,,,
2024-12-09 00:00:00+00:00,1.2064399719238281,1.2072999477386475,1.2059999704360962,1.2072999477386475
2024-12-09 04:00:00+00:00,1.2072399854660034,1.2084800004959106,1.2065000534057617,1.207900047302246
2024-12-09 08:00:00+00:00,1.208109974861145,1.2086999416351318,1.2065999507904053,1.2076799869537354
2024-12-09 12:00:00+00:00,1.207610011100769,1.209130048751831,1.2065000534057617,1.2079999446868896
2024-12-09 16:00:00+00:00,1.2075999975204468,1.2090400457382202,1.2075999975204468,1.208109974861145
2024-12-09 20:00:00+00:00,1.2081300020217896,1.2083200216293335,1.207200050354004,1.2077100276947021
2024-12-10 00:00:00+00:00,1.2073999643325806,1.2081799507141113,1.2069000005722046,1.207419991493225
2024-12-10 04:00:00+00:00,1.2073800563812256,1.2079600095748901,1.2069000005722046,1.2077499628067017
2024-12-10 08:00:00+00:00,1.2073999643325806,1.211940050125122,1.2073999643325806,1.2114200592041016
2024-12-10 12:00:00+00:00,1.2109999656677246,1.212839961051941,1.2103999853134155,1.21274995803833
2024-12-10 16:00:00+00:00,1.2126200199127197,1.2136199474334717,1.2117999792099,1.213320016860962
2024-12-10 20:00:00+00:00,1.2133500576019287,1.213420033454895,1.2122999429702759,1.213379979133606
2024-12-11 00:00:00+00:00,1.213379979133606,1.213379979133606,1.2121000289916992,1.2131099700927734
2024-12-11 04:00:00+00:00,1.2127000093460083,1.2140599489212036,1.2122999429702759,1.2137500047683716
2024-12-11 08:00:00+00:00,1.2132999897003174,1.2139699459075928,1.2115000486373901,1.212440013885498
2024-12-11 12:00:00+00:00,1.212499976158142,1.2155799865722656,1.211400032043457,1.21465003490448
2024-12-11 16:00:00+00:00,1.214709997177124,1.2153400182724,1.2137000560760498,1.2147400379180908
2024-12-11 20:00:00+00:00,1.21465003490448,1.2148799896240234,1.2137999534606934,1.2148799896240234
2024-12-12 00:00:00+00:00,1.2149100303649902,1.2153400182724,1.2143000364303589,1.2150299549102783
2024-12-12 04:00:00+00:00,1.2145999670028687,1.2151299715042114,1.2131999731063843,1.2134499549865723
2024-12-12 08:00:00+00:00,1.2135100364685059,1.2144399881362915,1.2125999927520752,1.212939977645874
2024-12-12 12:00:00+00:00,1.2128299474716187,1.2143700122833252,1.2085000276565552,1.2114399671554565
2024-12-12 16:00:00+00:00,1.2115399837493896,1.2115700244903564,1.2086000442504883,1.2097500562667847
2024-12-12 20:00:00+00:00,1.209779977798462,1.2108900547027588,1.2093000411987305,1.2101999521255493
2024-12-13 00:00:00+00:00,1.2098000049591064,1.2104899883270264,1.2089999914169312,1.210279941558838
2024-12-13 04:00:00+00:00,1.2102899551391602,1.210379958152771,1.2065000534057617,1.20701003074646
2024-12-13 08:00:00+00:00,1.2072700262069702,1.2072700262069702,1.2041000127792358,1.2054200172424316
2024-12-13 12:00:00+00:00,1.2053500413894653,1.205530047416687,1.2019000053405762,1.2024699449539185
2024-12-13 16:00:00+00:00,1.202489972114563,1.2029600143432617,1.2015000581741333,1.2020599842071533
2024-12-13 20:00:00+00:00,1.20169997215271,1.202180027961731,1.2009999752044678,1.2009999752044678
2024-12-14 00:00:00+00:00,,,,
2024-12-14 04:00:00+00:00,,,,
2024-12-14 08:00:00+00:00,,,,
2024-12-14 12:00:00+00:00,,,,
2024-12-14 16:00:00+00:00,,,,
2024-12-14 20:00:00+00:00,,,,
2024-12-15 00:00:00+00:00,,,,
2024-12-15 04:00:00+00:00,,,,
2024-12-15 08:00:00+00:00,,,,
2024-12-15 12:00:00+00:00,,,,
2024-12-15 16:00:00+00:00,,,,
2024-12-15 20:00:00+00:00,,,,
2024-12-16 00:00:00+00:00,1.2013200521469116,1.20169997215271,1.2002999782562256,1.201640009880066
2024-12-16 04:00:00+00:00,1.2016299962997437,1.2026000022888184,1.200700044631958,1.2024799585342407
2024-12-16 08:00:00+00:00,1.2023299932479858,1.2060799598693848,1.201300024986267,1.2055699825286865
2024-12-16 12:00:00+00:00,1.2055399417877197,1.2078299522399902,1.204200029373169,1.2077699899673462
2024-12-16 16:00:00+00:00,1.2077300548553467,1.2085700035095215,1.2060999870300293,1.206760048866272
2024-12-16 20:00:00+00:00,1.206719994544983,1.2070000171661377,1.2058000564575195,1.2065600156784058
2024-12-17 00:00:00+00:00,1.2065000534057617,1.2069400548934937,1.2051000595092773,1.2064000368118286
2024-12-17 04:00:00+00:00,1.2064000368118286,1.2098599672317505,1.2058000564575195,1.2096699476242065
2024-12-17 08:00:00+00:00,1.2098100185394287,1.2107700109481812,1.2085000276565552,1.2103699445724487
2024-12-17 12:00:00+00:00,1.2103500366210938,1.2108099460601807,1.2069000005722046,1.2105900049209595
2024-12-17 16:00:00+00:00,1.2105499505996704,1.212090015411377,1.2094999551773071,1.2118200063705444
2024-12-17 20:00:00+00:00,1.2117799520492554,1.2119699716567993,1.2107000350952148,1.2110300064086914
2024-12-18 00:00:00+00:00,1.210960030555725,1.2110300064086914,1.208799958229065,1.2092399597167969
2024-12-18 04:00:00+00:00,1.2092299461364746,1.2095400094985962,1.2075999975204468,1.2089799642562866
2024-12-18 08:00:00+00:00,1.2090100049972534,1.2118099927902222,1.207900047302246,1.2105799913406372
2024-12-18 12:00:00+00:00,1.2105300426483154,1.2118500471115112,1.2085000276565552,1.2118099927902222
2024-12-18 16:00:00+00:00,1.2117300033569336,1.2140899896621704,1.2105000019073486,1.213479995727539
2024-12-18 20:00:00+00:00,1.213610053062439,1.2148300409317017,1.2128000259399414,1.2141000032424927
2024-12-19 00:00:00+00:00,1.2141799926757812,1.2142000198364258,1.211899995803833,1.2127799987792969
2024-12-19 04:00:00+00:00,1.2127900123596191,1.2133400440216064,1.2111999988555908,1.2133400440216064
2024-12-19 08:00:00+00:00,1.2132500410079956,1.215980052947998,1.212499976158142,1.2137800455093384
2024-12-19 12:00:00+00:00,1.2117500305175781,1.2138099670410156,1.2080999612808228,1.2090400457382202
2024-12-19 16:00:00+00:00,1.2089500427246094,1.2099299430847168,1.2062000036239624,1.2066899538040161
2024-12-19 20:00:00+00:00,1.2068300247192383,1.2069100141525269,1.205299973487854,1.2057000398635864
2024-12-20 00:00:00+00:00,1.2057000398635864,1.2058199644088745,1.2036999464035034,1.204319953918457
2024-12-20 04:00:00+00:00,1.204390048980713,1.2064000368118286,1.2032999992370605,1.2040599584579468
2024-12-20 08:00:00+00:00,1.2042100429534912,1.2052099704742432,1.2024999856948853,1.2034499645233154
2024-12-20 12:00:00+00:00,1.2033499479293823,1.2079299688339233,1.2024999856948853,1.2062000036239624
2024-12-20 16:00:00+00:00,1.2059500217437744,1.2088799476623535,1.205399990081787,1.2061100006103516
2024-12-20 20:00:00+00:00,1.2061100006103516,1.2065900564193726,1.2044999599456787,1.2045999765396118
2024-12-21 00:00:00+00:00,,,,
2024-12-21 04:00:00+00:00,,,,
2024-12-21 08:00:00+00:00,,,,
2024-12-21 12:00:00+00:00,,,,
2024-12-21 16:00:00+00:00,,,,
2024-12-21 20:00:00+00:00,,,,
2024-12-22 00:00:00+00:00,,,,
2024-12-22 04:00:00+00:00,,,,
2024-12-22 08:00:00+00:00,,,,
2024-12-22 12:00:00+00:00,,,,
2024-12-22 16:00:00+00:00,,,,
2024-12-22 20:00:00+00:00,,,,
2024-12-23 00:00:00+00:00,1.2046699523925781,1.2056399583816528,1.2043999433517456,1.204800009727478
2024-12-23 04:00:00+00:00,1.2048100233078003,1.2060600519180298,1.2036000490188599,1.205970048904419
2024-12-23 08:00:00+00:00,1.206030011177063,1.207990050315857,1.2043999433517456,1.205049991607666
2024-12-23 12:00:00+00:00,1.2050299644470215,1.2058000564575195,1.2036999464035034,1.2046500444412231
2024-12-23 16:00:00+00:00,1.2046400308609009,1.2046400308609009,1.2024999856948853,1.2038400173187256
2024-12-23 20:00:00+00:00,1.2038700580596924,1.2046799659729004,1.2035000324249268,1.2044700384140015
2024-12-24 00:00:00+00:00,1.2044899463653564,1.205989956855774,1.2039999961853027,1.2058900594711304
2024-12-24 04:00:00+00:00,1.2059299945831299,1.2061400413513184,1.2049000263214111,1.2060400247573853
2024-12-24 08:00:00+00:00,1.2060500383377075,1.2062699794769287,1.2045999765396118,1.2056000232696533
2024-12-24 12:00:00+00:00,1.2055399417877197,1.2083200216293335,1.2049000263214111,1.2065900564193726
2024-12-24 16:00:00+00:00,1.2066400051116943,1.206719994544983,1.2044999599456787,1.2051000595092773
2024-12-24 20:00:00+00:00,1.205199956893921,1.2065999507904053,1.204800009727478,1.204800009727478
2024-12-25 00:00:00+00:00,1.2044999599456787,1.2057299613952637,1.2038999795913696,1.2049000263214111
2024-12-25 04:00:00+00:00,1.2043999433517456,1.205899953842163,1.204300045967102,1.205399990081787
2024-12-25 08:00:00+00:00,1.2058000564575195,1.2058000564575195,1.204800009727478,1.204800009727478
2024-12-25 12:00:00+00:00,,,,
2024-12-25 16:00:00+00:00,1.2060999870300293,1.2060999870300293,1.2055000066757202,1.2055000066757202
2024-12-25 20:00:00+00:00,1.2062000036239624,1.2065999507904053,1.2045999765396118,1.2057000398635864
2024-12-26 00:00:00+00:00,1.206030011177063,1.2065399885177612,1.205399990081787,1.2061599493026733
2024-12-26 04:00:00+00:00,1.2061799764633179,1.2065000534057617,1.2044999599456787,1.2050700187683105
2024-12-26 08:00:00+00:00,1.2050600051879883,1.2053899765014648,1.204200029373169,1.2047100067138672
2024-12-26 12:00:00+00:00,1.2046400308609009,1.2047100067138672,1.201300024986267,1.201740026473999
2024-12-26 16:00:00+00:00,1.2019000053405762,1.2022700309753418,1.2007999420166016,1.202180027961731
2024-12-26 20:00:00+00:00,1.2022600173950195,1.2023099660873413,1.2010999917984009,1.2020100355148315
2024-12-27 00:00:00+00:00,1.2020299434661865,1.203029990196228,1.2014000415802002,1.2028700113296509
2024-12-27 04:00:00+00:00,1.2028599977493286,1.2034200429916382,1.2015999555587769,1.2022099494934082
2024-12-27 08:00:00+00:00,1.2027000188827515,1.2033599615097046,1.2002999782562256,1.202370047569275
2024-12-27 12:00:00+00:00,1.2022700309753418,1.206820011138916,1.20169997215271,1.2067300081253052
2024-12-27 16:00:00+00:00,1.2066800594329834,1.2072999477386475,1.2044999599456787,1.20632004737854
2024-12-27 20:00:00+00:00,1.2063499689102173,1.2066999673843384,1.205399990081787,1.205399990081787
2024-12-28 00:00:00+00:00,,,,
2024-12-28 04:00:00+00:00,,,,
2024-12-28 08:00:00+00:00,,,,
2024-12-28 12:00:00+00:00,,,,
2024-12-28 16:00:00+00:00,,,,
2024-12-28 20:00:00+00:00,,,,
2024-12-29 00:00:00+00:00,,,,
2024-12-29 04:00:00+00:00,,,,
2024-12-29 08:00:00+00:00,,,,
2024-12-29 12:00:00+00:00,,,,
2024-12-29 16:00:00+00:00,,,,
2024-12-29 20:00:00+00:00,,,,
2024-12-30 00:00:00+00:00,1.2059299945831299,1.2066400051116943,1.205399990081787,1.2065999507904053
2024-12-30 04:00:00+00:00,1.2062000036239624,1.2069900035858154,1.2055000066757202,1.2063699960708618
2024-12-30 08:00:00+00:00,1.2062100172042847,1.2071000337600708,1.2044999599456787,1.2058099508285522
2024-12-30 12:00:00+00:00,1.2055699825286865,1.2085100412368774,1.2045999765396118,1.2051899433135986
2024-12-30 16:00:00+00:00,1.2053099870681763,1.2072399854660034,1.2044999599456787,1.2064399719238281
2024-12-30 20:00:00+00:00,1.2064299583435059,1.206529974937439,1.205199956893921,1.205739974975586
2024-12-31 00:00:00+00:00,1.205399990081787,1.2063000202178955,1.205299973487854,1.2057700157165527
2024-12-31 04:00:00+00:00,1.205780029296875,1.2066999673843384,1.205199956893921,1.2063599824905396
2024-12-31 08:00:00+00:00,1.2063000202178955,1.2063000202178955,1.2034000158309937,1.2044099569320679
2024-12-31 12:00:00+00:00,1.204259991645813,1.2098300457000732,1.2036000490188599,1.2096400260925293
2024-12-31 16:00:00+00:00,1.2096400260925293,1.2099900245666504,1.2074999809265137,1.2080199718475342
2024-12-31 20:00:00+00:00,1.2077000141143799,1.2087600231170654,1.2077000141143799,1.2085000276565552
2025-01-01 00:00:00+00:00,,,,
2025-01-01 04:00:00+00:00,,,,
2025-01-01 08:00:00+00:00,,,,
2025-01-01 12:00:00+00:00,,,,
2025-01-01 16:00:00+00:00,1.208400011062622,1.208400011062622,1.207800030708313,1.208299994468689
2025-01-01 20:00:00+00:00,1.208299994468689,1.209220051765442,1.2075999975204468,1.2091699838638306
2025-01-02 00:00:00+00:00,1.2094299793243408,1.2094299793243408,1.207800030708313,1.2086100578308105
2025-01-02 04:00:00+00:00,1.2086100578308105,1.2092700004577637,1.2072999477386475,1.208150029182434
2025-01-02 08:00:00+00:00,1.2074999809265137,1.2080299854278564,1.204200029373169,1.2052600383758545
2025-01-02 12:00:00+00:00,1.2051899433135986,1.2054100036621094,1.2007999420166016,1.2041599750518799
2025-01-02 16:00:00+00:00,1.2042800188064575,1.2080299854278564,1.2038999795913696,1.2065900564193726
2025-01-02 20:00:00+00:00,1.2065399885177612,1.206820011138916,1.2051000595092773,1.205549955368042
2025-01-03 00:00:00+00:00,1.2055799961090088,1.206779956817627,1.2051000595092773,1.2066199779510498
2025-01-03 04:00:00+00:00,1.2063000202178955,1.2068899869918823,1.2045999765396118,1.2059600353240967
2025-01-03 08:00:00+00:00,1.2056000232696533,1.2064399719238281,1.204200029373169,1.204699993133545
2025-01-03 12:00:00+00:00,1.2047699689865112,1.2061500549316406,1.2039999961853027,1.2054599523544312
2025-01-03 16:00:00+00:00,1.205430030822754,1.2067300081253052,1.2050000429153442,1.2063299417495728
2025-01-03 20:00:00+00:00,1.206339955329895,1.2064199447631836,1.2044999599456787,1.2045999765396118
2025-01-04 00:00:00+00:00,,,,
2025-01-04 04:00:00+00:00,,,,
2025-01-04 08:00:00+00:00,,,,
2025-01-04 12:00:00+00:00,,,,
2025-01-04 16:00:00+00:00,,,,
2025-01-04 20:00:00+00:00,,,,
2025-01-05 00:00:00+00:00,,,,
2025-01-05 04:00:00+00:00,,,,
2025-01-05 08:00:00+00:00,,,,
2025-01-05 12:00:00+00:00,,,,
2025-01-05 16:00:00+00:00,,,,
2025-01-05 20:00:00+00:00,,,,
2025-01-06 00:00:00+00:00,1.2056299448013306,1.2064599990844727,1.2049000263214111,1.2053200006484985
2025-01-06 04:00:00+00:00,1.205340027809143,1.206760048866272,1.2049000263214111,1.205739974975586
2025-01-06 08:00:00+00:00,1.2057100534439087,1.2066199779510498,1.2023999691009521,1.2035399675369263
2025-01-06 12:00:00+00:00,1.2033900022506714,1.2054100036621094,1.2020000219345093,1.203279972076416
2025-01-06 16:00:00+00:00,1.2033100128173828,1.2052600383758545,1.2029000520706177,1.2044999599456787
2025-01-06 20:00:00+00:00,1.2044099569320679,1.2051600217819214,1.2038999795913696,1.204740047454834
2025-01-07 00:00:00+00:00,1.204740047454834,1.206030011177063,1.204300045967102,1.2058299779891968
2025-01-07 04:00:00+00:00,1.2058299779891968,1.2060600519180298,1.2045999765396118,1.20524001121521
2025-01-07 08:00:00+00:00,1.2051600217819214,1.2053500413894653,1.2036000490188599,1.204069972038269
2025-01-07 12:00:00+00:00,1.2041499614715576,1.206570029258728,1.2036000490188599,1.2045799493789673
2025-01-07 16:00:00+00:00,1.2047699689865112,1.2062900066375732,1.2039999961853027,1.2061100006103516
2025-01-07 20:00:00+00:00,1.2060199975967407,1.206629991531372,1.2055000066757202,1.206089973449707
2025-01-08 00:00:00+00:00,1.206220030784607,1.2063000202178955,1.205399990081787,1.2058500051498413
2025-01-08 04:00:00+00:00,1.2058000564575195,1.2069499492645264,1.205199956893921,1.2067500352859497
2025-01-08 08:00:00+00:00,1.206470012664795,1.2069499492645264,1.1991000175476074,1.2015600204467773
2025-01-08 12:00:00+00:00,1.2009299993515015,1.201200008392334,1.1969000101089478,1.1981199979782104
2025-01-08 16:00:00+00:00,1.198099970817566,1.199180006980896,1.1972999572753906,1.1985900402069092
2025-01-08 20:00:00+00:00,1.1984599828720093,1.1985700130462646,1.1974999904632568,1.1981199979782104
2025-01-09 00:00:00+00:00,1.198199987411499,1.1985499858856201,1.1966999769210815,1.1970900297164917
2025-01-09 04:00:00+00:00,1.1970499753952026,1.1970499753952026,1.190500020980835,1.1910899877548218
2025-01-09 08:00:00+00:00,1.1911100149154663,1.1939799785614014,1.1894099712371826,1.1928399801254272
2025-01-09 12:00:00+00:00,1.19268000125885,1.1949900388717651,1.190999984741211,1.1944700479507446
2025-01-09 16:00:00+00:00,1.1944700479507446,1.1952500343322754,1.1933000087738037,1.1951500177383423
2025-01-09 20:00:00+00:00,1.195080041885376,1.195199966430664,1.1938799619674683,1.1943399906158447
2025-01-10 00:00:00+00:00,1.1943399906158447,1.1946799755096436,1.193600058555603,1.1943399906158447
2025-01-10 04:00:00+00:00,1.194350004196167,1.1945899724960327,1.1927000284194946,1.193519949913025
2025-01-10 08:00:00+00:00,1.1935499906539917,1.1945899724960327,1.1920000314712524,1.1941399574279785
2025-01-10 12:00:00+00:00,1.1940900087356567,1.1952999830245972,1.1914000511169434,1.1929999589920044
2025-01-10 16:00:00+00:00,1.1930099725723267,1.1932799816131592,1.1913000345230103,1.1917400360107422
2025-01-10 20:00:00+00:00,1.1917099952697754,1.1919900178909302,1.190999984741211,1.190999984741211
2025-01-11 00:00:00+00:00,,,,
2025-01-11 04:00:00+00:00,,,,
2025-01-11 08:00:00+00:00,,,,
2025-01-11 12:00:00+00:00,,,,
2025-01-11 16:00:00+00:00,,,,
2025-01-11 20:00:00+00:00,,,,
2025-01-12 00:00:00+00:00,,,,
2025-01-12 04:00:00+00:00,,,,
2025-01-12 08:00:00+00:00,,,,
2025-01-12 12:00:00+00:00,,,,
2025-01-12 16:00:00+00:00,,,,
2025-01-12 20:00:00+00:00,,,,
2025-01-13 00:00:00+00:00,1.191249966621399,1.1915899515151978,1.1875,1.1885499954223633
2025-01-13 04:00:00+00:00,1.188730001449585,1.1895899772644043,1.1871999502182007,1.1881500482559204
2025-01-13 08:00:00+00:00,1.1883200407028198,1.1901899576187134,1.1866999864578247,1.1877700090408325
2025-01-13 12:00:00+00:00,1.1874300241470337,1.1916999816894531,1.1866999864578247,1.1916199922561646
2025-01-13 16:00:00+00:00,1.1915500164031982,1.192370057106018,1.1902999877929688,1.191830039024353
2025-01-13 20:00:00+00:00,1.1918599605560303,1.1919300556182861,1.1895999908447266,1.191390037536621
2025-01-14 00:00:00+00:00,1.1914900541305542,1.191849946975708,1.1902999877929688,1.1912699937820435
2025-01-14 04:00:00+00:00,1.191140055656433,1.1914499998092651,1.1901999711990356,1.190600037574768
2025-01-14 08:00:00+00:00,1.1906700134277344,1.1921499967575073,1.1859999895095825,1.1874099969863892
2025-01-14 12:00:00+00:00,1.1874200105667114,1.187749981880188,1.1833000183105469,1.1850099563598633
2025-01-14 16:00:00+00:00,1.1849900484085083,1.185539960861206,1.1829999685287476,1.1845099925994873
2025-01-14 20:00:00+00:00,1.184540033340454,1.1849600076675415,1.1835999488830566,1.1842999458312988
2025-01-15 00:00:00+00:00,1.184559941291809,1.1847000122070312,1.183500051498413,1.1845099925994873
2025-01-15 04:00:00+00:00,1.1845099925994873,1.1874699592590332,1.1830799579620361,1.1868900060653687
2025-01-15 08:00:00+00:00,1.1864999532699585,1.1867799758911133,1.1837999820709229,1.1865899562835693
2025-01-15 12:00:00+00:00,1.1864299774169922,1.1896699666976929,1.1845999956130981,1.1892800331115723
2025-01-15 16:00:00+00:00,1.1892900466918945,1.189520001411438,1.186900019645691,1.1880899667739868
2025-01-15 20:00:00+00:00,1.1881099939346313,1.1894999742507935,1.1878000497817993,1.1889699697494507
2025-01-16 00:00:00+00:00,1.1891299486160278,1.18913996219635,1.187600016593933,1.1881099939346313
2025-01-16 04:00:00+00:00,1.1881099939346313,1.1881200075149536,1.1848000288009644,1.1864900588989258
2025-01-16 08:00:00+00:00,1.186560034751892,1.1866300106048584,1.1847000122070312,1.1858999729156494
2025-01-16 12:00:00+00:00,1.1859999895095825,1.1879299879074097,1.1852999925613403,1.1875699758529663
2025-01-16 16:00:00+00:00,1.187540054321289,1.188789963722229,1.186900019645691,1.1875300407409668
2025-01-16 20:00:00+00:00,1.1875799894332886,1.1881799697875977,1.186900019645691,1.1874899864196777
2025-01-17 00:00:00+00:00,1.1875,1.1877100467681885,1.1864999532699585,1.1874799728393555
2025-01-17 04:00:00+00:00,1.1875100135803223,1.1876699924468994,1.1826000213623047,1.1836800575256348
2025-01-17 08:00:00+00:00,1.183500051498413,1.1853300333023071,1.1828999519348145,1.1835700273513794
2025-01-17 12:00:00+00:00,1.183459997177124,1.1848900318145752,1.1827000379562378,1.1841700077056885
2025-01-17 16:00:00+00:00,1.1842800378799438,1.1850099563598633,1.1828999519348145,1.184000015258789
2025-01-17 20:00:00+00:00,1.1840499639511108,1.184730052947998,1.183500051498413,1.1841000318527222
2025-01-18 00:00:00+00:00,,,,
2025-01-18 04:00:00+00:00,,,,
2025-01-18 08:00:00+00:00,,,,
2025-01-18 12:00:00+00:00,,,,
2025-01-18 16:00:00+00:00,,,,
2025-01-18 20:00:00+00:00,,,,
2025-01-19 00:00:00+00:00,,,,
2025-01-19 04:00:00+00:00,,,,
2025-01-19 08:00:00+00:00,,,,
2025-01-19 12:00:00+00:00,,,,
2025-01-19 16:00:00+00:00,,,,
2025-01-19 20:00:00+00:00,,,,
2025-01-20 00:00:00+00:00,1.1840699911117554,1.1848399639129639,1.1835999488830566,1.1841000318527222
2025-01-20 04:00:00+00:00,1.1840699911117554,1.1851500272750854,1.183500051498413,1.1839499473571777
2025-01-20 08:00:00+00:00,1.183500051498413,1.1844300031661987,1.1797000169754028,1.1820199489593506
2025-01-20 12:00:00+00:00,1.1820000410079956,1.183150053024292,1.1801999807357788,1.1817899942398071
2025-01-20 16:00:00+00:00,1.1817799806594849,1.184059977531433,1.181399941444397,1.183500051498413
2025-01-20 20:00:00+00:00,1.183709979057312,1.183709979057312,1.1820000410079956,1.183109998703003
2025-01-21 00:00:00+00:00,1.1831799745559692,1.1838500499725342,1.1821999549865723,1.1835600137710571
2025-01-21 04:00:00+00:00,1.183609962463379,1.1836600303649902,1.1815999746322632,1.1824300289154053
2025-01-21 08:00:00+00:00,1.1820000410079956,1.183609962463379,1.1812000274658203,1.1816600561141968
2025-01-21 12:00:00+00:00,1.1817100048065186,1.183590054512024,1.1815999746322632,1.1826399564743042
2025-01-21 16:00:00+00:00,1.1825200319290161,1.1832000017166138,1.1818000078201294,1.183150053024292
2025-01-21 20:00:00+00:00,1.1832400560379028,1.185420036315918,1.182800054550171,1.1853899955749512
2025-01-22 00:00:00+00:00,1.1853300333023071,1.185349941253662,1.183899998664856,1.1842999458312988
2025-01-22 04:00:00+00:00,1.183899998664856,1.1853599548339844,1.1820000410079956,1.1830999851226807
2025-01-22 08:00:00+00:00,1.1831200122833252,1.1845200061798096,1.1821999549865723,1.1830300092697144
2025-01-22 12:00:00+00:00,1.183150053024292,1.1842299699783325,1.1816999912261963,1.182070016860962
2025-01-22 16:00:00+00:00,1.1821500062942505,1.1832000017166138,1.1813000440597534,1.1827399730682373
2025-01-22 20:00:00+00:00,1.1822999715805054,1.1830999851226807,1.1815999746322632,1.1829899549484253
2025-01-23 00:00:00+00:00,1.1826000213623047,1.1833000183105469,1.1823999881744385,1.1830099821090698
2025-01-23 04:00:00+00:00,1.1830500364303589,1.1834100484848022,1.1823999881744385,1.183019995689392
2025-01-23 08:00:00+00:00,1.1829700469970703,1.1838500499725342,1.1819000244140625,1.1830300092697144
2025-01-23 12:00:00+00:00,1.1829099655151367,1.185289978981018,1.1825000047683716,1.1850700378417969
2025-01-23 16:00:00+00:00,1.1848000288009644,1.18586003780365,1.1842999458312988,1.1857399940490723
2025-01-23 20:00:00+00:00,1.1852999925613403,1.1859500408172607,1.1850999593734741,1.1857999563217163
2025-01-24 00:00:00+00:00,1.1859500408172607,1.186769962310791,1.1851999759674072,1.1862800121307373
2025-01-24 04:00:00+00:00,1.1862900257110596,1.1870700120925903,1.1835999488830566,1.1839499473571777
2025-01-24 08:00:00+00:00,1.1839900016784668,1.1851400136947632,1.181399941444397,1.1839200258255005
2025-01-24 12:00:00+00:00,1.1838899850845337,1.187119960784912,1.1829999685287476,1.1868799924850464
2025-01-24 16:00:00+00:00,1.1865999698638916,1.1894199848175049,1.1865999698638916,1.1892900466918945
2025-01-24 20:00:00+00:00,1.1893099546432495,1.1897499561309814,1.1888999938964844,1.1890000104904175
2025-01-25 00:00:00+00:00,,,,
2025-01-25 04:00:00+00:00,,,,
2025-01-25 08:00:00+00:00,,,,
2025-01-25 12:00:00+00:00,,,,
2025-01-25 16:00:00+00:00,,,,
2025-01-25 20:00:00+00:00,,,,
2025-01-26 00:00:00+00:00,,,,
2025-01-26 04:00:00+00:00,,,,
2025-01-26 08:00:00+00:00,,,,
2025-01-26 12:00:00+00:00,,,,
2025-01-26 16:00:00+00:00,,,,
2025-01-26 20:00:00+00:00,,,,
2025-01-27 00:00:00+00:00,1.190000057220459,1.1901500225067139,1.1886999607086182,1.1896599531173706
2025-01-27 04:00:00+00:00,1.1897200345993042,1.1907999515533447,1.1878999471664429,1.188689947128296
2025-01-27 08:00:00+00:00,1.1884100437164307,1.1914600133895874,1.187399983406067,1.1884900331497192
2025-01-27 12:00:00+00:00,1.1886299848556519,1.189650058746338,1.1875,1.187980055809021
2025-01-27 16:00:00+00:00,1.187999963760376,1.190459966659546,1.1871000528335571,1.1903300285339355
2025-01-27 20:00:00+00:00,1.1902300119400024,1.1931500434875488,1.1898000240325928,1.1925699710845947
2025-01-28 00:00:00+00:00,1.1931099891662598,1.193160057067871,1.1914000511169434,1.1927000284194946
2025-01-28 04:00:00+00:00,1.1927299499511719,1.1927299499511719,1.1908999681472778,1.191830039024353
2025-01-28 08:00:00+00:00,1.191890001296997,1.193179965019226,1.1914000511169434,1.1921199560165405
2025-01-28 12:00:00+00:00,1.1919900178909302,1.1929800510406494,1.1907000541687012,1.1925100088119507
2025-01-28 16:00:00+00:00,1.1925599575042725,1.1928600072860718,1.191100001335144,1.1924099922180176
2025-01-28 20:00:00+00:00,1.1923999786376953,1.192870020866394,1.1916999816894531,1.19281005859375
2025-01-29 00:00:00+00:00,1.1929399967193604,1.1930400133132935,1.1917999982833862,1.1925599575042725
2025-01-29 04:00:00+00:00,1.1925400495529175,1.1953500509262085,1.1920000314712524,1.195039987564087
2025-01-29 08:00:00+00:00,1.1949299573898315,1.1954200267791748,1.1926000118255615,1.1937799453735352
2025-01-29 12:00:00+00:00,1.193809986114502,1.1944500207901,1.1922999620437622,1.1932400465011597
2025-01-29 16:00:00+00:00,1.1932100057601929,1.1952199935913086,1.1927000284194946,1.1946099996566772
2025-01-29 20:00:00+00:00,1.194640040397644,1.19514000415802,1.1937999725341797,1.1945199966430664
2025-01-30 00:00:00+00:00,1.1945500373840332,1.1946699619293213,1.1937999725341797,1.1942399740219116
2025-01-30 04:00:00+00:00,1.194219946861267,1.1945799589157104,1.1934000253677368,1.1944500207901
2025-01-30 08:00:00+00:00,1.1944799423217773,1.1960699558258057,1.1937999725341797,1.1958600282669067
2025-01-30 12:00:00+00:00,1.1957900524139404,1.1959199905395508,1.1914000511169434,1.1951500177383423
2025-01-30 16:00:00+00:00,1.195039987564087,1.1956199407577515,1.19350004196167,1.1946200132369995
2025-01-30 20:00:00+00:00,1.1946099996566772,1.1952300071716309,1.1938999891281128,1.1947100162506104
2025-01-31 00:00:00+00:00,1.1946899890899658,1.1958199739456177,1.1943999528884888,1.1955900192260742
2025-01-31 04:00:00+00:00,1.1956199407577515,1.1957999467849731,1.1936999559402466,1.1950600147247314
2025-01-31 08:00:00+00:00,1.1951199769973755,1.1967699527740479,1.194700002670288,1.1959199905395508
2025-01-31 12:00:00+00:00,1.1957199573516846,1.1965500116348267,1.194200038909912,1.1950199604034424
2025-01-31 16:00:00+00:00,1.195080041885376,1.1967799663543701,1.1944999694824219,1.1950199604034424
2025-01-31 20:00:00+00:00,1.1949700117111206,1.1965800523757935,1.1943999528884888,1.1958999633789062
2025-02-01 00:00:00+00:00,,,,
2025-02-01 04:00:00+00:00,,,,
2025-02-01 08:00:00+00:00,,,,
2025-02-01 12:00:00+00:00,,,,
2025-02-01 16:00:00+00:00,,,,
2025-02-01 20:00:00+00:00,,,,
2025-02-02 00:00:00+00:00,,,,
2025-02-02 04:00:00+00:00,,,,
2025-02-02 08:00:00+00:00,,,,
2025-02-02 12:00:00+00:00,,,,
2025-02-02 16:00:00+00:00,,,,
2025-02-02 20:00:00+00:00,,,,
2025-02-03 00:00:00+00:00,1.1990100145339966,1.2014000415802002,1.1983000040054321,1.1995999813079834
2025-02-03 04:00:00+00:00,1.1997400522232056,1.201740026473999,1.197700023651123,1.2012499570846558
2025-02-03 08:00:00+00:00,1.2012799978256226,1.2029000520706177,1.200600028038025,1.201490044593811
2025-02-03 12:00:00+00:00,1.2014100551605225,1.2049700021743774,1.2008999586105347,1.203029990196228
2025-02-03 16:00:00+00:00,1.2026000022888184,1.2059600353240967,1.2026000022888184,1.2050199508666992
2025-02-03 20:00:00+00:00,1.2050000429153442,1.2051299810409546,1.2015999555587769,1.2035900354385376
2025-02-04 00:00:00+00:00,1.2036700248718262,1.204300045967102,1.2028000354766846,1.2034200429916382
2025-02-04 04:00:00+00:00,1.2033900022506714,1.2048100233078003,1.2028000354766846,1.2039599418640137
2025-02-04 08:00:00+00:00,1.2037800550460815,1.2037800550460815,1.2007999420166016,1.2015999555587769
2025-02-04 12:00:00+00:00,1.2009999752044678,1.2026000022888184,1.2000999450683594,1.2019799947738647
2025-02-04 16:00:00+00:00,1.2018500566482544,1.203160047531128,1.2014000415802002,1.2022600173950195
2025-02-04 20:00:00+00:00,1.2022299766540527,1.2027000188827515,1.2015999555587769,1.2027000188827515
2025-02-05 00:00:00+00:00,1.2028000354766846,1.2028700113296509,1.2009999752044678,1.2017099857330322
2025-02-05 04:00:00+00:00,1.2016600370407104,1.2018200159072876,1.200600028038025,1.2015700340270996
2025-02-05 08:00:00+00:00,1.2014000415802002,1.2041000127792358,1.2009999752044678,1.203160047531128
2025-02-05 12:00:00+00:00,1.2031500339508057,1.2036999464035034,1.1992000341415405,1.200909972190857
2025-02-05 16:00:00+00:00,1.2010400295257568,1.2017300128936768,1.1998000144958496,1.201490044593811
2025-02-05 20:00:00+00:00,1.2015000581741333,1.202280044555664,1.2009999752044678,1.2021299600601196
2025-02-06 00:00:00+00:00,1.20169997215271,1.2024999856948853,1.2014000415802002,1.2022099494934082
2025-02-06 04:00:00+00:00,1.201799988746643,1.2023500204086304,1.2005000114440918,1.2013499736785889
2025-02-06 08:00:00+00:00,1.2016299962997437,1.2019200325012207,1.197100043296814,1.1981899738311768
2025-02-06 12:00:00+00:00,1.1975200176239014,1.1977299451828003,1.19350004196167,1.1970399618148804
2025-02-06 16:00:00+00:00,1.1972600221633911,1.1994600296020508,1.1966999769210815,1.1974600553512573
2025-02-06 20:00:00+00:00,1.1970000267028809,1.1975300312042236,1.1965999603271484,1.1972600221633911
2025-02-07 00:00:00+00:00,1.1969000101089478,1.1978000402450562,1.1964999437332153,1.1972099542617798
2025-02-07 04:00:00+00:00,1.1971999406814575,1.1982799768447876,1.1963000297546387,1.197510004043579
2025-02-07 08:00:00+00:00,1.1974999904632568,1.19992995262146,1.1970000267028809,1.1993800401687622
2025-02-07 12:00:00+00:00,1.1994400024414062,1.2008600234985352,1.1982899904251099,1.1995699405670166
2025-02-07 16:00:00+00:00,1.1992000341415405,1.2019599676132202,1.1984000205993652,1.2013100385665894
2025-02-07 20:00:00+00:00,1.2007999420166016,1.2013800144195557,1.2002999782562256,1.2002999782562256
2025-02-08 00:00:00+00:00,,,,
2025-02-08 04:00:00+00:00,,,,
2025-02-08 08:00:00+00:00,,,,
2025-02-08 12:00:00+00:00,,,,
2025-02-08 16:00:00+00:00,,,,
2025-02-08 20:00:00+00:00,,,,
2025-02-09 00:00:00+00:00,,,,
2025-02-09 04:00:00+00:00,,,,
2025-02-09 08:00:00+00:00,,,,
2025-02-09 12:00:00+00:00,,,,
2025-02-09 16:00:00+00:00,,,,
2025-02-09 20:00:00+00:00,,,,
2025-02-10 00:00:00+00:00,1.2015999555587769,1.2022199630737305,1.2009999752044678,1.2020699977874756
2025-02-10 04:00:00+00:00,1.2020699977874756,1.203220009803772,1.2014000415802002,1.2027000188827515
2025-02-10 08:00:00+00:00,1.2026000022888184,1.202929973602295,1.2002999782562256,1.2015600204467773
2025-02-10 12:00:00+00:00,1.2017199993133545,1.2017199993133545,1.1995999813079834,1.2009799480438232
2025-02-10 16:00:00+00:00,1.2009400129318237,1.2011899948120117,1.1992000341415405,1.199779987335205
2025-02-10 20:00:00+00:00,1.1998399496078491,1.199910044670105,1.1990000009536743,1.199679970741272
2025-02-11 00:00:00+00:00,1.1997400522232056,1.1999599933624268,1.198799967765808,1.1994999647140503
2025-02-11 04:00:00+00:00,1.1994800567626953,1.199620008468628,1.1971999406814575,1.1974999904632568
2025-02-11 08:00:00+00:00,1.197540044784546,1.1994099617004395,1.1967999935150146,1.1979700326919556
2025-02-11 12:00:00+00:00,1.1979700326919556,1.2011499404907227,1.197100043296814,1.1996500492095947
2025-02-11 16:00:00+00:00,1.1996099948883057,1.2010200023651123,1.1991000175476074,1.2008600234985352
2025-02-11 20:00:00+00:00,1.2007100582122803,1.2012900114059448,1.1999000310897827,1.2012399435043335
2025-02-12 00:00:00+00:00,1.2012399435043335,1.2017199993133545,1.200700044631958,1.2014000415802002
2025-02-12 04:00:00+00:00,1.2013800144195557,1.2015000581741333,1.2000000476837158,1.2004599571228027
2025-02-12 08:00:00+00:00,1.2005499601364136,1.200909972190857,1.1986000537872314,1.2005399465560913
2025-02-12 12:00:00+00:00,1.2004899978637695,1.2006200551986694,1.1974999904632568,1.1983200311660767
2025-02-12 16:00:00+00:00,1.198390007019043,1.1987099647521973,1.1963000297546387,1.197759985923767
2025-02-12 20:00:00+00:00,1.1977499723434448,1.1986000537872314,1.1970000267028809,1.1979299783706665
2025-02-13 00:00:00+00:00,1.1979600191116333,1.198099970817566,1.1970000267028809,1.1973400115966797
2025-02-13 04:00:00+00:00,1.1972700357437134,1.2001999616622925,1.1963000297546387,1.1997599601745605
2025-02-13 08:00:00+00:00,1.199679970741272,1.1998100280761719,1.1973999738693237,1.199280023574829
2025-02-13 12:00:00+00:00,1.199120044708252,1.2005900144577026,1.1984000205993652,1.2001399993896484
2025-02-13 16:00:00+00:00,1.2000600099563599,1.2024199962615967,1.1996999979019165,1.20114004611969
2025-02-13 20:00:00+00:00,1.2009799480438232,1.20100998878479,1.1996999979019165,1.2008600234985352
2025-02-14 00:00:00+00:00,1.2008800506591797,1.201300024986267,1.1999000310897827,1.2006499767303467
2025-02-14 04:00:00+00:00,1.2006299495697021,1.2011799812316895,1.1999000310897827,1.2004400491714478
2025-02-14 08:00:00+00:00,1.2004799842834473,1.202370047569275,1.2000000476837158,1.201859951019287
2025-02-14 12:00:00+00:00,1.2018400430679321,1.2023799419403076,1.1998000144958496,1.2005499601364136
2025-02-14 16:00:00+00:00,1.2005900144577026,1.2008899450302124,1.1990000009536743,1.1995699405670166
2025-02-14 20:00:00+00:00,1.1996099948883057,1.1997400522232056,1.198799967765808,1.1990000009536743
2025-02-15 00:00:00+00:00,,,,
2025-02-15 04:00:00+00:00,,,,
2025-02-15 08:00:00+00:00,,,,
2025-02-15 12:00:00+00:00,,,,
2025-02-15 16:00:00+00:00,,,,
2025-02-15 20:00:00+00:00,,,,
2025-02-16 00:00:00+00:00,,,,
2025-02-16 04:00:00+00:00,,,,
2025-02-16 08:00:00+00:00,,,,
2025-02-16 12:00:00+00:00,,,,
2025-02-16 16:00:00+00:00,,,,
2025-02-16 20:00:00+00:00,,,,
2025-02-17 00:00:00+00:00,1.1997499465942383,1.1998800039291382,1.198699951171875,1.199679970741272
2025-02-17 04:00:00+00:00,1.199679970741272,1.2015000581741333,1.1992000341415405,1.2014100551605225
2025-02-17 08:00:00+00:00,1.2013100385665894,1.2026300430297852,1.200600028038025,1.202239990234375
2025-02-17 12:00:00+00:00,1.2021499872207642,1.2033799886703491,1.201200008392334,1.2028100490570068
2025-02-17 16:00:00+00:00,1.2028700113296509,1.2051399946212769,1.2023999691009521,1.2046200037002563
2025-02-17 20:00:00+00:00,1.2046500444412231,1.204800009727478,1.2031999826431274,1.203570008277893
2025-02-18 00:00:00+00:00,1.2036399841308594,1.204450011253357,1.2029000520706177,1.204390048980713
2025-02-18 04:00:00+00:00,1.2044099569320679,1.2056599855422974,1.2037999629974365,1.2054500579833984
2025-02-18 08:00:00+00:00,1.2054699659347534,1.206130027770996,1.2031999826431274,1.2041200399398804
2025-02-18 12:00:00+00:00,1.2041599750518799,1.2070000171661377,1.2030999660491943,1.2052199840545654
2025-02-18 16:00:00+00:00,1.2052199840545654,1.2069599628448486,1.2044999599456787,1.206030011177063
2025-02-18 20:00:00+00:00,1.206030011177063,1.208899974822998,1.2057000398635864,1.207800030708313
2025-02-19 00:00:00+00:00,1.2082799673080444,1.2083799839019775,1.2062000036239624,1.20701003074646
2025-02-19 04:00:00+00:00,1.2070200443267822,1.2079299688339233,1.2062000036239624,1.2072399854660034
2025-02-19 08:00:00+00:00,1.2071900367736816,1.2086700201034546,1.2063000202178955,1.207129955291748
2025-02-19 12:00:00+00:00,1.2069400548934937,1.207900047302246,1.205899953842163,1.207669973373413
2025-02-19 16:00:00+00:00,1.2076400518417358,1.2082300186157227,1.2060999870300293,1.2069799900054932
2025-02-19 20:00:00+00:00,1.2069499492645264,1.2073800563812256,1.2065000534057617,1.2070000171661377
2025-02-20 00:00:00+00:00,1.2073299884796143,1.20756995677948,1.2062000036239624,1.2070800065994263
2025-02-20 04:00:00+00:00,1.2070800065994263,1.2080899477005005,1.2066999673843384,1.2073899507522583
2025-02-20 08:00:00+00:00,1.207260012626648,1.2090400457382202,1.2069000005722046,1.2078399658203125
2025-02-20 12:00:00+00:00,1.2079700231552124,1.2086999416351318,1.2060999870300293,1.2067500352859497
2025-02-20 16:00:00+00:00,1.2067899703979492,1.2076499462127686,1.2055000066757202,1.2063599824905396
2025-02-20 20:00:00+00:00,1.206380009651184,1.2066800594329834,1.2056000232696533,1.2060999870300293
2025-02-21 00:00:00+00:00,1.2064100503921509,1.2069200277328491,1.2057000398635864,1.2061699628829956
2025-02-21 04:00:00+00:00,1.2062400579452515,1.2080999612808228,1.2055000066757202,1.2073700428009033
2025-02-21 08:00:00+00:00,1.2075200080871582,1.2087700366973877,1.2067999839782715,1.2077200412750244
2025-02-21 12:00:00+00:00,1.207610011100769,1.2090799808502197,1.2064000368118286,1.2089200019836426
2025-02-21 16:00:00+00:00,1.20878005027771,1.2097300291061401,1.2066999673843384,1.207200050354004
2025-02-21 20:00:00+00:00,1.2071900367736816,1.2077699899673462,1.2066999673843384,1.2077000141143799
2025-02-22 00:00:00+00:00,,,,
2025-02-22 04:00:00+00:00,,,,
2025-02-22 08:00:00+00:00,,,,
2025-02-22 12:00:00+00:00,,,,
2025-02-22 16:00:00+00:00,,,,
2025-02-22 20:00:00+00:00,,,,
2025-02-23 00:00:00+00:00,,,,
2025-02-23 04:00:00+00:00,,,,
2025-02-23 08:00:00+00:00,,,,
2025-02-23 12:00:00+00:00,,,,
2025-02-23 16:00:00+00:00,,,,
2025-02-23 20:00:00+00:00,,,,
2025-02-24 00:00:00+00:00,1.2071000337600708,1.2074300050735474,1.2045999765396118,1.2053899765014648
2025-02-24 04:00:00+00:00,1.2050000429153442,1.2057000398635864,1.2041000127792358,1.205199956893921
2025-02-24 08:00:00+00:00,1.2051000595092773,1.2075300216674805,1.2045999765396118,1.207360029220581
2025-02-24 12:00:00+00:00,1.207319974899292,1.2081899642944336,1.2051000595092773,1.2054400444030762
2025-02-24 16:00:00+00:00,1.2053899765014648,1.2070399522781372,1.2050000429153442,1.2059299945831299
2025-02-24 20:00:00+00:00,1.2057600021362305,1.206339955329895,1.205399990081787,1.205970048904419
2025-02-25 00:00:00+00:00,1.2056000232696533,1.2063299417495728,1.205399990081787,1.2060500383377075
2025-02-25 04:00:00+00:00,1.2060799598693848,1.2063699960708618,1.2043999433517456,1.2051899433135986
2025-02-25 08:00:00+00:00,1.2052600383758545,1.2061799764633179,1.204699993133545,1.2061100006103516
2025-02-25 12:00:00+00:00,1.2058299779891968,1.2067999839782715,1.204300045967102,1.2051500082015991
2025-02-25 16:00:00+00:00,1.2052199840545654,1.2057900428771973,1.2039999961853027,1.2053300142288208
2025-02-25 20:00:00+00:00,1.2050000429153442,1.2053799629211426,1.2037400007247925,1.2044399976730347
2025-02-26 00:00:00+00:00,1.2044199705123901,1.2046600580215454,1.2036999464035034,1.2041200399398804
2025-02-26 04:00:00+00:00,1.2041200399398804,1.2053500413894653,1.2036000490188599,1.2051500082015991
2025-02-26 08:00:00+00:00,1.2052799463272095,1.2057900428771973,1.2036999464035034,1.2054799795150757
2025-02-26 12:00:00+00:00,1.2056599855422974,1.2085800170898438,1.205199956893921,1.208240032196045
2025-02-26 16:00:00+00:00,1.207800030708313,1.2095500230789185,1.2067999839782715,1.2089200019836426
2025-02-26 20:00:00+00:00,1.208940029144287,1.2092000246047974,1.2080999612808228,1.2089699506759644
2025-02-27 00:00:00+00:00,1.2088899612426758,1.2093900442123413,1.2079999446868896,1.2091699838638306
2025-02-27 04:00:00+00:00,1.2092000246047974,1.2094199657440186,1.208400011062622,1.2089699506759644
2025-02-27 08:00:00+00:00,1.2089799642562866,1.2099299430847168,1.2086000442504883,1.2096199989318848
2025-02-27 12:00:00+00:00,1.2096999883651733,1.2130099534988403,1.2086000442504883,1.212499976158142
2025-02-27 16:00:00+00:00,1.2123500108718872,1.213129997253418,1.2111999988555908,1.2116899490356445
2025-02-27 20:00:00+00:00,1.2117600440979004,1.2122000455856323,1.2110999822616577,1.2118799686431885
2025-02-28 00:00:00+00:00,1.2118500471115112,1.212689995765686,1.2108999490737915,1.2112499475479126
2025-02-28 04:00:00+00:00,1.2112599611282349,1.211459994316101,1.2101000547409058,1.2106800079345703
2025-02-28 08:00:00+00:00,1.210569977760315,1.2117400169372559,1.2101000547409058,1.2112400531768799
2025-02-28 12:00:00+00:00,1.2111799716949463,1.2113399505615234,1.2096999883651733,1.2106499671936035
2025-02-28 16:00:00+00:00,1.2107700109481812,1.212499976158142,1.2092000246047974,1.212499976158142
2025-02-28 20:00:00+00:00,1.212440013885498,1.2131400108337402,1.2116999626159668,1.2116999626159668
2025-03-01 00:00:00+00:00,,,,
2025-03-01 04:00:00+00:00,,,,
2025-03-01 08:00:00+00:00,,,,
2025-03-01 12:00:00+00:00,,,,
2025-03-01 16:00:00+00:00,,,,
2025-03-01 20:00:00+00:00,,,,
2025-03-02 00:00:00+00:00,,,,
2025-03-02 04:00:00+00:00,,,,
2025-03-02 08:00:00+00:00,,,,
2025-03-02 12:00:00+00:00,,,,
2025-03-02 16:00:00+00:00,,,,
2025-03-02 20:00:00+00:00,,,,
2025-03-03 00:00:00+00:00,1.2103400230407715,1.2106300592422485,1.2093000411987305,1.2096799612045288
2025-03-03 04:00:00+00:00,1.2096699476242065,1.2110400199890137,1.2092000246047974,1.2105000019073486
2025-03-03 08:00:00+00:00,1.2108700275421143,1.2117199897766113,1.2098000049591064,1.2107000350952148
2025-03-03 12:00:00+00:00,1.2111200094223022,1.211940050125122,1.2094000577926636,1.2107000350952148
2025-03-03 16:00:00+00:00,1.2110199928283691,1.2122900485992432,1.2099000215530396,1.2114299535751343
2025-03-03 20:00:00+00:00,1.2117300033569336,1.2118500471115112,1.2101999521255493,1.2112799882888794
2025-03-04 00:00:00+00:00,1.2112300395965576,1.2112499475479126,1.2100000381469727,1.2103999853134155
2025-03-04 04:00:00+00:00,1.2108399868011475,1.2113800048828125,1.2096999883651733,1.2101999521255493
2025-03-04 08:00:00+00:00,1.2105200290679932,1.2106300592422485,1.207800030708313,1.207800030708313
2025-03-04 12:00:00+00:00,1.208150029182434,1.209879994392395,1.2062000036239624,1.2074999809265137
2025-03-04 16:00:00+00:00,1.2078900337219238,1.2091000080108643,1.2057000398635864,1.2058000564575195
2025-03-04 20:00:00+00:00,1.2061200141906738,1.2061400413513184,1.2024999856948853,1.2040599584579468
2025-03-05 00:00:00+00:00,1.204200029373169,1.2048300504684448,1.2032999992370605,1.2036999464035034
2025-03-05 04:00:00+00:00,1.2040300369262695,1.2044199705123901,1.200600028038025,1.200600028038025
2025-03-05 08:00:00+00:00,1.2011499404907227,1.2026400566101074,1.197700023651123,1.200760006904602
2025-03-05 12:00:00+00:00,1.2007800340652466,1.200950026512146,1.1936999559402466,1.194700002670288
2025-03-05 16:00:00+00:00,1.1950299739837646,1.1963399648666382,1.1928000450134277,1.194700002670288
2025-03-05 20:00:00+00:00,1.1950900554656982,1.1954699754714966,1.1936999559402466,1.1941399574279785
2025-03-06 00:00:00+00:00,1.193969964981079,1.1946500539779663,1.1923999786376953,1.1937999725341797
2025-03-06 04:00:00+00:00,1.194309949874878,1.1953500509262085,1.1928000450134277,1.1952600479125977
2025-03-06 08:00:00+00:00,1.1950600147247314,1.1950900554656982,1.1916999816894531,1.1921000480651855
2025-03-06 12:00:00+00:00,1.1925400495529175,1.1938199996948242,1.188789963722229,1.191100001335144
2025-03-06 16:00:00+00:00,1.191580057144165,1.1959999799728394,1.190600037574768,1.1931999921798706
2025-03-06 20:00:00+00:00,1.1936099529266357,1.194599986076355,1.1929999589920044,1.1940399408340454
2025-03-07 00:00:00+00:00,1.1940799951553345,1.1942399740219116,1.1916999816894531,1.1921000480651855
2025-03-07 04:00:00+00:00,1.1924999952316284,1.1924999952316284,1.1902999877929688,1.191100001335144
2025-03-07 08:00:00+00:00,1.1915099620819092,1.1916199922561646,1.1887999773025513,1.1902999877929688
2025-03-07 12:00:00+00:00,1.1907800436019897,1.1912100315093994,1.187600016593933,1.1883000135421753
2025-03-07 16:00:00+00:00,1.188770055770874,1.1916199922561646,1.1885000467300415,1.1914600133895874
2025-03-07 20:00:00+00:00,1.191249966621399,1.1924999952316284,1.1908999681472778,1.1922999620437622
2025-03-08 00:00:00+00:00,,,,
2025-03-08 04:00:00+00:00,,,,
2025-03-08 08:00:00+00:00,,,,
2025-03-08 12:00:00+00:00,,,,
2025-03-08 16:00:00+00:00,,,,
2025-03-08 20:00:00+00:00,,,,
2025-03-09 00:00:00+00:00,,,,
2025-03-09 04:00:00+00:00,,,,
2025-03-09 08:00:00+00:00,,,,
2025-03-09 12:00:00+00:00,,,,
2025-03-09 16:00:00+00:00,,,,
2025-03-09 20:00:00+00:00,,,,
2025-03-10 00:00:00+00:00,1.1906700134277344,1.1919900178909302,1.1902999877929688,1.1919499635696411
2025-03-10 04:00:00+00:00,1.1919200420379639,1.1920599937438965,1.1907999515533447,1.1914600133895874
2025-03-10 08:00:00+00:00,1.191580057144165,1.1926100254058838,1.1878999471664429,1.1908799409866333
2025-03-10 12:00:00+00:00,1.1908600330352783,1.1934700012207031,1.1901999711990356,1.1905699968338013
2025-03-10 16:00:00+00:00,1.1907399892807007,1.1909199953079224,1.1878999471664429,1.1886500120162964
2025-03-10 20:00:00+00:00,1.1887199878692627,1.1887199878692627,1.1871000528335571,1.1877299547195435
2025-03-11 00:00:00+00:00,1.1876399517059326,1.1881099939346313,1.1865999698638916,1.1874300241470337
2025-03-11 04:00:00+00:00,1.1874200105667114,1.1881500482559204,1.184499979019165,1.1851199865341187
2025-03-11 08:00:00+00:00,1.1853200197219849,1.1875200271606445,1.1837999820709229,1.185520052909851
2025-03-11 12:00:00+00:00,1.185130000114441,1.1864099502563477,1.1833000183105469,1.1847200393676758
2025-03-11 16:00:00+00:00,1.184559941291809,1.1860100030899048,1.1829999685287476,1.1859400272369385
2025-03-11 20:00:00+00:00,1.1860400438308716,1.1865999698638916,1.1851999759674072,1.1859400272369385
2025-03-12 00:00:00+00:00,1.1859699487686157,1.1863800287246704,1.1850999593734741,1.1858099699020386
2025-03-12 04:00:00+00:00,1.1857500076293945,1.1862800121307373,1.184999942779541,1.1858500242233276
2025-03-12 08:00:00+00:00,1.1858700513839722,1.1879299879074097,1.1842000484466553,1.1873300075531006
2025-03-12 12:00:00+00:00,1.1874899864196777,1.1898800134658813,1.1856000423431396,1.1871099472045898
2025-03-12 16:00:00+00:00,1.1871099472045898,1.191409945487976,1.1866999864578247,1.1904300451278687
2025-03-12 20:00:00+00:00,1.1907099485397339,1.1908799409866333,1.1897000074386597,1.1907700300216675
2025-03-13 00:00:00+00:00,1.1907800436019897,1.1909899711608887,1.1897000074386597,1.1903400421142578
2025-03-13 04:00:00+00:00,1.190310001373291,1.192020058631897,1.1893999576568604,1.192020058631897
2025-03-13 08:00:00+00:00,1.1920000314712524,1.1920100450515747,1.1897000074386597,1.1909300088882446
2025-03-13 12:00:00+00:00,1.1910400390625,1.1940799951553345,1.1907000541687012,1.191499948501587
2025-03-13 16:00:00+00:00,1.1919300556182861,1.1931699514389038,1.1899000406265259,1.1927000284194946
2025-03-13 20:00:00+00:00,1.1930500268936157,1.1938999891281128,1.1926000118255615,1.1935399770736694
2025-03-14 00:00:00+00:00,1.1934399604797363,1.193969964981079,1.1927000284194946,1.1929999589920044
2025-03-14 04:00:00+00:00,1.1933799982070923,1.1940300464630127,1.19159996509552,1.1921000480651855
2025-03-14 08:00:00+00:00,1.1924200057983398,1.1926300525665283,1.1863000392913818,1.187000036239624
2025-03-14 12:00:00+00:00,1.1873899698257446,1.1897900104522705,1.1859999895095825,1.1875
2025-03-14 16:00:00+00:00,1.187880039215088,1.189079999923706,1.186400055885315,1.188099980354309
2025-03-14 20:00:00+00:00,1.188420057296753,1.1886199712753296,1.187600016593933,1.1884000301361084
2025-03-15 00:00:00+00:00,,,,
2025-03-15 04:00:00+00:00,,,,
2025-03-15 08:00:00+00:00,,,,
2025-03-15 12:00:00+00:00,,,,
2025-03-15 16:00:00+00:00,,,,
2025-03-15 20:00:00+00:00,,,,
2025-03-16 00:00:00+00:00,,,,
2025-03-16 04:00:00+00:00,,,,
2025-03-16 08:00:00+00:00,,,,
2025-03-16 12:00:00+00:00,,,,
2025-03-16 16:00:00+00:00,,,,
2025-03-16 20:00:00+00:00,,,,
2025-03-17 00:00:00+00:00,1.1880600452423096,1.1889899969100952,1.187600016593933,1.188480019569397
2025-03-17 04:00:00+00:00,1.1884299516677856,1.1895899772644043,1.1878000497817993,1.1892800331115723
2025-03-17 08:00:00+00:00,1.1891800165176392,1.1899499893188477,1.1877000331878662,1.189620018005371
2025-03-17 12:00:00+00:00,1.1896799802780151,1.190559983253479,1.1878999471664429,1.1886299848556519
2025-03-17 16:00:00+00:00,1.1887999773025513,1.190459966659546,1.1885000467300415,1.1894999742507935
2025-03-17 20:00:00+00:00,1.1894899606704712,1.189620018005371,1.188599944114685,1.1890699863433838
2025-03-18 00:00:00+00:00,1.189079999923706,1.1895899772644043,1.188599944114685,1.1892199516296387
2025-03-18 04:00:00+00:00,1.1892000436782837,1.189520001411438,1.187399983406067,1.1876399517059326
2025-03-18 08:00:00+00:00,1.1876300573349,1.1885600090026855,1.1859999895095825,1.1875699758529663
2025-03-18 12:00:00+00:00,1.1874200105667114,1.18927001953125,1.187000036239624,1.1881699562072754
2025-03-18 16:00:00+00:00,1.1881699562072754,1.1885900497436523,1.187000036239624,1.187999963760376
2025-03-18 20:00:00+00:00,1.1879099607467651,1.1883599758148193,1.187000036239624,1.187999963760376
2025-03-19 00:00:00+00:00,1.1883800029754639,1.1889599561691284,1.1872999668121338,1.187880039215088
2025-03-19 04:00:00+00:00,1.1879500150680542,1.1915899515151978,1.1871000528335571,1.1907399892807007
2025-03-19 08:00:00+00:00,1.1902400255203247,1.1902600526809692,1.1886999607086182,1.1895500421524048
2025-03-19 12:00:00+00:00,1.189620018005371,1.1920599937438965,1.1884000301361084,1.1920599937438965
2025-03-19 16:00:00+00:00,1.1919000148773193,1.1931099891662598,1.1912000179290771,1.1923600435256958
2025-03-19 20:00:00+00:00,1.1924200057983398,1.1926300525665283,1.191499948501587,1.1921700239181519
2025-03-20 00:00:00+00:00,1.192199945449829,1.192370057106018,1.1913000345230103,1.1921700239181519
2025-03-20 04:00:00+00:00,1.1916999816894531,1.1929399967193604,1.191499948501587,1.192270040512085
2025-03-20 08:00:00+00:00,1.19228994846344,1.195199966430664,1.1917999982833862,1.1944400072097778
2025-03-20 12:00:00+00:00,1.194849967956543,1.1973999738693237,1.194200038909912,1.1958099603652954
2025-03-20 16:00:00+00:00,1.1958500146865845,1.1958500146865845,1.194000005722046,1.1945099830627441
2025-03-20 20:00:00+00:00,1.1945699453353882,1.1946099996566772,1.193600058555603,1.1942800283432007
2025-03-21 00:00:00+00:00,1.194390058517456,1.1949900388717651,1.1937999725341797,1.1947699785232544
2025-03-21 04:00:00+00:00,1.1947799921035767,1.194890022277832,1.1927000284194946,1.19336998462677
2025-03-21 08:00:00+00:00,1.1934200525283813,1.1949100494384766,1.1927000284194946,1.1929700374603271
2025-03-21 12:00:00+00:00,1.1929999589920044,1.1949599981307983,1.1923999786376953,1.1929099559783936
2025-03-21 16:00:00+00:00,1.192929983139038,1.1946200132369995,1.192199945449829,1.1940699815750122
2025-03-21 20:00:00+00:00,1.1941699981689453,1.1944799423217773,1.1934000253677368,1.1937999725341797
2025-03-22 00:00:00+00:00,,,,
2025-03-22 04:00:00+00:00,,,,
2025-03-22 08:00:00+00:00,,,,
2025-03-22 12:00:00+00:00,,,,
2025-03-22 16:00:00+00:00,,,,
2025-03-22 20:00:00+00:00,,,,
2025-03-23 00:00:00+00:00,,,,
2025-03-23 04:00:00+00:00,,,,
2025-03-23 08:00:00+00:00,,,,
2025-03-23 12:00:00+00:00,,,,
2025-03-23 16:00:00+00:00,,,,
2025-03-23 20:00:00+00:00,,,,
2025-03-24 00:00:00+00:00,1.1927000284194946,1.193910002708435,1.1922999620437622,1.1933599710464478
2025-03-24 04:00:00+00:00,1.1933300495147705,1.1945600509643555,1.1927000284194946,1.1945600509643555
2025-03-24 08:00:00+00:00,1.194100022315979,1.1960200071334839,1.1928000450134277,1.1949199438095093
2025-03-24 12:00:00+00:00,1.1949100494384766,1.1979800462722778,1.1944999694824219,1.1960099935531616
2025-03-24 16:00:00+00:00,1.1961400508880615,1.1966999769210815,1.1950000524520874,1.1961699724197388
2025-03-24 20:00:00+00:00,1.1961100101470947,1.1965099573135376,1.1955000162124634,1.1961499452590942
2025-03-25 00:00:00+00:00,1.196179986000061,1.196310043334961,1.195199966430664,1.1962499618530273
2025-03-25 04:00:00+00:00,1.1958999633789062,1.19691002368927,1.1955000162124634,1.1963499784469604
2025-03-25 08:00:00+00:00,1.196310043334961,1.1973700523376465,1.1957999467849731,1.1964000463485718
2025-03-25 12:00:00+00:00,1.1963000297546387,1.1988699436187744,1.1958999633789062,1.1984699964523315
2025-03-25 16:00:00+00:00,1.1983699798583984,1.1992499828338623,1.19760000705719,1.199180006980896
2025-03-25 20:00:00+00:00,1.1992100477218628,1.19992995262146,1.1984599828720093,1.1999000310897827
2025-03-26 00:00:00+00:00,1.1993999481201172,1.1998000144958496,1.1985000371932983,1.1992599964141846
2025-03-26 04:00:00+00:00,1.1991499662399292,1.1999900341033936,1.1959999799728394,1.1969000101089478
2025-03-26 08:00:00+00:00,1.1967999935150146,1.1967999935150146,1.193600058555603,1.194790005683899
2025-03-26 12:00:00+00:00,1.1949199438095093,1.1965899467468262,1.194100022315979,1.195180058479309
2025-03-26 16:00:00+00:00,1.1950199604034424,1.1987199783325195,1.194700002670288,1.1986600160598755
2025-03-26 20:00:00+00:00,1.1986299753189087,1.19937002658844,1.1974999904632568,1.1987199783325195
2025-03-27 00:00:00+00:00,1.19868004322052,1.198889970779419,1.1972999572753906,1.197759985923767
2025-03-27 04:00:00+00:00,1.1978100538253784,1.1998200416564941,1.1973999738693237,1.1994199752807617
2025-03-27 08:00:00+00:00,1.1993099451065063,1.2000700235366821,1.1979000568389893,1.1986600160598755
2025-03-27 12:00:00+00:00,1.1983000040054321,1.2010200023651123,1.1979000568389893,1.2001700401306152
2025-03-27 16:00:00+00:00,1.2001899480819702,1.2012799978256226,1.1991000175476074,1.19937002658844
2025-03-27 20:00:00+00:00,1.199429988861084,1.1994999647140503,1.198099970817566,1.1989500522613525
2025-03-28 00:00:00+00:00,1.1989699602127075,1.1999000310897827,1.1986000537872314,1.1994800567626953
2025-03-28 04:00:00+00:00,1.199489951133728,1.2007999420166016,1.198799967765808,1.2003599405288696
2025-03-28 08:00:00+00:00,1.2000000476837158,1.2024199962615967,1.1993999481201172,1.2001399993896484
2025-03-28 12:00:00+00:00,1.200160026550293,1.200569987297058,1.194700002670288,1.1954200267791748
2025-03-28 16:00:00+00:00,1.1953400373458862,1.1961699724197388,1.1944999694824219,1.195639967918396
2025-03-28 20:00:00+00:00,1.1957199573516846,1.1957199573516846,1.194200038909912,1.194700002670288
2025-03-29 00:00:00+00:00,,,,
2025-03-29 04:00:00+00:00,,,,
2025-03-29 08:00:00+00:00,,,,
2025-03-29 12:00:00+00:00,,,,
2025-03-29 16:00:00+00:00,,,,
2025-03-29 20:00:00+00:00,,,,
2025-03-30 00:00:00+00:00,,,,
2025-03-30 04:00:00+00:00,,,,
2025-03-30 08:00:00+00:00,,,,
2025-03-30 12:00:00+00:00,,,,
2025-03-30 16:00:00+00:00,,,,
2025-03-30 20:00:00+00:00,1.194599986076355,1.1957499980926514,1.1943999528884888,1.1952500343322754
2025-03-31 00:00:00+00:00,1.195180058479309,1.1962900161743164,1.194599986076355,1.1959400177001953
2025-03-31 04:00:00+00:00,1.1959500312805176,1.197450041770935,1.1949000358581543,1.1960099935531616
2025-03-31 08:00:00+00:00,1.1959799528121948,1.197100043296814,1.194100022315979,1.1970399618148804
2025-03-31 12:00:00+00:00,1.1970000267028809,1.197510004043579,1.1937999725341797,1.194219946861267
2025-03-31 16:00:00+00:00,1.1940799951553345,1.1946500539779663,1.1929999589920044,1.1945099830627441
2025-03-31 20:00:00+00:00,1.194599986076355,1.194640040397644,1.1930999755859375,1.1940900087356567
2025-04-01 00:00:00+00:00,1.1942399740219116,1.1946799755096436,1.1934000253677368,1.1944899559020996
2025-04-01 04:00:00+00:00,1.1944500207901,1.1959099769592285,1.194000005722046,1.194890022277832
2025-04-01 08:00:00+00:00,1.1948200464248657,1.1964499950408936,1.1938999891281128,1.1956499814987183
2025-04-01 12:00:00+00:00,1.1956100463867188,1.196619987487793,1.1929999589920044,1.196310043334961
2025-04-01 16:00:00+00:00,1.1962800025939941,1.1973999738693237,1.1957999467849731,1.1973999738693237
2025-04-01 20:00:00+00:00,1.1972899436950684,1.1974999904632568,1.1960999965667725,1.1964999437332153
2025-04-02 00:00:00+00:00,1.1969499588012695,1.1970399618148804,1.1957999467849731,1.196810007095337
2025-04-02 04:00:00+00:00,1.196810007095337,1.1970700025558472,1.1957999467849731,1.1964800357818604
2025-04-02 08:00:00+00:00,1.196470022201538,1.1986600160598755,1.1956000328063965,1.1985299587249756
2025-04-02 12:00:00+00:00,1.1985299587249756,1.1985299587249756,1.1931999921798706,1.1936399936676025
2025-04-02 16:00:00+00:00,1.1936399936676025,1.1964199542999268,1.1934000253677368,1.1963800191879272
2025-04-02 20:00:00+00:00,1.196329951286316,1.2011100053787231,1.1925699710845947,1.1961699724197388
2025-04-03 00:00:00+00:00,1.19622004032135,1.1975599527359009,1.1952999830245972,1.1973999738693237
2025-04-03 04:00:00+00:00,1.1973600387573242,1.19760000705719,1.1928000450134277,1.1972399950027466
2025-04-03 08:00:00+00:00,1.197309970855713,1.197309970855713,1.1841000318527222,1.1881400346755981
2025-04-03 12:00:00+00:00,1.188230037689209,1.1884499788284302,1.18340003490448,1.1863199472427368
2025-04-03 16:00:00+00:00,1.1862800121307373,1.1884599924087524,1.1856000423431396,1.1864999532699585
2025-04-03 20:00:00+00:00,1.186519980430603,1.186710000038147,1.183500051498413,1.1849499940872192
2025-04-04 00:00:00+00:00,1.1848599910736084,1.1856000423431396,1.1805000305175781,1.1811599731445312
2025-04-04 04:00:00+00:00,1.1811699867248535,1.1830999851226807,1.179900050163269,1.1821800470352173
2025-04-04 08:00:00+00:00,1.182070016860962,1.1833200454711914,1.1749999523162842,1.1771899461746216
2025-04-04 12:00:00+00:00,1.1770399808883667,1.1801600456237793,1.1730999946594238,1.1735399961471558
2025-04-04 16:00:00+00:00,1.1732499599456787,1.1795200109481812,1.1728999614715576,1.176200032234192
2025-04-04 20:00:00+00:00,1.1761900186538696,1.1763399839401245,1.1746000051498413,1.1756999492645264
2025-04-05 00:00:00+00:00,,,,
2025-04-05 04:00:00+00:00,,,,
2025-04-05 08:00:00+00:00,,,,
2025-04-05 12:00:00+00:00,,,,
2025-04-05 16:00:00+00:00,,,,
2025-04-05 20:00:00+00:00,,,,
2025-04-06 00:00:00+00:00,,,,
2025-04-06 04:00:00+00:00,,,,
2025-04-06 08:00:00+00:00,,,,
2025-04-06 12:00:00+00:00,,,,
2025-04-06 16:00:00+00:00,,,,
2025-04-06 20:00:00+00:00,1.1722999811172485,1.1759300231933594,1.1714999675750732,1.1748000383377075
2025-04-07 00:00:00+00:00,1.1751600503921509,1.1779199838638306,1.1741000413894653,1.176609992980957
2025-04-07 04:00:00+00:00,1.176550030708313,1.1769100427627563,1.169600009918213,1.1720000505447388
2025-04-07 08:00:00+00:00,1.1719399690628052,1.1733200550079346,1.1686999797821045,1.169010043144226
2025-04-07 12:00:00+00:00,1.1693099737167358,1.1708799600601196,1.1651999950408936,1.1655999422073364
2025-04-07 16:00:00+00:00,1.1661100387573242,1.1673599481582642,1.1638000011444092,1.1643799543380737
2025-04-07 20:00:00+00:00,1.1647000312805176,1.1667100191116333,1.1642999649047852,1.1664999723434448
2025-04-08 00:00:00+00:00,1.1664199829101562,1.1667399406433105,1.1644999980926514,1.1649999618530273
2025-04-08 04:00:00+00:00,1.1652899980545044,1.1674100160598755,1.163100004196167,1.1672199964523315
2025-04-08 08:00:00+00:00,1.1670299768447876,1.1686099767684937,1.1648999452590942,1.1686099767684937
2025-04-08 12:00:00+00:00,1.1684099435806274,1.1721199750900269,1.1660000085830688,1.1700799465179443
2025-04-08 16:00:00+00:00,1.1699700355529785,1.1707799434661865,1.1653000116348267,1.1660100221633911
2025-04-08 20:00:00+00:00,1.1657400131225586,1.1660300493240356,1.163599967956543,1.1642999649047852
2025-04-09 00:00:00+00:00,1.164680004119873,1.164870023727417,1.1622999906539917,1.1630200147628784
2025-04-09 04:00:00+00:00,1.1629899740219116,1.1634900569915771,1.1578999757766724,1.1615999937057495
2025-04-09 08:00:00+00:00,1.1614999771118164,1.1637300252914429,1.1572999954223633,1.157539963722229
2025-04-09 12:00:00+00:00,1.157439947128296,1.157920002937317,1.1540000438690186,1.1566799879074097
2025-04-09 16:00:00+00:00,1.156690001487732,1.1711599826812744,1.1556799411773682,1.1705000400543213
2025-04-09 20:00:00+00:00,1.1704399585723877,1.1715400218963623,1.1685999631881714,1.170889973640442
2025-04-10 00:00:00+00:00,1.1707099676132202,1.1712100505828857,1.1678999662399292,1.1696399450302124
2025-04-10 04:00:00+00:00,1.1696100234985352,1.1736199855804443,1.167199969291687,1.1676900386810303
2025-04-10 08:00:00+00:00,1.167549967765808,1.1683900356292725,1.1638000011444092,1.1676000356674194
2025-04-10 12:00:00+00:00,1.1680400371551514,1.168280005455017,1.155400037765503,1.1556999683380127
2025-04-10 16:00:00+00:00,1.1563299894332886,1.1599600315093994,1.1545499563217163,1.1572400331497192
2025-04-10 20:00:00+00:00,1.157580018043518,1.1584299802780151,1.1533000469207764,1.1536600589752197
2025-04-11 00:00:00+00:00,1.1536500453948975,1.1545900106430054,1.1469299793243408,1.1493200063705444
2025-04-11 04:00:00+00:00,1.1494499444961548,1.154420018196106,1.1490000486373901,1.149399995803833
2025-04-11 08:00:00+00:00,1.1498299837112427,1.1552000045776367,1.1444000005722046,1.1548999547958374
2025-04-11 12:00:00+00:00,1.155060052871704,1.155060052871704,1.1491999626159668,1.1518700122833252
2025-04-11 16:00:00+00:00,1.1518700122833252,1.1562199592590332,1.1517200469970703,1.1524900197982788
2025-04-11 20:00:00+00:00,1.152690052986145,1.1528400182724,1.1509000062942505,1.1516000032424927
2025-04-12 00:00:00+00:00,,,,
2025-04-12 04:00:00+00:00,,,,
2025-04-12 08:00:00+00:00,,,,
2025-04-12 12:00:00+00:00,,,,
2025-04-12 16:00:00+00:00,,,,
2025-04-12 20:00:00+00:00,,,,
2025-04-13 00:00:00+00:00,,,,
2025-04-13 04:00:00+00:00,,,,
2025-04-13 08:00:00+00:00,,,,
2025-04-13 12:00:00+00:00,,,,
2025-04-13 16:00:00+00:00,,,,
2025-04-13 20:00:00+00:00,1.1535300016403198,1.1543699502944946,1.152899980545044,1.152999997138977
2025-04-14 00:00:00+00:00,1.1535700559616089,1.153630018234253,1.1497000455856323,1.152500033378601
2025-04-14 04:00:00+00:00,1.1524800062179565,1.1559300422668457,1.1517000198364258,1.1558500528335571
2025-04-14 08:00:00+00:00,1.1557999849319458,1.1592400074005127,1.1550999879837036,1.157480001449585
2025-04-14 12:00:00+00:00,1.1572099924087524,1.1620099544525146,1.156499981880188,1.1598299741744995
2025-04-14 16:00:00+00:00,1.1596699953079224,1.1627399921417236,1.1586999893188477,1.1615300178527832
2025-04-14 20:00:00+00:00,1.1615300178527832,1.1621400117874146,1.1605000495910645,1.1613999605178833
2025-04-15 00:00:00+00:00,1.161829948425293,1.163930058479309,1.1615999937057495,1.162500023841858
2025-04-15 04:00:00+00:00,1.1629300117492676,1.165060043334961,1.1621999740600586,1.1643400192260742
2025-04-15 08:00:00+00:00,1.1641000509262085,1.1684999465942383,1.163100004196167,1.1680200099945068
2025-04-15 12:00:00+00:00,1.1683100461959839,1.1714199781417847,1.1668000221252441,1.171120047569275
2025-04-15 16:00:00+00:00,1.1710400581359863,1.1726200580596924,1.1705000400543213,1.1718000173568726
2025-04-15 20:00:00+00:00,1.1721099615097046,1.1726200580596924,1.170799970626831,1.1714199781417847
2025-04-16 00:00:00+00:00,1.1713199615478516,1.1715600490570068,1.1685999631881714,1.1691700220108032
2025-04-16 04:00:00+00:00,1.1691900491714478,1.1697399616241455,1.1655999422073364,1.1665300130844116
2025-04-16 08:00:00+00:00,1.1664600372314453,1.1698999404907227,1.1663000583648682,1.167829990386963
2025-04-16 12:00:00+00:00,1.1676100492477417,1.1684000492095947,1.1632000207901,1.1632000207901
2025-04-16 16:00:00+00:00,1.1635700464248657,1.1642099618911743,1.1604000329971313,1.162310004234314
2025-04-16 20:00:00+00:00,1.1624399423599243,1.1626299619674683,1.160099983215332,1.1611299514770508
2025-04-17 00:00:00+00:00,1.161080002784729,1.163040041923523,1.1605000495910645,1.162619948387146
2025-04-17 04:00:00+00:00,1.1627000570297241,1.1648800373077393,1.1618000268936157,1.163849949836731
2025-04-17 08:00:00+00:00,1.1638100147247314,1.1648499965667725,1.162500023841858,1.1641000509262085
2025-04-17 12:00:00+00:00,1.164639949798584,1.1671899557113647,1.1638000011444092,1.1664999723434448
2025-04-17 16:00:00+00:00,1.1664999723434448,1.1685500144958496,1.1656999588012695,1.16635000705719
2025-04-17 20:00:00+00:00,1.1663800477981567,1.1672999858856201,1.1658999919891357,1.166200041770935
2025-04-18 00:00:00+00:00,1.1663000583648682,1.1675000190734863,1.165969967842102,1.166200041770935
2025-04-18 04:00:00+00:00,1.166200041770935,1.1676000356674194,1.1658999919891357,1.166200041770935
2025-04-18 08:00:00+00:00,1.166100025177002,1.1670000553131104,1.1655999422073364,1.1658999919891357
2025-04-18 12:00:00+00:00,1.1657999753952026,1.1663999557495117,1.1648000478744507,1.1648999452590942
2025-04-18 16:00:00+00:00,1.1649999618530273,1.1660000085830688,1.1649999618530273,1.1657999753952026
2025-04-18 20:00:00+00:00,1.1657999753952026,1.166700005531311,1.1656999588012695,1.166599988937378
2025-04-19 00:00:00+00:00,,,,
2025-04-19 04:00:00+00:00,,,,
2025-04-19 08:00:00+00:00,,,,
2025-04-19 12:00:00+00:00,,,,
2025-04-19 16:00:00+00:00,,,,
2025-04-19 20:00:00+00:00,,,,
2025-04-20 00:00:00+00:00,,,,
2025-04-20 04:00:00+00:00,,,,
2025-04-20 08:00:00+00:00,,,,
2025-04-20 12:00:00+00:00,,,,
2025-04-20 16:00:00+00:00,,,,
2025-04-20 20:00:00+00:00,1.1628999710083008,1.1629999876022339,1.1619000434875488,1.162500023841858
2025-04-21 00:00:00+00:00,1.1622999906539917,1.1641000509262085,1.160599946975708,1.1615999937057495
2025-04-21 04:00:00+00:00,1.1620899438858032,1.1624300479888916,1.159999966621399,1.159999966621399
2025-04-21 08:00:00+00:00,1.1604299545288086,1.1620299816131592,1.1591999530792236,1.1604100465774536
2025-04-21 12:00:00+00:00,1.1604199409484863,1.1653000116348267,1.1597000360488892,1.1627899408340454
2025-04-21 16:00:00+00:00,1.1628400087356567,1.1631799936294556,1.1604000329971313,1.1615699529647827
2025-04-21 20:00:00+00:00,1.1615099906921387,1.1625299453735352,1.1607999801635742,1.1617000102996826
2025-04-22 00:00:00+00:00,1.1619600057601929,1.164199948310852,1.1612000465393066,1.161929965019226
2025-04-22 04:00:00+00:00,1.1619900465011597,1.1648499965667725,1.1614999771118164,1.1627000570297241
2025-04-22 08:00:00+00:00,1.1625800132751465,1.164680004119873,1.1614999771118164,1.164680004119873
2025-04-22 12:00:00+00:00,1.1647599935531616,1.1668800115585327,1.163699984550476,1.1663399934768677
2025-04-22 16:00:00+00:00,1.1666100025177002,1.167580008506775,1.1648999452590942,1.1668000221252441
2025-04-22 20:00:00+00:00,1.1671700477600098,1.1706000566482544,1.1663999557495117,1.169319987297058
2025-04-23 00:00:00+00:00,1.1691999435424805,1.1691999435424805,1.166100025177002,1.1679699420928955
2025-04-23 04:00:00+00:00,1.1679500341415405,1.170199990272522,1.1675000190734863,1.1684499979019165
2025-04-23 08:00:00+00:00,1.168429970741272,1.1688599586486816,1.1650999784469604,1.1650999784469604
2025-04-23 12:00:00+00:00,1.165369987487793,1.1718100309371948,1.1647000312805176,1.167799949645996
2025-04-23 16:00:00+00:00,1.1677299737930298,1.1717100143432617,1.1669000387191772,1.1709699630737305
2025-04-23 20:00:00+00:00,1.1710100173950195,1.1717000007629395,1.1692999601364136,1.1706899404525757
2025-04-24 00:00:00+00:00,1.1708699464797974,1.1711900234222412,1.1692999601364136,1.1702699661254883
2025-04-24 04:00:00+00:00,1.1702100038528442,1.170609951019287,1.1676000356674194,1.1677000522613525
2025-04-24 08:00:00+00:00,1.1679500341415405,1.1702699661254883,1.167099952697754,1.1701300144195557
2025-04-24 12:00:00+00:00,1.1701799631118774,1.1715999841690063,1.1684999465942383,1.1709200143814087
2025-04-24 16:00:00+00:00,1.1710100173950195,1.1717599630355835,1.170199990272522,1.171370029449463
2025-04-24 20:00:00+00:00,1.171470046043396,1.1718499660491943,1.170199990272522,1.1717900037765503
2025-04-25 00:00:00+00:00,1.1718000173568726,1.1733200550079346,1.1714999675750732,1.1726000308990479
2025-04-25 04:00:00+00:00,1.1729300022125244,1.1733200550079346,1.169600009918213,1.17044997215271
2025-04-25 08:00:00+00:00,1.1705700159072876,1.1728399991989136,1.170199990272522,1.1723300218582153
2025-04-25 12:00:00+00:00,1.1722899675369263,1.1748199462890625,1.169700026512146,1.1711000204086304
2025-04-25 16:00:00+00:00,1.1710699796676636,1.1725900173187256,1.1700999736785889,1.1720999479293823
2025-04-25 20:00:00+00:00,1.172379970550537,1.172379970550537,1.170699954032898,1.1711000204086304
2025-04-26 00:00:00+00:00,,,,
2025-04-26 04:00:00+00:00,,,,
2025-04-26 08:00:00+00:00,,,,
2025-04-26 12:00:00+00:00,,,,
2025-04-26 16:00:00+00:00,,,,
2025-04-26 20:00:00+00:00,,,,
2025-04-27 00:00:00+00:00,,,,
2025-04-27 04:00:00+00:00,,,,
2025-04-27 08:00:00+00:00,,,,
2025-04-27 12:00:00+00:00,,,,
2025-04-27 16:00:00+00:00,,,,
2025-04-27 20:00:00+00:00,1.1713000535964966,1.1713999509811401,1.1708999872207642,1.1710000038146973
2025-04-28 00:00:00+00:00,1.1710000038146973,1.1710000038146973,1.1698999404907227,1.170300006866455
2025-04-28 04:00:00+00:00,1.170300006866455,1.1727999448776245,1.1698999404907227,1.1720000505447388
2025-04-28 08:00:00+00:00,1.1720000505447388,1.1763299703598022,1.1720000505447388,1.1749000549316406
2025-04-28 12:00:00+00:00,1.1749900579452515,1.1771600246429443,1.1735999584197998,1.1757999658584595
2025-04-28 16:00:00+00:00,1.1756999492645264,1.1767300367355347,1.1744999885559082,1.1765799522399902
2025-04-28 20:00:00+00:00,1.1764400005340576,1.1778099536895752,1.1758999824523926,1.1775599718093872
2025-04-29 00:00:00+00:00,1.1775200366973877,1.1780999898910522,1.1764999628067017,1.17739999294281
2025-04-29 04:00:00+00:00,1.1773899793624878,1.178030014038086,1.1751999855041504,1.1767799854278564
2025-04-29 08:00:00+00:00,1.1767100095748901,1.17808997631073,1.1755000352859497,1.176200032234192
2025-04-29 12:00:00+00:00,1.1765199899673462,1.1771700382232666,1.1744999885559082,1.1753900051116943
2025-04-29 16:00:00+00:00,1.1754399538040161,1.1776100397109985,1.1747000217437744,1.1774100065231323
2025-04-29 20:00:00+00:00,1.1775399446487427,1.1775799989700317,1.176300048828125,1.177240014076233
2025-04-30 00:00:00+00:00,1.1770999431610107,1.1788100004196167,1.1763999462127686,1.1770999431610107
2025-04-30 04:00:00+00:00,1.177090048789978,1.1773099899291992,1.1755000352859497,1.1758999824523926
2025-04-30 08:00:00+00:00,1.1763399839401245,1.176509976387024,1.173799991607666,1.174149990081787
2025-04-30 12:00:00+00:00,1.1741700172424316,1.1769399642944336,1.1708999872207642,1.1753900051116943
2025-04-30 16:00:00+00:00,1.1754599809646606,1.176669955253601,1.1740000247955322,1.176259994506836
2025-04-30 20:00:00+00:00,1.1763499975204468,1.176859974861145,1.1756999492645264,1.1763499975204468
2025-05-01 00:00:00+00:00,1.176169991493225,1.1769200563430786,1.1753000020980835,1.1753000020980835
2025-05-01 04:00:00+00:00,1.1756500005722046,1.1768200397491455,1.1747000217437744,1.1762700080871582
2025-05-01 08:00:00+00:00,1.1760900020599365,1.1775200366973877,1.1754000186920166,1.1768499612808228
2025-05-01 12:00:00+00:00,1.177049994468689,1.179110050201416,1.1757999658584595,1.1765600442886353
2025-05-01 16:00:00+00:00,1.1764899492263794,1.1768499612808228,1.1751999855041504,1.1757999658584595
2025-05-01 20:00:00+00:00,1.1761000156402588,1.1765999794006348,1.1754000186920166,1.1758500337600708
2025-05-02 00:00:00+00:00,1.175920009613037,1.1773799657821655,1.1756999492645264,1.1763700246810913
2025-05-02 04:00:00+00:00,1.1764099597930908,1.1777000427246094,1.17330002784729,1.1736799478530884
2025-05-02 08:00:00+00:00,1.173699975013733,1.1739799976348877,1.1710000038146973,1.1715600490570068
2025-05-02 12:00:00+00:00,1.1715400218963623,1.1741399765014648,1.1705000400543213,1.1718000173568726
2025-05-02 16:00:00+00:00,1.1721999645233154,1.1749399900436401,1.1715999841690063,1.174340009689331
2025-05-02 20:00:00+00:00,1.1744400262832642,1.1746100187301636,1.173699975013733,1.1739000082015991
2025-05-03 00:00:00+00:00,,,,
2025-05-03 04:00:00+00:00,,,,
2025-05-03 08:00:00+00:00,,,,
2025-05-03 12:00:00+00:00,,,,
2025-05-03 16:00:00+00:00,,,,
2025-05-03 20:00:00+00:00,,,,
2025-05-04 00:00:00+00:00,,,,
2025-05-04 04:00:00+00:00,,,,
2025-05-04 08:00:00+00:00,,,,
2025-05-04 12:00:00+00:00,,,,
2025-05-04 16:00:00+00:00,,,,
2025-05-04 20:00:00+00:00,1.1732300519943237,1.1733499765396118,1.1714999675750732,1.1720000505447388
2025-05-05 00:00:00+00:00,1.1720000505447388,1.1727299690246582,1.1714999675750732,1.1724200248718262
2025-05-05 04:00:00+00:00,1.1724599599838257,1.1739000082015991,1.1719000339508057,1.173840045928955
2025-05-05 08:00:00+00:00,1.1738300323486328,1.174049973487854,1.1715999841690063,1.1739799976348877
2025-05-05 12:00:00+00:00,1.1738799810409546,1.174340009689331,1.1723999977111816,1.1737300157546997
2025-05-05 16:00:00+00:00,1.173840045928955,1.1749600172042847,1.17330002784729,1.1747000217437744
2025-05-05 20:00:00+00:00,1.1746799945831299,1.1749299764633179,1.1739799976348877,1.174399971961975
2025-05-06 00:00:00+00:00,1.174839973449707,1.175950050354004,1.1742000579833984,1.1748199462890625
2025-05-06 04:00:00+00:00,1.1748199462890625,1.1750099658966064,1.173200011253357,1.1744699478149414
2025-05-06 08:00:00+00:00,1.1747100353240967,1.1802500486373901,1.1741000413894653,1.1802500486373901
2025-05-06 12:00:00+00:00,1.1802400350570679,1.181570053100586,1.1775000095367432,1.178130030632019
2025-05-06 16:00:00+00:00,1.1783100366592407,1.1785199642181396,1.1754000186920166,1.1762299537658691
2025-05-06 20:00:00+00:00,1.1760599613189697,1.1783100366592407,1.1747000217437744,1.1773200035095215
2025-05-07 00:00:00+00:00,1.1773200035095215,1.1778700351715088,1.1756999492645264,1.1761499643325806
2025-05-07 04:00:00+00:00,1.1761900186538696,1.1764500141143799,1.1742000579833984,1.1749800443649292
2025-05-07 08:00:00+00:00,1.174780011177063,1.1751400232315063,1.1730999946594238,1.175130009651184
2025-05-07 12:00:00+00:00,1.1750999689102173,1.176759958267212,1.1744999885559082,1.1758300065994263
2025-05-07 16:00:00+00:00,1.175819993019104,1.176200032234192,1.1734999418258667,1.1759999990463257
2025-05-07 20:00:00+00:00,1.1758899688720703,1.1761300563812256,1.1742000579833984,1.1755800247192383
2025-05-08 00:00:00+00:00,1.1756500005722046,1.1783499717712402,1.1744999885559082,1.1779899597167969
2025-05-08 04:00:00+00:00,1.1780200004577637,1.1782399415969849,1.1756999492645264,1.176300048828125
2025-05-08 08:00:00+00:00,1.1763499975204468,1.180209994316101,1.1737600564956665,1.1795200109481812
2025-05-08 12:00:00+00:00,1.1795899868011475,1.1816200017929077,1.177899956703186,1.1808700561523438
2025-05-08 16:00:00+00:00,1.1808300018310547,1.182070016860962,1.1792999505996704,1.1796300411224365
2025-05-08 20:00:00+00:00,1.1796000003814697,1.1799999475479126,1.1787999868392944,1.1791000366210938
2025-05-09 00:00:00+00:00,1.179029941558838,1.1798100471496582,1.1783000230789185,1.1789100170135498
2025-05-09 04:00:00+00:00,1.1788699626922607,1.1788899898529053,1.1770000457763672,1.1786400079727173
2025-05-09 08:00:00+00:00,1.1786400079727173,1.1804200410842896,1.1779999732971191,1.1795599460601807
2025-05-09 12:00:00+00:00,1.1795300245285034,1.1812800168991089,1.1785000562667847,1.1812800168991089
2025-05-09 16:00:00+00:00,1.1814700365066528,1.1826000213623047,1.180899977684021,1.182360053062439
2025-05-09 20:00:00+00:00,1.1822600364685059,1.1824599504470825,1.1816999912261963,1.1820000410079956
2025-05-10 00:00:00+00:00,,,,
2025-05-10 04:00:00+00:00,,,,
2025-05-10 08:00:00+00:00,,,,
2025-05-10 12:00:00+00:00,,,,
2025-05-10 16:00:00+00:00,,,,
2025-05-10 20:00:00+00:00,,,,
2025-05-11 00:00:00+00:00,,,,
2025-05-11 04:00:00+00:00,,,,
2025-05-11 08:00:00+00:00,,,,
2025-05-11 12:00:00+00:00,,,,
2025-05-11 16:00:00+00:00,,,,
2025-05-11 20:00:00+00:00,1.1833699941635132,1.1836600303649902,1.1827000379562378,1.1830999851226807
2025-05-12 00:00:00+00:00,1.182919979095459,1.1831300258636475,1.1819000244140625,1.1830600500106812
2025-05-12 04:00:00+00:00,1.1830999851226807,1.187399983406067,1.1826000213623047,1.1857000589370728
2025-05-12 08:00:00+00:00,1.185829997062683,1.1881599426269531,1.184000015258789,1.1857999563217163
2025-05-12 12:00:00+00:00,1.18586003780365,1.188789963722229,1.1855000257492065,1.1878000497817993
2025-05-12 16:00:00+00:00,1.1878399848937988,1.189579963684082,1.1871000528335571,1.187980055809021
2025-05-12 20:00:00+00:00,1.187999963760376,1.188420057296753,1.186900019645691,1.187600016593933
2025-05-13 00:00:00+00:00,1.1874899864196777,1.1875300407409668,1.1862000226974487,1.1871700286865234
2025-05-13 04:00:00+00:00,1.1871800422668457,1.1886600255966187,1.1866999864578247,1.1884299516677856
2025-05-13 08:00:00+00:00,1.1885700225830078,1.1898599863052368,1.187999963760376,1.1896599531173706
2025-05-13 12:00:00+00:00,1.1895699501037598,1.1899299621582031,1.186900019645691,1.1880099773406982
2025-05-13 16:00:00+00:00,1.1879299879074097,1.1898900270462036,1.187399983406067,1.1890000104904175
2025-05-13 20:00:00+00:00,1.1890499591827393,1.1893199682235718,1.1884000301361084,1.1892000436782837
2025-05-14 00:00:00+00:00,1.1891000270843506,1.189650058746338,1.1884000301361084,1.188670039176941
2025-05-14 04:00:00+00:00,1.1885000467300415,1.189620018005371,1.1875,1.1884599924087524
2025-05-14 08:00:00+00:00,1.188330054283142,1.1886999607086182,1.1850999593734741,1.1885600090026855
2025-05-14 12:00:00+00:00,1.1885000467300415,1.1885600090026855,1.184999942779541,1.1869399547576904
2025-05-14 16:00:00+00:00,1.1868400573730469,1.187399983406067,1.1859999895095825,1.1873300075531006
2025-05-14 20:00:00+00:00,1.1871299743652344,1.1874899864196777,1.1852999925613403,1.186079978942871
2025-05-15 00:00:00+00:00,1.1861599683761597,1.1863800287246704,1.184999942779541,1.1860400438308716
2025-05-15 04:00:00+00:00,1.185979962348938,1.1863900423049927,1.1842999458312988,1.1848000288009644
2025-05-15 08:00:00+00:00,1.1848000288009644,1.1870900392532349,1.184399962425232,1.1864700317382812
2025-05-15 12:00:00+00:00,1.1866400241851807,1.1884900331497192,1.1859999895095825,1.1879099607467651
2025-05-15 16:00:00+00:00,1.1878700256347656,1.1899100542068481,1.1875,1.189579963684082
2025-05-15 20:00:00+00:00,1.1894700527191162,1.1896799802780151,1.188040018081665,1.1884900331497192
2025-05-16 00:00:00+00:00,1.1884700059890747,1.1888400316238403,1.187399983406067,1.1883800029754639
2025-05-16 04:00:00+00:00,1.1883699893951416,1.1889300346374512,1.187399983406067,1.1877599954605103
2025-05-16 08:00:00+00:00,1.187809944152832,1.188249945640564,1.1861000061035156,1.1863900423049927
2025-05-16 12:00:00+00:00,1.186400055885315,1.1898800134658813,1.1855000257492065,1.189769983291626
2025-05-16 16:00:00+00:00,1.1898200511932373,1.1912100315093994,1.1892999410629272,1.190600037574768
2025-05-16 20:00:00+00:00,1.1906100511550903,1.1909500360488892,1.1888999938964844,1.1888999938964844
2025-05-17 00:00:00+00:00,,,,
2025-05-17 04:00:00+00:00,,,,
2025-05-17 08:00:00+00:00,,,,
2025-05-17 12:00:00+00:00,,,,
2025-05-17 16:00:00+00:00,,,,
2025-05-17 20:00:00+00:00,,,,
2025-05-18 00:00:00+00:00,,,,
2025-05-18 04:00:00+00:00,,,,
2025-05-18 08:00:00+00:00,,,,
2025-05-18 12:00:00+00:00,,,,
2025-05-18 16:00:00+00:00,,,,
2025-05-18 20:00:00+00:00,1.188480019569397,1.1891800165176392,1.1878000497817993,1.1890100240707397
2025-05-19 00:00:00+00:00,1.1890000104904175,1.1899199485778809,1.188099980354309,1.1891200542449951
2025-05-19 04:00:00+00:00,1.1891200542449951,1.189650058746338,1.187600016593933,1.1893600225448608
2025-05-19 08:00:00+00:00,1.1894299983978271,1.1895899772644043,1.1863000392913818,1.187150001525879
2025-05-19 12:00:00+00:00,1.187019944190979,1.1886399984359741,1.1865999698638916,1.1885600090026855
2025-05-19 16:00:00+00:00,1.1884100437164307,1.1891299486160278,1.187600016593933,1.1885000467300415
2025-05-19 20:00:00+00:00,1.1885299682617188,1.18927001953125,1.1875,1.1892399787902832
2025-05-20 00:00:00+00:00,1.1892800331115723,1.189620018005371,1.1878999471664429,1.1886199712753296
2025-05-20 04:00:00+00:00,1.1886399984359741,1.1888400316238403,1.1868000030517578,1.1875300407409668
2025-05-20 08:00:00+00:00,1.187540054321289,1.1889300346374512,1.1871999502182007,1.1880700588226318
2025-05-20 12:00:00+00:00,1.1880899667739868,1.188349962234497,1.1858999729156494,1.1881200075149536
2025-05-20 16:00:00+00:00,1.187980055809021,1.1884499788284302,1.1858999729156494,1.1866400241851807
2025-05-20 20:00:00+00:00,1.1866999864578247,1.1869800090789795,1.1857000589370728,1.186710000038147
2025-05-21 00:00:00+00:00,1.1866600513458252,1.187150001525879,1.184399962425232,1.1848000288009644
2025-05-21 04:00:00+00:00,1.184880018234253,1.186650037765503,1.1835999488830566,1.1842000484466553
2025-05-21 08:00:00+00:00,1.184340000152588,1.1845300197601318,1.1816999912261963,1.1845300197601318
2025-05-21 12:00:00+00:00,1.184559941291809,1.1857600212097168,1.1833000183105469,1.185289978981018
2025-05-21 16:00:00+00:00,1.1852699518203735,1.1856900453567505,1.1833000183105469,1.1852500438690186
2025-05-21 20:00:00+00:00,1.1851600408554077,1.185289978981018,1.1835999488830566,1.1841399669647217
2025-05-22 00:00:00+00:00,1.1841700077056885,1.1855599880218506,1.183500051498413,1.184440016746521
2025-05-22 04:00:00+00:00,1.1844799518585205,1.1873699426651,1.1830999851226807,1.186400055885315
2025-05-22 08:00:00+00:00,1.1863900423049927,1.187019944190979,1.184999942779541,1.1865899562835693
2025-05-22 12:00:00+00:00,1.1865700483322144,1.1903599500656128,1.1858999729156494,1.190019965171814
2025-05-22 16:00:00+00:00,1.1899900436401367,1.1907399892807007,1.1892000436782837,1.189710021018982
2025-05-22 20:00:00+00:00,1.189650058746338,1.189650058746338,1.1885000467300415,1.1893399953842163
2025-05-23 00:00:00+00:00,1.1893099546432495,1.189620018005371,1.187399983406067,1.1886299848556519
2025-05-23 04:00:00+00:00,1.1885900497436523,1.189079999923706,1.1877000331878662,1.188599944114685
2025-05-23 08:00:00+00:00,1.1886999607086182,1.1924899816513062,1.1878000497817993,1.1908700466156006
2025-05-23 12:00:00+00:00,1.1911699771881104,1.1928600072860718,1.1892000436782837,1.190250039100647
2025-05-23 16:00:00+00:00,1.1901299953460693,1.1911499500274658,1.1897000074386597,1.1907700300216675
2025-05-23 20:00:00+00:00,1.1909099817276,1.1913199424743652,1.1902999877929688,1.190999984741211
2025-05-24 00:00:00+00:00,,,,
2025-05-24 04:00:00+00:00,,,,
2025-05-24 08:00:00+00:00,,,,
2025-05-24 12:00:00+00:00,,,,
2025-05-24 16:00:00+00:00,,,,
2025-05-24 20:00:00+00:00,,,,
2025-05-25 00:00:00+00:00,,,,
2025-05-25 04:00:00+00:00,,,,
2025-05-25 08:00:00+00:00,,,,
2025-05-25 12:00:00+00:00,,,,
2025-05-25 16:00:00+00:00,,,,
2025-05-25 20:00:00+00:00,1.189869999885559,1.1901899576187134,1.1892999410629272,1.190060019493103
2025-05-26 00:00:00+00:00,1.190019965171814,1.1905399560928345,1.1887999773025513,1.1897799968719482
2025-05-26 04:00:00+00:00,1.1897200345993042,1.1911699771881104,1.1890000104904175,1.1911100149154663
2025-05-26 08:00:00+00:00,1.1910799741744995,1.191849946975708,1.1902999877929688,1.1917200088500977
2025-05-26 12:00:00+00:00,1.1917200088500977,1.1920499801635742,1.1907000541687012,1.1915600299835205
2025-05-26 16:00:00+00:00,1.19159996509552,1.191830039024353,1.1908999681472778,1.1908999681472778
2025-05-26 20:00:00+00:00,1.1912800073623657,1.1913199424743652,1.1901999711990356,1.1910500526428223
2025-05-27 00:00:00+00:00,1.1910099983215332,1.1913199424743652,1.1901999711990356,1.1908700466156006
2025-05-27 04:00:00+00:00,1.1908799409866333,1.1931699514389038,1.1902999877929688,1.1925599575042725
2025-05-27 08:00:00+00:00,1.1926000118255615,1.194200038909912,1.1919000148773193,1.193560004234314
2025-05-27 12:00:00+00:00,1.1934800148010254,1.1935399770736694,1.190999984741211,1.1921900510787964
2025-05-27 16:00:00+00:00,1.1921499967575073,1.192710041999817,1.190999984741211,1.1917599439620972
2025-05-27 20:00:00+00:00,1.191789984703064,1.1923999786376953,1.1912000179290771,1.1919200420379639
2025-05-28 00:00:00+00:00,1.191830039024353,1.192770004272461,1.1912000179290771,1.1919000148773193
2025-05-28 04:00:00+00:00,1.192270040512085,1.192370057106018,1.1907999515533447,1.1916300058364868
2025-05-28 08:00:00+00:00,1.191540002822876,1.192870020866394,1.1900999546051025,1.1907299757003784
2025-05-28 12:00:00+00:00,1.1908999681472778,1.1926699876785278,1.1898000240325928,1.1925699710845947
2025-05-28 16:00:00+00:00,1.1926300525665283,1.193160057067871,1.1920000314712524,1.1925300359725952
2025-05-28 20:00:00+00:00,1.192579984664917,1.1964999437332153,1.1917999982833862,1.1952999830245972
2025-05-29 00:00:00+00:00,1.1956299543380737,1.1956299543380737,1.1936999559402466,1.1943199634552002
2025-05-29 04:00:00+00:00,1.1942499876022339,1.1954400539398193,1.1930999755859375,1.193969964981079
2025-05-29 08:00:00+00:00,1.1940100193023682,1.1948800086975098,1.1928000450134277,1.1942100524902344
2025-05-29 12:00:00+00:00,1.1941399574279785,1.1941399574279785,1.1858999729156494,1.1858999729156494
2025-05-29 16:00:00+00:00,1.1859999895095825,1.1872299909591675,1.1855000257492065,1.187119960784912
2025-05-29 20:00:00+00:00,1.187059998512268,1.187559962272644,1.1852999925613403,1.1864399909973145
2025-05-30 00:00:00+00:00,1.18641996383667,1.1872999668121338,1.1857000589370728,1.1868499517440796
2025-05-30 04:00:00+00:00,1.18681001663208,1.1887600421905518,1.1862000226974487,1.1885600090026855
2025-05-30 08:00:00+00:00,1.188689947128296,1.1899299621582031,1.187999963760376,1.1883599758148193
2025-05-30 12:00:00+00:00,1.1885600090026855,1.189650058746338,1.1861000061035156,1.1868699789047241
2025-05-30 16:00:00+00:00,1.1868000030517578,1.1868000030517578,1.1848000288009644,1.1864500045776367
2025-05-30 20:00:00+00:00,1.1863800287246704,1.1865400075912476,1.1850999593734741,1.1851999759674072
2025-05-31 00:00:00+00:00,,,,
2025-05-31 04:00:00+00:00,,,,
2025-05-31 08:00:00+00:00,,,,
2025-05-31 12:00:00+00:00,,,,
2025-05-31 16:00:00+00:00,,,,
2025-05-31 20:00:00+00:00,,,,
2025-06-01 00:00:00+00:00,,,,
2025-06-01 04:00:00+00:00,,,,
2025-06-01 08:00:00+00:00,,,,
2025-06-01 12:00:00+00:00,,,,
2025-06-01 16:00:00+00:00,,,,
2025-06-01 20:00:00+00:00,1.1856199502944946,1.1862200498580933,1.1850999593734741,1.186210036277771
2025-06-02 00:00:00+00:00,1.1861499547958374,1.1866999864578247,1.1856000423431396,1.186560034751892
2025-06-02 04:00:00+00:00,1.1865500211715698,1.1869900226593018,1.1849000453948975,1.18572998046875
2025-06-02 08:00:00+00:00,1.1859099864959717,1.1866300106048584,1.184399962425232,1.1857999563217163
2025-06-02 12:00:00+00:00,1.1857999563217163,1.1860400438308716,1.1832000017166138,1.1851099729537964
2025-06-02 16:00:00+00:00,1.1851500272750854,1.1851500272750854,1.1828999519348145,1.1834700107574463
2025-06-02 20:00:00+00:00,1.1834399700164795,1.1839300394058228,1.182979941368103,1.1835800409317017
2025-06-03 00:00:00+00:00,1.1835500001907349,1.184190034866333,1.1828999519348145,1.1835999488830566
2025-06-03 04:00:00+00:00,1.1835700273513794,1.1844799518585205,1.1829999685287476,1.1841100454330444
2025-06-03 08:00:00+00:00,1.184149980545044,1.1854900121688843,1.1833000183105469,1.1854000091552734
2025-06-03 12:00:00+00:00,1.1853899955749512,1.1888799667358398,1.1847000122070312,1.1888099908828735
2025-06-03 16:00:00+00:00,1.1887600421905518,1.1889699697494507,1.1877000331878662,1.1887400150299072
2025-06-03 20:00:00+00:00,1.1886600255966187,1.1888699531555176,1.1877000331878662,1.1884599924087524
2025-06-04 00:00:00+00:00,1.1884599924087524,1.1889300346374512,1.1877000331878662,1.1888999938964844
2025-06-04 04:00:00+00:00,1.188920021057129,1.18913996219635,1.1875,1.188040018081665
2025-06-04 08:00:00+00:00,1.1880500316619873,1.1893399953842163,1.187000036239624,1.1874200105667114
2025-06-04 12:00:00+00:00,1.1873600482940674,1.1880799531936646,1.1856000423431396,1.187600016593933
2025-06-04 16:00:00+00:00,1.187600016593933,1.1877800226211548,1.1859999895095825,1.1868499517440796
2025-06-04 20:00:00+00:00,1.1868499517440796,1.1872999668121338,1.1858999729156494,1.186329960823059
2025-06-05 00:00:00+00:00,1.1863399744033813,1.1872999668121338,1.1856000423431396,1.1869399547576904
2025-06-05 04:00:00+00:00,1.1869699954986572,1.1882400512695312,1.1864999532699585,1.1880899667739868
2025-06-05 08:00:00+00:00,1.1881099939346313,1.1887999773025513,1.1871999502182007,1.1876800060272217
2025-06-05 12:00:00+00:00,1.1875300407409668,1.188480019569397,1.18340003490448,1.1871999502182007
2025-06-05 16:00:00+00:00,1.1873699426651,1.1877000331878662,1.1856000423431396,1.1865400075912476
2025-06-05 20:00:00+00:00,1.1865999698638916,1.1865999698638916,1.1845999956130981,1.185479998588562
2025-06-06 00:00:00+00:00,1.1855900287628174,1.1864700317382812,1.1850999593734741,1.186229944229126
2025-06-06 04:00:00+00:00,1.1863000392913818,1.186650037765503,1.1841000318527222,1.1852500438690186
2025-06-06 08:00:00+00:00,1.185379981994629,1.186769962310791,1.1845999956130981,1.186710000038147
2025-06-06 12:00:00+00:00,1.18681001663208,1.187940001487732,1.1859999895095825,1.1871099472045898
2025-06-06 16:00:00+00:00,1.1872299909591675,1.1874300241470337,1.1862000226974487,1.1872800588607788
2025-06-06 20:00:00+00:00,1.1872700452804565,1.1872800588607788,1.186400055885315,1.186400055885315
2025-06-07 00:00:00+00:00,,,,
2025-06-07 04:00:00+00:00,,,,
2025-06-07 08:00:00+00:00,,,,
2025-06-07 12:00:00+00:00,,,,
2025-06-07 16:00:00+00:00,,,,
2025-06-07 20:00:00+00:00,,,,
2025-06-08 00:00:00+00:00,,,,
2025-06-08 04:00:00+00:00,,,,
2025-06-08 08:00:00+00:00,,,,
2025-06-08 12:00:00+00:00,,,,
2025-06-08 16:00:00+00:00,,,,
2025-06-08 20:00:00+00:00,1.1864500045776367,1.1867300271987915,1.1859999895095825,1.186669945716858
2025-06-09 00:00:00+00:00,1.186579942703247,1.1876200437545776,1.1862000226974487,1.1873899698257446
2025-06-09 04:00:00+00:00,1.1873899698257446,1.1876699924468994,1.1863000392913818,1.1875
2025-06-09 08:00:00+00:00,1.187459945678711,1.1882799863815308,1.186400055885315,1.1877399682998657
2025-06-09 12:00:00+00:00,1.187690019607544,1.1879099607467651,1.1863000392913818,1.1870100498199463
2025-06-09 16:00:00+00:00,1.1870900392532349,1.1875,1.1861000061035156,1.18681001663208
2025-06-09 20:00:00+00:00,1.1867899894714355,1.1867899894714355,1.1856000423431396,1.1861799955368042
2025-06-10 00:00:00+00:00,1.1861900091171265,1.1877800226211548,1.1855000257492065,1.187559962272644
2025-06-10 04:00:00+00:00,1.187559962272644,1.187849998474121,1.1813000440597534,1.1823300123214722
2025-06-10 08:00:00+00:00,1.1825300455093384,1.1834299564361572,1.180400013923645,1.1816400289535522
2025-06-10 12:00:00+00:00,1.1814299821853638,1.183519959449768,1.1806999444961548,1.1824699640274048
2025-06-10 16:00:00+00:00,1.1825000047683716,1.1825000047683716,1.1806999444961548,1.1816400289535522
2025-06-10 20:00:00+00:00,1.1816500425338745,1.1817500591278076,1.180299997329712,1.1808799505233765
2025-06-11 00:00:00+00:00,1.1808600425720215,1.1813900470733643,1.180299997329712,1.1808799505233765
2025-06-11 04:00:00+00:00,1.180899977684021,1.181089997291565,1.1797000169754028,1.1805399656295776
2025-06-11 08:00:00+00:00,1.1803699731826782,1.181149959564209,1.1791000366210938,1.180299997329712
2025-06-11 12:00:00+00:00,1.180459976196289,1.1805200576782227,1.1776000261306763,1.1797200441360474
2025-06-11 16:00:00+00:00,1.1797399520874023,1.179919958114624,1.1783000230789185,1.1788899898529053
2025-06-11 20:00:00+00:00,1.1788400411605835,1.1793899536132812,1.1782000064849854,1.1786799430847168
2025-06-12 00:00:00+00:00,1.1787099838256836,1.1793099641799927,1.1783000230789185,1.179029941558838
2025-06-12 04:00:00+00:00,1.1790200471878052,1.1794899702072144,1.1742000579833984,1.174880027770996
2025-06-12 08:00:00+00:00,1.1745799779891968,1.1756399869918823,1.1710000038146973,1.172700047492981
2025-06-12 12:00:00+00:00,1.1727299690246582,1.1746799945831299,1.169600009918213,1.1734700202941895
2025-06-12 16:00:00+00:00,1.1735800504684448,1.1749500036239624,1.1730999946594238,1.1749500036239624
2025-06-12 20:00:00+00:00,1.1749000549316406,1.1754000186920166,1.1739000082015991,1.1739200353622437
2025-06-13 00:00:00+00:00,1.1740599870681763,1.1751899719238281,1.1734000444412231,1.1746400594711304
2025-06-13 04:00:00+00:00,1.1744999885559082,1.1754000186920166,1.1715999841690063,1.1753599643707275
2025-06-13 08:00:00+00:00,1.1752899885177612,1.1772500276565552,1.174399971961975,1.1761800050735474
2025-06-13 12:00:00+00:00,1.1763499975204468,1.1763900518417358,1.173699975013733,1.1760900020599365
2025-06-13 16:00:00+00:00,1.176010012626648,1.1766999959945679,1.1742000579833984,1.1747900247573853
2025-06-13 20:00:00+00:00,1.174970030784607,1.1752099990844727,1.174399971961975,1.1750999689102173
2025-06-14 00:00:00+00:00,,,,
2025-06-14 04:00:00+00:00,,,,
2025-06-14 08:00:00+00:00,,,,
2025-06-14 12:00:00+00:00,,,,
2025-06-14 16:00:00+00:00,,,,
2025-06-14 20:00:00+00:00,,,,
2025-06-15 00:00:00+00:00,,,,
2025-06-15 04:00:00+00:00,,,,
2025-06-15 08:00:00+00:00,,,,
2025-06-15 12:00:00+00:00,,,,
2025-06-15 16:00:00+00:00,,,,
2025-06-15 20:00:00+00:00,1.174299955368042,1.1748299598693848,1.173799991607666,1.1742299795150757
2025-06-16 00:00:00+00:00,1.1741600036621094,1.1748299598693848,1.1734000444412231,1.1741700172424316
2025-06-16 04:00:00+00:00,1.1740700006484985,1.174880027770996,1.1723999977111816,1.172700047492981
2025-06-16 08:00:00+00:00,1.173140048980713,1.173509955406189,1.1720000505447388,1.1732699871063232
2025-06-16 12:00:00+00:00,1.1732300519943237,1.1741000413894653,1.1715999841690063,1.1741000413894653
2025-06-16 16:00:00+00:00,1.1741100549697876,1.1749399900436401,1.17330002784729,1.174589991569519
2025-06-16 20:00:00+00:00,1.1744999885559082,1.1747699975967407,1.1729999780654907,1.1742700338363647
2025-06-17 00:00:00+00:00,1.1743600368499756,1.174649953842163,1.1734000444412231,1.1734999418258667
2025-06-17 04:00:00+00:00,1.1739200353622437,1.174239993095398,1.1725000143051147,1.1735399961471558
2025-06-17 08:00:00+00:00,1.1734399795532227,1.1738500595092773,1.1713999509811401,1.1729300022125244
2025-06-17 12:00:00+00:00,1.1729199886322021,1.1731699705123901,1.170699954032898,1.1715799570083618
2025-06-17 16:00:00+00:00,1.1716099977493286,1.1716599464416504,1.1684000492095947,1.1689599752426147
2025-06-17 20:00:00+00:00,1.1689800024032593,1.1700199842453003,1.1683000326156616,1.169510006904602
2025-06-18 00:00:00+00:00,1.1692999601364136,1.1696799993515015,1.1678999662399292,1.1684499979019165
2025-06-18 04:00:00+00:00,1.1684099435806274,1.1698600053787231,1.167799949645996,1.1687599420547485
2025-06-18 08:00:00+00:00,1.168910026550293,1.1706500053405762,1.1683000326156616,1.1687500476837158
2025-06-18 12:00:00+00:00,1.1688899993896484,1.170050024986267,1.1679999828338623,1.1690900325775146
2025-06-18 16:00:00+00:00,1.1690499782562256,1.170009970664978,1.1672999858856201,1.168529987335205
2025-06-18 20:00:00+00:00,1.168529987335205,1.169100046157837,1.1678999662399292,1.168720006942749
2025-06-19 00:00:00+00:00,1.1687400341033936,1.1696300506591797,1.167799949645996,1.1692299842834473
2025-06-19 04:00:00+00:00,1.1692299842834473,1.1696900129318237,1.1683000326156616,1.1691999435424805
2025-06-19 08:00:00+00:00,1.1691499948501587,1.1711100339889526,1.1682000160217285,1.170799970626831
2025-06-19 12:00:00+00:00,1.171180009841919,1.1717900037765503,1.1691999435424805,1.1713999509811401
2025-06-19 16:00:00+00:00,1.171820044517517,1.171970009803772,1.170699954032898,1.1712599992752075
2025-06-19 20:00:00+00:00,1.171370029449463,1.1715199947357178,1.170199990272522,1.170609951019287
2025-06-20 00:00:00+00:00,1.170639991760254,1.1712100505828857,1.1698999404907227,1.1705800294876099
2025-06-20 04:00:00+00:00,1.1705600023269653,1.1712299585342407,1.1689000129699707,1.169700026512146
2025-06-20 08:00:00+00:00,1.170050024986267,1.1718499660491943,1.1694999933242798,1.17153000831604
2025-06-20 12:00:00+00:00,1.1714999675750732,1.1727999448776245,1.1680999994277954,1.168779969215393
2025-06-20 16:00:00+00:00,1.16867995262146,1.16867995262146,1.166700005531311,1.1674699783325195
2025-06-20 20:00:00+00:00,1.1675299406051636,1.1676199436187744,1.1664999723434448,1.1669000387191772
2025-06-21 00:00:00+00:00,,,,
2025-06-21 04:00:00+00:00,,,,
2025-06-21 08:00:00+00:00,,,,
2025-06-21 12:00:00+00:00,,,,
2025-06-21 16:00:00+00:00,,,,
2025-06-21 20:00:00+00:00,,,,
2025-06-22 00:00:00+00:00,,,,
2025-06-22 04:00:00+00:00,,,,
2025-06-22 08:00:00+00:00,,,,
2025-06-22 12:00:00+00:00,,,,
2025-06-22 16:00:00+00:00,,,,
2025-06-22 20:00:00+00:00,1.1684199571609497,1.1686700582504272,1.1675000190734863,1.167799949645996
2025-06-23 00:00:00+00:00,1.1680699586868286,1.1683399677276611,1.1668000221252441,1.1672500371932983
2025-06-23 04:00:00+00:00,1.1672500371932983,1.1691299676895142,1.1657999753952026,1.1686500310897827
2025-06-23 08:00:00+00:00,1.1682000160217285,1.1691900491714478,1.1657999753952026,1.1673699617385864
2025-06-23 12:00:00+00:00,1.167140007019043,1.1699199676513672,1.1664999723434448,1.1686999797821045
2025-06-23 16:00:00+00:00,1.1690800189971924,1.1694999933242798,1.1677000522613525,1.1678999662399292
2025-06-23 20:00:00+00:00,1.1681499481201172,1.1682900190353394,1.1668000221252441,1.1677700281143188
2025-06-24 00:00:00+00:00,1.1678199768066406,1.168619990348816,1.1670000553131104,1.1682000160217285
2025-06-24 04:00:00+00:00,1.168619990348816,1.1714199781417847,1.1679999828338623,1.1712599992752075
2025-06-24 08:00:00+00:00,1.1714199781417847,1.1735299825668335,1.1711000204086304,1.1722999811172485
2025-06-24 12:00:00+00:00,1.1726200580596924,1.1735299825668335,1.1713000535964966,1.1722999811172485
2025-06-24 16:00:00+00:00,1.1727700233459473,1.1729199886322021,1.1714999675750732,1.172700047492981
2025-06-24 20:00:00+00:00,1.1727399826049805,1.173200011253357,1.1718000173568726,1.1723500490188599
2025-06-25 00:00:00+00:00,1.1723099946975708,1.1723099946975708,1.170799970626831,1.1718000173568726
2025-06-25 04:00:00+00:00,1.1721999645233154,1.1745599508285522,1.1713999509811401,1.173200011253357
2025-06-25 08:00:00+00:00,1.173699975013733,1.1743799448013306,1.1717000007629395,1.1729300022125244
2025-06-25 12:00:00+00:00,1.172950029373169,1.1734600067138672,1.1710000038146973,1.1723400354385376
2025-06-25 16:00:00+00:00,1.172410011291504,1.1728899478912354,1.1710000038146973,1.1720800399780273
2025-06-25 20:00:00+00:00,1.1720000505447388,1.172410011291504,1.1708999872207642,1.1713000535964966
2025-06-26 00:00:00+00:00,1.1715699434280396,1.1725499629974365,1.1710000038146973,1.1719000339508057
2025-06-26 04:00:00+00:00,1.1723400354385376,1.174049973487854,1.1719000339508057,1.1729600429534912
2025-06-26 08:00:00+00:00,1.1729099750518799,1.1732499599456787,1.1705000400543213,1.1720099449157715
2025-06-26 12:00:00+00:00,1.1718000173568726,1.1740100383758545,1.1710000038146973,1.1735700368881226
2025-06-26 16:00:00+00:00,1.1735800504684448,1.1736799478530884,1.1720000505447388,1.172700047492981
2025-06-26 20:00:00+00:00,1.173009991645813,1.1743099689483643,1.1722999811172485,1.1737099885940552
2025-06-27 00:00:00+00:00,1.1736199855804443,1.1752099990844727,1.173200011253357,1.1743500232696533
2025-06-27 04:00:00+00:00,1.1744199991226196,1.1744500398635864,1.1720000505447388,1.1727999448776245
2025-06-27 08:00:00+00:00,1.1727499961853027,1.173949956893921,1.1710000038146973,1.1721999645233154
2025-06-27 12:00:00+00:00,1.1726200580596924,1.1727700233459473,1.1690000295639038,1.169700026512146
2025-06-27 16:00:00+00:00,1.169950008392334,1.1709500551223755,1.1687999963760376,1.1704000234603882
2025-06-27 20:00:00+00:00,1.1707700490951538,1.1708699464797974,1.169800043106079,1.1700999736785889
2025-06-28 00:00:00+00:00,,,,
2025-06-28 04:00:00+00:00,,,,
2025-06-28 08:00:00+00:00,,,,
2025-06-28 12:00:00+00:00,,,,
2025-06-28 16:00:00+00:00,,,,
2025-06-28 20:00:00+00:00,,,,
2025-06-29 00:00:00+00:00,,,,
2025-06-29 04:00:00+00:00,,,,
2025-06-29 08:00:00+00:00,,,,
2025-06-29 12:00:00+00:00,,,,
2025-06-29 16:00:00+00:00,,,,
2025-06-29 20:00:00+00:00,1.1698800325393677,1.1698800325393677,1.1687999963760376,1.1697499752044678
2025-06-30 00:00:00+00:00,1.1696900129318237,1.170740008354187,1.1692999601364136,1.170740008354187
2025-06-30 04:00:00+00:00,1.1706000566482544,1.1708699464797974,1.1678999662399292,1.168619990348816
2025-06-30 08:00:00+00:00,1.1689499616622925,1.1690800189971924,1.1675000190734863,1.1688599586486816
2025-06-30 12:00:00+00:00,1.1688200235366821,1.1690200567245483,1.1649999618530273,1.1651999950408936
2025-06-30 16:00:00+00:00,1.1655999422073364,1.1662100553512573,1.164199948310852,1.1648000478744507
2025-06-30 20:00:00+00:00,1.165179967880249,1.1653399467468262,1.164199948310852,1.1648999452590942
2025-07-01 00:00:00+00:00,1.1649500131607056,1.1655399799346924,1.164199948310852,1.1651999950408936
2025-07-01 04:00:00+00:00,1.165220022201538,1.1680799722671509,1.1648000478744507,1.1680400371551514
2025-07-01 08:00:00+00:00,1.1680799722671509,1.1684800386428833,1.1638000011444092,1.1638000011444092
2025-07-01 12:00:00+00:00,1.1642199754714966,1.1655000448226929,1.1627000570297241,1.1653000116348267
2025-07-01 16:00:00+00:00,1.165429949760437,1.1666100025177002,1.1647000312805176,1.1651400327682495
2025-07-01 20:00:00+00:00,1.1650899648666382,1.1651300191879272,1.163599967956543,1.1643099784851074
2025-07-02 00:00:00+00:00,1.1643999814987183,1.1650700569152832,1.1638000011444092,1.1643999814987183
2025-07-02 04:00:00+00:00,1.1647800207138062,1.1657600402832031,1.163699984550476,1.163699984550476
2025-07-02 08:00:00+00:00,1.1639399528503418,1.1656299829483032,1.1622999906539917,1.1628400087356567
2025-07-02 12:00:00+00:00,1.1625699996948242,1.1625699996948242,1.152999997138977,1.1552799940109253
2025-07-02 16:00:00+00:00,1.155419945716858,1.156290054321289,1.1546000242233276,1.155150055885315
2025-07-02 20:00:00+00:00,1.1551100015640259,1.158400058746338,1.1547000408172607,1.1562999486923218
2025-07-03 00:00:00+00:00,1.1567399501800537,1.1567399501800537,1.1549999713897705,1.1552000045776367
2025-07-03 04:00:00+00:00,1.1555800437927246,1.1583399772644043,1.1550999879837036,1.1570099592208862
2025-07-03 08:00:00+00:00,1.1570600271224976,1.1589000225067139,1.156499981880188,1.1587799787521362
2025-07-03 12:00:00+00:00,1.1586899757385254,1.1612900495529175,1.1575000286102295,1.1612000465393066
2025-07-03 16:00:00+00:00,1.1612399816513062,1.161829948425293,1.1603000164031982,1.161520004272461
2025-07-03 20:00:00+00:00,1.1614500284194946,1.1614500284194946,1.1604000329971313,1.161020040512085
2025-07-04 00:00:00+00:00,1.161020040512085,1.161180019378662,1.1597000360488892,1.1598999500274658
2025-07-04 04:00:00+00:00,1.1602799892425537,1.1612600088119507,1.1598000526428223,1.1603800058364868
2025-07-04 08:00:00+00:00,1.1603200435638428,1.1607600450515747,1.1582000255584717,1.1595499515533447
2025-07-04 12:00:00+00:00,1.1595100164413452,1.1597000360488892,1.1571999788284302,1.1582499742507935
2025-07-04 16:00:00+00:00,1.158270001411438,1.159060001373291,1.1578999757766724,1.1588000059127808
2025-07-04 20:00:00+00:00,1.1588000059127808,1.1589000225067139,1.1577999591827393,1.1577999591827393
2025-07-05 00:00:00+00:00,,,,
2025-07-05 04:00:00+00:00,,,,
2025-07-05 08:00:00+00:00,,,,
2025-07-05 12:00:00+00:00,,,,
2025-07-05 16:00:00+00:00,,,,
2025-07-05 20:00:00+00:00,,,,
2025-07-06 00:00:00+00:00,,,,
2025-07-06 04:00:00+00:00,,,,
2025-07-06 08:00:00+00:00,,,,
2025-07-06 12:00:00+00:00,,,,
2025-07-06 16:00:00+00:00,,,,
2025-07-06 20:00:00+00:00,1.1588200330734253,1.1588599681854248,1.1582000255584717,1.1586300134658813
2025-07-07 00:00:00+00:00,1.158619999885559,1.1586799621582031,1.157099962234497,1.1577999591827393
2025-07-07 04:00:00+00:00,1.157829999923706,1.1587200164794922,1.1563999652862549,1.158139944076538
2025-07-07 08:00:00+00:00,1.1581799983978271,1.1610000133514404,1.156999945640564,1.1606800556182861
2025-07-07 12:00:00+00:00,1.160640001296997,1.162369966506958,1.160099983215332,1.1620399951934814
2025-07-07 16:00:00+00:00,1.1622200012207031,1.1629600524902344,1.160599946975708,1.1611499786376953
2025-07-07 20:00:00+00:00,1.1611100435256958,1.1618000268936157,1.1597000360488892,1.1606800556182861
2025-07-08 00:00:00+00:00,1.1606500148773193,1.161139965057373,1.1598999500274658,1.1605199575424194
2025-07-08 04:00:00+00:00,1.1605199575424194,1.1613399982452393,1.1592999696731567,1.1598199605941772
2025-07-08 08:00:00+00:00,1.1596599817276,1.1597399711608887,1.156599998474121,1.1578600406646729
2025-07-08 12:00:00+00:00,1.1578600406646729,1.1594500541687012,1.1568000316619873,1.159309983253479
2025-07-08 16:00:00+00:00,1.1592700481414795,1.1597100496292114,1.1585999727249146,1.1589399576187134
2025-07-08 20:00:00+00:00,1.159000039100647,1.1592400074005127,1.1583000421524048,1.1586699485778809
2025-07-09 00:00:00+00:00,1.1586600542068481,1.1591999530792236,1.1581000089645386,1.1588000059127808
2025-07-09 04:00:00+00:00,1.1591800451278687,1.1608799695968628,1.1588000059127808,1.1602200269699097
2025-07-09 08:00:00+00:00,1.1602799892425537,1.1611700057983398,1.1598000526428223,1.161139965057373
2025-07-09 12:00:00+00:00,1.1612999439239502,1.161829948425293,1.15910005569458,1.1602200269699097
2025-07-09 16:00:00+00:00,1.160230040550232,1.1607600450515747,1.1592999696731567,1.1599600315093994
2025-07-09 20:00:00+00:00,1.159909963607788,1.1599299907684326,1.1578999757766724,1.1581900119781494
2025-07-10 00:00:00+00:00,1.1582599878311157,1.1593199968338013,1.1577999591827393,1.159209966659546
2025-07-10 04:00:00+00:00,1.1591600179672241,1.1604599952697754,1.1585999727249146,1.1599500179290771
2025-07-10 08:00:00+00:00,1.160140037536621,1.1605199575424194,1.1584999561309814,1.1594699621200562
2025-07-10 12:00:00+00:00,1.159440040588379,1.1612600088119507,1.1577999591827393,1.160730004310608
2025-07-10 16:00:00+00:00,1.1607199907302856,1.1612399816513062,1.160099983215332,1.1606899499893188
2025-07-10 20:00:00+00:00,1.1607099771499634,1.16103994846344,1.159600019454956,1.1603399515151978
2025-07-11 00:00:00+00:00,1.1602599620819092,1.1614099740982056,1.1598000526428223,1.1611100435256958
2025-07-11 04:00:00+00:00,1.161080002784729,1.1612999439239502,1.1578999757766724,1.1583800315856934
2025-07-11 08:00:00+00:00,1.158400058746338,1.159209966659546,1.1546000242233276,1.1552300453186035
2025-07-11 12:00:00+00:00,1.1552400588989258,1.1557799577713013,1.15339994430542,1.154289960861206
2025-07-11 16:00:00+00:00,1.1542600393295288,1.1558200120925903,1.1538000106811523,1.1546499729156494
2025-07-11 20:00:00+00:00,1.154579997062683,1.154770016670227,1.15339994430542,1.153499960899353
2025-07-12 00:00:00+00:00,,,,
2025-07-12 04:00:00+00:00,,,,
2025-07-12 08:00:00+00:00,,,,
2025-07-12 12:00:00+00:00,,,,
2025-07-12 16:00:00+00:00,,,,
2025-07-12 20:00:00+00:00,,,,
2025-07-13 00:00:00+00:00,,,,
2025-07-13 04:00:00+00:00,,,,
2025-07-13 08:00:00+00:00,,,,
2025-07-13 12:00:00+00:00,,,,
2025-07-13 16:00:00+00:00,,,,
2025-07-13 20:00:00+00:00,1.1558500528335571,1.1559699773788452,1.1546000242233276,1.1546000242233276
2025-07-14 00:00:00+00:00,1.1549999713897705,1.1554100513458252,1.153499960899353,1.1540700197219849
2025-07-14 04:00:00+00:00,1.1540199518203735,1.1545100212097168,1.1527999639511108,1.1537699699401855
2025-07-14 08:00:00+00:00,1.1538200378417969,1.1542099714279175,1.152500033378601,1.15339994430542
2025-07-14 12:00:00+00:00,1.1533700227737427,1.154229998588562,1.149999976158142,1.1505000591278076
2025-07-14 16:00:00+00:00,1.1509300470352173,1.152269959449768,1.1500999927520752,1.1500999927520752
2025-07-14 20:00:00+00:00,1.150570034980774,1.1511499881744385,1.1503000259399414,1.1510100364685059
2025-07-15 00:00:00+00:00,1.1509900093078613,1.1511800289154053,1.1496000289916992,1.1497000455856323
2025-07-15 04:00:00+00:00,1.1501699686050415,1.1507500410079956,1.149399995803833,1.1504000425338745
2025-07-15 08:00:00+00:00,1.150730013847351,1.1522799730300903,1.1497999429702759,1.1516000032424927
2025-07-15 12:00:00+00:00,1.1518499851226807,1.1536400318145752,1.1504000425338745,1.152940034866333
2025-07-15 16:00:00+00:00,1.1530200242996216,1.154539942741394,1.1526999473571777,1.1538399457931519
2025-07-15 20:00:00+00:00,1.1537699699401855,1.1538100242614746,1.152899980545044,1.1537400484085083
2025-07-16 00:00:00+00:00,1.1537400484085083,1.1538599729537964,1.152400016784668,1.152500033378601
2025-07-16 04:00:00+00:00,1.1529300212860107,1.1540700197219849,1.1520999670028687,1.1526199579238892
2025-07-16 08:00:00+00:00,1.1527299880981445,1.154979944229126,1.1513999700546265,1.154979944229126
2025-07-16 12:00:00+00:00,1.154919981956482,1.1562600135803223,1.1497000455856323,1.1539299488067627
2025-07-16 16:00:00+00:00,1.1541099548339844,1.1545699834823608,1.1519999504089355,1.1530400514602661
2025-07-16 20:00:00+00:00,1.1530400514602661,1.1530400514602661,1.151900053024292,1.1519999504089355
2025-07-17 00:00:00+00:00,1.1524300575256348,1.153059959411621,1.1517000198364258,1.1525599956512451
2025-07-17 04:00:00+00:00,1.1525700092315674,1.1561800241470337,1.1517000198364258,1.1546000242233276
2025-07-17 08:00:00+00:00,1.154729962348938,1.1570899486541748,1.15339994430542,1.156999945640564
2025-07-17 12:00:00+00:00,1.156849980354309,1.157520055770874,1.155400037765503,1.156540036201477
2025-07-17 16:00:00+00:00,1.1565300226211548,1.1575599908828735,1.156000018119812,1.1563999652862549
2025-07-17 20:00:00+00:00,1.1569199562072754,1.156999945640564,1.155500054359436,1.15625
2025-07-18 00:00:00+00:00,1.1562399864196777,1.1562399864196777,1.1546000242233276,1.1552499532699585
2025-07-18 04:00:00+00:00,1.1552400588989258,1.1557799577713013,1.1542999744415283,1.1547499895095825
2025-07-18 08:00:00+00:00,1.154860019683838,1.1557999849319458,1.1536999940872192,1.1550999879837036
2025-07-18 12:00:00+00:00,1.1555700302124023,1.1557600498199463,1.1527999639511108,1.153499960899353
2025-07-18 16:00:00+00:00,1.1538499593734741,1.154520034790039,1.152899980545044,1.1540100574493408
2025-07-18 20:00:00+00:00,1.1540100574493408,1.1540499925613403,1.1527999639511108,1.1527999639511108
2025-07-19 00:00:00+00:00,,,,
2025-07-19 04:00:00+00:00,,,,
2025-07-19 08:00:00+00:00,,,,
2025-07-19 12:00:00+00:00,,,,
2025-07-19 16:00:00+00:00,,,,
2025-07-19 20:00:00+00:00,,,,
2025-07-20 00:00:00+00:00,,,,
2025-07-20 04:00:00+00:00,,,,
2025-07-20 08:00:00+00:00,,,,
2025-07-20 12:00:00+00:00,,,,
2025-07-20 16:00:00+00:00,,,,
2025-07-20 20:00:00+00:00,1.153540015220642,1.1535600423812866,1.1527999639511108,1.153439998626709
2025-07-21 00:00:00+00:00,1.1534600257873535,1.1545300483703613,1.1527999639511108,1.1540100574493408
2025-07-21 04:00:00+00:00,1.153939962387085,1.1548999547958374,1.1532000303268433,1.15461003780365
2025-07-21 08:00:00+00:00,1.154729962348938,1.1559300422668457,1.154099941253662,1.1551200151443481
2025-07-21 12:00:00+00:00,1.1551100015640259,1.1555800437927246,1.152500033378601,1.1526000499725342
2025-07-21 16:00:00+00:00,1.152959942817688,1.153880000114441,1.152500033378601,1.1534199714660645
2025-07-21 20:00:00+00:00,1.1534299850463867,1.153730034828186,1.152899980545044,1.1533399820327759
2025-07-22 00:00:00+00:00,1.153380036354065,1.1536999940872192,1.1526000499725342,1.1532200574874878
2025-07-22 04:00:00+00:00,1.1531699895858765,1.1531699895858765,1.1517000198364258,1.1523300409317017
2025-07-22 08:00:00+00:00,1.1523699760437012,1.1534600257873535,1.1512000560760498,1.152519941329956
2025-07-22 12:00:00+00:00,1.1524300575256348,1.1541099548339844,1.1502000093460083,1.1506500244140625
2025-07-22 16:00:00+00:00,1.1508100032806396,1.1515799760818481,1.1497999429702759,1.1514300107955933
2025-07-22 20:00:00+00:00,1.1513999700546265,1.1518000364303589,1.1505000591278076,1.1518000364303589
2025-07-23 00:00:00+00:00,1.1517800092697144,1.1524100303649902,1.1510000228881836,1.151900053024292
2025-07-23 04:00:00+00:00,1.1522799730300903,1.1537200212478638,1.1517000198364258,1.1533399820327759
2025-07-23 08:00:00+00:00,1.1533900499343872,1.1546800136566162,1.1527999639511108,1.1546200513839722
2025-07-23 12:00:00+00:00,1.1546599864959717,1.1564199924468994,1.1532000303268433,1.1547399759292603
2025-07-23 16:00:00+00:00,1.1546800136566162,1.1546800136566162,1.1527999639511108,1.1535600423812866
2025-07-23 20:00:00+00:00,1.153499960899353,1.1539299488067627,1.1526999473571777,1.152899980545044
2025-07-24 00:00:00+00:00,1.1532399654388428,1.1537699699401855,1.1526000499725342,1.153059959411621
2025-07-24 04:00:00+00:00,1.153059959411621,1.1535500288009644,1.1520999670028687,1.1528400182724
2025-07-24 08:00:00+00:00,1.1527099609375,1.153090000152588,1.1512000560760498,1.1526800394058228
2025-07-24 12:00:00+00:00,1.1526800394058228,1.1535799503326416,1.1486999988555908,1.1494499444961548
2025-07-24 16:00:00+00:00,1.1494200229644775,1.149440050125122,1.1476000547409058,1.148710012435913
2025-07-24 20:00:00+00:00,1.1486200094223022,1.1505000591278076,1.148300051689148,1.1491299867630005
2025-07-25 00:00:00+00:00,1.1491800546646118,1.1497199535369873,1.1484999656677246,1.1490999460220337
2025-07-25 04:00:00+00:00,1.1491600275039673,1.1494499444961548,1.145400047302246,1.1457200050354004
2025-07-25 08:00:00+00:00,1.1458200216293335,1.1476500034332275,1.1455999612808228,1.1475199460983276
2025-07-25 12:00:00+00:00,1.1475199460983276,1.147570013999939,1.1441999673843384,1.1447199583053589
2025-07-25 16:00:00+00:00,1.1447499990463257,1.145050048828125,1.1432000398635864,1.1440999507904053
2025-07-25 20:00:00+00:00,1.1441700458526611,1.1441999673843384,1.1434999704360962,1.1439000368118286
2025-07-26 00:00:00+00:00,,,,
2025-07-26 04:00:00+00:00,,,,
2025-07-26 08:00:00+00:00,,,,
2025-07-26 12:00:00+00:00,,,,
2025-07-26 16:00:00+00:00,,,,
2025-07-26 20:00:00+00:00,,,,
2025-07-27 00:00:00+00:00,,,,
2025-07-27 04:00:00+00:00,,,,
2025-07-27 08:00:00+00:00,,,,
2025-07-27 12:00:00+00:00,,,,
2025-07-27 16:00:00+00:00,,,,
2025-07-27 20:00:00+00:00,1.142699956893921,1.1430599689483643,1.142300009727478,1.143030047416687
2025-07-28 00:00:00+00:00,1.1429799795150757,1.1434400081634521,1.1420999765396118,1.1433299779891968
2025-07-28 04:00:00+00:00,1.1433600187301636,1.1484899520874023,1.1430000066757202,1.1484700441360474
2025-07-28 08:00:00+00:00,1.1484700441360474,1.1525100469589233,1.1476999521255493,1.1523900032043457
2025-07-28 12:00:00+00:00,1.1521899700164795,1.1538499593734741,1.1510000228881836,1.1534600257873535
2025-07-28 16:00:00+00:00,1.1533900499343872,1.1534299850463867,1.1512000560760498,1.1520400047302246
2025-07-28 20:00:00+00:00,1.1519900560379028,1.152500033378601,1.1516000032424927,1.151960015296936
2025-07-29 00:00:00+00:00,1.1518700122833252,1.152109980583191,1.1509000062942505,1.151710033416748
2025-07-29 04:00:00+00:00,1.1517200469970703,1.1557300090789795,1.1513999700546265,1.1537799835205078
2025-07-29 08:00:00+00:00,1.153880000114441,1.155900001525879,1.1520999670028687,1.1558899879455566
2025-07-29 12:00:00+00:00,1.155900001525879,1.1569299697875977,1.1532000303268433,1.1565200090408325
2025-07-29 16:00:00+00:00,1.1563700437545776,1.1564500331878662,1.1545000076293945,1.1563600301742554
2025-07-29 20:00:00+00:00,1.1564099788665771,1.1565300226211548,1.155400037765503,1.156000018119812
2025-07-30 00:00:00+00:00,1.155940055847168,1.1559799909591675,1.1543999910354614,1.1554100513458252
2025-07-30 04:00:00+00:00,1.155400037765503,1.1564699411392212,1.1548000574111938,1.1563600301742554
2025-07-30 08:00:00+00:00,1.1563400030136108,1.1598700284957886,1.1556999683380127,1.1597399711608887
2025-07-30 12:00:00+00:00,1.1597399711608887,1.1606500148773193,1.1568000316619873,1.1572400331497192
2025-07-30 16:00:00+00:00,1.1571999788284302,1.159409999847412,1.156499981880188,1.159409999847412
2025-07-30 20:00:00+00:00,1.159369945526123,1.1609599590301514,1.1589000225067139,1.1598800420761108
2025-07-31 00:00:00+00:00,1.1597100496292114,1.1611900329589844,1.1578999757766724,1.1606800556182861
2025-07-31 04:00:00+00:00,1.1607099771499634,1.160770058631897,1.1575000286102295,1.157960057258606
2025-07-31 08:00:00+00:00,1.1580599546432495,1.1580899953842163,1.155500054359436,1.1561299562454224
2025-07-31 12:00:00+00:00,1.1560900211334229,1.157080054283142,1.1545000076293945,1.1563999652862549
2025-07-31 16:00:00+00:00,1.156499981880188,1.158310055732727,1.1555999517440796,1.1570899486541748
2025-07-31 20:00:00+00:00,1.1570700407028198,1.1574000120162964,1.1556999683380127,1.156290054321289
2025-08-01 00:00:00+00:00,1.1562800407409668,1.1567800045013428,1.155400037765503,1.1560499668121338
2025-08-01 04:00:00+00:00,1.1560100317001343,1.1560499668121338,1.154099941253662,1.1553699970245361
2025-08-01 08:00:00+00:00,1.1553200483322144,1.1553200483322144,1.1523000001907349,1.1536099910736084
2025-08-01 12:00:00+00:00,1.1536799669265747,1.1542999744415283,1.1466000080108643,1.1474100351333618
2025-08-01 16:00:00+00:00,1.1473499536514282,1.147860050201416,1.1454999446868896,1.1462700366973877
2025-08-01 20:00:00+00:00,1.1462500095367432,1.1462700366973877,1.1450999975204468,1.1456999778747559
2025-08-02 00:00:00+00:00,,,,
2025-08-02 04:00:00+00:00,,,,
2025-08-02 08:00:00+00:00,,,,
2025-08-02 12:00:00+00:00,,,,
2025-08-02 16:00:00+00:00,,,,
2025-08-02 20:00:00+00:00,,,,
2025-08-03 00:00:00+00:00,,,,
2025-08-03 04:00:00+00:00,,,,
2025-08-03 08:00:00+00:00,,,,
2025-08-03 12:00:00+00:00,,,,
2025-08-03 16:00:00+00:00,,,,
2025-08-03 20:00:00+00:00,1.1462299823760986,1.1470500230789185,1.1456999778747559,1.1469000577926636
2025-08-04 00:00:00+00:00,1.1469800472259521,1.1477199792861938,1.1461000442504883,1.1470600366592407
2025-08-04 04:00:00+00:00,1.1470999717712402,1.148650050163269,1.146299958229065,1.1476000547409058
2025-08-04 08:00:00+00:00,1.1481000185012817,1.1496299505233765,1.1475000381469727,1.1493300199508667
2025-08-04 12:00:00+00:00,1.1493099927902222,1.1510499715805054,1.1476999521255493,1.1486200094223022
2025-08-04 16:00:00+00:00,1.1486799716949463,1.1489700078964233,1.1469999551773071,1.1476099491119385
2025-08-04 20:00:00+00:00,1.1475800275802612,1.1482000350952148,1.1470999717712402,1.147860050201416
2025-08-05 00:00:00+00:00,1.1478500366210938,1.1495800018310547,1.1471999883651733,1.1484999656677246
2025-08-05 04:00:00+00:00,1.1489299535751343,1.1500099897384644,1.1484999656677246,1.149440050125122
2025-08-05 08:00:00+00:00,1.1495200395584106,1.1519900560379028,1.148900032043457,1.1509300470352173
2025-08-05 12:00:00+00:00,1.1508699655532837,1.1514699459075928,1.1480000019073486,1.1491299867630005
2025-08-05 16:00:00+00:00,1.1491299867630005,1.1496200561523438,1.1481000185012817,1.1488100290298462
2025-08-05 20:00:00+00:00,1.1487699747085571,1.1490199565887451,1.1478999853134155,1.1481000185012817
2025-08-06 00:00:00+00:00,1.1483999490737915,1.1497700214385986,1.1480000019073486,1.1492600440979004
2025-08-06 04:00:00+00:00,1.149209976196289,1.1493300199508667,1.1477999687194824,1.1484899520874023
2025-08-06 08:00:00+00:00,1.1484899520874023,1.148669958114624,1.146299958229065,1.1476399898529053
2025-08-06 12:00:00+00:00,1.1475000381469727,1.1475000381469727,1.1447999477386475,1.1464999914169312
2025-08-06 16:00:00+00:00,1.1468700170516968,1.1474000215530396,1.1450999975204468,1.145400047302246
2025-08-06 20:00:00+00:00,1.1457699537277222,1.1460599899291992,1.144700050354004,1.1451799869537354
2025-08-07 00:00:00+00:00,1.1451799869537354,1.1456600427627563,1.144700050354004,1.1453100442886353
2025-08-07 04:00:00+00:00,1.145259976387024,1.1455600261688232,1.1435999870300293,1.144029974937439
2025-08-07 08:00:00+00:00,1.1441099643707275,1.151919960975647,1.1434999704360962,1.1512999534606934
2025-08-07 12:00:00+00:00,1.1518399715423584,1.1540900468826294,1.1506999731063843,1.15339994430542
2025-08-07 16:00:00+00:00,1.1538200378417969,1.154129981994629,1.1523000001907349,1.1533399820327759
2025-08-07 20:00:00+00:00,1.1533000469207764,1.1533600091934204,1.1512999534606934,1.1518800258636475
2025-08-08 00:00:00+00:00,1.1518100500106812,1.152809977531433,1.1512999534606934,1.1520999670028687
2025-08-08 04:00:00+00:00,1.1525299549102783,1.1538100242614746,1.1518000364303589,1.152400016784668
2025-08-08 08:00:00+00:00,1.152940034866333,1.155460000038147,1.152400016784668,1.154379963874817
2025-08-08 12:00:00+00:00,1.1541600227355957,1.154170036315918,1.1521999835968018,1.152809977531433
2025-08-08 16:00:00+00:00,1.1527600288391113,1.1552499532699585,1.1523000001907349,1.1551799774169922
2025-08-08 20:00:00+00:00,1.1551300287246704,1.15556001663208,1.1545000076293945,1.1549999713897705
2025-08-09 00:00:00+00:00,,,,
2025-08-09 04:00:00+00:00,,,,
2025-08-09 08:00:00+00:00,,,,
2025-08-09 12:00:00+00:00,,,,
2025-08-09 16:00:00+00:00,,,,
2025-08-09 20:00:00+00:00,,,,
2025-08-10 00:00:00+00:00,,,,
2025-08-10 04:00:00+00:00,,,,
2025-08-10 08:00:00+00:00,,,,
2025-08-10 12:00:00+00:00,,,,
2025-08-10 16:00:00+00:00,,,,
2025-08-10 20:00:00+00:00,1.1541399955749512,1.1542500257492065,1.1536999940872192,1.154099941253662
2025-08-11 00:00:00+00:00,1.154099941253662,1.1543099880218506,1.1526999473571777,1.1536200046539307
2025-08-11 04:00:00+00:00,1.1536400318145752,1.1550500392913818,1.152999997138977,1.1549400091171265
2025-08-11 08:00:00+00:00,1.1550500392913818,1.155869960784912,1.1539000272750854,1.154860019683838
2025-08-11 12:00:00+00:00,1.1548099517822266,1.1563899517059326,1.154099941253662,1.1557799577713013
2025-08-11 16:00:00+00:00,1.1556999683380127,1.1570899486541748,1.1553000211715698,1.1569700241088867
2025-08-11 20:00:00+00:00,1.156980037689209,1.157039999961853,1.1555999517440796,1.1563899517059326
2025-08-12 00:00:00+00:00,1.1564099788665771,1.156440019607544,1.1553000211715698,1.1558799743652344
2025-08-12 04:00:00+00:00,1.155900001525879,1.1581499576568604,1.1549999713897705,1.1581499576568604
2025-08-12 08:00:00+00:00,1.158139944076538,1.1598600149154663,1.1572999954223633,1.1595200300216675
2025-08-12 12:00:00+00:00,1.159559965133667,1.1600500345230103,1.1556999683380127,1.1569700241088867
2025-08-12 16:00:00+00:00,1.1570500135421753,1.1574300527572632,1.155400037765503,1.1558799743652344
2025-08-12 20:00:00+00:00,1.1558500528335571,1.1564300060272217,1.1553000211715698,1.156350016593933
2025-08-13 00:00:00+00:00,1.1563299894332886,1.1564799547195435,1.1550999879837036,1.1556899547576904
2025-08-13 04:00:00+00:00,1.1556400060653687,1.1570299863815308,1.1550999879837036,1.1568200588226318
2025-08-13 08:00:00+00:00,1.156849980354309,1.159000039100647,1.1562999486923218,1.1584500074386597
2025-08-13 12:00:00+00:00,1.158560037612915,1.1599299907684326,1.1572999954223633,1.1584899425506592
2025-08-13 16:00:00+00:00,1.1584999561309814,1.1601099967956543,1.1581000089645386,1.160099983215332
2025-08-13 20:00:00+00:00,1.1601699590682983,1.1602100133895874,1.1586999893188477,1.1597800254821777
2025-08-14 00:00:00+00:00,1.1597900390625,1.1602100133895874,1.159000039100647,1.1597399711608887
2025-08-14 04:00:00+00:00,1.1596800088882446,1.162950038909912,1.1592999696731567,1.1620299816131592
2025-08-14 08:00:00+00:00,1.1621299982070923,1.163100004196167,1.1606999635696411,1.1614700555801392
2025-08-14 12:00:00+00:00,1.1613500118255615,1.1630799770355225,1.1606999635696411,1.1619999408721924
2025-08-14 16:00:00+00:00,1.1619900465011597,1.1627999544143677,1.1614999771118164,1.1621099710464478
2025-08-14 20:00:00+00:00,1.1620399951934814,1.1620399951934814,1.160599946975708,1.1612000465393066
2025-08-15 00:00:00+00:00,1.161180019378662,1.1619199514389038,1.1607999801635742,1.1618000268936157
2025-08-15 04:00:00+00:00,1.1618000268936157,1.1618399620056152,1.1598000526428223,1.1602200269699097
2025-08-15 08:00:00+00:00,1.1601799726486206,1.1605199575424194,1.1589000225067139,1.1600899696350098
2025-08-15 12:00:00+00:00,1.160140037536621,1.1603800058364868,1.1571999788284302,1.1584500074386597
2025-08-15 16:00:00+00:00,1.158460021018982,1.1585700511932373,1.1574000120162964,1.1583600044250488
2025-08-15 20:00:00+00:00,1.158329963684082,1.1583800315856934,1.1572999954223633,1.1572999954223633
2025-08-16 00:00:00+00:00,,,,
2025-08-16 04:00:00+00:00,,,,
2025-08-16 08:00:00+00:00,,,,
2025-08-16 12:00:00+00:00,,,,
2025-08-16 16:00:00+00:00,,,,
2025-08-16 20:00:00+00:00,,,,
2025-08-17 00:00:00+00:00,,,,
2025-08-17 04:00:00+00:00,,,,
2025-08-17 08:00:00+00:00,,,,
2025-08-17 12:00:00+00:00,,,,
2025-08-17 16:00:00+00:00,,,,
2025-08-17 20:00:00+00:00,1.1571999788284302,1.1576000452041626,1.1571999788284302,1.1575000286102295
2025-08-18 00:00:00+00:00,1.1575000286102295,1.158400058746338,1.1574000120162964,1.1577999591827393
2025-08-18 04:00:00+00:00,1.1576999425888062,1.1585999727249146,1.1572999954223633,1.1584999561309814
2025-08-18 08:00:00+00:00,1.1588000059127808,1.1597000360488892,1.158400058746338,1.15910005569458
2025-08-18 12:00:00+00:00,1.159000039100647,1.159600019454956,1.1577999591827393,1.1581000089645386
2025-08-18 16:00:00+00:00,1.158400058746338,1.1586999893188477,1.157099962234497,1.157099962234497
2025-08-18 20:00:00+00:00,1.156999945640564,1.1582000255584717,1.1569000482559204,1.1571999788284302
2025-08-19 00:00:00+00:00,1.1571999788284302,1.1582000255584717,1.1571999788284302,1.1578999757766724
2025-08-19 04:00:00+00:00,1.1578999757766724,1.1579999923706055,1.1568000316619873,1.1568000316619873
2025-08-19 08:00:00+00:00,1.1568000316619873,1.1576999425888062,1.1562000513076782,1.156499981880188
2025-08-19 12:00:00+00:00,1.156599998474121,1.1574000120162964,1.155900001525879,1.156599998474121
2025-08-19 16:00:00+00:00,1.156499981880188,1.1576999425888062,1.1563999652862549,1.1576999425888062
2025-08-19 20:00:00+00:00,1.1577999591827393,1.1579999923706055,1.1572999954223633,1.1578999757766724
2025-08-20 00:00:00+00:00,1.1577999591827393,1.1583000421524048,1.1576000452041626,1.1576999425888062
2025-08-20 04:00:00+00:00,1.1576999425888062,1.1608999967575073,1.1575000286102295,1.159500002861023
2025-08-20 08:00:00+00:00,1.1592999696731567,1.1598000526428223,1.1569000482559204,1.1569000482559204
2025-08-20 12:00:00+00:00,1.156499981880188,1.156499981880188,1.1539000272750854,1.154099941253662
2025-08-20 16:00:00+00:00,1.154099941253662,1.154099941253662,1.1533000469207764,1.1540000438690186
2025-08-20 20:00:00+00:00,1.154099941253662,1.1553000211715698,1.1540000438690186,1.1553000211715698
2025-08-21 00:00:00+00:00,1.1552000045776367,1.1553000211715698,1.1545000076293945,1.1547000408172607
2025-08-21 04:00:00+00:00,1.1548000574111938,1.1556999683380127,1.1535999774932861,1.1536999940872192
2025-08-21 08:00:00+00:00,1.1538000106811523,1.1561000347137451,1.1538000106811523,1.155400037765503
2025-08-21 12:00:00+00:00,1.1552000045776367,1.1562000513076782,1.1538000106811523,1.1553000211715698
2025-08-21 16:00:00+00:00,1.1553000211715698,1.1555999517440796,1.1548000574111938,1.1553000211715698
2025-08-21 20:00:00+00:00,1.1553000211715698,1.155400037765503,1.1543999910354614,1.1549999713897705
2025-08-22 00:00:00+00:00,1.1549999713897705,1.1557999849319458,1.1546000242233276,1.1557999849319458
2025-08-22 04:00:00+00:00,1.1557999849319458,1.1561000347137451,1.1552000045776367,1.1556999683380127
2025-08-22 08:00:00+00:00,1.1556999683380127,1.156499981880188,1.155400037765503,1.155500054359436
2025-08-22 12:00:00+00:00,1.1555999517440796,1.156999945640564,1.1533000469207764,1.1541999578475952
2025-08-22 16:00:00+00:00,1.1541999578475952,1.1542999744415283,1.1526999473571777,1.152899980545044
2025-08-22 20:00:00+00:00,1.152899980545044,1.1540000438690186,1.152899980545044,1.1540000438690186
2025-08-23 00:00:00+00:00,,,,
2025-08-23 04:00:00+00:00,,,,
2025-08-23 08:00:00+00:00,,,,
2025-08-23 12:00:00+00:00,,,,
2025-08-23 16:00:00+00:00,,,,
2025-08-23 20:00:00+00:00,,,,
2025-08-24 00:00:00+00:00,,,,
2025-08-24 04:00:00+00:00,,,,
2025-08-24 08:00:00+00:00,,,,
2025-08-24 12:00:00+00:00,,,,
2025-08-24 16:00:00+00:00,,,,
2025-08-24 20:00:00+00:00,1.15339994430542,1.15339994430542,1.1533000469207764,1.15339994430542
2025-08-25 00:00:00+00:00,1.1533000469207764,1.1536999940872192,1.152999997138977,1.1535999774932861
2025-08-25 04:00:00+00:00,1.1535999774932861,1.1542999744415283,1.1527999639511108,1.1538000106811523
2025-08-25 08:00:00+00:00,1.1539000272750854,1.1552000045776367,1.152999997138977,1.1548999547958374
2025-08-25 12:00:00+00:00,1.1548000574111938,1.155400037765503,1.153499960899353,1.155400037765503
2025-08-25 16:00:00+00:00,1.155500054359436,1.158400058746338,1.155500054359436,1.1582000255584717
2025-08-25 20:00:00+00:00,1.1583000421524048,1.1583000421524048,1.1567000150680542,1.1578999757766724
2025-08-26 00:00:00+00:00,1.1578999757766724,1.1578999757766724,1.1562000513076782,1.156499981880188
2025-08-26 04:00:00+00:00,1.156499981880188,1.1576000452041626,1.1561000347137451,1.1574000120162964
2025-08-26 08:00:00+00:00,1.1574000120162964,1.159000039100647,1.156499981880188,1.1568000316619873
2025-08-26 12:00:00+00:00,1.1568000316619873,1.1571999788284302,1.1556999683380127,1.1562999486923218
2025-08-26 16:00:00+00:00,1.1561000347137451,1.1576000452041626,1.156000018119812,1.1575000286102295
2025-08-26 20:00:00+00:00,1.1574000120162964,1.1575000286102295,1.1563999652862549,1.1575000286102295
2025-08-27 00:00:00+00:00,1.1576000452041626,1.1576000452041626,1.1569000482559204,1.157099962234497
2025-08-27 04:00:00+00:00,1.1571999788284302,1.159000039100647,1.157099962234497,1.1589000225067139
2025-08-27 08:00:00+00:00,1.1589000225067139,1.1598999500274658,1.158400058746338,1.1586999893188477
2025-08-27 12:00:00+00:00,1.1585999727249146,1.1607999801635742,1.1585999727249146,1.1592999696731567
2025-08-27 16:00:00+00:00,1.1592999696731567,1.159999966621399,1.1589000225067139,1.1597000360488892
2025-08-27 20:00:00+00:00,1.1597000360488892,1.1597000360488892,1.1588000059127808,1.1588000059127808
2025-08-28 00:00:00+00:00,1.1588000059127808,1.1598000526428223,1.1586999893188477,1.159600019454956
2025-08-28 04:00:00+00:00,1.1597000360488892,1.1601999998092651,1.1585999727249146,1.1588000059127808
2025-08-28 08:00:00+00:00,1.1588000059127808,1.1592999696731567,1.1578999757766724,1.1578999757766724
2025-08-28 12:00:00+00:00,1.1577999591827393,1.1577999591827393,1.1562999486923218,1.1572999954223633
2025-08-28 16:00:00+00:00,1.1574000120162964,1.1574000120162964,1.1557999849319458,1.1561000347137451
2025-08-28 20:00:00+00:00,1.156000018119812,1.156599998474121,1.155900001525879,1.1561000347137451
2025-08-29 00:00:00+00:00,1.1561000347137451,1.1575000286102295,1.156000018119812,1.1569000482559204
2025-08-29 04:00:00+00:00,1.1569000482559204,1.157099962234497,1.1548999547958374,1.1550999879837036
2025-08-29 08:00:00+00:00,1.1549999713897705,1.1550999879837036,1.152400016784668,1.152899980545044
2025-08-29 12:00:00+00:00,1.152999997138977,1.1545000076293945,1.1527999639511108,1.1545000076293945
2025-08-29 16:00:00+00:00,1.1545000076293945,1.1548000574111938,1.1535999774932861,1.1548000574111938
2025-08-29 20:00:00+00:00,1.1548000574111938,1.1552000045776367,1.1546000242233276,1.1550999879837036
2025-08-30 00:00:00+00:00,,,,
2025-08-30 04:00:00+00:00,,,,
2025-08-30 08:00:00+00:00,,,,
2025-08-30 12:00:00+00:00,,,,
2025-08-30 16:00:00+00:00,,,,
2025-08-30 20:00:00+00:00,,,,
2025-08-31 00:00:00+00:00,,,,
2025-08-31 04:00:00+00:00,,,,
2025-08-31 08:00:00+00:00,,,,
2025-08-31 12:00:00+00:00,,,,
2025-08-31 16:00:00+00:00,,,,
2025-08-31 20:00:00+00:00,1.1548000574111938,1.1548999547958374,1.1546000242233276,1.1546000242233276
2025-09-01 00:00:00+00:00,1.1545000076293945,1.1553000211715698,1.1542999744415283,1.1545000076293945
2025-09-01 04:00:00+00:00,1.1545000076293945,1.1545000076293945,1.1531000137329102,1.153499960899353
2025-09-01 08:00:00+00:00,1.153499960899353,1.154099941253662,1.152899980545044,1.1540000438690186
2025-09-01 12:00:00+00:00,1.1540000438690186,1.157099962234497,1.1538000106811523,1.1569000482559204
2025-09-01 16:00:00+00:00,1.156999945640564,1.1571999788284302,1.1561000347137451,1.1562999486923218
2025-09-01 20:00:00+00:00,1.1562999486923218,1.1563999652862549,1.1557999849319458,1.155900001525879
2025-09-02 00:00:00+00:00,1.155900001525879,1.1563999652862549,1.1557999849319458,1.156000018119812
2025-09-02 04:00:00+00:00,1.156000018119812,1.156599998474121,1.149399995803833,1.149899959564209
2025-09-02 08:00:00+00:00,1.1505999565124512,1.151900053024292,1.1480000019073486,1.1482000350952148
2025-09-02 12:00:00+00:00,1.148800015449524,1.1496000289916992,1.1471999883651733,1.1484999656677246
2025-09-02 16:00:00+00:00,1.1485999822616577,1.149999976158142,1.148300051689148,1.1497999429702759
2025-09-02 20:00:00+00:00,1.149999976158142,1.1505000591278076,1.1491999626159668,1.149899959564209
2025-09-03 00:00:00+00:00,1.149899959564209,1.149899959564209,1.148900032043457,1.1490999460220337
2025-09-03 04:00:00+00:00,1.1490999460220337,1.1497999429702759,1.1477999687194824,1.148300051689148
2025-09-03 08:00:00+00:00,1.1484999656677246,1.1507999897003174,1.1482000350952148,1.1505000591278076
2025-09-03 12:00:00+00:00,1.1505000591278076,1.1526000499725342,1.1502000093460083,1.1513999700546265
2025-09-03 16:00:00+00:00,1.1513999700546265,1.1523000001907349,1.1513999700546265,1.1521999835968018
2025-09-03 20:00:00+00:00,1.1523000001907349,1.1526999473571777,1.151900053024292,1.1521999835968018
2025-09-04 00:00:00+00:00,1.1520999670028687,1.1526000499725342,1.1517000198364258,1.151900053024292
2025-09-04 04:00:00+00:00,1.151900053024292,1.1526000499725342,1.1514999866485596,1.151900053024292
2025-09-04 08:00:00+00:00,1.1519999504089355,1.154099941253662,1.1519999504089355,1.1533000469207764
2025-09-04 12:00:00+00:00,1.1531000137329102,1.1541999578475952,1.152500033378601,1.1533000469207764
2025-09-04 16:00:00+00:00,1.1533000469207764,1.15339994430542,1.152400016784668,1.1526999473571777
2025-09-04 20:00:00+00:00,1.1526999473571777,1.1531000137329102,1.1523000001907349,1.1527999639511108
2025-09-05 00:00:00+00:00,1.1527999639511108,1.1532000303268433,1.151900053024292,1.1521999835968018
2025-09-05 04:00:00+00:00,1.1521999835968018,1.153499960899353,1.1520999670028687,1.152400016784668
2025-09-05 08:00:00+00:00,1.152500033378601,1.1531000137329102,1.1516000032424927,1.1516000032424927
2025-09-05 12:00:00+00:00,1.1510000228881836,1.1533000469207764,1.1507999897003174,1.1511000394821167
2025-09-05 16:00:00+00:00,1.1510000228881836,1.1523000001907349,1.1510000228881836,1.151900053024292
2025-09-05 20:00:00+00:00,1.151900053024292,1.152500033378601,1.1517000198364258,1.152500033378601
2025-09-06 00:00:00+00:00,,,,
2025-09-06 04:00:00+00:00,,,,
2025-09-06 08:00:00+00:00,,,,
2025-09-06 12:00:00+00:00,,,,
2025-09-06 16:00:00+00:00,,,,
2025-09-06 20:00:00+00:00,,,,
2025-09-07 00:00:00+00:00,,,,
2025-09-07 04:00:00+00:00,,,,
2025-09-07 08:00:00+00:00,,,,
2025-09-07 12:00:00+00:00,,,,
2025-09-07 16:00:00+00:00,,,,
2025-09-07 20:00:00+00:00,1.1514999866485596,1.1516000032424927,1.1513999700546265,1.1514999866485596
2025-09-08 00:00:00+00:00,1.1513999700546265,1.1523000001907349,1.1513999700546265,1.1519999504089355
2025-09-08 04:00:00+00:00,1.1519999504089355,1.152500033378601,1.1514999866485596,1.1514999866485596
2025-09-08 08:00:00+00:00,1.1513999700546265,1.1535999774932861,1.1511000394821167,1.152899980545044
2025-09-08 12:00:00+00:00,1.1531000137329102,1.1538000106811523,1.1518000364303589,1.1523000001907349
2025-09-08 16:00:00+00:00,1.1523000001907349,1.1526999473571777,1.1513999700546265,1.1514999866485596
2025-09-08 20:00:00+00:00,1.1514999866485596,1.1517000198364258,1.1510000228881836,1.1511000394821167
2025-09-09 00:00:00+00:00,1.1511000394821167,1.1520999670028687,1.1511000394821167,1.1520999670028687
2025-09-09 04:00:00+00:00,1.1520999670028687,1.1540000438690186,1.1519999504089355,1.1536999940872192
2025-09-09 08:00:00+00:00,1.1538000106811523,1.1547000408172607,1.1533000469207764,1.1541999578475952
2025-09-09 12:00:00+00:00,1.1541999578475952,1.1547000408172607,1.1532000303268433,1.1539000272750854
2025-09-09 16:00:00+00:00,1.1538000106811523,1.1548999547958374,1.1535999774932861,1.1543999910354614
2025-09-09 20:00:00+00:00,1.1543999910354614,1.1553000211715698,1.1542999744415283,1.1548999547958374
2025-09-10 00:00:00+00:00,1.1549999713897705,1.1556999683380127,1.1549999713897705,1.155400037765503
2025-09-10 04:00:00+00:00,1.1553000211715698,1.1563999652862549,1.1548999547958374,1.155900001525879
2025-09-10 08:00:00+00:00,1.156000018119812,1.156599998474121,1.155500054359436,1.1557999849319458
2025-09-10 12:00:00+00:00,1.1557999849319458,1.1567000150680542,1.1548000574111938,1.155900001525879
2025-09-10 16:00:00+00:00,1.1557999849319458,1.1563999652862549,1.155400037765503,1.155900001525879
2025-09-10 20:00:00+00:00,1.155900001525879,1.1568000316619873,1.1557999849319458,1.156000018119812
2025-09-11 00:00:00+00:00,1.155900001525879,1.1562999486923218,1.1557999849319458,1.1561000347137451
2025-09-11 04:00:00+00:00,1.1561000347137451,1.1561000347137451,1.1547000408172607,1.155400037765503
2025-09-11 08:00:00+00:00,1.155500054359436,1.1567000150680542,1.1548000574111938,1.1556999683380127
2025-09-11 12:00:00+00:00,1.1556999683380127,1.1574000120162964,1.1540000438690186,1.155900001525879
2025-09-11 16:00:00+00:00,1.1561000347137451,1.156599998474121,1.156000018119812,1.1563999652862549
2025-09-11 20:00:00+00:00,1.1563999652862549,1.156499981880188,1.156000018119812,1.156499981880188
2025-09-12 00:00:00+00:00,1.1563999652862549,1.1568000316619873,1.155500054359436,1.1555999517440796
2025-09-12 04:00:00+00:00,1.1555999517440796,1.1557999849319458,1.1542999744415283,1.1548000574111938
2025-09-12 08:00:00+00:00,1.1548000574111938,1.155500054359436,1.1536999940872192,1.155500054359436
2025-09-12 12:00:00+00:00,1.1553000211715698,1.1568000316619873,1.1550999879837036,1.1557999849319458
2025-09-12 16:00:00+00:00,1.1557999849319458,1.1561000347137451,1.1549999713897705,1.1549999713897705
2025-09-12 20:00:00+00:00,1.1549999713897705,1.155400037765503,1.1548000574111938,1.1548999547958374
2025-09-13 00:00:00+00:00,,,,
2025-09-13 04:00:00+00:00,,,,
2025-09-13 08:00:00+00:00,,,,
2025-09-13 12:00:00+00:00,,,,
2025-09-13 16:00:00+00:00,,,,
2025-09-13 20:00:00+00:00,,,,
2025-09-14 00:00:00+00:00,,,,
2025-09-14 04:00:00+00:00,,,,
2025-09-14 08:00:00+00:00,,,,
2025-09-14 12:00:00+00:00,,,,
2025-09-14 16:00:00+00:00,,,,
2025-09-14 20:00:00+00:00,1.1553000211715698,1.155400037765503,1.1552000045776367,1.1553000211715698
2025-09-15 00:00:00+00:00,1.155400037765503,1.155900001525879,1.1553000211715698,1.1557999849319458
2025-09-15 04:00:00+00:00,1.1557999849319458,1.1571999788284302,1.1556999683380127,1.156999945640564
2025-09-15 08:00:00+00:00,1.156999945640564,1.1578999757766724,1.1562999486923218,1.157099962234497
2025-09-15 12:00:00+00:00,1.156999945640564,1.156999945640564,1.1550999879837036,1.155400037765503
2025-09-15 16:00:00+00:00,1.155400037765503,1.1562999486923218,1.1552000045776367,1.1562999486923218
2025-09-15 20:00:00+00:00,1.1562000513076782,1.1562999486923218,1.1553000211715698,1.1556999683380127
2025-09-16 00:00:00+00:00,1.1556999683380127,1.1561000347137451,1.1553000211715698,1.155500054359436
2025-09-16 04:00:00+00:00,1.1555999517440796,1.1561000347137451,1.1548999547958374,1.1548999547958374
2025-09-16 08:00:00+00:00,1.1549999713897705,1.1553000211715698,1.15339994430542,1.1542999744415283
2025-09-16 12:00:00+00:00,1.1541999578475952,1.1552000045776367,1.1516000032424927,1.151900053024292
2025-09-16 16:00:00+00:00,1.1517000198364258,1.151900053024292,1.1497999429702759,1.1505999565124512
2025-09-16 20:00:00+00:00,1.1505999565124512,1.1511000394821167,1.149399995803833,1.1496000289916992
2025-09-17 00:00:00+00:00,1.149899959564209,1.1505999565124512,1.149899959564209,1.1505999565124512
2025-09-17 04:00:00+00:00,1.1505999565124512,1.1511000394821167,1.1497999429702759,1.1510000228881836
2025-09-17 08:00:00+00:00,1.1509000062942505,1.152400016784668,1.1506999731063843,1.1521999835968018
2025-09-17 12:00:00+00:00,1.1521999835968018,1.152999997138977,1.1514999866485596,1.1526000499725342
2025-09-17 16:00:00+00:00,1.1527999639511108,1.1531000137329102,1.1510000228881836,1.1527999639511108
2025-09-17 20:00:00+00:00,1.1526999473571777,1.153499960899353,1.1519999504089355,1.1520999670028687
2025-09-18 00:00:00+00:00,1.1521999835968018,1.1526999473571777,1.1518000364303589,1.1526000499725342
2025-09-18 04:00:00+00:00,1.1526999473571777,1.1533000469207764,1.1513999700546265,1.1517000198364258
2025-09-18 08:00:00+00:00,1.1518000364303589,1.152999997138977,1.1510000228881836,1.1512999534606934
2025-09-18 12:00:00+00:00,1.1513999700546265,1.1523000001907349,1.1495000123977661,1.1496000289916992
2025-09-18 16:00:00+00:00,1.1496000289916992,1.149999976158142,1.1490999460220337,1.1491999626159668
2025-09-18 20:00:00+00:00,1.1492999792099,1.1496000289916992,1.148900032043457,1.1492999792099
2025-09-19 00:00:00+00:00,1.1491999626159668,1.1496000289916992,1.1486999988555908,1.1496000289916992
2025-09-19 04:00:00+00:00,1.1496000289916992,1.1502000093460083,1.145400047302246,1.1456999778747559
2025-09-19 08:00:00+00:00,1.1461000442504883,1.1482000350952148,1.1460000276565552,1.1477999687194824
2025-09-19 12:00:00+00:00,1.1474000215530396,1.1480000019073486,1.1461999416351318,1.1467000246047974
2025-09-19 16:00:00+00:00,1.1468000411987305,1.1469000577926636,1.145900011062622,1.146299958229065
2025-09-19 20:00:00+00:00,1.146299958229065,1.1468000411987305,1.1461999416351318,1.146299958229065
2025-09-20 00:00:00+00:00,,,,
2025-09-20 04:00:00+00:00,,,,
2025-09-20 08:00:00+00:00,,,,
2025-09-20 12:00:00+00:00,,,,
2025-09-20 16:00:00+00:00,,,,
2025-09-20 20:00:00+00:00,,,,
2025-09-21 00:00:00+00:00,,,,
2025-09-21 04:00:00+00:00,,,,
2025-09-21 08:00:00+00:00,,,,
2025-09-21 12:00:00+00:00,,,,
2025-09-21 16:00:00+00:00,,,,
2025-09-21 20:00:00+00:00,1.1469000577926636,1.1469999551773071,1.1467000246047974,1.1467000246047974
2025-09-22 00:00:00+00:00,1.1467000246047974,1.1474000215530396,1.1467000246047974,1.1469000577926636
2025-09-22 04:00:00+00:00,1.1469000577926636,1.1476000547409058,1.146299958229065,1.1467000246047974
2025-09-22 08:00:00+00:00,1.1468000411987305,1.1475000381469727,1.1452000141143799,1.1454999446868896
2025-09-22 12:00:00+00:00,1.145300030708313,1.1469999551773071,1.1445000171661377,1.146399974822998
2025-09-22 16:00:00+00:00,1.146399974822998,1.146399974822998,1.1448999643325806,1.1449999809265137
2025-09-22 20:00:00+00:00,1.1448999643325806,1.1452000141143799,1.1441999673843384,1.144700050354004
2025-09-23 00:00:00+00:00,1.144700050354004,1.1447999477386475,1.1439000368118286,1.1442999839782715
2025-09-23 04:00:00+00:00,1.1444000005722046,1.146399974822998,1.1440999507904053,1.1460000276565552
2025-09-23 08:00:00+00:00,1.1461999416351318,1.1464999914169312,1.1430000066757202,1.1455999612808228
2025-09-23 12:00:00+00:00,1.145400047302246,1.146399974822998,1.1447999477386475,1.1450999975204468
2025-09-23 16:00:00+00:00,1.1450999975204468,1.145400047302246,1.1435999870300293,1.1440000534057617
2025-09-23 20:00:00+00:00,1.1440000534057617,1.1445000171661377,1.1439000368118286,1.1441999673843384
2025-09-24 00:00:00+00:00,1.1441999673843384,1.1448999643325806,1.1441999673843384,1.1444000005722046
2025-09-24 04:00:00+00:00,1.1444000005722046,1.1445000171661377,1.1431000232696533,1.1432000398635864
2025-09-24 08:00:00+00:00,1.143399953842163,1.145799994468689,1.143399953842163,1.1447999477386475
2025-09-24 12:00:00+00:00,1.1447999477386475,1.1454999446868896,1.1439000368118286,1.1446000337600708
2025-09-24 16:00:00+00:00,1.144700050354004,1.145900011062622,1.144700050354004,1.1448999643325806
2025-09-24 20:00:00+00:00,1.1450999975204468,1.1454999446868896,1.1447999477386475,1.1448999643325806
2025-09-25 00:00:00+00:00,1.1449999809265137,1.1452000141143799,1.1447999477386475,1.1448999643325806
2025-09-25 04:00:00+00:00,1.1449999809265137,1.145799994468689,1.1447999477386475,1.1447999477386475
2025-09-25 08:00:00+00:00,1.144700050354004,1.1454999446868896,1.1426000595092773,1.1426000595092773
2025-09-25 12:00:00+00:00,1.1426000595092773,1.1441999673843384,1.1424000263214111,1.1430000066757202
2025-09-25 16:00:00+00:00,1.1431000232696533,1.1439000368118286,1.142300009727478,1.1433000564575195
2025-09-25 20:00:00+00:00,1.1432000398635864,1.1439000368118286,1.142899990081787,1.1430000066757202
2025-09-26 00:00:00+00:00,1.1430000066757202,1.1431000232696533,1.142799973487854,1.142899990081787
2025-09-26 04:00:00+00:00,1.1430000066757202,1.1438000202178955,1.1426000595092773,1.143399953842163
2025-09-26 08:00:00+00:00,1.1434999704360962,1.1439000368118286,1.1426000595092773,1.1437000036239624
2025-09-26 12:00:00+00:00,1.1435999870300293,1.1461000442504883,1.143399953842163,1.145900011062622
2025-09-26 16:00:00+00:00,1.145799994468689,1.1461999416351318,1.1448999643325806,1.1448999643325806
2025-09-26 20:00:00+00:00,1.1448999643325806,1.1452000141143799,1.1447999477386475,1.1447999477386475
2025-09-27 00:00:00+00:00,,,,
2025-09-27 04:00:00+00:00,,,,
2025-09-27 08:00:00+00:00,,,,
2025-09-27 12:00:00+00:00,,,,
2025-09-27 16:00:00+00:00,,,,
2025-09-27 20:00:00+00:00,,,,
2025-09-28 00:00:00+00:00,,,,
2025-09-28 04:00:00+00:00,,,,
2025-09-28 08:00:00+00:00,,,,
2025-09-28 12:00:00+00:00,,,,
2025-09-28 16:00:00+00:00,,,,
2025-09-28 20:00:00+00:00,1.144700050354004,1.1449999809265137,1.144700050354004,1.1449999809265137
2025-09-29 00:00:00+00:00,1.1448999643325806,1.1450999975204468,1.1445000171661377,1.1450999975204468
2025-09-29 04:00:00+00:00,1.1450999975204468,1.1461999416351318,1.1448999643325806,1.1461000442504883
2025-09-29 08:00:00+00:00,1.1461999416351318,1.1469000577926636,1.1452000141143799,1.1460000276565552
2025-09-29 12:00:00+00:00,1.1456999778747559,1.1461000442504883,1.1431000232696533,1.144700050354004
2025-09-29 16:00:00+00:00,1.144700050354004,1.1452000141143799,1.1445000171661377,1.1452000141143799
2025-09-29 20:00:00+00:00,1.1450999975204468,1.1452000141143799,1.1442999839782715,1.1447999477386475
2025-09-30 00:00:00+00:00,1.1446000337600708,1.1455999612808228,1.1446000337600708,1.1454999446868896
2025-09-30 04:00:00+00:00,1.1454999446868896,1.1455999612808228,1.1440000534057617,1.144700050354004
2025-09-30 08:00:00+00:00,1.1446000337600708,1.1446000337600708,1.1432000398635864,1.1438000202178955
2025-09-30 12:00:00+00:00,1.1438000202178955,1.145799994468689,1.1437000036239624,1.1450999975204468
2025-09-30 16:00:00+00:00,1.1448999643325806,1.145300030708313,1.1440999507904053,1.1450999975204468
2025-09-30 20:00:00+00:00,1.1448999643325806,1.145400047302246,1.1447999477386475,1.1449999809265137
2025-10-01 00:00:00+00:00,1.1449999809265137,1.1452000141143799,1.1444000005722046,1.1446000337600708
2025-10-01 04:00:00+00:00,1.1446000337600708,1.1455999612808228,1.1434999704360962,1.1455999612808228
2025-10-01 08:00:00+00:00,1.1456999778747559,1.148800015449524,1.1448999643325806,1.1483999490737915
2025-10-01 12:00:00+00:00,1.1484999656677246,1.1500999927520752,1.1478999853134155,1.1485999822616577
2025-10-01 16:00:00+00:00,1.1486999988555908,1.1490000486373901,1.1480000019073486,1.1485999822616577
2025-10-01 20:00:00+00:00,1.1485999822616577,1.148800015449524,1.1481000185012817,1.148300051689148
2025-10-02 00:00:00+00:00,1.1482000350952148,1.1483999490737915,1.1477999687194824,1.1481000185012817
2025-10-02 04:00:00+00:00,1.1481000185012817,1.1483999490737915,1.1474000215530396,1.1478999853134155
2025-10-02 08:00:00+00:00,1.1478999853134155,1.1486999988555908,1.145900011062622,1.146399974822998
2025-10-02 12:00:00+00:00,1.146299958229065,1.1470999717712402,1.1450999975204468,1.1469000577926636
2025-10-02 16:00:00+00:00,1.1470999717712402,1.1471999883651733,1.146299958229065,1.1467000246047974
2025-10-02 20:00:00+00:00,1.1468000411987305,1.1471999883651733,1.1461000442504883,1.146299958229065
2025-10-03 00:00:00+00:00,1.146299958229065,1.1466000080108643,1.1455999612808228,1.1461000442504883
2025-10-03 04:00:00+00:00,1.1460000276565552,1.1468000411987305,1.1455999612808228,1.1468000411987305
2025-10-03 08:00:00+00:00,1.1469999551773071,1.1469999551773071,1.1450999975204468,1.1456999778747559
2025-10-03 12:00:00+00:00,1.1454999446868896,1.1475000381469727,1.145300030708313,1.1469999551773071
2025-10-03 16:00:00+00:00,1.1470999717712402,1.1478999853134155,1.1470999717712402,1.1478999853134155
2025-10-03 20:00:00+00:00,1.1477999687194824,1.1477999687194824,1.1474000215530396,1.1475000381469727
2025-10-04 00:00:00+00:00,,,,
2025-10-04 04:00:00+00:00,,,,
2025-10-04 08:00:00+00:00,,,,
2025-10-04 12:00:00+00:00,,,,
2025-10-04 16:00:00+00:00,,,,
2025-10-04 20:00:00+00:00,,,,
2025-10-05 00:00:00+00:00,,,,
2025-10-05 04:00:00+00:00,,,,
2025-10-05 08:00:00+00:00,,,,
2025-10-05 12:00:00+00:00,,,,
2025-10-05 16:00:00+00:00,,,,
2025-10-05 20:00:00+00:00,1.146299958229065,1.1469000577926636,1.1461999416351318,1.146399974822998
2025-10-06 00:00:00+00:00,1.1461999416351318,1.1469999551773071,1.145900011062622,1.1469000577926636
2025-10-06 04:00:00+00:00,1.1468000411987305,1.1521999835968018,1.1464999914169312,1.1521999835968018
2025-10-06 08:00:00+00:00,1.1521999835968018,1.1521999835968018,1.1492999792099,1.1492999792099
2025-10-06 12:00:00+00:00,1.149399995803833,1.1512000560760498,1.148900032043457,1.1505000591278076
2025-10-06 16:00:00+00:00,1.1505000591278076,1.1509000062942505,1.149999976158142,1.1506999731063843
2025-10-06 20:00:00+00:00,1.1507999897003174,1.1512000560760498,1.1505000591278076,1.1511000394821167
2025-10-07 00:00:00+00:00,1.1510000228881836,1.1513999700546265,1.1506999731063843,1.1510000228881836
2025-10-07 04:00:00+00:00,1.1510000228881836,1.1512999534606934,1.1496000289916992,1.1500999927520752
2025-10-07 08:00:00+00:00,1.1503000259399414,1.151900053024292,1.1485999822616577,1.148800015449524
2025-10-07 12:00:00+00:00,1.148800015449524,1.1514999866485596,1.1483999490737915,1.1509000062942505
2025-10-07 16:00:00+00:00,1.1510000228881836,1.1517000198364258,1.1507999897003174,1.1514999866485596
2025-10-07 20:00:00+00:00,1.1513999700546265,1.1518000364303589,1.1509000062942505,1.1511000394821167
2025-10-08 00:00:00+00:00,1.1512999534606934,1.152500033378601,1.1511000394821167,1.1521999835968018
2025-10-08 04:00:00+00:00,1.1521999835968018,1.153499960899353,1.1519999504089355,1.152999997138977
2025-10-08 08:00:00+00:00,1.1532000303268433,1.1542999744415283,1.1519999504089355,1.152500033378601
2025-10-08 12:00:00+00:00,1.152899980545044,1.1547000408172607,1.1523000001907349,1.1532000303268433
2025-10-08 16:00:00+00:00,1.1531000137329102,1.1533000469207764,1.1514999866485596,1.151900053024292
2025-10-08 20:00:00+00:00,1.1518000364303589,1.1527999639511108,1.1513999700546265,1.1518000364303589
2025-10-09 00:00:00+00:00,1.1518000364303589,1.1519999504089355,1.1512999534606934,1.1514999866485596
2025-10-09 04:00:00+00:00,1.1514999866485596,1.1516000032424927,1.1492999792099,1.149399995803833
2025-10-09 08:00:00+00:00,1.1495000123977661,1.1513999700546265,1.1491999626159668,1.1512999534606934
2025-10-09 12:00:00+00:00,1.1513999700546265,1.1523000001907349,1.1497999429702759,1.1510000228881836
2025-10-09 16:00:00+00:00,1.1510000228881836,1.1510000228881836,1.149399995803833,1.1497000455856323
2025-10-09 20:00:00+00:00,1.1497000455856323,1.1504000425338745,1.1495000123977661,1.1497000455856323
2025-10-10 00:00:00+00:00,1.1497999429702759,1.149899959564209,1.149399995803833,1.1497999429702759
2025-10-10 04:00:00+00:00,1.1497999429702759,1.149899959564209,1.1475000381469727,1.1483999490737915
2025-10-10 08:00:00+00:00,1.1482000350952148,1.1490000486373901,1.1460000276565552,1.1474000215530396
2025-10-10 12:00:00+00:00,1.1476999521255493,1.1495000123977661,1.1466000080108643,1.148300051689148
2025-10-10 16:00:00+00:00,1.1483999490737915,1.149899959564209,1.1482000350952148,1.1491999626159668
2025-10-10 20:00:00+00:00,1.1490999460220337,1.1497999429702759,1.1482000350952148,1.1497999429702759
2025-10-11 00:00:00+00:00,,,,
2025-10-11 04:00:00+00:00,,,,
2025-10-11 08:00:00+00:00,,,,
2025-10-11 12:00:00+00:00,,,,
2025-10-11 16:00:00+00:00,,,,
2025-10-11 20:00:00+00:00,,,,
2025-10-12 00:00:00+00:00,,,,
2025-10-12 04:00:00+00:00,,,,
2025-10-12 08:00:00+00:00,,,,
2025-10-12 12:00:00+00:00,,,,
2025-10-12 16:00:00+00:00,,,,
2025-10-12 20:00:00+00:00,1.1492999792099,1.1492999792099,1.1490000486373901,1.1490000486373901
2025-10-13 00:00:00+00:00,1.1492999792099,1.149399995803833,1.1484999656677246,1.1485999822616577
2025-10-13 04:00:00+00:00,1.1485999822616577,1.1491999626159668,1.1481000185012817,1.1490999460220337
2025-10-13 08:00:00+00:00,1.148800015449524,1.151900053024292,1.1486999988555908,1.151900053024292
2025-10-13 12:00:00+00:00,1.151900053024292,1.1523000001907349,1.1511000394821167,1.1511000394821167
2025-10-13 16:00:00+00:00,1.1512000560760498,1.1521999835968018,1.1509000062942505,1.1520999670028687
2025-10-13 20:00:00+00:00,1.1520999670028687,1.1523000001907349,1.1516000032424927,1.1521999835968018
2025-10-14 00:00:00+00:00,1.1523000001907349,1.1533000469207764,1.1519999504089355,1.1520999670028687
2025-10-14 04:00:00+00:00,1.151900053024292,1.1520999670028687,1.1464999914169312,1.1470999717712402
2025-10-14 08:00:00+00:00,1.1475000381469727,1.148800015449524,1.1469999551773071,1.1480000019073486
2025-10-14 12:00:00+00:00,1.1477999687194824,1.1480000019073486,1.1461000442504883,1.1469000577926636
2025-10-14 16:00:00+00:00,1.1470999717712402,1.1480000019073486,1.146299958229065,1.1476000547409058
2025-10-14 20:00:00+00:00,1.1476999521255493,1.1477999687194824,1.1467000246047974,1.1476000547409058
2025-10-15 00:00:00+00:00,1.1476000547409058,1.1484999656677246,1.1470999717712402,1.1482000350952148
2025-10-15 04:00:00+00:00,1.1482000350952148,1.1495000123977661,1.146299958229065,1.1469999551773071
2025-10-15 08:00:00+00:00,1.1468000411987305,1.1490999460220337,1.1461999416351318,1.1485999822616577
2025-10-15 12:00:00+00:00,1.1485999822616577,1.1510000228881836,1.1469000577926636,1.1504000425338745
2025-10-15 16:00:00+00:00,1.1503000259399414,1.1507999897003174,1.1492999792099,1.1496000289916992
2025-10-15 20:00:00+00:00,1.1497000455856323,1.1506999731063843,1.1497000455856323,1.1504000425338745
2025-10-16 00:00:00+00:00,1.1504000425338745,1.1510000228881836,1.1503000259399414,1.1504000425338745
2025-10-16 04:00:00+00:00,1.1503000259399414,1.151900053024292,1.1497999429702759,1.1517000198364258
2025-10-16 08:00:00+00:00,1.1518000364303589,1.1527999639511108,1.1517000198364258,1.1527999639511108
2025-10-16 12:00:00+00:00,1.1526000499725342,1.1535999774932861,1.1496000289916992,1.1500999927520752
2025-10-16 16:00:00+00:00,1.1502000093460083,1.1502000093460083,1.1483999490737915,1.148800015449524
2025-10-16 20:00:00+00:00,1.148800015449524,1.1497000455856323,1.1484999656677246,1.1486999988555908
2025-10-17 00:00:00+00:00,1.1485999822616577,1.148900032043457,1.1477999687194824,1.1480000019073486
2025-10-17 04:00:00+00:00,1.1480000019073486,1.1486999988555908,1.1464999914169312,1.1464999914169312
2025-10-17 08:00:00+00:00,1.1466000080108643,1.149399995803833,1.145799994468689,1.1492999792099
2025-10-17 12:00:00+00:00,1.1491999626159668,1.1496000289916992,1.1470999717712402,1.1492999792099
2025-10-17 16:00:00+00:00,1.1492999792099,1.1509000062942505,1.1486999988555908,1.1509000062942505
2025-10-17 20:00:00+00:00,1.1510000228881836,1.1518000364303589,1.1505999565124512,1.1518000364303589
2025-10-18 00:00:00+00:00,,,,
2025-10-18 04:00:00+00:00,,,,
2025-10-18 08:00:00+00:00,,,,
2025-10-18 12:00:00+00:00,,,,
2025-10-18 16:00:00+00:00,,,,
2025-10-18 20:00:00+00:00,,,,
2025-10-19 00:00:00+00:00,,,,
2025-10-19 04:00:00+00:00,,,,
2025-10-19 08:00:00+00:00,,,,
2025-10-19 12:00:00+00:00,,,,
2025-10-19 16:00:00+00:00,,,,
2025-10-19 20:00:00+00:00,1.1513999700546265,1.1514999866485596,1.1511000394821167,1.1511000394821167
2025-10-20 00:00:00+00:00,1.1510000228881836,1.1514999866485596,1.1506999731063843,1.1512999534606934
2025-10-20 04:00:00+00:00,1.1513999700546265,1.1514999866485596,1.1496000289916992,1.1497999429702759
2025-10-20 08:00:00+00:00,1.1497999429702759,1.1517000198364258,1.1497999429702759,1.1502000093460083
2025-10-20 12:00:00+00:00,1.1500999927520752,1.1519999504089355,1.149999976158142,1.1511000394821167
2025-10-20 16:00:00+00:00,1.1510000228881836,1.1512000560760498,1.1504000425338745,1.1512000560760498
2025-10-20 20:00:00+00:00,1.1512000560760498,1.1513999700546265,1.1505999565124512,1.1505999565124512
2025-10-21 00:00:00+00:00,1.1505999565124512,1.1506999731063843,1.1502000093460083,1.1505999565124512
2025-10-21 04:00:00+00:00,1.1505999565124512,1.1514999866485596,1.1497000455856323,1.1514999866485596
2025-10-21 08:00:00+00:00,1.1516000032424927,1.151900053024292,1.1505999565124512,1.151900053024292
2025-10-21 12:00:00+00:00,1.1523000001907349,1.1526999473571777,1.1511000394821167,1.1521999835968018
2025-10-21 16:00:00+00:00,1.1521999835968018,1.1521999835968018,1.1512000560760498,1.1521999835968018
2025-10-21 20:00:00+00:00,1.1520999670028687,1.152500033378601,1.1514999866485596,1.1517000198364258
2025-10-22 00:00:00+00:00,1.1518000364303589,1.1519999504089355,1.1513999700546265,1.1517000198364258
2025-10-22 04:00:00+00:00,1.1517000198364258,1.1520999670028687,1.1474000215530396,1.1481000185012817
2025-10-22 08:00:00+00:00,1.1477999687194824,1.1504000425338745,1.1477999687194824,1.1500999927520752
2025-10-22 12:00:00+00:00,1.1504000425338745,1.1511000394821167,1.1491999626159668,1.1510000228881836
2025-10-22 16:00:00+00:00,1.1510000228881836,1.1510000228881836,1.1496000289916992,1.1504000425338745
2025-10-22 20:00:00+00:00,1.1503000259399414,1.1504000425338745,1.1495000123977661,1.1497000455856323
2025-10-23 00:00:00+00:00,1.1497000455856323,1.149899959564209,1.1495000123977661,1.1497000455856323
2025-10-23 04:00:00+00:00,1.1496000289916992,1.1512000560760498,1.149399995803833,1.1502000093460083
2025-10-23 08:00:00+00:00,1.1505000591278076,1.1511000394821167,1.1500999927520752,1.1505000591278076
2025-10-23 12:00:00+00:00,1.1503000259399414,1.1503000259399414,1.1461999416351318,1.1466000080108643
2025-10-23 16:00:00+00:00,1.1467000246047974,1.1469000577926636,1.1461000442504883,1.1464999914169312
2025-10-23 20:00:00+00:00,1.1464999914169312,1.1469999551773071,1.146399974822998,1.1467000246047974
2025-10-24 00:00:00+00:00,1.1466000080108643,1.1473000049591064,1.1464999914169312,1.1473000049591064
2025-10-24 04:00:00+00:00,1.1473000049591064,1.1480000019073486,1.1454999446868896,1.145799994468689
2025-10-24 08:00:00+00:00,1.145400047302246,1.1473000049591064,1.1448999643325806,1.1450999975204468
2025-10-24 12:00:00+00:00,1.145300030708313,1.1474000215530396,1.142799973487854,1.1432000398635864
2025-10-24 16:00:00+00:00,1.1432000398635864,1.1440000534057617,1.142899990081787,1.1439000368118286
2025-10-24 20:00:00+00:00,1.1440000534057617,1.1447999477386475,1.1439000368118286,1.1444000005722046
2025-10-25 00:00:00+00:00,,,,
2025-10-25 04:00:00+00:00,,,,
2025-10-25 08:00:00+00:00,,,,
2025-10-25 12:00:00+00:00,,,,
2025-10-25 16:00:00+00:00,,,,
2025-10-25 20:00:00+00:00,,,,
2025-10-26 00:00:00+00:00,,,,
2025-10-26 04:00:00+00:00,,,,
2025-10-26 08:00:00+00:00,,,,
2025-10-26 12:00:00+00:00,,,,
2025-10-26 16:00:00+00:00,,,,
2025-10-26 20:00:00+00:00,,,,
2025-10-27 00:00:00+00:00,1.1449999809265137,1.1452000141143799,1.1444000005722046,1.1452000141143799
2025-10-27 04:00:00+00:00,1.1452000141143799,1.145799994468689,1.1447999477386475,1.145400047302246
2025-10-27 08:00:00+00:00,1.145300030708313,1.146299958229065,1.1448999643325806,1.145799994468689
2025-10-27 12:00:00+00:00,1.1454999446868896,1.1461999416351318,1.1442999839782715,1.1448999643325806
2025-10-27 16:00:00+00:00,1.1449999809265137,1.1454999446868896,1.1440999507904053,1.1445000171661377
2025-10-27 20:00:00+00:00,1.1445000171661377,1.1449999809265137,1.1444000005722046,1.1445000171661377
2025-10-28 00:00:00+00:00,1.1445000171661377,1.1452000141143799,1.1445000171661377,1.1448999643325806
2025-10-28 04:00:00+00:00,1.1449999809265137,1.1454999446868896,1.1437000036239624,1.1437000036239624
2025-10-28 08:00:00+00:00,1.1437000036239624,1.1438000202178955,1.1404999494552612,1.1409000158309937
2025-10-28 12:00:00+00:00,1.1410000324249268,1.1414999961853027,1.1373000144958496,1.1382999420166016
2025-10-28 16:00:00+00:00,1.1383999586105347,1.1390999555587769,1.1376999616622925,1.1385999917984009
2025-10-28 20:00:00+00:00,1.1384999752044678,1.1389000415802002,1.1382999420166016,1.1384999752044678
2025-10-29 00:00:00+00:00,1.1385999917984009,1.1385999917984009,1.1380000114440918,1.1382999420166016
2025-10-29 04:00:00+00:00,1.1383999586105347,1.138700008392334,1.1360000371932983,1.1366000175476074
2025-10-29 08:00:00+00:00,1.1367000341415405,1.1367000341415405,1.1341999769210815,1.13510000705719
2025-10-29 12:00:00+00:00,1.1348999738693237,1.135599970817566,1.1335999965667725,1.1348999738693237
2025-10-29 16:00:00+00:00,1.1346999406814575,1.1371999979019165,1.1338000297546387,1.1370999813079834
2025-10-29 20:00:00+00:00,1.1369999647140503,1.1370999813079834,1.1359000205993652,1.1367000341415405
2025-10-30 00:00:00+00:00,1.1367000341415405,1.1367000341415405,1.1360000371932983,1.1361000537872314
2025-10-30 04:00:00+00:00,1.1361000537872314,1.1366000175476074,1.13510000705719,1.1354000568389893
2025-10-30 08:00:00+00:00,1.1354999542236328,1.1365000009536743,1.1341999769210815,1.1360000371932983
2025-10-30 12:00:00+00:00,1.135699987411499,1.1369999647140503,1.1349999904632568,1.1365000009536743
2025-10-30 16:00:00+00:00,1.1365000009536743,1.1370999813079834,1.1359000205993652,1.136199951171875
2025-10-30 20:00:00+00:00,1.1361000537872314,1.1369999647140503,1.1361000537872314,1.1366000175476074
2025-10-31 00:00:00+00:00,1.1366000175476074,1.1367000341415405,1.1361000537872314,1.1363999843597412
2025-10-31 04:00:00+00:00,1.1365000009536743,1.1366000175476074,1.1354999542236328,1.136299967765808
2025-10-31 08:00:00+00:00,1.1360000371932983,1.1363999843597412,1.1341999769210815,1.134600043296814
2025-10-31 12:00:00+00:00,1.134600043296814,1.1382999420166016,1.1337000131607056,1.1376999616622925
2025-10-31 16:00:00+00:00,1.1380000114440918,1.1396000385284424,1.1380000114440918,1.139299988746643
2025-10-31 20:00:00+00:00,1.139299988746643,1.1395000219345093,1.138800024986267,1.1395000219345093
2025-11-01 00:00:00+00:00,,,,
2025-11-01 04:00:00+00:00,,,,
2025-11-01 08:00:00+00:00,,,,
2025-11-01 12:00:00+00:00,,,,
2025-11-01 16:00:00+00:00,,,,
2025-11-01 20:00:00+00:00,,,,
2025-11-02 00:00:00+00:00,,,,
2025-11-02 04:00:00+00:00,,,,
2025-11-02 08:00:00+00:00,,,,
2025-11-02 12:00:00+00:00,,,,
2025-11-02 16:00:00+00:00,,,,
2025-11-02 20:00:00+00:00,,,,
2025-11-03 00:00:00+00:00,1.138700008392334,1.139299988746643,1.1385999917984009,1.138700008392334
2025-11-03 04:00:00+00:00,1.138800024986267,1.1390999555587769,1.1380000114440918,1.1380000114440918
2025-11-03 08:00:00+00:00,1.138100028038025,1.1402000188827515,1.138100028038025,1.1395000219345093
2025-11-03 12:00:00+00:00,1.1396000385284424,1.1405999660491943,1.1385999917984009,1.1401000022888184
2025-11-03 16:00:00+00:00,1.1403000354766846,1.1404000520706177,1.1394000053405762,1.1399999856948853
2025-11-03 20:00:00+00:00,1.1399999856948853,1.1406999826431274,1.139799952507019,1.139799952507019
2025-11-04 00:00:00+00:00,1.1397000551223755,1.1403000354766846,1.1395000219345093,1.139799952507019
2025-11-04 04:00:00+00:00,1.1397000551223755,1.1399999856948853,1.1375999450683594,1.1377999782562256
2025-11-04 08:00:00+00:00,1.1373000144958496,1.1373000144958496,1.1346999406814575,1.1360000371932983
2025-11-04 12:00:00+00:00,1.136199951171875,1.1370999813079834,1.134600043296814,1.1347999572753906
2025-11-04 16:00:00+00:00,1.1348999738693237,1.13510000705719,1.1332000494003296,1.1332999467849731
2025-11-04 20:00:00+00:00,1.1332999467849731,1.1339999437332153,1.1332999467849731,1.1332999467849731
2025-11-05 00:00:00+00:00,1.1332999467849731,1.1335999965667725,1.132099986076355,1.1327999830245972
2025-11-05 04:00:00+00:00,1.1328999996185303,1.1339000463485718,1.132699966430664,1.1335999965667725
2025-11-05 08:00:00+00:00,1.1335999965667725,1.1353000402450562,1.1330000162124634,1.1341999769210815
2025-11-05 12:00:00+00:00,1.1340999603271484,1.1359000205993652,1.1333999633789062,1.135599970817566
2025-11-05 16:00:00+00:00,1.135599970817566,1.1358000040054321,1.13510000705719,1.135200023651123
2025-11-05 20:00:00+00:00,1.1353000402450562,1.1354999542236328,1.1347999572753906,1.1347999572753906
2025-11-06 00:00:00+00:00,1.1349999904632568,1.1349999904632568,1.1345000267028809,1.1347999572753906
2025-11-06 04:00:00+00:00,1.1346999406814575,1.1348999738693237,1.1339000463485718,1.134600043296814
2025-11-06 08:00:00+00:00,1.1342999935150146,1.136299967765808,1.1340999603271484,1.1359000205993652
2025-11-06 12:00:00+00:00,1.1345000267028809,1.1365000009536743,1.1337000131607056,1.1348999738693237
2025-11-06 16:00:00+00:00,1.1349999904632568,1.1375000476837158,1.1349999904632568,1.1369999647140503
2025-11-06 20:00:00+00:00,1.1371999979019165,1.1374000310897827,1.1367000341415405,1.1373000144958496
2025-11-07 00:00:00+00:00,1.1373000144958496,1.1377999782562256,1.1365000009536743,1.1365000009536743
2025-11-07 04:00:00+00:00,1.1365000009536743,1.1375999450683594,1.1363999843597412,1.1375999450683594
2025-11-07 08:00:00+00:00,1.1373000144958496,1.1373000144958496,1.1339000463485718,1.1346999406814575
2025-11-07 12:00:00+00:00,1.134600043296814,1.1365000009536743,1.1338000297546387,1.1360000371932983
2025-11-07 16:00:00+00:00,1.136199951171875,1.138100028038025,1.1361000537872314,1.1377999782562256
2025-11-07 20:00:00+00:00,1.1377999782562256,1.1378999948501587,1.1370999813079834,1.1371999979019165
2025-11-08 00:00:00+00:00,,,,
2025-11-08 04:00:00+00:00,,,,
2025-11-08 08:00:00+00:00,,,,
2025-11-08 12:00:00+00:00,,,,
2025-11-08 16:00:00+00:00,,,,
2025-11-08 20:00:00+00:00,,,,
2025-11-09 00:00:00+00:00,,,,
2025-11-09 04:00:00+00:00,,,,
2025-11-09 08:00:00+00:00,,,,
2025-11-09 12:00:00+00:00,,,,
2025-11-09 16:00:00+00:00,,,,
2025-11-09 20:00:00+00:00,,,,
2025-11-10 00:00:00+00:00,1.1375999450683594,1.1375999450683594,1.1369999647140503,1.1373000144958496
2025-11-10 04:00:00+00:00,1.1373000144958496,1.1374000310897827,1.1368000507354736,1.1369999647140503
2025-11-10 08:00:00+00:00,1.1369999647140503,1.1390000581741333,1.1366000175476074,1.1390000581741333
2025-11-10 12:00:00+00:00,1.1389000415802002,1.13919997215271,1.1373000144958496,1.138200044631958
2025-11-10 16:00:00+00:00,1.138200044631958,1.139799952507019,1.138200044631958,1.1396000385284424
2025-11-10 20:00:00+00:00,1.1395000219345093,1.139799952507019,1.13919997215271,1.139299988746643
2025-11-11 00:00:00+00:00,1.139299988746643,1.139299988746643,1.138700008392334,1.1390000581741333
2025-11-11 04:00:00+00:00,1.1390000581741333,1.1390000581741333,1.1348999738693237,1.1348999738693237
2025-11-11 08:00:00+00:00,1.1349999904632568,1.1358000040054321,1.1341999769210815,1.135699987411499
2025-11-11 12:00:00+00:00,1.135699987411499,1.1361000537872314,1.1342999935150146,1.1358000040054321
2025-11-11 16:00:00+00:00,1.135699987411499,1.1361000537872314,1.1353000402450562,1.1361000537872314
2025-11-11 20:00:00+00:00,1.1361000537872314,1.136199951171875,1.1345000267028809,1.1346999406814575
2025-11-12 00:00:00+00:00,1.134600043296814,1.1347999572753906,1.1341999769210815,1.1345000267028809
2025-11-12 04:00:00+00:00,1.1344000101089478,1.1344000101089478,1.1337000131607056,1.1342999935150146
2025-11-12 08:00:00+00:00,1.134600043296814,1.135200023651123,1.1325000524520874,1.1341999769210815
2025-11-12 12:00:00+00:00,1.1341999769210815,1.1341999769210815,1.13100004196167,1.1319999694824219
2025-11-12 16:00:00+00:00,1.132200002670288,1.1332999467849731,1.1318999528884888,1.1325000524520874
2025-11-12 20:00:00+00:00,1.132699966430664,1.1327999830245972,1.1319999694824219,1.132099986076355
2025-11-13 00:00:00+00:00,1.1319999694824219,1.1324000358581543,1.131700038909912,1.132099986076355
2025-11-13 04:00:00+00:00,1.1319999694824219,1.1323000192642212,1.1304999589920044,1.1313999891281128
2025-11-13 08:00:00+00:00,1.1311999559402466,1.132699966430664,1.1305999755859375,1.1324000358581543
2025-11-13 12:00:00+00:00,1.132200002670288,1.1338000297546387,1.132099986076355,1.1333999633789062
2025-11-13 16:00:00+00:00,1.1334999799728394,1.1338000297546387,1.132699966430664,1.1331000328063965
2025-11-13 20:00:00+00:00,1.1331000328063965,1.1339000463485718,1.129699945449829,1.1303999423980713
2025-11-14 00:00:00+00:00,1.1305999755859375,1.1308000087738037,1.1289000511169434,1.1289000511169434
2025-11-14 04:00:00+00:00,1.128999948501587,1.1298999786376953,1.1276999711990356,1.129699945449829
2025-11-14 08:00:00+00:00,1.1294000148773193,1.1332999467849731,1.1276999711990356,1.1303000450134277
2025-11-14 12:00:00+00:00,1.1302000284194946,1.1318999528884888,1.1297999620437622,1.1308000087738037
2025-11-14 16:00:00+00:00,1.13100004196167,1.1330000162124634,1.13100004196167,1.132699966430664
2025-11-14 20:00:00+00:00,1.1325000524520874,1.1332000494003296,1.1324000358581543,1.1330000162124634
2025-11-15 00:00:00+00:00,,,,
2025-11-15 04:00:00+00:00,,,,
2025-11-15 08:00:00+00:00,,,,
2025-11-15 12:00:00+00:00,,,,
2025-11-15 16:00:00+00:00,,,,
2025-11-15 20:00:00+00:00,,,,
2025-11-16 00:00:00+00:00,,,,
2025-11-16 04:00:00+00:00,,,,
2025-11-16 08:00:00+00:00,,,,
2025-11-16 12:00:00+00:00,,,,
2025-11-16 16:00:00+00:00,,,,
2025-11-16 20:00:00+00:00,,,,
2025-11-17 00:00:00+00:00,1.1325000524520874,1.1333999633789062,1.132099986076355,1.1327999830245972
2025-11-17 04:00:00+00:00,1.1328999996185303,1.1340999603271484,1.132200002670288,1.1339999437332153
2025-11-17 08:00:00+00:00,1.1340999603271484,1.1354999542236328,1.1335999965667725,1.1354999542236328
2025-11-17 12:00:00+00:00,1.1354000568389893,1.1367000341415405,1.1353000402450562,1.135599970817566
2025-11-17 16:00:00+00:00,1.135699987411499,1.135699987411499,1.1342999935150146,1.1342999935150146
2025-11-17 20:00:00+00:00,1.1344000101089478,1.1353000402450562,1.1341999769210815,1.1344000101089478
2025-11-18 00:00:00+00:00,1.1345000267028809,1.1345000267028809,1.1338000297546387,1.1338000297546387
2025-11-18 04:00:00+00:00,1.1338000297546387,1.134600043296814,1.1335999965667725,1.1339000463485718
2025-11-18 08:00:00+00:00,1.1339000463485718,1.1349999904632568,1.1337000131607056,1.1337000131607056
2025-11-18 12:00:00+00:00,1.1337000131607056,1.1345000267028809,1.1328999996185303,1.1342999935150146
2025-11-18 16:00:00+00:00,1.1344000101089478,1.135200023651123,1.1342999935150146,1.1349999904632568
2025-11-18 20:00:00+00:00,1.1348999738693237,1.13510000705719,1.1345000267028809,1.1347999572753906
2025-11-19 00:00:00+00:00,1.1347999572753906,1.1347999572753906,1.1338000297546387,1.1339000463485718
2025-11-19 04:00:00+00:00,1.1339000463485718,1.1344000101089478,1.1332000494003296,1.1344000101089478
2025-11-19 08:00:00+00:00,1.1339999437332153,1.1341999769210815,1.131700038909912,1.1324000358581543
2025-11-19 12:00:00+00:00,1.132599949836731,1.1347999572753906,1.1318000555038452,1.132200002670288
2025-11-19 16:00:00+00:00,1.1323000192642212,1.1332999467849731,1.131700038909912,1.131700038909912
2025-11-19 20:00:00+00:00,1.1319999694824219,1.1319999694824219,1.1306999921798706,1.1312999725341797
2025-11-20 00:00:00+00:00,1.1312999725341797,1.132599949836731,1.131100058555603,1.132599949836731
2025-11-20 04:00:00+00:00,1.132599949836731,1.1339999437332153,1.1325000524520874,1.1339999437332153
2025-11-20 08:00:00+00:00,1.1339999437332153,1.134600043296814,1.1334999799728394,1.1340999603271484
2025-11-20 12:00:00+00:00,1.1341999769210815,1.136299967765808,1.1337000131607056,1.135599970817566
2025-11-20 16:00:00+00:00,1.135200023651123,1.135200023651123,1.132599949836731,1.1337000131607056
2025-11-20 20:00:00+00:00,1.1337000131607056,1.1339999437332153,1.1332999467849731,1.1339000463485718
2025-11-21 00:00:00+00:00,1.1338000297546387,1.1339999437332153,1.1332000494003296,1.1339000463485718
2025-11-21 04:00:00+00:00,1.1339999437332153,1.1344000101089478,1.1323000192642212,1.1330000162124634
2025-11-21 08:00:00+00:00,1.1327999830245972,1.1344000101089478,1.1324000358581543,1.1331000328063965
2025-11-21 12:00:00+00:00,1.1332000494003296,1.1373000144958496,1.1332000494003296,1.1373000144958496
2025-11-21 16:00:00+00:00,1.1371999979019165,1.138200044631958,1.1368999481201172,1.1375000476837158
2025-11-21 20:00:00+00:00,1.1375999450683594,1.1376999616622925,1.1368999481201172,1.1368999481201172
2025-11-22 00:00:00+00:00,,,,
2025-11-22 04:00:00+00:00,,,,
2025-11-22 08:00:00+00:00,,,,
2025-11-22 12:00:00+00:00,,,,
2025-11-22 16:00:00+00:00,,,,
2025-11-22 20:00:00+00:00,,,,
2025-11-23 00:00:00+00:00,,,,
2025-11-23 04:00:00+00:00,,,,
2025-11-23 08:00:00+00:00,,,,
2025-11-23 12:00:00+00:00,,,,
2025-11-23 16:00:00+00:00,,,,
2025-11-23 20:00:00+00:00,,,,
2025-11-24 00:00:00+00:00,1.1375000476837158,1.1375000476837158,1.1366000175476074,1.1368000507354736
2025-11-24 04:00:00+00:00,1.1368000507354736,1.1368999481201172,1.136299967765808,1.1367000341415405
2025-11-24 08:00:00+00:00,1.1363999843597412,1.1366000175476074,1.1332999467849731,1.1333999633789062
2025-11-24 12:00:00+00:00,1.1334999799728394,1.1360000371932983,1.1334999799728394,1.1354999542236328
2025-11-24 16:00:00+00:00,1.1354999542236328,1.1373000144958496,1.1354999542236328,1.1367000341415405
2025-11-24 20:00:00+00:00,1.1368999481201172,1.1374000310897827,1.1368000507354736,1.1371999979019165
2025-11-25 00:00:00+00:00,1.1369999647140503,1.1373000144958496,1.1367000341415405,1.1368000507354736
2025-11-25 04:00:00+00:00,1.1368999481201172,1.1383999586105347,1.1368000507354736,1.138200044631958
2025-11-25 08:00:00+00:00,1.1382999420166016,1.1383999586105347,1.1366000175476074,1.1369999647140503
2025-11-25 12:00:00+00:00,1.1367000341415405,1.1390999555587769,1.1365000009536743,1.1390999555587769
2025-11-25 16:00:00+00:00,1.1390999555587769,1.1402000188827515,1.1389000415802002,1.1401000022888184
2025-11-25 20:00:00+00:00,1.1403000354766846,1.1403000354766846,1.1373000144958496,1.1373000144958496
2025-11-26 00:00:00+00:00,1.1376999616622925,1.1384999752044678,1.1374000310897827,1.1380000114440918
2025-11-26 04:00:00+00:00,1.1380000114440918,1.138200044631958,1.1366000175476074,1.1376999616622925
2025-11-26 08:00:00+00:00,1.1375000476837158,1.1389000415802002,1.1360000371932983,1.1376999616622925
2025-11-26 12:00:00+00:00,1.1368999481201172,1.141700029373169,1.1340999603271484,1.1406999826431274
2025-11-26 16:00:00+00:00,1.1405999660491943,1.1412999629974365,1.1401000022888184,1.1410000324249268
2025-11-26 20:00:00+00:00,1.1411000490188599,1.1418999433517456,1.1410000324249268,1.1411000490188599
2025-11-27 00:00:00+00:00,1.1411999464035034,1.1419999599456787,1.1411000490188599,1.1419999599456787
2025-11-27 04:00:00+00:00,1.1420999765396118,1.142799973487854,1.1413999795913696,1.141700029373169
2025-11-27 08:00:00+00:00,1.1413999795913696,1.1416000127792358,1.139799952507019,1.1414999961853027
2025-11-27 12:00:00+00:00,1.1412999629974365,1.1424000263214111,1.1406999826431274,1.1424000263214111
2025-11-27 16:00:00+00:00,1.142199993133545,1.1425000429153442,1.1407999992370605,1.1411000490188599
2025-11-27 20:00:00+00:00,1.1410000324249268,1.1413999795913696,1.1406999826431274,1.1410000324249268
2025-11-28 00:00:00+00:00,1.1411999464035034,1.1426000595092773,1.1410000324249268,1.1420999765396118
2025-11-28 04:00:00+00:00,1.141800045967102,1.142199993133545,1.1401000022888184,1.1407999992370605
2025-11-28 08:00:00+00:00,1.1407999992370605,1.1424000263214111,1.1402000188827515,1.1407999992370605
2025-11-28 12:00:00+00:00,1.1411000490188599,1.1425000429153442,1.1396000385284424,1.1410000324249268
2025-11-28 16:00:00+00:00,1.1412999629974365,1.1418999433517456,1.1401000022888184,1.1411000490188599
2025-11-28 20:00:00+00:00,1.1411999464035034,1.1411999464035034,1.1403000354766846,1.1404000520706177
2025-11-29 00:00:00+00:00,,,,
2025-11-29 04:00:00+00:00,,,,
2025-11-29 08:00:00+00:00,,,,
2025-11-29 12:00:00+00:00,,,,
2025-11-29 16:00:00+00:00,,,,
2025-11-29 20:00:00+00:00,,,,
2025-11-30 00:00:00+00:00,,,,
2025-11-30 04:00:00+00:00,,,,
2025-11-30 08:00:00+00:00,,,,
2025-11-30 12:00:00+00:00,,,,
2025-11-30 16:00:00+00:00,,,,
2025-11-30 20:00:00+00:00,,,,
2025-12-01 00:00:00+00:00,1.1410000324249268,1.1411000490188599,1.139799952507019,1.1404000520706177
2025-12-01 04:00:00+00:00,1.1404000520706177,1.1404000520706177,1.1382999420166016,1.1383999586105347
2025-12-01 08:00:00+00:00,1.1382999420166016,1.1384999752044678,1.1367000341415405,1.1375999450683594
2025-12-01 12:00:00+00:00,1.1376999616622925,1.13919997215271,1.1376999616622925,1.1390999555587769
2025-12-01 16:00:00+00:00,1.1389000415802002,1.1389000415802002,1.1370999813079834,1.1375999450683594
2025-12-01 20:00:00+00:00,1.1376999616622925,1.138100028038025,1.1374000310897827,1.1375000476837158
2025-12-02 00:00:00+00:00,1.1375999450683594,1.1377999782562256,1.1371999979019165,1.1376999616622925
2025-12-02 04:00:00+00:00,1.1378999948501587,1.1378999948501587,1.1369999647140503,1.1375999450683594
2025-12-02 08:00:00+00:00,1.1374000310897827,1.1378999948501587,1.135699987411499,1.136199951171875
2025-12-02 12:00:00+00:00,1.1361000537872314,1.1376999616622925,1.1358000040054321,1.1369999647140503
2025-12-02 16:00:00+00:00,1.1368999481201172,1.1368999481201172,1.1358000040054321,1.136199951171875
2025-12-02 20:00:00+00:00,1.136199951171875,1.1363999843597412,1.1358000040054321,1.1363999843597412
2025-12-03 00:00:00+00:00,1.1363999843597412,1.1363999843597412,1.1360000371932983,1.136299967765808
2025-12-03 04:00:00+00:00,1.136199951171875,1.1370999813079834,1.1361000537872314,1.1370999813079834
2025-12-03 08:00:00+00:00,1.1369999647140503,1.1401000022888184,1.1368999481201172,1.139299988746643
2025-12-03 12:00:00+00:00,1.139299988746643,1.142699956893921,1.1390999555587769,1.1426000595092773
2025-12-03 16:00:00+00:00,1.142799973487854,1.1438000202178955,1.1426000595092773,1.1433000564575195
2025-12-03 20:00:00+00:00,1.143399953842163,1.1439000368118286,1.1431000232696533,1.1435999870300293
2025-12-04 00:00:00+00:00,1.1435999870300293,1.1437000036239624,1.1430000066757202,1.1433000564575195
2025-12-04 04:00:00+00:00,1.143399953842163,1.1438000202178955,1.142799973487854,1.142799973487854
2025-12-04 08:00:00+00:00,1.142699956893921,1.1437000036239624,1.1418999433517456,1.1433000564575195
2025-12-04 12:00:00+00:00,1.143399953842163,1.1460000276565552,1.1426000595092773,1.1450999975204468
2025-12-04 16:00:00+00:00,1.144700050354004,1.1452000141143799,1.1437000036239624,1.1442999839782715
2025-12-04 20:00:00+00:00,1.1442999839782715,1.1446000337600708,1.1435999870300293,1.1437000036239624
2025-12-05 00:00:00+00:00,1.1438000202178955,1.1438000202178955,1.1434999704360962,1.1434999704360962
2025-12-05 04:00:00+00:00,1.1435999870300293,1.1446000337600708,1.1435999870300293,1.1444000005722046
2025-12-05 08:00:00+00:00,1.1442999839782715,1.1454999446868896,1.1440999507904053,1.1448999643325806
2025-12-05 12:00:00+00:00,1.1448999643325806,1.1455999612808228,1.144700050354004,1.1449999809265137
2025-12-05 16:00:00+00:00,1.1447999477386475,1.1450999975204468,1.1442999839782715,1.144700050354004
2025-12-05 20:00:00+00:00,1.1447999477386475,1.1447999477386475,1.1442999839782715,1.1446000337600708
2025-12-06 00:00:00+00:00,,,,
2025-12-06 04:00:00+00:00,,,,
2025-12-06 08:00:00+00:00,,,,
2025-12-06 12:00:00+00:00,,,,
2025-12-06 16:00:00+00:00,,,,
2025-12-06 20:00:00+00:00,,,,
2025-12-07 00:00:00+00:00,,,,
2025-12-07 04:00:00+00:00,,,,
2025-12-07 08:00:00+00:00,,,,
2025-12-07 12:00:00+00:00,,,,
2025-12-07 16:00:00+00:00,,,,
2025-12-07 20:00:00+00:00,,,,
2025-12-08 00:00:00+00:00,1.1440000534057617,1.1444000005722046,1.1439000368118286,1.1442999839782715
2025-12-08 04:00:00+00:00,1.1442999839782715,1.1442999839782715,1.1419999599456787,1.1426000595092773
2025-12-08 08:00:00+00:00,1.1425000429153442,1.143399953842163,1.142300009727478,1.1426000595092773
2025-12-08 12:00:00+00:00,1.1425000429153442,1.1448999643325806,1.142300009727478,1.144700050354004
2025-12-08 16:00:00+00:00,1.1446000337600708,1.1454999446868896,1.1441999673843384,1.1445000171661377
2025-12-08 20:00:00+00:00,1.1445000171661377,1.144700050354004,1.1440999507904053,1.1442999839782715
2025-12-09 00:00:00+00:00,1.1444000005722046,1.1444000005722046,1.1439000368118286,1.1440000534057617
2025-12-09 04:00:00+00:00,1.1440000534057617,1.144700050354004,1.1439000368118286,1.1446000337600708
2025-12-09 08:00:00+00:00,1.144700050354004,1.146399974822998,1.1441999673843384,1.1441999673843384
2025-12-09 12:00:00+00:00,1.1444000005722046,1.1446000337600708,1.142799973487854,1.142899990081787
2025-12-09 16:00:00+00:00,1.1430000066757202,1.1440000534057617,1.1430000066757202,1.1434999704360962
2025-12-09 20:00:00+00:00,1.143399953842163,1.1435999870300293,1.1430000066757202,1.1435999870300293
2025-12-10 00:00:00+00:00,1.1435999870300293,1.1438000202178955,1.143399953842163,1.1437000036239624
2025-12-10 04:00:00+00:00,1.1437000036239624,1.1441999673843384,1.143399953842163,1.143399953842163
2025-12-10 08:00:00+00:00,1.1435999870300293,1.1440000534057617,1.142199993133545,1.1434999704360962
2025-12-10 12:00:00+00:00,1.1434999704360962,1.1450999975204468,1.1431000232696533,1.1435999870300293
2025-12-10 16:00:00+00:00,1.1435999870300293,1.144700050354004,1.1432000398635864,1.1438000202178955
2025-12-10 20:00:00+00:00,1.1440000534057617,1.1442999839782715,1.1434999704360962,1.1437000036239624
2025-12-11 00:00:00+00:00,1.1437000036239624,1.1438000202178955,1.1426000595092773,1.142799973487854
2025-12-11 04:00:00+00:00,1.142899990081787,1.1434999704360962,1.1425000429153442,1.142799973487854
2025-12-11 08:00:00+00:00,1.142799973487854,1.142799973487854,1.1412999629974365,1.142300009727478
2025-12-11 12:00:00+00:00,1.142300009727478,1.142799973487854,1.141800045967102,1.142199993133545
2025-12-11 16:00:00+00:00,1.142300009727478,1.142300009727478,1.1398999691009521,1.1398999691009521
2025-12-11 20:00:00+00:00,1.1398999691009521,1.1404999494552612,1.1397000551223755,1.1402000188827515
2025-12-12 00:00:00+00:00,1.1402000188827515,1.1409000158309937,1.1398999691009521,1.1405999660491943
2025-12-12 04:00:00+00:00,1.1406999826431274,1.1409000158309937,1.139299988746643,1.1401000022888184
2025-12-12 08:00:00+00:00,1.1396000385284424,1.1403000354766846,1.13919997215271,1.1401000022888184
2025-12-12 12:00:00+00:00,1.1401000022888184,1.1401000022888184,1.1371999979019165,1.1371999979019165
2025-12-12 16:00:00+00:00,1.1371999979019165,1.138200044631958,1.1369999647140503,1.1378999948501587
2025-12-12 20:00:00+00:00,1.1380000114440918,1.1384999752044678,1.1377999782562256,1.1384999752044678
2025-12-13 00:00:00+00:00,,,,
2025-12-13 04:00:00+00:00,,,,
2025-12-13 08:00:00+00:00,,,,
2025-12-13 12:00:00+00:00,,,,
2025-12-13 16:00:00+00:00,,,,
2025-12-13 20:00:00+00:00,,,,
2025-12-14 00:00:00+00:00,,,,
2025-12-14 04:00:00+00:00,,,,
2025-12-14 08:00:00+00:00,,,,
2025-12-14 12:00:00+00:00,,,,
2025-12-14 16:00:00+00:00,,,,
2025-12-14 20:00:00+00:00,,,,
2025-12-15 00:00:00+00:00,1.1383999586105347,1.1385999917984009,1.1376999616622925,1.1376999616622925
2025-12-15 04:00:00+00:00,1.1376999616622925,1.1389000415802002,1.1376999616622925,1.1389000415802002
2025-12-15 08:00:00+00:00,1.1390000581741333,1.1396000385284424,1.1385999917984009,1.138700008392334
2025-12-15 12:00:00+00:00,1.1385999917984009,1.1390999555587769,1.1376999616622925,1.1378999948501587
2025-12-15 16:00:00+00:00,1.138200044631958,1.138200044631958,1.1374000310897827,1.1375000476837158
2025-12-15 20:00:00+00:00,1.1377999782562256,1.1378999948501587,1.1369999647140503,1.1377999782562256
2025-12-16 00:00:00+00:00,1.1377999782562256,1.1377999782562256,1.1367000341415405,1.1368999481201172
2025-12-16 04:00:00+00:00,1.1368000507354736,1.1378999948501587,1.1363999843597412,1.1376999616622925
2025-12-16 08:00:00+00:00,1.1375999450683594,1.1414999961853027,1.1375000476837158,1.1411999464035034
2025-12-16 12:00:00+00:00,1.1412999629974365,1.1412999629974365,1.1376999616622925,1.1390999555587769
2025-12-16 16:00:00+00:00,1.139299988746643,1.141700029373169,1.139299988746643,1.1413999795913696
2025-12-16 20:00:00+00:00,1.1413999795913696,1.1425000429153442,1.1413999795913696,1.1420999765396118
2025-12-17 00:00:00+00:00,1.1420999765396118,1.142300009727478,1.1414999961853027,1.141800045967102
2025-12-17 04:00:00+00:00,1.141800045967102,1.1419999599456787,1.1368000507354736,1.1368000507354736
2025-12-17 08:00:00+00:00,1.1368999481201172,1.1375999450683594,1.1363999843597412,1.1375999450683594
2025-12-17 12:00:00+00:00,1.1376999616622925,1.1389000415802002,1.1368000507354736,1.1389000415802002
2025-12-17 16:00:00+00:00,1.1395000219345093,1.1398999691009521,1.1382999420166016,1.1383999586105347
2025-12-17 20:00:00+00:00,1.1384999752044678,1.1390999555587769,1.1384999752044678,1.1384999752044678
2025-12-18 00:00:00+00:00,1.1384999752044678,1.138700008392334,1.1377999782562256,1.1380000114440918
2025-12-18 04:00:00+00:00,1.1380000114440918,1.1385999917984009,1.1375000476837158,1.1385999917984009
2025-12-18 08:00:00+00:00,1.1385999917984009,1.1394000053405762,1.1377999782562256,1.138800024986267
2025-12-18 12:00:00+00:00,1.138800024986267,1.1441999673843384,1.138800024986267,1.1416000127792358
2025-12-18 16:00:00+00:00,1.141700029373169,1.141700029373169,1.1404999494552612,1.1411999464035034
2025-12-18 20:00:00+00:00,1.1411000490188599,1.1412999629974365,1.1404999494552612,1.1410000324249268
2025-12-19 00:00:00+00:00,1.1410000324249268,1.1411000490188599,1.1405999660491943,1.1407999992370605
2025-12-19 04:00:00+00:00,1.1407999992370605,1.141700029373169,1.1405999660491943,1.1412999629974365
2025-12-19 08:00:00+00:00,1.1411999464035034,1.142300009727478,1.1411000490188599,1.1411999464035034
2025-12-19 12:00:00+00:00,1.1412999629974365,1.141700029373169,1.139299988746643,1.1405999660491943
2025-12-19 16:00:00+00:00,1.1405999660491943,1.1418999433517456,1.1405999660491943,1.141700029373169
2025-12-19 20:00:00+00:00,1.141800045967102,1.1418999433517456,1.1414999961853027,1.1418999433517456
2025-12-20 00:00:00+00:00,,,,
2025-12-20 04:00:00+00:00,,,,
2025-12-20 08:00:00+00:00,,,,
2025-12-20 12:00:00+00:00,,,,
2025-12-20 16:00:00+00:00,,,,
2025-12-20 20:00:00+00:00,,,,
2025-12-21 00:00:00+00:00,,,,
2025-12-21 04:00:00+00:00,,,,
2025-12-21 08:00:00+00:00,,,,
2025-12-21 12:00:00+00:00,,,,
2025-12-21 16:00:00+00:00,,,,
2025-12-21 20:00:00+00:00,,,,
2025-12-22 00:00:00+00:00,1.1420999765396118,1.1430000066757202,1.1418999433517456,1.1425000429153442
2025-12-22 04:00:00+00:00,1.1425000429153442,1.1440999507904053,1.1425000429153442,1.1431000232696533
2025-12-22 08:00:00+00:00,1.1430000066757202,1.1452000141143799,1.142799973487854,1.1448999643325806
2025-12-22 12:00:00+00:00,1.144700050354004,1.1448999643325806,1.142799973487854,1.1432000398635864
2025-12-22 16:00:00+00:00,1.1432000398635864,1.1454999446868896,1.1432000398635864,1.1442999839782715
2025-12-22 20:00:00+00:00,1.1444000005722046,1.1446000337600708,1.1439000368118286,1.1444000005722046
2025-12-23 00:00:00+00:00,1.1444000005722046,1.1448999643325806,1.1441999673843384,1.1448999643325806
2025-12-23 04:00:00+00:00,1.1448999643325806,1.1455999612808228,1.1446000337600708,1.145300030708313
2025-12-23 08:00:00+00:00,1.145799994468689,1.1461999416351318,1.1440999507904053,1.1444000005722046
2025-12-23 12:00:00+00:00,1.1442999839782715,1.1461000442504883,1.1440999507904053,1.1446000337600708
2025-12-23 16:00:00+00:00,1.1446000337600708,1.1446000337600708,1.1440000534057617,1.1441999673843384
2025-12-23 20:00:00+00:00,1.1442999839782715,1.145900011062622,1.1441999673843384,1.1452000141143799
2025-12-24 00:00:00+00:00,1.1452000141143799,1.146299958229065,1.1447999477386475,1.1461999416351318
2025-12-24 04:00:00+00:00,1.1461999416351318,1.1461999416351318,1.1450999975204468,1.1455999612808228
2025-12-24 08:00:00+00:00,1.1455999612808228,1.1460000276565552,1.1452000141143799,1.1454999446868896
2025-12-24 12:00:00+00:00,1.145400047302246,1.146399974822998,1.1449999809265137,1.1461999416351318
2025-12-24 16:00:00+00:00,1.146299958229065,1.146399974822998,1.145400047302246,1.145400047302246
2025-12-24 20:00:00+00:00,1.1455999612808228,1.146399974822998,1.145300030708313,1.145400047302246
2025-12-25 00:00:00+00:00,1.145400047302246,1.1480000019073486,1.1452000141143799,1.1474000215530396
2025-12-25 04:00:00+00:00,1.1474000215530396,1.1481000185012817,1.1468000411987305,1.1470999717712402
2025-12-25 08:00:00+00:00,1.1471999883651733,1.1473000049591064,1.1469999551773071,1.1469999551773071
2025-12-25 12:00:00+00:00,1.1469999551773071,1.1474000215530396,1.1469999551773071,1.1473000049591064
2025-12-25 16:00:00+00:00,1.1474000215530396,1.1478999853134155,1.1470999717712402,1.1470999717712402
2025-12-25 20:00:00+00:00,1.1471999883651733,1.1480000019073486,1.1455999612808228,1.145799994468689
2025-12-26 00:00:00+00:00,1.145799994468689,1.146399974822998,1.1454999446868896,1.1454999446868896
2025-12-26 04:00:00+00:00,1.1455999612808228,1.145799994468689,1.1441999673843384,1.1447999477386475
2025-12-26 08:00:00+00:00,1.1446000337600708,1.1455999612808228,1.1446000337600708,1.145300030708313
2025-12-26 12:00:00+00:00,1.145300030708313,1.1467000246047974,1.1446000337600708,1.146299958229065
2025-12-26 16:00:00+00:00,1.146299958229065,1.146299958229065,1.1455999612808228,1.1456999778747559
2025-12-26 20:00:00+00:00,1.145799994468689,1.1467000246047974,1.145799994468689,1.1461999416351318
2025-12-27 00:00:00+00:00,,,,
2025-12-27 04:00:00+00:00,,,,
2025-12-27 08:00:00+00:00,,,,
2025-12-27 12:00:00+00:00,,,,
2025-12-27 16:00:00+00:00,,,,
2025-12-27 20:00:00+00:00,,,,
2025-12-28 00:00:00+00:00,,,,
2025-12-28 04:00:00+00:00,,,,
2025-12-28 08:00:00+00:00,,,,
2025-12-28 12:00:00+00:00,,,,
2025-12-28 16:00:00+00:00,,,,
2025-12-28 20:00:00+00:00,,,,
2025-12-29 00:00:00+00:00,1.1461000442504883,1.1468000411987305,1.1454999446868896,1.1467000246047974
2025-12-29 04:00:00+00:00,1.1468000411987305,1.1470999717712402,1.1446000337600708,1.1446000337600708
2025-12-29 08:00:00+00:00,1.1444000005722046,1.1475000381469727,1.1438000202178955,1.1460000276565552
2025-12-29 12:00:00+00:00,1.1455999612808228,1.1464999914169312,1.1445000171661377,1.1464999914169312
2025-12-29 16:00:00+00:00,1.1467000246047974,1.1476000547409058,1.1464999914169312,1.1474000215530396
2025-12-29 20:00:00+00:00,1.1473000049591064,1.1475000381469727,1.1466000080108643,1.1469999551773071
2025-12-30 00:00:00+00:00,1.1469999551773071,1.1469999551773071,1.1461000442504883,1.1467000246047974
2025-12-30 04:00:00+00:00,1.1467000246047974,1.1474000215530396,1.1466000080108643,1.1470999717712402
2025-12-30 08:00:00+00:00,1.1470999717712402,1.1484999656677246,1.1469000577926636,1.1473000049591064
2025-12-30 12:00:00+00:00,1.1471999883651733,1.1475000381469727,1.1441999673843384,1.1452000141143799
2025-12-30 16:00:00+00:00,1.145400047302246,1.145900011062622,1.144700050354004,1.145799994468689
2025-12-30 20:00:00+00:00,1.145799994468689,1.1461999416351318,1.1455999612808228,1.145900011062622
2025-12-31 00:00:00+00:00,1.1460000276565552,1.1461999416351318,1.145400047302246,1.1460000276565552
2025-12-31 04:00:00+00:00,1.1461000442504883,1.1464999914169312,1.1460000276565552,1.1461999416351318
2025-12-31 08:00:00+00:00,1.1461999416351318,1.1464999914169312,1.1434999704360962,1.144700050354004
2025-12-31 12:00:00+00:00,1.1449999809265137,1.145799994468689,1.142899990081787,1.1447999477386475
2025-12-31 16:00:00+00:00,1.1447999477386475,1.146299958229065,1.1447999477386475,1.145900011062622
2025-12-31 20:00:00+00:00,1.1461000442504883,1.1473000049591064,1.145900011062622,1.1466000080108643
2026-01-01 00:00:00+00:00,1.1466000080108643,1.1466000080108643,1.1466000080108643,1.1466000080108643
2026-01-01 04:00:00+00:00,1.1466000080108643,1.1466000080108643,1.1466000080108643,1.1466000080108643
2026-01-01 08:00:00+00:00,1.1466000080108643,1.1466000080108643,1.1466000080108643,1.1466000080108643
2026-01-01 12:00:00+00:00,,,,
2026-01-01 16:00:00+00:00,,,,
2026-01-01 20:00:00+00:00,1.1461999416351318,1.146399974822998,1.1454999446868896,1.1461999416351318
2026-01-02 00:00:00+00:00,1.1461999416351318,1.1466000080108643,1.145900011062622,1.145900011062622
2026-01-02 04:00:00+00:00,1.1460000276565552,1.1468000411987305,1.1455999612808228,1.1468000411987305
2026-01-02 08:00:00+00:00,1.1467000246047974,1.1477999687194824,1.145900011062622,1.1460000276565552
2026-01-02 12:00:00+00:00,1.1461999416351318,1.1486999988555908,1.1455999612808228,1.1483999490737915
2026-01-02 16:00:00+00:00,1.1480000019073486,1.148300051689148,1.1470999717712402,1.1473000049591064
2026-01-02 20:00:00+00:00,1.1471999883651733,1.1482000350952148,1.1471999883651733,1.1477999687194824
2026-01-03 00:00:00+00:00,,,,
2026-01-03 04:00:00+00:00,,,,
2026-01-03 08:00:00+00:00,,,,
2026-01-03 12:00:00+00:00,,,,
2026-01-03 16:00:00+00:00,,,,
2026-01-03 20:00:00+00:00,,,,
2026-01-04 00:00:00+00:00,,,,
2026-01-04 04:00:00+00:00,,,,
2026-01-04 08:00:00+00:00,,,,
2026-01-04 12:00:00+00:00,,,,
2026-01-04 16:00:00+00:00,,,,
2026-01-04 20:00:00+00:00,,,,
2026-01-05 00:00:00+00:00,1.1477999687194824,1.148900032043457,1.1476000547409058,1.1485999822616577
2026-01-05 04:00:00+00:00,1.1483999490737915,1.148900032043457,1.1481000185012817,1.1481000185012817
2026-01-05 08:00:00+00:00,1.1481000185012817,1.1521999835968018,1.1477999687194824,1.1517000198364258
2026-01-05 12:00:00+00:00,1.1518000364303589,1.1533000469207764,1.1510000228881836,1.1532000303268433
2026-01-05 16:00:00+00:00,1.1532000303268433,1.1549999713897705,1.1531000137329102,1.1542999744415283
2026-01-05 20:00:00+00:00,1.1545000076293945,1.1549999713897705,1.1542999744415283,1.1548000574111938
2026-01-06 00:00:00+00:00,1.1547000408172607,1.1550999879837036,1.1543999910354614,1.1548999547958374
2026-01-06 04:00:00+00:00,1.1550999879837036,1.1552000045776367,1.1541999578475952,1.1548000574111938
2026-01-06 08:00:00+00:00,1.1549999713897705,1.1562000513076782,1.1542999744415283,1.1545000076293945
2026-01-06 12:00:00+00:00,1.1546000242233276,1.1549999713897705,1.1538000106811523,1.1545000076293945
2026-01-06 16:00:00+00:00,1.1542999744415283,1.1545000076293945,1.1539000272750854,1.1543999910354614
2026-01-06 20:00:00+00:00,1.1543999910354614,1.1550999879837036,1.1541999578475952,1.1546000242233276
2026-01-07 00:00:00+00:00,1.1546000242233276,1.1548000574111938,1.154099941253662,1.1547000408172607
2026-01-07 04:00:00+00:00,1.1546000242233276,1.1549999713897705,1.1542999744415283,1.1543999910354614
2026-01-07 08:00:00+00:00,1.1542999744415283,1.1547000408172607,1.1539000272750854,1.1543999910354614
2026-01-07 12:00:00+00:00,1.1545000076293945,1.1547000408172607,1.152400016784668,1.1526000499725342
2026-01-07 16:00:00+00:00,1.1526999473571777,1.152899980545044,1.1518000364303589,1.1520999670028687
2026-01-07 20:00:00+00:00,1.1520999670028687,1.152400016784668,1.1519999504089355,1.1520999670028687
2026-01-08 00:00:00+00:00,1.1520999670028687,1.1523000001907349,1.1516000032424927,1.1521999835968018
2026-01-08 04:00:00+00:00,1.1521999835968018,1.1521999835968018,1.1509000062942505,1.1509000062942505
2026-01-08 08:00:00+00:00,1.1505000591278076,1.1512999534606934,1.1500999927520752,1.1507999897003174
2026-01-08 12:00:00+00:00,1.1510000228881836,1.1516000032424927,1.1502000093460083,1.1516000032424927
2026-01-08 16:00:00+00:00,1.151900053024292,1.1527999639511108,1.1517000198364258,1.152400016784668
2026-01-08 20:00:00+00:00,1.1523000001907349,1.1527999639511108,1.1516000032424927,1.1520999670028687
2026-01-09 00:00:00+00:00,1.1520999670028687,1.1523000001907349,1.1519999504089355,1.1523000001907349
2026-01-09 04:00:00+00:00,1.1523000001907349,1.1526000499725342,1.1516000032424927,1.1520999670028687
2026-01-09 08:00:00+00:00,1.1523000001907349,1.1526999473571777,1.1506999731063843,1.1512999534606934
2026-01-09 12:00:00+00:00,1.1512999534606934,1.1533000469207764,1.1511000394821167,1.1521999835968018
2026-01-09 16:00:00+00:00,1.1521999835968018,1.152400016784668,1.1516000032424927,1.1518000364303589
2026-01-09 20:00:00+00:00,1.151900053024292,1.1519999504089355,1.1512999534606934,1.1512999534606934
2026-01-10 00:00:00+00:00,,,,
2026-01-10 04:00:00+00:00,,,,
2026-01-10 08:00:00+00:00,,,,
2026-01-10 12:00:00+00:00,,,,
2026-01-10 16:00:00+00:00,,,,
2026-01-10 20:00:00+00:00,,,,
2026-01-11 00:00:00+00:00,,,,
2026-01-11 04:00:00+00:00,,,,
2026-01-11 08:00:00+00:00,,,,
2026-01-11 12:00:00+00:00,,,,
2026-01-11 16:00:00+00:00,,,,
2026-01-11 20:00:00+00:00,,,,
2026-01-12 00:00:00+00:00,1.1517000198364258,1.1517000198364258,1.1509000062942505,1.1510000228881836
2026-01-12 04:00:00+00:00,1.1509000062942505,1.1511000394821167,1.149999976158142,1.149999976158142
2026-01-12 08:00:00+00:00,1.1500999927520752,1.152400016784668,1.1500999927520752,1.1519999504089355
2026-01-12 12:00:00+00:00,1.1519999504089355,1.15339994430542,1.1519999504089355,1.1531000137329102
2026-01-12 16:00:00+00:00,1.1531000137329102,1.153499960899353,1.1526999473571777,1.1531000137329102
2026-01-12 20:00:00+00:00,1.1532000303268433,1.1539000272750854,1.1532000303268433,1.1535999774932861
2026-01-13 00:00:00+00:00,1.1536999940872192,1.1553000211715698,1.1535999774932861,1.1548000574111938
2026-01-13 04:00:00+00:00,1.1548999547958374,1.1550999879837036,1.1541999578475952,1.1541999578475952
2026-01-13 08:00:00+00:00,1.1540000438690186,1.1548999547958374,1.1539000272750854,1.1540000438690186
2026-01-13 12:00:00+00:00,1.154099941253662,1.1548999547958374,1.1526999473571777,1.1526999473571777
2026-01-13 16:00:00+00:00,1.1531000137329102,1.1536999940872192,1.152400016784668,1.1527999639511108
2026-01-13 20:00:00+00:00,1.1527999639511108,1.1527999639511108,1.1520999670028687,1.1526999473571777
2026-01-14 00:00:00+00:00,1.1526999473571777,1.1539000272750854,1.1526000499725342,1.1538000106811523
2026-01-14 04:00:00+00:00,1.1538000106811523,1.1539000272750854,1.1531000137329102,1.153499960899353
2026-01-14 08:00:00+00:00,1.153499960899353,1.1546000242233276,1.153499960899353,1.1543999910354614
2026-01-14 12:00:00+00:00,1.1542999744415283,1.1543999910354614,1.1531000137329102,1.1536999940872192
2026-01-14 16:00:00+00:00,1.1535999774932861,1.1535999774932861,1.152500033378601,1.1535999774932861
2026-01-14 20:00:00+00:00,1.1536999940872192,1.1541999578475952,1.1531000137329102,1.1535999774932861
2026-01-15 00:00:00+00:00,1.1536999940872192,1.154099941253662,1.1531000137329102,1.1532000303268433
2026-01-15 04:00:00+00:00,1.1532000303268433,1.1548999547958374,1.1532000303268433,1.1546000242233276
2026-01-15 08:00:00+00:00,1.1548000574111938,1.1549999713897705,1.1526000499725342,1.1532000303268433
2026-01-15 12:00:00+00:00,1.1532000303268433,1.1533000469207764,1.1517000198364258,1.1533000469207764
2026-01-15 16:00:00+00:00,1.1532000303268433,1.1532000303268433,1.1519999504089355,1.1520999670028687
2026-01-15 20:00:00+00:00,1.1520999670028687,1.1523000001907349,1.1518000364303589,1.1521999835968018
2026-01-16 00:00:00+00:00,1.1521999835968018,1.1526999473571777,1.151900053024292,1.1526999473571777
2026-01-16 04:00:00+00:00,1.1526999473571777,1.1526999473571777,1.151900053024292,1.1526999473571777
2026-01-16 08:00:00+00:00,1.1526999473571777,1.154099941253662,1.1526999473571777,1.15339994430542
2026-01-16 12:00:00+00:00,1.15339994430542,1.1535999774932861,1.1520999670028687,1.1533000469207764
2026-01-16 16:00:00+00:00,1.1533000469207764,1.1536999940872192,1.152999997138977,1.15339994430542
2026-01-16 20:00:00+00:00,1.15339994430542,1.153499960899353,1.1526000499725342,1.152899980545044
2026-01-17 00:00:00+00:00,,,,
2026-01-17 04:00:00+00:00,,,,
2026-01-17 08:00:00+00:00,,,,
2026-01-17 12:00:00+00:00,,,,
2026-01-17 16:00:00+00:00,,,,
2026-01-17 20:00:00+00:00,,,,
2026-01-18 00:00:00+00:00,,,,
2026-01-18 04:00:00+00:00,,,,
2026-01-18 08:00:00+00:00,,,,
2026-01-18 12:00:00+00:00,,,,
2026-01-18 16:00:00+00:00,,,,
2026-01-18 20:00:00+00:00,,,,
2026-01-19 00:00:00+00:00,1.1526000499725342,1.1526000499725342,1.1512999534606934,1.1512999534606934
2026-01-19 04:00:00+00:00,1.1512000560760498,1.151900053024292,1.1507999897003174,1.1511000394821167
2026-01-19 08:00:00+00:00,1.1512000560760498,1.1533000469207764,1.1512000560760498,1.1526000499725342
2026-01-19 12:00:00+00:00,1.152500033378601,1.15339994430542,1.1523000001907349,1.152500033378601
2026-01-19 16:00:00+00:00,1.1526000499725342,1.1532000303268433,1.152400016784668,1.1526000499725342
2026-01-19 20:00:00+00:00,1.1526000499725342,1.1526999473571777,1.1520999670028687,1.1523000001907349
2026-01-20 00:00:00+00:00,1.152400016784668,1.1526000499725342,1.1519999504089355,1.1519999504089355
2026-01-20 04:00:00+00:00,1.1520999670028687,1.1526000499725342,1.1505999565124512,1.1521999835968018
2026-01-20 08:00:00+00:00,1.1526999473571777,1.1527999639511108,1.1468000411987305,1.1468000411987305
2026-01-20 12:00:00+00:00,1.1468000411987305,1.1481000185012817,1.1448999643325806,1.1471999883651733
2026-01-20 16:00:00+00:00,1.1469000577926636,1.1471999883651733,1.1456999778747559,1.145799994468689
2026-01-20 20:00:00+00:00,1.145900011062622,1.1466000080108643,1.1454999446868896,1.1455999612808228
2026-01-21 00:00:00+00:00,1.1456999778747559,1.1466000080108643,1.1455999612808228,1.146399974822998
2026-01-21 04:00:00+00:00,1.146299958229065,1.1469000577926636,1.145400047302246,1.1469000577926636
2026-01-21 08:00:00+00:00,1.1467000246047974,1.1476000547409058,1.1441999673843384,1.1442999839782715
2026-01-21 12:00:00+00:00,1.1440999507904053,1.1473000049591064,1.1430000066757202,1.1470999717712402
2026-01-21 16:00:00+00:00,1.1469000577926636,1.1478999853134155,1.146399974822998,1.1476000547409058
2026-01-21 20:00:00+00:00,1.1477999687194824,1.1492999792099,1.1476999521255493,1.1490000486373901
2026-01-22 00:00:00+00:00,1.1490000486373901,1.1490000486373901,1.1482000350952148,1.1485999822616577
2026-01-22 04:00:00+00:00,1.1485999822616577,1.148900032043457,1.1477999687194824,1.1483999490737915
2026-01-22 08:00:00+00:00,1.1484999656677246,1.1497999429702759,1.145900011062622,1.146299958229065
2026-01-22 12:00:00+00:00,1.1461999416351318,1.1485999822616577,1.144700050354004,1.148300051689148
2026-01-22 16:00:00+00:00,1.1482000350952148,1.148900032043457,1.1477999687194824,1.1482000350952148
2026-01-22 20:00:00+00:00,1.1482000350952148,1.148800015449524,1.1473000049591064,1.1480000019073486
2026-01-23 00:00:00+00:00,1.1481000185012817,1.1484999656677246,1.1480000019073486,1.1482000350952148
2026-01-23 04:00:00+00:00,1.148300051689148,1.1496000289916992,1.1477999687194824,1.1490999460220337
2026-01-23 08:00:00+00:00,1.1490000486373901,1.1531000137329102,1.1484999656677246,1.1510000228881836
2026-01-23 12:00:00+00:00,1.1512000560760498,1.1533000469207764,1.1512000560760498,1.1531000137329102
2026-01-23 16:00:00+00:00,1.1531000137329102,1.1543999910354614,1.152899980545044,1.152899980545044
2026-01-23 20:00:00+00:00,1.1527999639511108,1.152999997138977,1.1518000364303589,1.1518000364303589
2026-01-24 00:00:00+00:00,,,,
2026-01-24 04:00:00+00:00,,,,
2026-01-24 08:00:00+00:00,,,,
2026-01-24 12:00:00+00:00,,,,
2026-01-24 16:00:00+00:00,,,,
2026-01-24 20:00:00+00:00,,,,
2026-01-25 00:00:00+00:00,,,,
2026-01-25 04:00:00+00:00,,,,
2026-01-25 08:00:00+00:00,,,,
2026-01-25 12:00:00+00:00,,,,
2026-01-25 16:00:00+00:00,,,,
2026-01-25 20:00:00+00:00,,,,
2026-01-26 00:00:00+00:00,1.1517000198364258,1.151900053024292,1.1509000062942505,1.1510000228881836
2026-01-26 04:00:00+00:00,1.1510000228881836,1.152400016784668,1.1507999897003174,1.1521999835968018
2026-01-26 08:00:00+00:00,1.151900053024292,1.152899980545044,1.1514999866485596,1.1521999835968018
2026-01-26 12:00:00+00:00,1.1526999473571777,1.152999997138977,1.1512000560760498,1.151900053024292
2026-01-26 16:00:00+00:00,1.1517000198364258,1.1527999639511108,1.1512000560760498,1.1512999534606934
2026-01-26 20:00:00+00:00,1.1512000560760498,1.1513999700546265,1.1506999731063843,1.1512000560760498
2026-01-27 00:00:00+00:00,1.1512000560760498,1.1517000198364258,1.1506999731063843,1.1512999534606934
2026-01-27 04:00:00+00:00,1.1512999534606934,1.152400016784668,1.1510000228881836,1.1520999670028687
2026-01-27 08:00:00+00:00,1.1521999835968018,1.1526999473571777,1.1516000032424927,1.1520999670028687
2026-01-27 12:00:00+00:00,1.1519999504089355,1.1526999473571777,1.149899959564209,1.1502000093460083
2026-01-27 16:00:00+00:00,1.1500999927520752,1.1505000591278076,1.1491999626159668,1.1503000259399414
2026-01-27 20:00:00+00:00,1.1503000259399414,1.1504000425338745,1.1477999687194824,1.149899959564209
2026-01-28 00:00:00+00:00,1.1497999429702759,1.1505000591278076,1.1495000123977661,1.1497999429702759
2026-01-28 04:00:00+00:00,1.1497999429702759,1.1507999897003174,1.149399995803833,1.1504000425338745
2026-01-28 08:00:00+00:00,1.1500999927520752,1.1510000228881836,1.1495000123977661,1.149999976158142
2026-01-28 12:00:00+00:00,1.149999976158142,1.1542999744415283,1.149899959564209,1.154099941253662
2026-01-28 16:00:00+00:00,1.1539000272750854,1.1555999517440796,1.153499960899353,1.1546000242233276
2026-01-28 20:00:00+00:00,1.1547000408172607,1.1552000045776367,1.15339994430542,1.1538000106811523
2026-01-29 00:00:00+00:00,1.1536999940872192,1.1540000438690186,1.152999997138977,1.153499960899353
2026-01-29 04:00:00+00:00,1.1535999774932861,1.1547000408172607,1.153499960899353,1.1546000242233276
2026-01-29 08:00:00+00:00,1.1545000076293945,1.155500054359436,1.1535999774932861,1.154099941253662
2026-01-29 12:00:00+00:00,1.154099941253662,1.155500054359436,1.1527999639511108,1.1533000469207764
2026-01-29 16:00:00+00:00,1.1533000469207764,1.1545000076293945,1.1531000137329102,1.1536999940872192
2026-01-29 20:00:00+00:00,1.1535999774932861,1.1539000272750854,1.1523000001907349,1.1533000469207764
2026-01-30 00:00:00+00:00,1.1533000469207764,1.1545000076293945,1.1532000303268433,1.1533000469207764
2026-01-30 04:00:00+00:00,1.15339994430542,1.153499960899353,1.152500033378601,1.152999997138977
2026-01-30 08:00:00+00:00,1.1531000137329102,1.1538000106811523,1.1523000001907349,1.1526000499725342
2026-01-30 12:00:00+00:00,1.152899980545044,1.1543999910354614,1.1526000499725342,1.152899980545044
2026-01-30 16:00:00+00:00,1.1535999774932861,1.1546000242233276,1.1533000469207764,1.1535999774932861
2026-01-30 20:00:00+00:00,1.1536999940872192,1.1542999744415283,1.1535999774932861,1.1542999744415283
2026-01-31 00:00:00+00:00,,,,
2026-01-31 04:00:00+00:00,,,,
2026-01-31 08:00:00+00:00,,,,
2026-01-31 12:00:00+00:00,,,,
2026-01-31 16:00:00+00:00,,,,
2026-01-31 20:00:00+00:00,,,,
2026-02-01 00:00:00+00:00,,,,
2026-02-01 04:00:00+00:00,,,,
2026-02-01 08:00:00+00:00,,,,
2026-02-01 12:00:00+00:00,,,,
2026-02-01 16:00:00+00:00,,,,
2026-02-01 20:00:00+00:00,,,,
2026-02-02 00:00:00+00:00,1.1539000272750854,1.154099941253662,1.152500033378601,1.1526999473571777
2026-02-02 04:00:00+00:00,1.152899980545044,1.1536999940872192,1.152400016784668,1.1535999774932861
2026-02-02 08:00:00+00:00,1.15339994430542,1.1552000045776367,1.15339994430542,1.154099941253662
2026-02-02 12:00:00+00:00,1.1542999744415283,1.1562999486923218,1.154099941253662,1.1553000211715698
2026-02-02 16:00:00+00:00,1.1552000045776367,1.1584999561309814,1.1550999879837036,1.1581000089645386
2026-02-02 20:00:00+00:00,1.1582000255584717,1.159000039100647,1.1581000089645386,1.1583000421524048
2026-02-03 00:00:00+00:00,1.1583000421524048,1.1584999561309814,1.1578999757766724,1.1582000255584717
2026-02-03 04:00:00+00:00,1.1583000421524048,1.159000039100647,1.1576999425888062,1.1588000059127808
2026-02-03 08:00:00+00:00,1.1586999893188477,1.1588000059127808,1.1574000120162964,1.1576999425888062
2026-02-03 12:00:00+00:00,1.1576999425888062,1.159600019454956,1.1576999425888062,1.159500002861023
2026-02-03 16:00:00+00:00,1.159500002861023,1.159500002861023,1.1575000286102295,1.1581000089645386
2026-02-03 20:00:00+00:00,1.1582000255584717,1.159000039100647,1.1578999757766724,1.1588000059127808
2026-02-04 00:00:00+00:00,1.1586999893188477,1.159000039100647,1.1582000255584717,1.1582000255584717
2026-02-04 04:00:00+00:00,1.1582000255584717,1.1589000225067139,1.1582000255584717,1.1589000225067139
2026-02-04 08:00:00+00:00,1.1589000225067139,1.1605000495910645,1.1589000225067139,1.160099983215332
2026-02-04 12:00:00+00:00,1.1601999998092651,1.1605000495910645,1.1575000286102295,1.1578999757766724
2026-02-04 16:00:00+00:00,1.1577999591827393,1.1577999591827393,1.155900001525879,1.1562999486923218
2026-02-04 20:00:00+00:00,1.156499981880188,1.1572999954223633,1.155500054359436,1.1555999517440796
2026-02-05 00:00:00+00:00,1.1556999683380127,1.1561000347137451,1.1552000045776367,1.1552000045776367
2026-02-05 04:00:00+00:00,1.1553000211715698,1.155500054359436,1.1536999940872192,1.154099941253662
2026-02-05 08:00:00+00:00,1.1539000272750854,1.1541999578475952,1.1497999429702759,1.1539000272750854
2026-02-05 12:00:00+00:00,1.1503000259399414,1.1507999897003174,1.146299958229065,1.1464999914169312
2026-02-05 16:00:00+00:00,1.1468000411987305,1.148300051689148,1.1464999914169312,1.148300051689148
2026-02-05 20:00:00+00:00,1.1482000350952148,1.1490000486373901,1.1476000547409058,1.1476000547409058
2026-02-06 00:00:00+00:00,1.1476000547409058,1.148800015449524,1.1471999883651733,1.148800015449524
2026-02-06 04:00:00+00:00,1.1486999988555908,1.1505999565124512,1.1486999988555908,1.1500999927520752
2026-02-06 08:00:00+00:00,1.149899959564209,1.1520999670028687,1.1497999429702759,1.1517000198364258
2026-02-06 12:00:00+00:00,1.1518000364303589,1.152400016784668,1.149899959564209,1.1513999700546265
2026-02-06 16:00:00+00:00,1.1512999534606934,1.1520999670028687,1.1511000394821167,1.1514999866485596
2026-02-06 20:00:00+00:00,1.1514999866485596,1.151900053024292,1.1511000394821167,1.1518000364303589
2026-02-07 00:00:00+00:00,,,,
2026-02-07 04:00:00+00:00,,,,
2026-02-07 08:00:00+00:00,,,,
2026-02-07 12:00:00+00:00,,,,
2026-02-07 16:00:00+00:00,,,,
2026-02-07 20:00:00+00:00,,,,
2026-02-08 00:00:00+00:00,,,,
2026-02-08 04:00:00+00:00,,,,
2026-02-08 08:00:00+00:00,,,,
2026-02-08 12:00:00+00:00,,,,
2026-02-08 16:00:00+00:00,,,,
2026-02-08 20:00:00+00:00,,,,
2026-02-09 00:00:00+00:00,1.1500999927520752,1.1507999897003174,1.149399995803833,1.1500999927520752
2026-02-09 04:00:00+00:00,1.1502000093460083,1.1503000259399414,1.1461999416351318,1.1469999551773071
2026-02-09 08:00:00+00:00,1.1469999551773071,1.148800015449524,1.1454999446868896,1.1486999988555908
2026-02-09 12:00:00+00:00,1.1484999656677246,1.149399995803833,1.1434999704360962,1.1481000185012817
2026-02-09 16:00:00+00:00,1.1476999521255493,1.148900032043457,1.1471999883651733,1.1484999656677246
2026-02-09 20:00:00+00:00,1.1485999822616577,1.149399995803833,1.1484999656677246,1.1490000486373901
2026-02-10 00:00:00+00:00,1.148800015449524,1.1490000486373901,1.1484999656677246,1.1484999656677246
2026-02-10 04:00:00+00:00,1.1484999656677246,1.1486999988555908,1.1476000547409058,1.1476000547409058
2026-02-10 08:00:00+00:00,1.1477999687194824,1.1477999687194824,1.146299958229065,1.1474000215530396
2026-02-10 12:00:00+00:00,1.1471999883651733,1.1506999731063843,1.1466000080108643,1.1473000049591064
2026-02-10 16:00:00+00:00,1.1470999717712402,1.1481000185012817,1.1467000246047974,1.1469000577926636
2026-02-10 20:00:00+00:00,1.1469999551773071,1.1469999551773071,1.1461000442504883,1.146299958229065
2026-02-11 00:00:00+00:00,1.146299958229065,1.1469000577926636,1.145799994468689,1.1468000411987305
2026-02-11 04:00:00+00:00,1.1468000411987305,1.1471999883651733,1.146399974822998,1.1468000411987305
2026-02-11 08:00:00+00:00,1.1469999551773071,1.1496000289916992,1.1468000411987305,1.1490999460220337
2026-02-11 12:00:00+00:00,1.1491999626159668,1.1511000394821167,1.148800015449524,1.1490000486373901
2026-02-11 16:00:00+00:00,1.1490999460220337,1.1497999429702759,1.1469999551773071,1.1470999717712402
2026-02-11 20:00:00+00:00,1.1470999717712402,1.1475000381469727,1.1466000080108643,1.1467000246047974
2026-02-12 00:00:00+00:00,1.1468000411987305,1.1480000019073486,1.1467000246047974,1.1480000019073486
2026-02-12 04:00:00+00:00,1.1478999853134155,1.1482000350952148,1.1470999717712402,1.1476000547409058
2026-02-12 08:00:00+00:00,1.1476999521255493,1.1482000350952148,1.1474000215530396,1.1482000350952148
2026-02-12 12:00:00+00:00,1.1477999687194824,1.1496000289916992,1.1473000049591064,1.148300051689148
2026-02-12 16:00:00+00:00,1.148300051689148,1.148300051689148,1.1468000411987305,1.1473000049591064
2026-02-12 20:00:00+00:00,1.1473000049591064,1.1476000547409058,1.1466000080108643,1.1469000577926636
2026-02-13 00:00:00+00:00,1.1469000577926636,1.1471999883651733,1.1467000246047974,1.1468000411987305
2026-02-13 04:00:00+00:00,1.1468000411987305,1.1478999853134155,1.1461000442504883,1.1475000381469727
2026-02-13 08:00:00+00:00,1.1476000547409058,1.148800015449524,1.1466000080108643,1.1466000080108643
2026-02-13 12:00:00+00:00,1.1466000080108643,1.1490999460220337,1.146399974822998,1.1483999490737915
2026-02-13 16:00:00+00:00,1.1482000350952148,1.149399995803833,1.1476000547409058,1.1491999626159668
2026-02-13 20:00:00+00:00,1.1491999626159668,1.1500999927520752,1.1490999460220337,1.1500999927520752
2026-02-14 00:00:00+00:00,,,,
2026-02-14 04:00:00+00:00,,,,
2026-02-14 08:00:00+00:00,,,,
2026-02-14 12:00:00+00:00,,,,
2026-02-14 16:00:00+00:00,,,,
2026-02-14 20:00:00+00:00,,,,
2026-02-15 00:00:00+00:00,,,,
2026-02-15 04:00:00+00:00,,,,
2026-02-15 08:00:00+00:00,,,,
2026-02-15 12:00:00+00:00,,,,
2026-02-15 16:00:00+00:00,,,,
2026-02-15 20:00:00+00:00,,,,
2026-02-16 00:00:00+00:00,1.1495000123977661,1.1497000455856323,1.1490000486373901,1.1490000486373901
2026-02-16 04:00:00+00:00,1.1490000486373901,1.1497000455856323,1.1490000486373901,1.1495000123977661
2026-02-16 08:00:00+00:00,1.1497000455856323,1.1505000591278076,1.149399995803833,1.1497999429702759
2026-02-16 12:00:00+00:00,1.1497999429702759,1.1505999565124512,1.1491999626159668,1.1495000123977661
2026-02-16 16:00:00+00:00,1.1496000289916992,1.149899959564209,1.1491999626159668,1.1495000123977661
2026-02-16 20:00:00+00:00,1.1495000123977661,1.149999976158142,1.1491999626159668,1.1495000123977661
2026-02-17 00:00:00+00:00,1.1495000123977661,1.1496000289916992,1.148800015449524,1.1490999460220337
2026-02-17 04:00:00+00:00,1.1490999460220337,1.1490999460220337,1.1452000141143799,1.1456999778747559
2026-02-17 08:00:00+00:00,1.1455999612808228,1.1477999687194824,1.1455999612808228,1.1460000276565552
2026-02-17 12:00:00+00:00,1.1460000276565552,1.1461999416351318,1.1426000595092773,1.142799973487854
2026-02-17 16:00:00+00:00,1.142699956893921,1.1442999839782715,1.142699956893921,1.1440999507904053
2026-02-17 20:00:00+00:00,1.1441999673843384,1.1444000005722046,1.1434999704360962,1.1440000534057617
2026-02-18 00:00:00+00:00,1.1439000368118286,1.1442999839782715,1.1439000368118286,1.1440999507904053
2026-02-18 04:00:00+00:00,1.1440999507904053,1.1455999612808228,1.1440000534057617,1.145400047302246
2026-02-18 08:00:00+00:00,1.1454999446868896,1.1466000080108643,1.145300030708313,1.146399974822998
2026-02-18 12:00:00+00:00,1.1464999914169312,1.1464999914169312,1.144700050354004,1.145300030708313
2026-02-18 16:00:00+00:00,1.145300030708313,1.146399974822998,1.1444000005722046,1.1448999643325806
2026-02-18 20:00:00+00:00,1.1448999643325806,1.1452000141143799,1.1441999673843384,1.1442999839782715
2026-02-19 00:00:00+00:00,1.1441999673843384,1.1442999839782715,1.1435999870300293,1.1437000036239624
2026-02-19 04:00:00+00:00,1.1437000036239624,1.1442999839782715,1.1432000398635864,1.1442999839782715
2026-02-19 08:00:00+00:00,1.1444000005722046,1.1447999477386475,1.142699956893921,1.142699956893921
2026-02-19 12:00:00+00:00,1.1425000429153442,1.1446000337600708,1.1425000429153442,1.143399953842163
2026-02-19 16:00:00+00:00,1.1433000564575195,1.1434999704360962,1.142300009727478,1.1430000066757202
2026-02-19 20:00:00+00:00,1.1430000066757202,1.1438000202178955,1.142899990081787,1.1433000564575195
2026-02-20 00:00:00+00:00,1.1432000398635864,1.143399953842163,1.1425000429153442,1.142899990081787
2026-02-20 04:00:00+00:00,1.142799973487854,1.1446000337600708,1.142799973487854,1.1438000202178955
2026-02-20 08:00:00+00:00,1.1437000036239624,1.145300030708313,1.1431000232696533,1.1442999839782715
2026-02-20 12:00:00+00:00,1.1442999839782715,1.1454999446868896,1.1437000036239624,1.1449999809265137
2026-02-20 16:00:00+00:00,1.1447999477386475,1.145400047302246,1.1439000368118286,1.1442999839782715
2026-02-20 20:00:00+00:00,1.1441999673843384,1.1442999839782715,1.1434999704360962,1.1434999704360962
2026-02-21 00:00:00+00:00,,,,
2026-02-21 04:00:00+00:00,,,,
2026-02-21 08:00:00+00:00,,,,
2026-02-21 12:00:00+00:00,,,,
2026-02-21 16:00:00+00:00,,,,
2026-02-21 20:00:00+00:00,,,,
2026-02-22 00:00:00+00:00,,,,
2026-02-22 04:00:00+00:00,,,,
2026-02-22 08:00:00+00:00,,,,
2026-02-22 12:00:00+00:00,,,,
2026-02-22 16:00:00+00:00,,,,
2026-02-22 20:00:00+00:00,,,,
2026-02-23 00:00:00+00:00,1.1431000232696533,1.1432000398635864,1.1425000429153442,1.142799973487854
2026-02-23 04:00:00+00:00,1.142799973487854,1.1439000368118286,1.142799973487854,1.1434999704360962
2026-02-23 08:00:00+00:00,1.1435999870300293,1.1449999809265137,1.1431000232696533,1.1441999673843384
2026-02-23 12:00:00+00:00,1.1440999507904053,1.1452000141143799,1.1437000036239624,1.1437000036239624
2026-02-23 16:00:00+00:00,1.1435999870300293,1.1444000005722046,1.1431000232696533,1.1434999704360962
2026-02-23 20:00:00+00:00,1.1434999704360962,1.1445000171661377,1.1434999704360962,1.1439000368118286
2026-02-24 00:00:00+00:00,1.1439000368118286,1.1450999975204468,1.1438000202178955,1.1448999643325806
2026-02-24 04:00:00+00:00,1.1449999809265137,1.1450999975204468,1.1437000036239624,1.1438000202178955
2026-02-24 08:00:00+00:00,1.1437000036239624,1.1449999809265137,1.143399953842163,1.1442999839782715
2026-02-24 12:00:00+00:00,1.1441999673843384,1.1478999853134155,1.1441999673843384,1.1475000381469727
2026-02-24 16:00:00+00:00,1.1475000381469727,1.1476000547409058,1.1456999778747559,1.1456999778747559
2026-02-24 20:00:00+00:00,1.145799994468689,1.1460000276565552,1.1452000141143799,1.145799994468689
2026-02-25 00:00:00+00:00,1.1455999612808228,1.1461999416351318,1.145400047302246,1.1456999778747559
2026-02-25 04:00:00+00:00,1.1455999612808228,1.1461000442504883,1.1447999477386475,1.1461000442504883
2026-02-25 08:00:00+00:00,1.146399974822998,1.1468000411987305,1.145300030708313,1.1464999914169312
2026-02-25 12:00:00+00:00,1.1464999914169312,1.1475000381469727,1.145900011062622,1.146299958229065
2026-02-25 16:00:00+00:00,1.146299958229065,1.1478999853134155,1.1461000442504883,1.1471999883651733
2026-02-25 20:00:00+00:00,1.1473000049591064,1.1476999521255493,1.1469999551773071,1.1469999551773071
2026-02-26 00:00:00+00:00,1.1469000577926636,1.1473000049591064,1.1466000080108643,1.1466000080108643
2026-02-26 04:00:00+00:00,1.1466000080108643,1.1468000411987305,1.145900011062622,1.1460000276565552
2026-02-26 08:00:00+00:00,1.145799994468689,1.1469000577926636,1.1448999643325806,1.1460000276565552
2026-02-26 12:00:00+00:00,1.1460000276565552,1.1468000411987305,1.1447999477386475,1.1447999477386475
2026-02-26 16:00:00+00:00,1.1448999643325806,1.1452000141143799,1.1412999629974365,1.142799973487854
2026-02-26 20:00:00+00:00,1.142799973487854,1.1432000398635864,1.1419999599456787,1.1426000595092773
2026-02-27 00:00:00+00:00,1.1425000429153442,1.142799973487854,1.1424000263214111,1.1425000429153442
2026-02-27 04:00:00+00:00,1.1425000429153442,1.1426000595092773,1.1404999494552612,1.1411000490188599
2026-02-27 08:00:00+00:00,1.1411999464035034,1.142699956893921,1.1405999660491943,1.1405999660491943
2026-02-27 12:00:00+00:00,1.1410000324249268,1.1412999629974365,1.138200044631958,1.138200044631958
2026-02-27 16:00:00+00:00,1.138200044631958,1.1399999856948853,1.1373000144958496,1.1398999691009521
2026-02-27 20:00:00+00:00,1.1402000188827515,1.1407999992370605,1.1398999691009521,1.1406999826431274
2026-02-28 00:00:00+00:00,,,,
2026-02-28 04:00:00+00:00,,,,
2026-02-28 08:00:00+00:00,,,,
2026-02-28 12:00:00+00:00,,,,
2026-02-28 16:00:00+00:00,,,,
2026-02-28 20:00:00+00:00,,,,
2026-03-01 00:00:00+00:00,,,,
2026-03-01 04:00:00+00:00,,,,
2026-03-01 08:00:00+00:00,,,,
2026-03-01 12:00:00+00:00,,,,
2026-03-01 16:00:00+00:00,,,,
2026-03-01 20:00:00+00:00,,,,
2026-03-02 00:00:00+00:00,1.1395000219345093,1.1406999826431274,1.1390999555587769,1.1402000188827515
2026-03-02 04:00:00+00:00,1.1402000188827515,1.1405999660491943,1.1390000581741333,1.1398999691009521
2026-03-02 08:00:00+00:00,1.1399999856948853,1.1430000066757202,1.1375999450683594,1.1426000595092773
2026-03-02 12:00:00+00:00,1.1426000595092773,1.1446000337600708,1.1426000595092773,1.1442999839782715
2026-03-02 16:00:00+00:00,1.1444000005722046,1.1461999416351318,1.1439000368118286,1.1461000442504883
2026-03-02 20:00:00+00:00,1.1461000442504883,1.1467000246047974,1.1455999612808228,1.1460000276565552
2026-03-03 00:00:00+00:00,1.1460000276565552,1.146299958229065,1.1454999446868896,1.1456999778747559
2026-03-03 04:00:00+00:00,1.1456999778747559,1.1456999778747559,1.1440000534057617,1.1447999477386475
2026-03-03 08:00:00+00:00,1.1447999477386475,1.1461999416351318,1.1439000368118286,1.145799994468689
2026-03-03 12:00:00+00:00,1.145799994468689,1.148900032043457,1.145799994468689,1.1486999988555908
2026-03-03 16:00:00+00:00,1.148900032043457,1.1497000455856323,1.1478999853134155,1.1497000455856323
2026-03-03 20:00:00+00:00,1.1497999429702759,1.149999976158142,1.1483999490737915,1.1495000123977661
2026-03-04 00:00:00+00:00,1.1491999626159668,1.149399995803833,1.1481000185012817,1.1485999822616577
2026-03-04 04:00:00+00:00,1.1485999822616577,1.149899959564209,1.1474000215530396,1.1496000289916992
2026-03-04 08:00:00+00:00,1.1497000455856323,1.1507999897003174,1.1490999460220337,1.1492999792099
2026-03-04 12:00:00+00:00,1.1492999792099,1.1496000289916992,1.1474000215530396,1.1477999687194824
2026-03-04 16:00:00+00:00,1.1477999687194824,1.1485999822616577,1.1473000049591064,1.1485999822616577
2026-03-04 20:00:00+00:00,1.1483999490737915,1.149399995803833,1.1483999490737915,1.1485999822616577
2026-03-05 00:00:00+00:00,1.1484999656677246,1.1491999626159668,1.1482000350952148,1.1482000350952148
2026-03-05 04:00:00+00:00,1.148300051689148,1.149399995803833,1.1476999521255493,1.1490000486373901
2026-03-05 08:00:00+00:00,1.148900032043457,1.1505999565124512,1.1481000185012817,1.1502000093460083
2026-03-05 12:00:00+00:00,1.149899959564209,1.1505999565124512,1.1492999792099,1.1496000289916992
2026-03-05 16:00:00+00:00,1.1497000455856323,1.1506999731063843,1.1490999460220337,1.1505000591278076
2026-03-05 20:00:00+00:00,1.1505999565124512,1.1507999897003174,1.1485999822616577,1.1502000093460083
2026-03-06 00:00:00+00:00,1.1502000093460083,1.1504000425338745,1.1497999429702759,1.1502000093460083
2026-03-06 04:00:00+00:00,1.1503000259399414,1.1509000062942505,1.1500999927520752,1.1505999565124512
2026-03-06 08:00:00+00:00,1.1506999731063843,1.151900053024292,1.1504000425338745,1.1512999534606934
2026-03-06 12:00:00+00:00,1.1513999700546265,1.1543999910354614,1.1513999700546265,1.1533000469207764
2026-03-06 16:00:00+00:00,1.15339994430542,1.1545000076293945,1.1527999639511108,1.15339994430542
2026-03-06 20:00:00+00:00,1.1535999774932861,1.1540000438690186,1.1527999639511108,1.1539000272750854
2026-03-07 00:00:00+00:00,,,,
2026-03-07 04:00:00+00:00,,,,
2026-03-07 08:00:00+00:00,,,,
2026-03-07 12:00:00+00:00,,,,
2026-03-07 16:00:00+00:00,,,,
2026-03-07 20:00:00+00:00,,,,
2026-03-08 00:00:00+00:00,,,,
2026-03-08 04:00:00+00:00,,,,
2026-03-08 08:00:00+00:00,,,,
2026-03-08 12:00:00+00:00,,,,
2026-03-08 16:00:00+00:00,,,,
2026-03-08 20:00:00+00:00,,,,
2026-03-09 00:00:00+00:00,1.1540000438690186,1.1545000076293945,1.15339994430542,1.1539000272750854
2026-03-09 04:00:00+00:00,1.1540000438690186,1.1541999578475952,1.1519999504089355,1.1536999940872192
2026-03-09 08:00:00+00:00,1.1535999774932861,1.1549999713897705,1.1532000303268433,1.154099941253662
2026-03-09 12:00:00+00:00,1.1540000438690186,1.156000018119812,1.1539000272750854,1.1548999547958374
2026-03-09 16:00:00+00:00,1.1548000574111938,1.1562000513076782,1.1547000408172607,1.1562000513076782
2026-03-09 20:00:00+00:00,1.156000018119812,1.1562000513076782,1.1538000106811523,1.1550999879837036
2026-03-10 00:00:00+00:00,1.1550999879837036,1.155500054359436,1.1548999547958374,1.1550999879837036
2026-03-10 04:00:00+00:00,1.1552000045776367,1.156599998474121,1.1550999879837036,1.155500054359436
2026-03-10 08:00:00+00:00,1.1555999517440796,1.1557999849319458,1.1541999578475952,1.1546000242233276
2026-03-10 12:00:00+00:00,1.1548000574111938,1.155900001525879,1.1547000408172607,1.1548999547958374
2026-03-10 16:00:00+00:00,1.1550999879837036,1.1555999517440796,1.1545000076293945,1.1548000574111938
2026-03-10 20:00:00+00:00,1.1548000574111938,1.1555999517440796,1.1548000574111938,1.1552000045776367
2026-03-11 00:00:00+00:00,1.1553000211715698,1.1561000347137451,1.1552000045776367,1.1561000347137451
2026-03-11 04:00:00+00:00,1.1561000347137451,1.1562000513076782,1.1546000242233276,1.155900001525879
2026-03-11 08:00:00+00:00,1.156000018119812,1.1581000089645386,1.1550999879837036,1.1576000452041626
2026-03-11 12:00:00+00:00,1.1576000452041626,1.1585999727249146,1.1562999486923218,1.1578999757766724
2026-03-11 16:00:00+00:00,1.1576999425888062,1.15910005569458,1.1576000452041626,1.1588000059127808
2026-03-11 20:00:00+00:00,1.159000039100647,1.1592999696731567,1.1583000421524048,1.1588000059127808
2026-03-12 00:00:00+00:00,1.1589000225067139,1.15910005569458,1.1582000255584717,1.1583000421524048
2026-03-12 04:00:00+00:00,1.1583000421524048,1.1588000059127808,1.1572999954223633,1.1586999893188477
2026-03-12 08:00:00+00:00,1.159000039100647,1.1591999530792236,1.1576000452041626,1.1589000225067139
2026-03-12 12:00:00+00:00,1.1586999893188477,1.1598000526428223,1.1579999923706055,1.1579999923706055
2026-03-12 16:00:00+00:00,1.1579999923706055,1.1589000225067139,1.1577999591827393,1.1585999727249146
2026-03-12 20:00:00+00:00,1.1585999727249146,1.159000039100647,1.1581000089645386,1.158400058746338
2026-03-13 00:00:00+00:00,1.158400058746338,1.1593999862670898,1.158400058746338,1.1591999530792236
2026-03-13 04:00:00+00:00,1.15910005569458,1.15910005569458,1.1578999757766724,1.158400058746338
2026-03-13 08:00:00+00:00,1.158400058746338,1.1593999862670898,1.1553000211715698,1.1553000211715698
2026-03-13 12:00:00+00:00,1.155400037765503,1.1567000150680542,1.1552000045776367,1.1563999652862549
2026-03-13 16:00:00+00:00,1.1562999486923218,1.1577999591827393,1.1562000513076782,1.1576000452041626
2026-03-13 20:00:00+00:00,1.1576000452041626,1.1582000255584717,1.1575000286102295,1.1578999757766724
2026-03-14 00:00:00+00:00,,,,
2026-03-14 04:00:00+00:00,,,,
2026-03-14 08:00:00+00:00,,,,
2026-03-14 12:00:00+00:00,,,,
2026-03-14 16:00:00+00:00,,,,
2026-03-14 20:00:00+00:00,,,,
2026-03-15 00:00:00+00:00,,,,
2026-03-15 04:00:00+00:00,,,,
2026-03-15 08:00:00+00:00,,,,
2026-03-15 12:00:00+00:00,,,,
2026-03-15 16:00:00+00:00,,,,
2026-03-15 20:00:00+00:00,,,,
2026-03-16 00:00:00+00:00,1.158308982849121,1.1583579778671265,1.1577030420303345,1.1581189632415771
2026-03-16 04:00:00+00:00,1.1581469774246216,1.1593480110168457,1.1579910516738892,1.1591479778289795
2026-03-16 08:00:00+00:00,1.1590410470962524,1.1590410470962524,1.1561670303344727,1.1568360328674316
2026-03-16 12:00:00+00:00,1.1567920446395874,1.1581799983978271,1.1567070484161377,1.1580679416656494
2026-03-16 16:00:00+00:00,1.1580259799957275,1.1580890417099,1.1571439504623413,1.1580229997634888
2026-03-16 20:00:00+00:00,1.1578739881515503,1.158041000366211,1.1572190523147583,1.1578240394592285
2026-03-17 00:00:00+00:00,1.1578940153121948,1.157994031906128,1.1571710109710693,1.1574950218200684
2026-03-17 04:00:00+00:00,1.1574809551239014,1.1580779552459717,1.1571799516677856,1.157505989074707
2026-03-17 08:00:00+00:00,1.1574629545211792,1.1583460569381714,1.1571060419082642,1.1573200225830078
2026-03-17 12:00:00+00:00,1.1573179960250854,1.1581120491027832,1.156798005104065,1.1576889753341675
2026-03-17 16:00:00+00:00,1.157662034034729,1.157958984375,1.1572400331497192,1.1575570106506348
2026-03-17 20:00:00+00:00,1.1575740575790405,1.158079981803894,1.1572610139846802,1.1577149629592896
2026-03-18 00:00:00+00:00,1.1577680110931396,1.1579740047454834,1.157454013824463,1.1579740047454834
2026-03-18 04:00:00+00:00,1.1580400466918945,1.1586240530014038,1.1578259468078613,1.1586240530014038
2026-03-18 08:00:00+00:00,1.158607006072998,1.1589590311050415,1.156952977180481,1.157099962234497
2026-03-18 12:00:00+00:00,1.1570889949798584,1.1579129695892334,1.1560189723968506,1.157112956047058
2026-03-18 16:00:00+00:00,1.1571600437164307,1.1589089632034302,1.15706205368042,1.1576189994812012
2026-03-18 20:00:00+00:00,1.1576249599456787,1.1577869653701782,1.156775951385498,1.1571029424667358
2026-03-19 00:00:00+00:00,1.1570789813995361,1.157824993133545,1.1570229530334473,1.1574939489364624
2026-03-19 04:00:00+00:00,1.157452940940857,1.1581770181655884,1.1564170122146606,1.1581770181655884
2026-03-19 08:00:00+00:00,1.157817006111145,1.1583290100097656,1.1570069789886475,1.1579840183258057
2026-03-19 12:00:00+00:00,1.1578969955444336,1.1611590385437012,1.1573200225830078,1.1602519750595093
2026-03-19 16:00:00+00:00,1.1601829528808594,1.1603529453277588,1.1585079431533813,1.1592570543289185
2026-03-19 20:00:00+00:00,1.1592199802398682,1.1599030494689941,1.15836501121521,1.1596449613571167
2026-03-20 00:00:00+00:00,1.1597139835357666,1.1601320505142212,1.159572958946228,1.159816026687622
2026-03-20 04:00:00+00:00,1.1598089933395386,1.1605850458145142,1.1593010425567627,1.1601910591125488
2026-03-20 08:00:00+00:00,1.160362958908081,1.1607099771499634,1.1570489406585693,1.1576069593429565
2026-03-20 12:00:00+00:00,1.1577049493789673,1.158154010772705,1.1524380445480347,1.1524380445480347
2026-03-20 16:00:00+00:00,1.1522469520568848,1.15461003780365,1.1522469520568848,1.1536149978637695
2026-03-20 20:00:00+00:00,1.1536920070648193,1.1536920070648193,1.1527080535888672,1.1530430316925049
2026-03-21 00:00:00+00:00,,,,
2026-03-21 04:00:00+00:00,,,,
2026-03-21 08:00:00+00:00,,,,
2026-03-21 12:00:00+00:00,,,,
2026-03-21 16:00:00+00:00,,,,
2026-03-21 20:00:00+00:00,,,,
2026-03-22 00:00:00+00:00,,,,
2026-03-22 04:00:00+00:00,,,,
2026-03-22 08:00:00+00:00,,,,
2026-03-22 12:00:00+00:00,,,,
2026-03-22 16:00:00+00:00,,,,
2026-03-22 20:00:00+00:00,,,,
2026-03-23 00:00:00+00:00,1.1534279584884644,1.1543389558792114,1.1530259847640991,1.1530259847640991
2026-03-23 04:00:00+00:00,1.1530619859695435,1.153715968132019,1.1521929502487183,1.1528810262680054
2026-03-23 08:00:00+00:00,1.15304696559906,1.1579639911651611,1.15304696559906,1.1556119918823242
2026-03-23 12:00:00+00:00,1.1556240320205688,1.1584529876708984,1.1552079916000366,1.1552079916000366
2026-03-23 16:00:00+00:00,1.1554689407348633,1.1571520566940308,1.15523099899292,1.1565239429473877
2026-03-23 20:00:00+00:00,1.1564689874649048,1.1571630239486694,1.1558949947357178,1.1565580368041992
2026-03-24 00:00:00+00:00,1.156559944152832,1.1569269895553589,1.1556930541992188,1.1566599607467651
2026-03-24 04:00:00+00:00,1.1567280292510986,1.1576759815216064,1.1561030149459839,1.157014012336731
2026-03-24 08:00:00+00:00,1.1568540334701538,1.1569080352783203,1.1550309658050537,1.1559890508651733
2026-03-24 12:00:00+00:00,1.1558270454406738,1.1565879583358765,1.1552289724349976,1.155729055404663
2026-03-24 16:00:00+00:00,1.1555180549621582,1.1556719541549683,1.1549220085144043,1.155107021331787
2026-03-24 20:00:00+00:00,1.1550790071487427,1.1557890176773071,1.154744029045105,1.1550430059432983
2026-03-25 00:00:00+00:00,1.15516996383667,1.1556370258331299,1.1546740531921387,1.1546740531921387
2026-03-25 04:00:00+00:00,1.154675006866455,1.1548880338668823,1.1537710428237915,1.1546030044555664
2026-03-25 08:00:00+00:00,1.1550589799880981,1.1562559604644775,1.1547390222549438,1.1559629440307617
2026-03-25 12:00:00+00:00,1.1560369729995728,1.1562650203704834,1.1544920206069946,1.1557350158691406
2026-03-25 16:00:00+00:00,1.155534029006958,1.1565489768981934,1.1554069519042969,1.1559580564498901
2026-03-25 20:00:00+00:00,1.156069040298462,1.1565159559249878,1.1557070016860962,1.1558300256729126
2026-03-26 00:00:00+00:00,1.155635952949524,1.1559679508209229,1.1549450159072876,1.1552850008010864
2026-03-26 04:00:00+00:00,1.1552480459213257,1.1559640169143677,1.155107021331787,1.1554319858551025
2026-03-26 08:00:00+00:00,1.1553269624710083,1.156628966331482,1.1544870138168335,1.1563949584960938
2026-03-26 12:00:00+00:00,1.156162977218628,1.1577049493789673,1.1555730104446411,1.1567679643630981
2026-03-26 16:00:00+00:00,1.1568189859390259,1.1568189859390259,1.1554570198059082,1.1554839611053467
2026-03-26 20:00:00+00:00,1.1553770303726196,1.156479001045227,1.1553339958190918,1.156061053276062
2026-03-27 00:00:00+00:00,1.156074047088623,1.1563769578933716,1.1559369564056396,1.1561310291290283
2026-03-27 04:00:00+00:00,1.156167984008789,1.156195044517517,1.1553800106048584,1.155797004699707
2026-03-27 08:00:00+00:00,1.1558630466461182,1.1560280323028564,1.1542270183563232,1.154278039932251
2026-03-27 12:00:00+00:00,1.1541759967803955,1.1548360586166382,1.1528140306472778,1.1537100076675415
2026-03-27 16:00:00+00:00,1.1533780097961426,1.1537690162658691,1.152243971824646,1.1523209810256958
2026-03-27 20:00:00+00:00,1.1523009538650513,1.152711033821106,1.1522489786148071,1.1522489786148071
2026-03-28 00:00:00+00:00,,,,
2026-03-28 04:00:00+00:00,,,,
2026-03-28 08:00:00+00:00,,,,
2026-03-28 12:00:00+00:00,,,,
2026-03-28 16:00:00+00:00,,,,
2026-03-28 20:00:00+00:00,,,,
2026-03-29 00:00:00+00:00,,,,
2026-03-29 04:00:00+00:00,,,,
2026-03-29 08:00:00+00:00,,,,
2026-03-29 12:00:00+00:00,,,,
2026-03-29 16:00:00+00:00,,,,
2026-03-29 20:00:00+00:00,1.1522810459136963,1.1524009704589844,1.1519269943237305,1.151945948600769
2026-03-30 00:00:00+00:00,1.15202796459198,1.1524410247802734,1.151447057723999,1.1524410247802734
2026-03-30 04:00:00+00:00,1.152467966079712,1.1530230045318604,1.1518399715423584,1.1521179676055908
2026-03-30 08:00:00+00:00,1.1519240140914917,1.1523499488830566,1.151129961013794,1.1519689559936523
2026-03-30 12:00:00+00:00,1.152053952217102,1.152603030204773,1.1498069763183594,1.1517109870910645
2026-03-30 16:00:00+00:00,1.1515719890594482,1.1518959999084473,1.150197982788086,1.1505210399627686
2026-03-30 20:00:00+00:00,1.150555968284607,1.1505789756774902,1.149603009223938,1.1497269868850708
2026-03-31 00:00:00+00:00,1.1497570276260376,1.1513099670410156,1.1494369506835938,1.1508649587631226
2026-03-31 04:00:00+00:00,1.150846004486084,1.151826024055481,1.1506110429763794,1.1513639688491821
2026-03-31 08:00:00+00:00,1.1510449647903442,1.1524510383605957,1.1506839990615845,1.1517260074615479
2026-03-31 12:00:00+00:00,1.151610016822815,1.1517479419708252,1.1440809965133667,1.1447449922561646
2026-03-31 16:00:00+00:00,1.1445629596710205,1.1468900442123413,1.1441140174865723,1.1452000141143799
2026-03-31 20:00:00+00:00,1.1450480222702026,1.1451690196990967,1.1442229747772217,1.1442450284957886
2026-04-01 00:00:00+00:00,1.1442819833755493,1.1448960304260254,1.1440470218658447,1.1446820497512817
2026-04-01 04:00:00+00:00,1.1447279453277588,1.1468909978866577,1.1446820497512817,1.1454869508743286
2026-04-01 08:00:00+00:00,1.145272970199585,1.147894024848938,1.1452709436416626,1.1476149559020996
2026-04-01 12:00:00+00:00,1.1476049423217773,1.148084044456482,1.145895004272461,1.1477609872817993
2026-04-01 16:00:00+00:00,1.1477669477462769,1.1487230062484741,1.1473150253295898,1.148118019104004
2026-04-01 20:00:00+00:00,1.148084044456482,1.1486599445343018,1.1476550102233887,1.147716999053955
2026-04-02 00:00:00+00:00,1.147683024406433,1.1480610370635986,1.1467570066452026,1.1467909812927246
2026-04-02 04:00:00+00:00,1.1469440460205078,1.1473180055618286,1.1457860469818115,1.1461609601974487
2026-04-02 08:00:00+00:00,1.146077036857605,1.1462509632110596,1.1449470520019531,1.146111011505127
2026-04-02 12:00:00+00:00,1.146131992340088,1.1467490196228027,1.1452499628067017,1.1464840173721313
2026-04-02 16:00:00+00:00,1.1467440128326416,1.1467440128326416,1.145851969718933,1.1464049816131592
2026-04-02 20:00:00+00:00,1.1464300155639648,1.1465330123901367,1.145401954650879,1.1463710069656372
2026-04-03 00:00:00+00:00,1.1462550163269043,1.1470240354537964,1.1462550163269043,1.146705985069275
2026-04-03 04:00:00+00:00,1.146765947341919,1.147081971168518,1.1466779708862305,1.1470329761505127
2026-04-03 08:00:00+00:00,1.1469299793243408,1.1469329595565796,1.1461559534072876,1.1465790271759033
2026-04-03 12:00:00+00:00,1.146515965461731,1.1466059684753418,1.145190954208374,1.14546799659729
2026-04-03 16:00:00+00:00,1.1457300186157227,1.1459770202636719,1.1452900171279907,1.1457420587539673
2026-04-03 20:00:00+00:00,1.1458040475845337,1.1458179950714111,1.1450769901275635,1.1453189849853516
2026-04-04 00:00:00+00:00,,,,
2026-04-04 04:00:00+00:00,,,,
2026-04-04 08:00:00+00:00,,,,
2026-04-04 12:00:00+00:00,,,,
2026-04-04 16:00:00+00:00,,,,
2026-04-04 20:00:00+00:00,,,,
2026-04-05 00:00:00+00:00,,,,
2026-04-05 04:00:00+00:00,,,,
2026-04-05 08:00:00+00:00,,,,
2026-04-05 12:00:00+00:00,,,,
2026-04-05 16:00:00+00:00,,,,
2026-04-05 20:00:00+00:00,1.1456300020217896,1.1457539796829224,1.1455539464950562,1.1456220149993896
2026-04-06 00:00:00+00:00,1.1456960439682007,1.1469149589538574,1.1455650329589844,1.1465120315551758
2026-04-06 04:00:00+00:00,1.1465840339660645,1.1467969417572021,1.1456639766693115,1.1460249423980713
2026-04-06 08:00:00+00:00,1.1461960077285767,1.1472100019454956,1.1461050510406494,1.1465059518814087
2026-04-06 12:00:00+00:00,1.1464790105819702,1.1471480131149292,1.1460340023040771,1.1463409662246704
2026-04-06 16:00:00+00:00,1.1463329792022705,1.1466840505599976,1.145887017250061,1.1465590000152588
2026-04-06 20:00:00+00:00,1.1466059684753418,1.1472450494766235,1.1464509963989258,1.1466660499572754
2026-04-07 00:00:00+00:00,1.1466490030288696,1.1470069885253906,1.1461540460586548,1.1465859413146973
2026-04-07 04:00:00+00:00,1.1465810537338257,1.1476490497589111,1.1460230350494385,1.1464300155639648
2026-04-07 08:00:00+00:00,1.1466339826583862,1.1477069854736328,1.1457509994506836,1.1459029912948608
2026-04-07 12:00:00+00:00,1.1458710432052612,1.146366000175476,1.1441179513931274,1.1441240310668945
2026-04-07 16:00:00+00:00,1.144237995147705,1.145988941192627,1.144237995147705,1.145988941192627
2026-04-07 20:00:00+00:00,1.1460360288619995,1.1472339630126953,1.1455999612808228,1.1468160152435303
2026-04-08 00:00:00+00:00,1.1464190483093262,1.1481540203094482,1.1462990045547485,1.1481029987335205
2026-04-08 04:00:00+00:00,1.1480580568313599,1.149130940437317,1.147724986076355,1.14786696434021
2026-04-08 08:00:00+00:00,1.1477019786834717,1.151021957397461,1.1477019786834717,1.151021957397461
2026-04-08 12:00:00+00:00,1.1508970260620117,1.151121973991394,1.148813009262085,1.1498310565948486
2026-04-08 16:00:00+00:00,1.1498709917068481,1.1498709917068481,1.1487090587615967,1.1488879919052124
2026-04-08 20:00:00+00:00,1.1490980386734009,1.1491769552230835,1.1483529806137085,1.1486949920654297
2026-04-09 00:00:00+00:00,1.1487460136413574,1.1489249467849731,1.1481729745864868,1.14860200881958
2026-04-09 04:00:00+00:00,1.1486070156097412,1.1488499641418457,1.147933006286621,1.148408055305481
2026-04-09 08:00:00+00:00,1.1481369733810425,1.1489299535751343,1.1477910280227661,1.1489100456237793
2026-04-09 12:00:00+00:00,1.1488679647445679,1.1490910053253174,1.1477309465408325,1.1484240293502808
2026-04-09 16:00:00+00:00,1.1483650207519531,1.1487959623336792,1.1477420330047607,1.148229956626892
2026-04-09 20:00:00+00:00,1.1483509540557861,1.1488189697265625,1.1477010250091553,1.148643970489502
2026-04-10 00:00:00+00:00,1.148527979850769,1.1486380100250244,1.1478660106658936,1.1478660106658936
2026-04-10 04:00:00+00:00,1.1478569507598877,1.1489009857177734,1.1477329730987549,1.1482510566711426
2026-04-10 08:00:00+00:00,1.1484819650650024,1.1486619710922241,1.1469930410385132,1.147655963897705
2026-04-10 12:00:00+00:00,1.1477680206298828,1.1487619876861572,1.1475269794464111,1.1480309963226318
2026-04-10 16:00:00+00:00,1.148110032081604,1.1484589576721191,1.1477290391921997,1.1484589576721191
2026-04-10 20:00:00+00:00,1.148432970046997,1.148432970046997,1.147940993309021,1.1481839418411255
2026-04-11 00:00:00+00:00,,,,
2026-04-11 04:00:00+00:00,,,,
2026-04-11 08:00:00+00:00,,,,
2026-04-11 12:00:00+00:00,,,,
2026-04-11 16:00:00+00:00,,,,
2026-04-11 20:00:00+00:00,,,,
2026-04-12 00:00:00+00:00,,,,
2026-04-12 04:00:00+00:00,,,,
2026-04-12 08:00:00+00:00,,,,
2026-04-12 12:00:00+00:00,,,,
2026-04-12 16:00:00+00:00,,,,
2026-04-12 20:00:00+00:00,1.1475780010223389,1.1475780010223389,1.1469639539718628,1.1472359895706177
2026-04-13 00:00:00+00:00,1.147286057472229,1.147286057472229,1.146515965461731,1.1468100547790527
2026-04-13 04:00:00+00:00,1.1468199491500854,1.1482629776000977,1.1467950344085693,1.14821195602417
2026-04-13 08:00:00+00:00,1.1482900381088257,1.149204969406128,1.1482460498809814,1.1485739946365356
2026-04-13 12:00:00+00:00,1.1486300230026245,1.1498359441757202,1.1484240293502808,1.1492279767990112
2026-04-13 16:00:00+00:00,1.1493359804153442,1.1496410369873047,1.1481549739837646,1.1484249830245972
2026-04-13 20:00:00+00:00,1.1483440399169922,1.1488109827041626,1.1482110023498535,1.14860999584198
2026-04-14 00:00:00+00:00,1.14867103099823,1.1487879753112793,1.1481759548187256,1.1486059427261353
2026-04-14 04:00:00+00:00,1.1486990451812744,1.1492350101470947,1.1476919651031494,1.1486179828643799
2026-04-14 08:00:00+00:00,1.1487410068511963,1.1504160165786743,1.1484190225601196,1.1502280235290527
2026-04-14 12:00:00+00:00,1.150210976600647,1.1513750553131104,1.1500810384750366,1.1504219770431519
2026-04-14 16:00:00+00:00,1.1502259969711304,1.1505459547042847,1.150022029876709,1.150277018547058
2026-04-14 20:00:00+00:00,1.1501729488372803,1.1506609916687012,1.150015950202942,1.1505470275878906
2026-04-15 00:00:00+00:00,1.1505589485168457,1.151039958000183,1.1505589485168457,1.1509150266647339
2026-04-15 04:00:00+00:00,1.1508949995040894,1.1510440111160278,1.150297999382019,1.150297999382019
2026-04-15 08:00:00+00:00,1.1505000591278076,1.1508309841156006,1.1500459909439087,1.1503809690475464
2026-04-15 12:00:00+00:00,1.1502809524536133,1.1507359743118286,1.1497009992599487,1.149919033050537
2026-04-15 16:00:00+00:00,1.1499520540237427,1.15044105052948,1.1498759984970093,1.150094985961914
2026-04-15 20:00:00+00:00,1.1500459909439087,1.150123953819275,1.1488720178604126,1.1495740413665771
2026-04-16 00:00:00+00:00,1.14956796169281,1.1499340534210205,1.1494890451431274,1.1497329473495483
2026-04-16 04:00:00+00:00,1.1497160196304321,1.1505260467529297,1.1492799520492554,1.149662971496582
2026-04-16 08:00:00+00:00,1.1498069763183594,1.1504260301589966,1.1491769552230835,1.1495089530944824
2026-04-16 12:00:00+00:00,1.1496000289916992,1.1506489515304565,1.1480180025100708,1.1489559412002563
2026-04-16 16:00:00+00:00,1.1490449905395508,1.1492060422897339,1.14821195602417,1.148447036743164
2026-04-16 20:00:00+00:00,1.1483800411224365,1.1487189531326294,1.1479090452194214,1.1480560302734375
2026-04-17 00:00:00+00:00,1.1480740308761597,1.1480740308761597,1.147678017616272,1.1477999687194824
2026-04-17 04:00:00+00:00,1.1478309631347656,1.1478919982910156,1.1468960046768188,1.1478919982910156
2026-04-17 08:00:00+00:00,1.147987961769104,1.147987961769104,1.146378993988037,1.1471019983291626
2026-04-17 12:00:00+00:00,1.1471660137176514,1.1487489938735962,1.146672010421753,1.1486079692840576
2026-04-17 16:00:00+00:00,1.148658037185669,1.1492830514907837,1.1483839750289917,1.1486990451812744
2026-04-17 20:00:00+00:00,1.1486860513687134,1.149338960647583,1.1485569477081299,1.149014949798584
2026-04-18 00:00:00+00:00,,,,
2026-04-18 04:00:00+00:00,,,,
2026-04-18 08:00:00+00:00,,,,
2026-04-18 12:00:00+00:00,,,,
2026-04-18 16:00:00+00:00,,,,
2026-04-18 20:00:00+00:00,,,,
2026-04-19 00:00:00+00:00,,,,
2026-04-19 04:00:00+00:00,,,,
2026-04-19 08:00:00+00:00,,,,
2026-04-19 12:00:00+00:00,,,,
2026-04-19 16:00:00+00:00,,,,
2026-04-19 20:00:00+00:00,1.1488690376281738,1.1489050388336182,1.1483360528945923,1.1484709978103638
2026-04-20 00:00:00+00:00,1.1483149528503418,1.1485220193862915,1.147778034210205,1.1484270095825195
2026-04-20 04:00:00+00:00,1.1484359502792358,1.148506999015808,1.147745966911316,1.1477789878845215
2026-04-20 08:00:00+00:00,1.1480940580368042,1.149116039276123,1.1479460000991821,1.1489360332489014
2026-04-20 12:00:00+00:00,1.1488970518112183,1.1492810249328613,1.1483839750289917,1.148851990699768
2026-04-20 16:00:00+00:00,1.149006962776184,1.149055004119873,1.1481679677963257,1.1481679677963257
2026-04-20 20:00:00+00:00,1.1481640338897705,1.148622989654541,1.1480159759521484,1.148218035697937
2026-04-21 00:00:00+00:00,1.1481980085372925,1.1481980085372925,1.1477069854736328,1.1479870080947876
2026-04-21 04:00:00+00:00,1.1479339599609375,1.1487460136413574,1.1476240158081055,1.148300051689148
2026-04-21 08:00:00+00:00,1.1480809450149536,1.1491719484329224,1.1467989683151245,1.1488410234451294
2026-04-21 12:00:00+00:00,1.1488319635391235,1.1496690511703491,1.1488319635391235,1.1490819454193115
