Datetime,Open,High,Low,Close,Volume
2021-05-17T00:00:00Z,1242.5,1242.5,1242.5,1242.5,0
2021-05-18T00:00:00Z,1223.4000244140625,1223.4000244140625,1223.4000244140625,1223.4000244140625,0
2021-05-19T00:00:00Z,1195.0,1199.800048828125,1195.0,1199.800048828125,1
2021-05-20T00:00:00Z,1203.199951171875,1203.199951171875,1203.199951171875,1203.199951171875,1
2021-05-21T00:00:00Z,1167.800048828125,1167.800048828125,1167.800048828125,1167.800048828125,1
2021-05-24T00:00:00Z,1175.800048828125,1175.800048828125,1175.800048828125,1175.800048828125,1
2021-05-25T00:00:00Z,1195.0999755859375,1195.0999755859375,1195.0999755859375,1195.0999755859375,1
2021-05-26T00:00:00Z,1198.4000244140625,1198.4000244140625,1198.4000244140625,1198.4000244140625,5
2021-05-27T00:00:00Z,1172.300048828125,1177.4000244140625,1172.0,1177.4000244140625,8
2021-05-28T00:00:00Z,1180.800048828125,1180.800048828125,1180.800048828125,1180.800048828125,8
2021-06-01T00:00:00Z,1198.4000244140625,1198.4000244140625,1198.4000244140625,1198.4000244140625,8
2021-06-02T00:00:00Z,1191.4000244140625,1191.4000244140625,1191.4000244140625,1191.4000244140625,8
2021-06-03T00:00:00Z,1161.300048828125,1161.300048828125,1161.300048828125,1161.300048828125,8
2021-06-04T00:00:00Z,1163.199951171875,1163.199951171875,1163.199951171875,1163.199951171875,8
2021-06-07T00:00:00Z,1173.5999755859375,1173.5999755859375,1173.5999755859375,1173.5999755859375,8
2021-06-08T00:00:00Z,1161.5999755859375,1161.5999755859375,1161.5999755859375,1161.5999755859375,8
2021-06-09T00:00:00Z,1150.5999755859375,1150.5999755859375,1150.5999755859375,1150.5999755859375,8
2021-06-10T00:00:00Z,1144.800048828125,1144.800048828125,1144.800048828125,1144.800048828125,8
2021-06-11T00:00:00Z,1149.9000244140625,1149.9000244140625,1149.9000244140625,1149.9000244140625,8
2021-06-14T00:00:00Z,1164.0999755859375,1164.0999755859375,1164.0999755859375,1164.0999755859375,8
2021-06-15T00:00:00Z,1147.5999755859375,1147.5999755859375,1147.5999755859375,1147.5999755859375,8
2021-06-16T00:00:00Z,1141.0,1141.0,1141.0,1141.0,8
2021-06-17T00:00:00Z,1054.300048828125,1054.300048828125,1054.300048828125,1054.300048828125,8
2021-06-18T00:00:00Z,1040.0999755859375,1040.0999755859375,1040.0999755859375,1040.0999755859375,8
2021-06-21T00:00:00Z,1049.699951171875,1049.699951171875,1049.699951171875,1049.699951171875,8
2021-06-22T00:00:00Z,1069.300048828125,1069.300048828125,1069.300048828125,1069.300048828125,8
2021-06-23T00:00:00Z,1085.699951171875,1085.699951171875,1085.699951171875,1085.699951171875,8
2021-06-24T00:00:00Z,1093.0999755859375,1093.0999755859375,1093.0999755859375,1093.0999755859375,8
2021-06-25T00:00:00Z,1102.800048828125,1102.800048828125,1102.800048828125,1102.800048828125,8
2021-06-28T00:00:00Z,1096.9000244140625,1096.9000244140625,1096.9000244140625,1096.9000244140625,8875
2021-06-29T00:00:00Z,1091.300048828125,1093.0999755859375,1057.5999755859375,1067.5,5260
2021-06-30T00:00:00Z,1057.0,1070.5,1048.199951171875,1070.5,82
2021-07-01T00:00:00Z,1063.199951171875,1086.9000244140625,1063.199951171875,1078.4000244140625,34
2021-07-02T00:00:00Z,1082.5999755859375,1092.0,1079.5999755859375,1085.4000244140625,14
2021-07-06T00:00:00Z,1094.0,1114.5999755859375,1075.199951171875,1081.9000244140625,83
2021-07-07T00:00:00Z,1087.199951171875,1096.800048828125,1072.5999755859375,1080.199951171875,57
2021-07-08T00:00:00Z,1069.9000244140625,1079.300048828125,1062.199951171875,1073.199951171875,245
2021-07-09T00:00:00Z,1072.0999755859375,1094.4000244140625,1067.9000244140625,1094.4000244140625,73
2021-07-12T00:00:00Z,1099.800048828125,1121.699951171875,1099.800048828125,1121.699951171875,12
2021-07-13T00:00:00Z,1109.800048828125,1110.5,1102.199951171875,1109.800048828125,6
2021-07-14T00:00:00Z,1105.9000244140625,1128.800048828125,1103.5999755859375,1126.5,16
2021-07-15T00:00:00Z,1142.9000244140625,1142.9000244140625,1136.0,1136.0,1
2021-07-16T00:00:00Z,1110.0,1110.0,1104.0,1107.0,49
2021-07-19T00:00:00Z,1092.800048828125,1092.800048828125,1068.199951171875,1069.300048828125,85
2021-07-20T00:00:00Z,1076.5999755859375,1076.5999755859375,1052.800048828125,1064.300048828125,157
2021-07-21T00:00:00Z,1073.5999755859375,1073.5999755859375,1073.5999755859375,1073.5999755859375,0
2021-07-22T00:00:00Z,1088.800048828125,1088.800048828125,1088.800048828125,1088.800048828125,0
2021-07-23T00:00:00Z,1059.5999755859375,1059.5999755859375,1059.5999755859375,1059.5999755859375,0
2021-07-26T00:00:00Z,1060.5,1068.699951171875,1060.5,1068.699951171875,3
2021-07-27T00:00:00Z,1059.800048828125,1062.5,1047.800048828125,1047.800048828125,5
2021-07-28T00:00:00Z,1056.0999755859375,1056.0999755859375,1056.0999755859375,1056.0999755859375,36
2021-07-29T00:00:00Z,1071.199951171875,1074.699951171875,1063.0,1065.5,56
2021-07-30T00:00:00Z,1046.9000244140625,1046.9000244140625,1046.9000244140625,1046.9000244140625,0
2021-08-02T00:00:00Z,1054.9000244140625,1054.9000244140625,1054.9000244140625,1054.9000244140625,0
2021-08-03T00:00:00Z,1045.800048828125,1045.800048828125,1045.800048828125,1045.800048828125,53
2021-08-04T00:00:00Z,1020.4000244140625,1020.4000244140625,1020.4000244140625,1020.4000244140625,221
2021-08-05T00:00:00Z,1010.9000244140625,1010.9000244140625,1005.5,1005.5,145
2021-08-06T00:00:00Z,972.2999877929688,972.2999877929688,972.2999877929688,972.2999877929688,81
2021-08-09T00:00:00Z,965.0999755859375,970.9000244140625,965.0999755859375,970.9000244140625,50
2021-08-10T00:00:00Z,987.2000122070312,987.2000122070312,987.2000122070312,987.2000122070312,15
2021-08-11T00:00:00Z,1015.5,1015.5,1015.5,1015.5,15
2021-08-12T00:00:00Z,1017.2999877929688,1017.2999877929688,1017.2999877929688,1017.2999877929688,15
2021-08-13T00:00:00Z,1025.5,1025.5,1025.5,1025.5,15
2021-08-16T00:00:00Z,1020.5,1020.5,1020.5,1020.5,15
2021-08-17T00:00:00Z,993.4000244140625,993.4000244140625,993.4000244140625,993.4000244140625,50
2021-08-18T00:00:00Z,995.7999877929688,995.7999877929688,995.7999877929688,995.7999877929688,50
2021-08-19T00:00:00Z,970.5999755859375,970.5999755859375,970.5999755859375,970.5999755859375,50
2021-08-20T00:00:00Z,993.5,993.5,993.5,993.5,50
2021-08-23T00:00:00Z,1013.4000244140625,1013.4000244140625,1013.4000244140625,1013.4000244140625,50
2021-08-24T00:00:00Z,1009.4000244140625,1009.4000244140625,1009.4000244140625,1009.4000244140625,50
2021-08-25T00:00:00Z,992.7999877929688,992.7999877929688,992.7999877929688,992.7999877929688,50
2021-08-26T00:00:00Z,975.0,975.0,975.0,975.0,50
2021-08-27T00:00:00Z,1005.7999877929688,1005.7999877929688,1005.7999877929688,1005.7999877929688,16
2021-08-30T00:00:00Z,1010.0,1010.0,995.5,1001.9000244140625,14
2021-08-31T00:00:00Z,1006.5,1013.9000244140625,1006.5,1013.9000244140625,16
2021-09-01T00:00:00Z,1001.7000122070312,1001.9000244140625,1000.0,1000.0,43
2021-09-02T00:00:00Z,993.9000244140625,993.9000244140625,993.9000244140625,993.9000244140625,3
2021-09-03T00:00:00Z,1021.2000122070312,1021.2000122070312,1021.2000122070312,1021.2000122070312,0
2021-09-07T00:00:00Z,995.4000244140625,995.4000244140625,995.4000244140625,995.4000244140625,0
2021-09-08T00:00:00Z,975.2999877929688,975.2999877929688,975.2999877929688,975.2999877929688,41
2021-09-09T00:00:00Z,973.7999877929688,973.7999877929688,973.7999877929688,973.7999877929688,0
2021-09-10T00:00:00Z,969.0,973.5,956.0,956.7000122070312,150
2021-09-13T00:00:00Z,955.0,957.7000122070312,953.5,957.7000122070312,39
2021-09-14T00:00:00Z,939.0999755859375,939.0999755859375,939.0999755859375,939.0999755859375,73
2021-09-15T00:00:00Z,932.4000244140625,932.4000244140625,932.4000244140625,932.4000244140625,0
2021-09-16T00:00:00Z,925.2000122070312,925.2000122070312,925.2000122070312,925.2000122070312,0
2021-09-17T00:00:00Z,932.5,932.5,932.5,932.5,0
2021-09-20T00:00:00Z,912.0,917.0,900.7999877929688,900.7999877929688,5
2021-09-21T00:00:00Z,951.9000244140625,951.9000244140625,951.9000244140625,951.9000244140625,0
2021-09-22T00:00:00Z,983.5,1001.2999877929688,980.0999755859375,1001.2999877929688,2
2021-09-23T00:00:00Z,997.2000122070312,997.2000122070312,997.2000122070312,997.2000122070312,0
2021-09-24T00:00:00Z,980.9000244140625,980.9000244140625,980.9000244140625,980.9000244140625,0
2021-09-27T00:00:00Z,985.7000122070312,986.9000244140625,979.7999877929688,982.5999755859375,10
2021-09-28T00:00:00Z,960.5999755859375,960.5999755859375,960.5999755859375,960.5999755859375,8611
2021-09-29T00:00:00Z,962.0999755859375,969.2000122070312,939.0,944.2999877929688,1695
2021-09-30T00:00:00Z,946.5999755859375,966.9000244140625,946.5,960.9000244140625,152
2021-10-01T00:00:00Z,957.7000122070312,976.0,957.7000122070312,972.0999755859375,154
2021-10-04T00:00:00Z,960.0,963.7999877929688,951.2000122070312,960.2000122070312,94
2021-10-05T00:00:00Z,963.7999877929688,963.7999877929688,955.7999877929688,959.0,25
2021-10-06T00:00:00Z,957.2999877929688,975.9000244140625,949.2000122070312,975.7999877929688,13
2021-10-07T00:00:00Z,986.0999755859375,995.0,977.7000122070312,983.9000244140625,54
2021-10-08T00:00:00Z,1012.7999877929688,1030.5999755859375,1012.7999877929688,1026.5999755859375,25
2021-10-11T00:00:00Z,1004.9000244140625,1007.0999755859375,1004.9000244140625,1004.9000244140625,15
2021-10-12T00:00:00Z,1010.2000122070312,1010.2000122070312,1003.9000244140625,1009.7000122070312,6
2021-10-13T00:00:00Z,1022.2999877929688,1022.2999877929688,1022.2999877929688,1022.2999877929688,45
2021-10-14T00:00:00Z,1033.5,1058.0,1033.5,1050.5,83
2021-10-15T00:00:00Z,1057.300048828125,1057.4000244140625,1053.5999755859375,1056.699951171875,62
2021-10-18T00:00:00Z,1035.9000244140625,1035.9000244140625,1035.9000244140625,1035.9000244140625,0
2021-10-19T00:00:00Z,1044.5999755859375,1044.5999755859375,1044.5999755859375,1044.5999755859375,0
2021-10-20T00:00:00Z,1041.0999755859375,1054.0999755859375,1041.0999755859375,1050.199951171875,17
2021-10-21T00:00:00Z,1039.0,1047.699951171875,1038.800048828125,1047.699951171875,10
2021-10-22T00:00:00Z,1064.300048828125,1064.300048828125,1050.199951171875,1050.199951171875,203
2021-10-25T00:00:00Z,1059.699951171875,1062.199951171875,1059.699951171875,1062.199951171875,131
2021-10-26T00:00:00Z,1032.199951171875,1032.199951171875,1032.199951171875,1032.199951171875,100
2021-10-27T00:00:00Z,1018.0,1018.4000244140625,1017.0,1018.4000244140625,5
2021-10-28T00:00:00Z,1018.4000244140625,1025.0,1015.4000244140625,1022.7000122070312,10
2021-10-29T00:00:00Z,1019.5999755859375,1021.7999877929688,1019.5999755859375,1019.5999755859375,19
2021-11-01T00:00:00Z,1066.300048828125,1066.300048828125,1066.300048828125,1066.300048828125,0
2021-11-02T00:00:00Z,1038.199951171875,1039.0999755859375,1038.199951171875,1038.199951171875,1
2021-11-03T00:00:00Z,1021.2999877929688,1021.2999877929688,1021.2999877929688,1021.2999877929688,0
2021-11-04T00:00:00Z,1028.199951171875,1028.199951171875,1027.800048828125,1028.199951171875,1
2021-11-05T00:00:00Z,1034.699951171875,1034.699951171875,1034.699951171875,1034.699951171875,0
2021-11-08T00:00:00Z,1058.9000244140625,1058.9000244140625,1058.9000244140625,1058.9000244140625,0
2021-11-09T00:00:00Z,1060.199951171875,1060.199951171875,1060.199951171875,1060.199951171875,0
2021-11-10T00:00:00Z,1075.800048828125,1075.800048828125,1075.800048828125,1075.800048828125,0
2021-11-11T00:00:00Z,1093.300048828125,1093.300048828125,1093.300048828125,1093.300048828125,0
2021-11-12T00:00:00Z,1088.0999755859375,1088.0999755859375,1088.0999755859375,1088.0999755859375,0
2021-11-15T00:00:00Z,1095.800048828125,1095.800048828125,1095.800048828125,1095.800048828125,0
2021-11-16T00:00:00Z,1073.0,1073.0,1073.0,1073.0,250
2021-11-17T00:00:00Z,1067.699951171875,1067.699951171875,1067.699951171875,1067.699951171875,0
2021-11-18T00:00:00Z,1055.0,1055.0,1055.0,1055.0,0
2021-11-19T00:00:00Z,1034.5999755859375,1034.5999755859375,1034.5999755859375,1034.5999755859375,50
2021-11-22T00:00:00Z,1030.0,1030.0,1014.0,1014.0,2
2021-11-23T00:00:00Z,1002.0,1002.0,963.0999755859375,963.0999755859375,21
2021-11-24T00:00:00Z,974.2999877929688,974.2999877929688,974.2999877929688,974.2999877929688,0
2021-11-26T00:00:00Z,953.4000244140625,953.4000244140625,953.4000244140625,953.4000244140625,48
2021-11-29T00:00:00Z,962.7999877929688,970.0,957.2000122070312,963.5999755859375,42
2021-11-30T00:00:00Z,926.5999755859375,926.5999755859375,926.5999755859375,926.5999755859375,0
2021-12-01T00:00:00Z,934.5,934.5,934.5,934.5,0
2021-12-02T00:00:00Z,932.4000244140625,932.4000244140625,932.4000244140625,932.4000244140625,0
2021-12-03T00:00:00Z,925.5,925.5,925.5,925.5,0
2021-12-06T00:00:00Z,935.9000244140625,935.9000244140625,935.9000244140625,935.9000244140625,0
2021-12-07T00:00:00Z,949.2999877929688,949.2999877929688,949.2999877929688,949.2999877929688,0
2021-12-08T00:00:00Z,955.2000122070312,955.2000122070312,955.2000122070312,955.2000122070312,0
2021-12-09T00:00:00Z,937.2999877929688,937.2999877929688,937.2999877929688,937.2999877929688,0
2021-12-10T00:00:00Z,933.7999877929688,933.7999877929688,933.7999877929688,933.7999877929688,0
2021-12-13T00:00:00Z,924.0999755859375,924.0999755859375,924.0999755859375,924.0999755859375,10
2021-12-14T00:00:00Z,910.2999877929688,910.2999877929688,910.2999877929688,910.2999877929688,10
2021-12-15T00:00:00Z,893.5999755859375,893.5999755859375,893.5999755859375,893.5999755859375,10
2021-12-16T00:00:00Z,928.2999877929688,928.2999877929688,928.2999877929688,928.2999877929688,10
2021-12-17T00:00:00Z,933.9000244140625,933.9000244140625,933.9000244140625,933.9000244140625,10
2021-12-20T00:00:00Z,911.7000122070312,926.2000122070312,911.7000122070312,926.2000122070312,4
2021-12-21T00:00:00Z,927.5,927.5,927.5,927.5,4
2021-12-22T00:00:00Z,968.0999755859375,968.0999755859375,968.0999755859375,968.0999755859375,120
2021-12-23T00:00:00Z,974.5999755859375,974.5999755859375,974.5999755859375,974.5999755859375,120
2021-12-27T00:00:00Z,968.9000244140625,968.9000244140625,968.9000244140625,968.9000244140625,120
2021-12-28T00:00:00Z,979.0999755859375,979.0999755859375,979.0999755859375,979.0999755859375,120
2021-12-29T00:00:00Z,968.2000122070312,968.2000122070312,968.2000122070312,968.2000122070312,3280
2021-12-30T00:00:00Z,967.2999877929688,971.0,955.7999877929688,963.5999755859375,1356
2021-12-31T00:00:00Z,962.5,965.2999877929688,949.5999755859375,964.4000244140625,109
2022-01-03T00:00:00Z,978.2000122070312,978.2000122070312,928.7000122070312,953.7000122070312,231
2022-01-04T00:00:00Z,950.9000244140625,975.0,950.9000244140625,970.4000244140625,58
2022-01-05T00:00:00Z,980.0,1001.9000244140625,978.7999877929688,1001.9000244140625,37
2022-01-06T00:00:00Z,964.0,973.5999755859375,960.5,960.5999755859375,7
2022-01-07T00:00:00Z,970.2000122070312,970.2000122070312,957.0,957.0,6
2022-01-10T00:00:00Z,924.0,934.4000244140625,924.0,934.4000244140625,17
2022-01-11T00:00:00Z,947.5,973.7999877929688,947.5,973.7999877929688,23
2022-01-12T00:00:00Z,964.7000122070312,979.9000244140625,964.7000122070312,979.9000244140625,54
2022-01-13T00:00:00Z,971.9000244140625,971.9000244140625,971.9000244140625,971.9000244140625,0
2022-01-14T00:00:00Z,964.4000244140625,964.4000244140625,964.4000244140625,964.4000244140625,0
2022-01-18T00:00:00Z,971.5999755859375,979.2999877929688,963.4000244140625,979.2999877929688,21
2022-01-19T00:00:00Z,1027.0999755859375,1028.199951171875,1026.800048828125,1028.199951171875,3
2022-01-20T00:00:00Z,1053.4000244140625,1053.4000244140625,1050.5999755859375,1050.5999755859375,1
2022-01-21T00:00:00Z,1036.4000244140625,1036.9000244140625,1027.0,1034.699951171875,5
2022-01-24T00:00:00Z,1019.0,1019.9000244140625,1017.5,1019.9000244140625,2
2022-01-25T00:00:00Z,1021.4000244140625,1031.699951171875,1012.7999877929688,1023.7999877929688,10
2022-01-26T00:00:00Z,1046.0999755859375,1046.0999755859375,1046.0999755859375,1046.0999755859375,0
2022-01-27T00:00:00Z,1021.7000122070312,1021.7000122070312,1021.7000122070312,1021.7000122070312,0
2022-01-28T00:00:00Z,1027.5,1027.5,1000.0999755859375,1004.9000244140625,5
2022-01-31T00:00:00Z,1019.2000122070312,1019.2000122070312,1019.2000122070312,1019.2000122070312,5
2022-02-01T00:00:00Z,1021.7999877929688,1021.7999877929688,1021.7999877929688,1021.7999877929688,5
2022-02-02T00:00:00Z,1042.300048828125,1042.300048828125,1042.300048828125,1042.300048828125,5
2022-02-03T00:00:00Z,1028.9000244140625,1028.9000244140625,1028.9000244140625,1028.9000244140625,5
2022-02-04T00:00:00Z,1022.7999877929688,1022.7999877929688,1022.7999877929688,1022.7999877929688,5
2022-02-07T00:00:00Z,1018.9000244140625,1018.9000244140625,1018.9000244140625,1018.9000244140625,5
2022-02-08T00:00:00Z,1035.199951171875,1035.199951171875,1035.199951171875,1035.199951171875,5
2022-02-09T00:00:00Z,1036.0,1036.0,1036.0,1036.0,5
2022-02-10T00:00:00Z,1041.0999755859375,1041.0999755859375,1041.0999755859375,1041.0999755859375,5
2022-02-11T00:00:00Z,1017.2999877929688,1017.2999877929688,1017.2999877929688,1017.2999877929688,5
2022-02-14T00:00:00Z,1026.5999755859375,1026.5999755859375,1026.5999755859375,1026.5999755859375,5
2022-02-15T00:00:00Z,1019.0,1019.0,1019.0,1019.0,5
2022-02-16T00:00:00Z,1059.0,1062.199951171875,1059.0,1062.199951171875,1
2022-02-17T00:00:00Z,1091.199951171875,1091.199951171875,1091.199951171875,1091.199951171875,1
2022-02-18T00:00:00Z,1075.300048828125,1075.300048828125,1075.300048828125,1075.300048828125,1
2022-02-22T00:00:00Z,1084.5,1084.5,1084.5,1084.5,1
2022-02-23T00:00:00Z,1090.0999755859375,1090.0999755859375,1090.0999755859375,1090.0999755859375,1
2022-02-24T00:00:00Z,1060.4000244140625,1060.4000244140625,1060.4000244140625,1060.4000244140625,19
2022-02-25T00:00:00Z,1048.9000244140625,1048.9000244140625,1048.9000244140625,1048.9000244140625,0
2022-02-28T00:00:00Z,1063.9000244140625,1063.9000244140625,1037.800048828125,1037.800048828125,8
2022-03-01T00:00:00Z,1051.0999755859375,1051.0999755859375,1051.0999755859375,1051.0999755859375,0
2022-03-02T00:00:00Z,1056.199951171875,1067.5999755859375,1053.4000244140625,1067.5999755859375,59
2022-03-03T00:00:00Z,1080.0999755859375,1080.0999755859375,1080.0999755859375,1080.0999755859375,20
2022-03-04T00:00:00Z,1116.0999755859375,1116.0999755859375,1116.0999755859375,1116.0999755859375,0
2022-03-07T00:00:00Z,1148.800048828125,1154.0,1115.9000244140625,1115.9000244140625,5
2022-03-08T00:00:00Z,1152.5,1152.5,1152.5,1152.5,17
2022-03-09T00:00:00Z,1106.699951171875,1106.699951171875,1106.699951171875,1106.699951171875,0
2022-03-10T00:00:00Z,1094.4000244140625,1094.4000244140625,1094.4000244140625,1094.4000244140625,0
2022-03-11T00:00:00Z,1087.800048828125,1087.800048828125,1087.800048828125,1087.800048828125,0
2022-03-14T00:00:00Z,1051.5,1051.5,1051.5,1051.5,0
2022-03-15T00:00:00Z,1001.7999877929688,1001.7999877929688,1001.7999877929688,1001.7999877929688,0
2022-03-16T00:00:00Z,1003.5999755859375,1007.4000244140625,1003.5999755859375,1007.4000244140625,2
2022-03-17T00:00:00Z,1030.5999755859375,1030.5999755859375,1030.5999755859375,1030.5999755859375,2
2022-03-18T00:00:00Z,1035.199951171875,1035.199951171875,1035.199951171875,1035.199951171875,2
2022-03-21T00:00:00Z,1044.4000244140625,1044.4000244140625,1044.4000244140625,1044.4000244140625,2
2022-03-22T00:00:00Z,1024.800048828125,1024.800048828125,1024.800048828125,1024.800048828125,2
2022-03-23T00:00:00Z,1020.7000122070312,1020.9000244140625,1020.5999755859375,1020.7000122070312,2
2022-03-24T00:00:00Z,1030.5,1030.5,1030.5,1030.5,2
2022-03-25T00:00:00Z,1007.7999877929688,1007.7999877929688,1007.7999877929688,1007.7999877929688,2
2022-03-28T00:00:00Z,990.4000244140625,990.4000244140625,990.4000244140625,990.4000244140625,2
2022-03-29T00:00:00Z,972.2999877929688,972.2999877929688,972.2999877929688,972.2999877929688,8602
2022-03-30T00:00:00Z,982.2000122070312,1004.7999877929688,981.2000122070312,996.7999877929688,1774
2022-03-31T00:00:00Z,995.4000244140625,995.4000244140625,980.0999755859375,992.5,120
2022-04-01T00:00:00Z,992.7999877929688,998.2999877929688,982.7000122070312,985.0,159
2022-04-04T00:00:00Z,985.0,986.5,985.0,986.5,41
2022-04-05T00:00:00Z,979.2999877929688,979.2999877929688,969.4000244140625,969.4000244140625,2
2022-04-06T00:00:00Z,960.2999877929688,964.0,948.7999877929688,950.0999755859375,128
2022-04-07T00:00:00Z,953.0,954.9000244140625,942.5999755859375,954.9000244140625,88
2022-04-08T00:00:00Z,983.7000122070312,984.2000122070312,971.2999877929688,972.2000122070312,7
2022-04-11T00:00:00Z,978.7000122070312,989.2999877929688,973.7000122070312,973.9000244140625,31
2022-04-12T00:00:00Z,960.2000122070312,974.0,960.2000122070312,969.0,5
2022-04-13T00:00:00Z,970.0,986.0,970.0,985.2000122070312,275
2022-04-14T00:00:00Z,986.2999877929688,989.5999755859375,986.2999877929688,989.5999755859375,2
2022-04-18T00:00:00Z,1012.5999755859375,1015.4000244140625,1012.5999755859375,1015.4000244140625,5
2022-04-19T00:00:00Z,1016.2000122070312,1016.2000122070312,983.9000244140625,984.4000244140625,50
2022-04-20T00:00:00Z,982.7999877929688,982.7999877929688,982.7999877929688,982.7999877929688,20
2022-04-21T00:00:00Z,965.2999877929688,965.2999877929688,965.2999877929688,965.2999877929688,50
2022-04-22T00:00:00Z,958.9000244140625,958.9000244140625,925.0999755859375,925.0999755859375,13
2022-04-25T00:00:00Z,903.7000122070312,903.7000122070312,899.4000244140625,902.2999877929688,108
2022-04-26T00:00:00Z,912.7000122070312,913.5,902.5,911.9000244140625,122
2022-04-27T00:00:00Z,910.0999755859375,910.0999755859375,910.0999755859375,910.0999755859375,6
2022-04-28T00:00:00Z,906.5999755859375,910.4000244140625,902.2000122070312,910.4000244140625,25
2022-04-29T00:00:00Z,922.2000122070312,937.5999755859375,922.0999755859375,937.5999755859375,202
2022-05-02T00:00:00Z,930.5999755859375,930.5999755859375,930.5999755859375,930.5999755859375,0
2022-05-03T00:00:00Z,956.5,956.5,956.5,956.5,0
2022-05-04T00:00:00Z,978.2000122070312,979.5,978.2000122070312,978.2000122070312,40
2022-05-05T00:00:00Z,971.7999877929688,971.7999877929688,971.7999877929688,971.7999877929688,120
2022-05-06T00:00:00Z,954.5999755859375,954.5999755859375,954.5999755859375,954.5999755859375,97
2022-05-09T00:00:00Z,938.5,938.5,938.5,938.5,15
2022-05-10T00:00:00Z,958.7999877929688,958.7999877929688,953.5,953.5,29
2022-05-11T00:00:00Z,995.7000122070312,995.7000122070312,995.7000122070312,995.7000122070312,0
2022-05-12T00:00:00Z,936.9000244140625,936.9000244140625,936.9000244140625,936.9000244140625,0
2022-05-13T00:00:00Z,936.4000244140625,936.4000244140625,936.4000244140625,936.4000244140625,0
2022-05-16T00:00:00Z,929.0,929.0,929.0,929.0,0
2022-05-17T00:00:00Z,947.0999755859375,947.0999755859375,947.0999755859375,947.0999755859375,0
2022-05-18T00:00:00Z,927.9000244140625,927.9000244140625,927.9000244140625,927.9000244140625,0
2022-05-19T00:00:00Z,957.5,957.5,957.5,957.5,0
2022-05-20T00:00:00Z,946.2000122070312,946.2000122070312,946.2000122070312,946.2000122070312,0
2022-05-23T00:00:00Z,955.5,955.5,955.5,955.5,0
2022-05-24T00:00:00Z,946.7999877929688,946.7999877929688,946.7999877929688,946.7999877929688,0
2022-05-25T00:00:00Z,933.4000244140625,933.4000244140625,933.4000244140625,933.4000244140625,0
2022-05-26T00:00:00Z,941.5,941.5,941.5,941.5,2
2022-05-27T00:00:00Z,944.5,945.5,944.5,945.5,11
2022-05-31T00:00:00Z,969.2999877929688,969.2999877929688,969.2999877929688,969.2999877929688,1
2022-06-01T00:00:00Z,997.2000122070312,997.2000122070312,997.2000122070312,997.2000122070312,0
2022-06-02T00:00:00Z,1029.199951171875,1029.199951171875,1029.199951171875,1029.199951171875,0
2022-06-03T00:00:00Z,1017.2000122070312,1017.2000122070312,1017.2000122070312,1017.2000122070312,0
2022-06-06T00:00:00Z,1030.800048828125,1030.800048828125,1030.800048828125,1030.800048828125,0
2022-06-07T00:00:00Z,1013.7000122070312,1013.7000122070312,1013.7000122070312,1013.7000122070312,0
2022-06-08T00:00:00Z,1012.4000244140625,1012.4000244140625,1012.4000244140625,1012.4000244140625,0
2022-06-09T00:00:00Z,976.7000122070312,976.7000122070312,976.7000122070312,976.7000122070312,0
2022-06-10T00:00:00Z,971.7999877929688,971.7999877929688,971.7999877929688,971.7999877929688,0
2022-06-13T00:00:00Z,933.0999755859375,933.0999755859375,933.0999755859375,933.0999755859375,0
2022-06-14T00:00:00Z,911.5,911.5,911.5,911.5,0
2022-06-15T00:00:00Z,925.4000244140625,925.4000244140625,925.4000244140625,925.4000244140625,0
2022-06-16T00:00:00Z,951.9000244140625,951.9000244140625,951.9000244140625,951.9000244140625,0
2022-06-17T00:00:00Z,931.0,931.0,931.0,931.0,0
2022-06-21T00:00:00Z,940.0,940.0,940.0,940.0,0
2022-06-22T00:00:00Z,927.4000244140625,927.4000244140625,927.4000244140625,927.4000244140625,0
2022-06-23T00:00:00Z,904.9000244140625,904.9000244140625,904.9000244140625,904.9000244140625,0
2022-06-24T00:00:00Z,904.5,904.5,904.5,904.5,0
2022-06-27T00:00:00Z,904.9000244140625,904.9000244140625,903.2999877929688,904.9000244140625,5
2022-06-28T00:00:00Z,911.2000122070312,911.5,910.5999755859375,910.5999755859375,7007
2022-06-29T00:00:00Z,908.7999877929688,932.7999877929688,907.5,910.7999877929688,1039
2022-06-30T00:00:00Z,912.7999877929688,912.7999877929688,888.0999755859375,898.4000244140625,297
2022-07-01T00:00:00Z,880.0,892.4000244140625,861.0,875.4000244140625,165
2022-07-05T00:00:00Z,890.9000244140625,890.9000244140625,856.7999877929688,856.7999877929688,11
2022-07-06T00:00:00Z,853.0999755859375,853.0999755859375,847.7999877929688,847.7999877929688,11
2022-07-07T00:00:00Z,882.0,882.0,876.4000244140625,876.4000244140625,19
2022-07-08T00:00:00Z,872.5,894.0,872.5,894.0,3
2022-07-11T00:00:00Z,872.2000122070312,872.2000122070312,872.2000122070312,872.2000122070312,12
2022-07-12T00:00:00Z,839.7000122070312,839.7000122070312,839.7000122070312,839.7000122070312,13
2022-07-13T00:00:00Z,849.9000244140625,849.9000244140625,849.9000244140625,849.9000244140625,10
2022-07-14T00:00:00Z,830.5999755859375,830.5999755859375,830.5999755859375,830.5999755859375,12
2022-07-15T00:00:00Z,845.0,845.0,843.0,844.2000122070312,18
2022-07-18T00:00:00Z,864.7999877929688,864.7999877929688,864.7999877929688,864.7999877929688,0
2022-07-19T00:00:00Z,880.2999877929688,880.2999877929688,867.5999755859375,867.5999755859375,5
2022-07-20T00:00:00Z,855.0,855.0,842.0,851.5,15
2022-07-21T00:00:00Z,857.0999755859375,857.0999755859375,857.0999755859375,857.0999755859375,24
2022-07-22T00:00:00Z,861.2000122070312,861.2000122070312,861.2000122070312,861.2000122070312,8
2022-07-25T00:00:00Z,864.2999877929688,864.2999877929688,864.2999877929688,864.2999877929688,0
2022-07-26T00:00:00Z,859.0999755859375,859.0999755859375,859.0999755859375,859.0999755859375,0
2022-07-27T00:00:00Z,871.7999877929688,871.7999877929688,871.7999877929688,871.7999877929688,2
2022-07-28T00:00:00Z,884.2999877929688,884.2999877929688,865.7999877929688,871.9000244140625,21
2022-07-29T00:00:00Z,887.5999755859375,887.5999755859375,884.9000244140625,884.9000244140625,2
2022-08-01T00:00:00Z,896.7000122070312,896.7000122070312,896.7000122070312,896.7000122070312,0
2022-08-02T00:00:00Z,900.0999755859375,900.0999755859375,900.0999755859375,900.0999755859375,0
2022-08-03T00:00:00Z,885.5999755859375,885.5999755859375,883.7999877929688,885.5999755859375,1
2022-08-04T00:00:00Z,922.4000244140625,922.4000244140625,922.4000244140625,922.4000244140625,0
2022-08-05T00:00:00Z,921.9000244140625,921.9000244140625,921.9000244140625,921.9000244140625,0
2022-08-08T00:00:00Z,937.2999877929688,937.2999877929688,937.2999877929688,937.2999877929688,0
2022-08-09T00:00:00Z,931.9000244140625,931.9000244140625,931.9000244140625,931.9000244140625,0
2022-08-10T00:00:00Z,945.0,945.0,945.0,945.0,0
2022-08-11T00:00:00Z,958.2999877929688,958.2999877929688,958.2999877929688,958.2999877929688,0
2022-08-12T00:00:00Z,958.2999877929688,958.2999877929688,958.2999877929688,958.2999877929688,0
2022-08-15T00:00:00Z,932.5,932.5,932.5,932.5,0
2022-08-16T00:00:00Z,929.9000244140625,929.9000244140625,929.9000244140625,929.9000244140625,0
2022-08-17T00:00:00Z,918.0,918.0,918.0,918.0,0
2022-08-18T00:00:00Z,903.5999755859375,903.5999755859375,903.5999755859375,903.5999755859375,0
2022-08-19T00:00:00Z,886.9000244140625,886.9000244140625,886.9000244140625,886.9000244140625,0
2022-08-22T00:00:00Z,866.9000244140625,866.9000244140625,866.9000244140625,866.9000244140625,0
2022-08-23T00:00:00Z,875.2999877929688,875.2999877929688,875.2999877929688,875.2999877929688,0
2022-08-24T00:00:00Z,872.0,874.5,865.2000122070312,866.2999877929688,4
2022-08-25T00:00:00Z,873.2999877929688,873.2999877929688,873.2999877929688,873.2999877929688,0
2022-08-26T00:00:00Z,854.5999755859375,854.5999755859375,854.5999755859375,854.5999755859375,0
2022-08-29T00:00:00Z,853.5,853.5,853.5,853.5,2
2022-08-30T00:00:00Z,830.5999755859375,830.5999755859375,830.5999755859375,830.5999755859375,0
2022-08-31T00:00:00Z,826.4000244140625,826.4000244140625,826.4000244140625,826.4000244140625,0
2022-09-01T00:00:00Z,804.0,804.0,804.0,804.0,0
2022-09-02T00:00:00Z,809.7999877929688,817.0999755859375,806.4000244140625,817.0999755859375,4
2022-09-06T00:00:00Z,832.7000122070312,832.7000122070312,832.7000122070312,832.7000122070312,4
2022-09-07T00:00:00Z,846.0,846.0,846.0,846.0,4
2022-09-08T00:00:00Z,865.2000122070312,865.2000122070312,865.2000122070312,865.2000122070312,4
2022-09-09T00:00:00Z,876.0,876.0,876.0,876.0,4
2022-09-12T00:00:00Z,903.2999877929688,903.2999877929688,903.2999877929688,903.2999877929688,4
2022-09-13T00:00:00Z,882.7999877929688,882.7999877929688,882.7999877929688,882.7999877929688,4
2022-09-14T00:00:00Z,904.5,904.5,904.5,904.5,4
2022-09-15T00:00:00Z,905.0,905.0,905.0,905.0,31
2022-09-16T00:00:00Z,900.5,900.5,900.5,900.5,31
2022-09-19T00:00:00Z,918.0,918.0,918.0,918.0,31
2022-09-20T00:00:00Z,922.0,922.0,922.0,922.0,35
2022-09-21T00:00:00Z,915.9000244140625,915.9000244140625,915.9000244140625,915.9000244140625,5
2022-09-22T00:00:00Z,905.7999877929688,905.7999877929688,905.7999877929688,905.7999877929688,5
2022-09-23T00:00:00Z,859.2999877929688,859.2999877929688,853.7999877929688,858.5,4
2022-09-26T00:00:00Z,849.9000244140625,849.9000244140625,849.9000244140625,849.9000244140625,4
2022-09-27T00:00:00Z,847.9000244140625,847.9000244140625,847.9000244140625,847.9000244140625,4
2022-09-28T00:00:00Z,871.0999755859375,871.0999755859375,871.0999755859375,871.0999755859375,7446
2022-09-29T00:00:00Z,870.5,877.4000244140625,846.2000122070312,871.2999877929688,1964
2022-09-30T00:00:00Z,869.0,883.4000244140625,866.0,870.0,56
2022-10-03T00:00:00Z,895.0,915.2000122070312,895.0,911.2999877929688,16
2022-10-04T00:00:00Z,911.2999877929688,950.0,911.2999877929688,943.7000122070312,12
2022-10-05T00:00:00Z,946.4000244140625,946.4000244140625,918.9000244140625,924.5999755859375,102
2022-10-06T00:00:00Z,931.7000122070312,931.7000122070312,931.7000122070312,931.7000122070312,21
2022-10-07T00:00:00Z,945.0,945.0,929.2000122070312,929.2000122070312,28
2022-10-10T00:00:00Z,913.2000122070312,913.2000122070312,906.2000122070312,906.2000122070312,8
2022-10-11T00:00:00Z,902.7999877929688,909.5,899.0,909.5,2
2022-10-12T00:00:00Z,891.4000244140625,891.4000244140625,891.4000244140625,891.4000244140625,0
2022-10-13T00:00:00Z,890.0,906.7999877929688,890.0,906.7999877929688,2
2022-10-14T00:00:00Z,916.7999877929688,916.7999877929688,905.2999877929688,905.2999877929688,16
2022-10-17T00:00:00Z,924.0,924.0,924.0,924.0,1
2022-10-18T00:00:00Z,924.5999755859375,924.5999755859375,917.7000122070312,917.7000122070312,2
2022-10-19T00:00:00Z,891.5,891.5,891.5,891.5,7
2022-10-20T00:00:00Z,939.9000244140625,939.9000244140625,930.0999755859375,930.0999755859375,16
2022-10-21T00:00:00Z,954.5999755859375,960.0,949.2999877929688,954.5999755859375,10
2022-10-24T00:00:00Z,947.2999877929688,947.2999877929688,947.2999877929688,947.2999877929688,6
2022-10-25T00:00:00Z,934.0999755859375,939.7000122070312,934.0999755859375,939.7000122070312,1
2022-10-26T00:00:00Z,960.2999877929688,982.5,954.0999755859375,982.5,42
2022-10-27T00:00:00Z,987.4000244140625,987.4000244140625,987.4000244140625,987.4000244140625,1
2022-10-28T00:00:00Z,958.4000244140625,958.4000244140625,958.4000244140625,958.4000244140625,1
2022-10-31T00:00:00Z,939.4000244140625,939.4000244140625,939.4000244140625,939.4000244140625,1
2022-11-01T00:00:00Z,959.7999877929688,959.7999877929688,959.7999877929688,959.7999877929688,1
2022-11-02T00:00:00Z,960.2000122070312,960.2000122070312,960.2000122070312,960.2000122070312,1
2022-11-03T00:00:00Z,933.4000244140625,933.4000244140625,933.4000244140625,933.4000244140625,1
2022-11-04T00:00:00Z,969.7999877929688,969.7999877929688,969.7999877929688,969.7999877929688,1
2022-11-07T00:00:00Z,998.7000122070312,998.7000122070312,998.7000122070312,998.7000122070312,1
2022-11-08T00:00:00Z,1023.7999877929688,1023.7999877929688,1023.7999877929688,1023.7999877929688,1
2022-11-09T00:00:00Z,1006.5999755859375,1006.5999755859375,1006.5999755859375,1006.5999755859375,1
2022-11-10T00:00:00Z,1064.300048828125,1064.300048828125,1064.300048828125,1064.300048828125,1
2022-11-11T00:00:00Z,1047.4000244140625,1047.4000244140625,1047.4000244140625,1047.4000244140625,1
2022-11-14T00:00:00Z,1042.300048828125,1042.300048828125,1042.300048828125,1042.300048828125,1
2022-11-15T00:00:00Z,1031.699951171875,1031.699951171875,1031.699951171875,1031.699951171875,1
2022-11-16T00:00:00Z,1025.5,1025.5,1025.5,1025.5,1
2022-11-17T00:00:00Z,1000.7999877929688,1000.7999877929688,1000.7999877929688,1000.7999877929688,1
2022-11-18T00:00:00Z,1002.0,1002.0,1002.0,1002.0,1
2022-11-21T00:00:00Z,1005.5999755859375,1005.5999755859375,1005.5999755859375,1005.5999755859375,1
2022-11-22T00:00:00Z,1013.4000244140625,1013.4000244140625,1013.4000244140625,1013.4000244140625,1
2022-11-23T00:00:00Z,1014.5,1014.5,1014.5,1014.5,1
2022-11-25T00:00:00Z,1005.5,1005.5,1005.5,1005.5,1
2022-11-28T00:00:00Z,1017.0,1017.0,1017.0,1017.0,0
2022-11-29T00:00:00Z,1021.5999755859375,1021.5999755859375,1021.5999755859375,1021.5999755859375,0
2022-11-30T00:00:00Z,1052.300048828125,1052.300048828125,1052.300048828125,1052.300048828125,0
2022-12-01T00:00:00Z,1067.9000244140625,1067.9000244140625,1067.9000244140625,1067.9000244140625,0
2022-12-02T00:00:00Z,1039.5999755859375,1039.5999755859375,1039.5999755859375,1039.5999755859375,0
2022-12-05T00:00:00Z,1020.5,1020.5,1020.5,1020.5,0
2022-12-06T00:00:00Z,1008.4000244140625,1008.4000244140625,1008.4000244140625,1008.4000244140625,0
2022-12-07T00:00:00Z,1024.5,1024.5,1024.5,1024.5,0
2022-12-08T00:00:00Z,1027.5999755859375,1027.5999755859375,1027.5999755859375,1027.5999755859375,0
2022-12-09T00:00:00Z,1049.199951171875,1049.199951171875,1049.199951171875,1049.199951171875,0
2022-12-12T00:00:00Z,1021.0,1021.0,1021.0,1021.0,0
2022-12-13T00:00:00Z,1051.9000244140625,1051.9000244140625,1051.9000244140625,1051.9000244140625,0
2022-12-14T00:00:00Z,1051.699951171875,1051.699951171875,1051.699951171875,1051.699951171875,0
2022-12-15T00:00:00Z,1026.199951171875,1026.199951171875,1026.199951171875,1026.199951171875,0
2022-12-16T00:00:00Z,1013.0,1013.0,1013.0,1013.0,0
2022-12-19T00:00:00Z,1000.7000122070312,1000.7000122070312,1000.7000122070312,1000.7000122070312,0
2022-12-20T00:00:00Z,1026.0,1026.0,1026.0,1026.0,0
2022-12-21T00:00:00Z,1015.0,1015.0,1015.0,1015.0,0
2022-12-22T00:00:00Z,997.5999755859375,997.5999755859375,997.5999755859375,997.5999755859375,0
2022-12-23T00:00:00Z,1042.5999755859375,1042.5999755859375,1042.5999755859375,1042.5999755859375,0
2022-12-27T00:00:00Z,1042.699951171875,1042.699951171875,1042.699951171875,1042.699951171875,0
2022-12-28T00:00:00Z,1029.800048828125,1029.800048828125,1029.800048828125,1029.800048828125,3920
2022-12-29T00:00:00Z,1013.2999877929688,1058.0999755859375,1010.2999877929688,1049.699951171875,3288
2022-12-30T00:00:00Z,1055.800048828125,1077.5,1052.0999755859375,1073.699951171875,361
2023-01-03T00:00:00Z,1078.699951171875,1092.9000244140625,1074.5,1082.0,156
2023-01-04T00:00:00Z,1100.0,1100.5,1080.699951171875,1080.699951171875,249
2023-01-05T00:00:00Z,1079.0,1079.0,1059.0999755859375,1059.0999755859375,10
2023-01-06T00:00:00Z,1063.800048828125,1096.4000244140625,1063.800048828125,1092.5999755859375,95
2023-01-09T00:00:00Z,1093.699951171875,1093.699951171875,1086.300048828125,1086.300048828125,251
2023-01-10T00:00:00Z,1078.0,1078.0,1074.5,1076.5999755859375,32
2023-01-11T00:00:00Z,1080.0,1091.0,1073.800048828125,1073.800048828125,69
2023-01-12T00:00:00Z,1068.0,1074.5999755859375,1064.0,1074.5999755859375,2
2023-01-13T00:00:00Z,1067.300048828125,1067.300048828125,1049.0,1063.699951171875,18
2023-01-17T00:00:00Z,1056.0,1056.0,1037.5,1037.5,8
2023-01-18T00:00:00Z,1052.699951171875,1052.699951171875,1034.5,1034.5,27
2023-01-19T00:00:00Z,1042.0,1042.0,1014.0,1032.0,22
2023-01-20T00:00:00Z,1028.5,1044.199951171875,1028.5,1038.0999755859375,8
2023-01-23T00:00:00Z,1046.699951171875,1046.699951171875,1046.0,1046.699951171875,1
2023-01-24T00:00:00Z,1057.699951171875,1057.699951171875,1057.699951171875,1057.699951171875,2
2023-01-25T00:00:00Z,1040.4000244140625,1041.0,1035.199951171875,1037.0,14
2023-01-26T00:00:00Z,1013.5999755859375,1013.5999755859375,1013.5999755859375,1013.5999755859375,4
2023-01-27T00:00:00Z,1007.4000244140625,1007.4000244140625,1007.4000244140625,1007.4000244140625,0
2023-01-30T00:00:00Z,1011.4000244140625,1011.4000244140625,1011.4000244140625,1011.4000244140625,0
2023-01-31T00:00:00Z,1012.0,1012.0,1012.0,1012.0,0
2023-02-01T00:00:00Z,992.5999755859375,992.5999755859375,992.5999755859375,992.5999755859375,0
2023-02-02T00:00:00Z,1023.5,1023.5,1023.5,1023.5,0
2023-02-03T00:00:00Z,971.7999877929688,971.7999877929688,971.7999877929688,971.7999877929688,0
2023-02-06T00:00:00Z,966.0999755859375,966.0999755859375,966.0999755859375,966.0999755859375,1
2023-02-07T00:00:00Z,977.7000122070312,977.7000122070312,977.7000122070312,977.7000122070312,0
2023-02-08T00:00:00Z,978.7000122070312,978.7000122070312,978.7000122070312,978.7000122070312,0
2023-02-09T00:00:00Z,957.9000244140625,957.9000244140625,957.9000244140625,957.9000244140625,0
2023-02-10T00:00:00Z,957.5,967.5,945.5999755859375,945.5999755859375,2
2023-02-13T00:00:00Z,953.2999877929688,953.2999877929688,953.2999877929688,953.2999877929688,0
2023-02-14T00:00:00Z,933.0999755859375,933.0999755859375,933.0999755859375,933.0999755859375,0
2023-02-15T00:00:00Z,911.7000122070312,911.7000122070312,911.7000122070312,911.7000122070312,0
2023-02-16T00:00:00Z,903.4000244140625,925.0999755859375,903.4000244140625,925.0999755859375,1
2023-02-17T00:00:00Z,915.0,915.5,915.0,915.5,1
2023-02-21T00:00:00Z,942.7000122070312,942.7000122070312,942.7000122070312,942.7000122070312,0
2023-02-22T00:00:00Z,947.4000244140625,947.4000244140625,947.4000244140625,947.4000244140625,0
2023-02-23T00:00:00Z,939.5999755859375,939.5999755859375,939.5999755859375,939.5999755859375,0
2023-02-24T00:00:00Z,902.0,902.0,902.0,902.0,0
2023-02-27T00:00:00Z,941.5999755859375,941.5999755859375,941.5999755859375,941.5999755859375,0
2023-02-28T00:00:00Z,955.2000122070312,955.2000122070312,955.2000122070312,955.2000122070312,0
2023-03-01T00:00:00Z,961.5,961.5,961.5,961.5,0
2023-03-02T00:00:00Z,962.9000244140625,962.9000244140625,962.9000244140625,962.9000244140625,0
2023-03-03T00:00:00Z,977.2000122070312,977.2000122070312,977.2000122070312,977.2000122070312,0
2023-03-06T00:00:00Z,976.0999755859375,976.0999755859375,976.0999755859375,976.0999755859375,0
2023-03-07T00:00:00Z,933.4000244140625,933.4000244140625,933.4000244140625,933.4000244140625,0
2023-03-08T00:00:00Z,938.0999755859375,938.0999755859375,938.0999755859375,938.0999755859375,0
2023-03-09T00:00:00Z,946.7999877929688,946.7999877929688,946.7999877929688,946.7999877929688,0
2023-03-10T00:00:00Z,959.7000122070312,959.7000122070312,959.7000122070312,959.7000122070312,0
2023-03-13T00:00:00Z,1002.5,1002.5,1002.5,1002.5,0
2023-03-14T00:00:00Z,994.9000244140625,994.9000244140625,994.9000244140625,994.9000244140625,2
2023-03-15T00:00:00Z,967.9000244140625,967.9000244140625,967.5999755859375,967.9000244140625,2
2023-03-16T00:00:00Z,974.7000122070312,974.7000122070312,974.7000122070312,974.7000122070312,0
2023-03-17T00:00:00Z,976.7000122070312,976.7000122070312,976.7000122070312,976.7000122070312,0
2023-03-20T00:00:00Z,994.9000244140625,994.9000244140625,994.9000244140625,994.9000244140625,0
2023-03-21T00:00:00Z,974.7999877929688,974.7999877929688,974.7999877929688,974.7999877929688,0
2023-03-22T00:00:00Z,985.0999755859375,985.0999755859375,985.0999755859375,985.0999755859375,0
2023-03-23T00:00:00Z,991.0,991.0,991.0,991.0,0
2023-03-24T00:00:00Z,982.0,982.0,982.0,982.0,0
2023-03-27T00:00:00Z,975.2000122070312,975.2000122070312,975.2000122070312,975.2000122070312,0
2023-03-28T00:00:00Z,961.5,961.5,961.5,961.5,0
2023-03-29T00:00:00Z,963.5999755859375,963.5999755859375,963.5999755859375,963.5999755859375,3892
2023-03-30T00:00:00Z,967.5,987.7000122070312,962.0,985.2000122070312,892
2023-03-31T00:00:00Z,984.2000122070312,997.0,979.4000244140625,994.0999755859375,37
2023-04-03T00:00:00Z,985.0,989.2000122070312,985.0,986.9000244140625,11
2023-04-04T00:00:00Z,986.0999755859375,1021.0,986.0999755859375,1018.7000122070312,24
2023-04-05T00:00:00Z,1016.7999877929688,1023.2000122070312,996.0,997.5,13
2023-04-06T00:00:00Z,999.4000244140625,1006.9000244140625,999.4000244140625,1006.9000244140625,0
2023-04-10T00:00:00Z,993.0999755859375,993.0999755859375,993.0999755859375,993.0999755859375,0
2023-04-11T00:00:00Z,996.5,996.5,995.5999755859375,995.5999755859375,2
2023-04-12T00:00:00Z,1018.0,1018.0,1018.0,1018.0,0
2023-04-13T00:00:00Z,1043.0,1056.0999755859375,1043.0,1056.0999755859375,5
2023-04-14T00:00:00Z,1044.5999755859375,1044.5999755859375,1044.5999755859375,1044.5999755859375,1
2023-04-17T00:00:00Z,1050.4000244140625,1050.4000244140625,1050.4000244140625,1050.4000244140625,0
2023-04-18T00:00:00Z,1086.5,1087.9000244140625,1086.5,1087.9000244140625,1
2023-04-19T00:00:00Z,1062.300048828125,1096.699951171875,1062.300048828125,1096.699951171875,1
2023-04-20T00:00:00Z,1098.699951171875,1101.699951171875,1098.699951171875,1098.699951171875,3
2023-04-21T00:00:00Z,1129.800048828125,1129.800048828125,1129.800048828125,1129.800048828125,0
2023-04-24T00:00:00Z,1088.800048828125,1088.800048828125,1088.800048828125,1088.800048828125,0
2023-04-25T00:00:00Z,1089.300048828125,1089.300048828125,1089.300048828125,1089.300048828125,0
2023-04-26T00:00:00Z,1097.0999755859375,1097.0999755859375,1097.0999755859375,1097.0999755859375,0
2023-04-27T00:00:00Z,1091.300048828125,1091.300048828125,1091.300048828125,1091.300048828125,0
2023-04-28T00:00:00Z,1088.199951171875,1088.199951171875,1088.199951171875,1088.199951171875,0
2023-05-01T00:00:00Z,1062.800048828125,1062.800048828125,1062.800048828125,1062.800048828125,0
2023-05-02T00:00:00Z,1076.4000244140625,1076.4000244140625,1076.4000244140625,1076.4000244140625,0
2023-05-03T00:00:00Z,1059.9000244140625,1059.9000244140625,1059.9000244140625,1059.9000244140625,0
2023-05-04T00:00:00Z,1048.4000244140625,1048.4000244140625,1048.4000244140625,1048.4000244140625,0
2023-05-05T00:00:00Z,1066.4000244140625,1066.4000244140625,1066.4000244140625,1066.4000244140625,0
2023-05-08T00:00:00Z,1088.800048828125,1088.800048828125,1088.800048828125,1088.800048828125,0
2023-05-09T00:00:00Z,1117.0999755859375,1117.0999755859375,1117.0999755859375,1117.0999755859375,0
2023-05-10T00:00:00Z,1122.199951171875,1122.199951171875,1122.199951171875,1122.199951171875,0
2023-05-11T00:00:00Z,1108.0999755859375,1108.0999755859375,1108.0999755859375,1108.0999755859375,0
2023-05-12T00:00:00Z,1070.0999755859375,1070.0999755859375,1070.0999755859375,1070.0999755859375,0
2023-05-15T00:00:00Z,1077.800048828125,1077.800048828125,1077.800048828125,1077.800048828125,0
2023-05-16T00:00:00Z,1070.0,1070.0,1070.0,1070.0,0
2023-05-17T00:00:00Z,1085.699951171875,1085.699951171875,1085.699951171875,1085.699951171875,0
2023-05-18T00:00:00Z,1061.300048828125,1061.300048828125,1061.300048828125,1061.300048828125,0
2023-05-19T00:00:00Z,1078.800048828125,1078.800048828125,1078.800048828125,1078.800048828125,0
2023-05-22T00:00:00Z,1080.4000244140625,1080.4000244140625,1080.4000244140625,1080.4000244140625,0
2023-05-23T00:00:00Z,1060.699951171875,1060.699951171875,1060.699951171875,1060.699951171875,0
2023-05-24T00:00:00Z,1032.5999755859375,1032.5999755859375,1032.5999755859375,1032.5999755859375,0
2023-05-25T00:00:00Z,1029.4000244140625,1029.4000244140625,1029.4000244140625,1029.4000244140625,0
2023-05-26T00:00:00Z,1031.199951171875,1031.199951171875,1031.199951171875,1031.199951171875,75
2023-05-30T00:00:00Z,1030.0,1030.0,1030.0,1030.0,75
2023-05-31T00:00:00Z,1007.0999755859375,1007.0999755859375,1007.0999755859375,1007.0999755859375,75
2023-06-01T00:00:00Z,1018.2000122070312,1018.2000122070312,1018.2000122070312,1018.2000122070312,75
2023-06-02T00:00:00Z,1011.5999755859375,1011.5999755859375,1011.5999755859375,1011.5999755859375,75
2023-06-05T00:00:00Z,1044.5,1044.5,1044.5,1044.5,75
2023-06-06T00:00:00Z,1046.800048828125,1046.800048828125,1046.800048828125,1046.800048828125,75
2023-06-07T00:00:00Z,1032.699951171875,1032.699951171875,1032.699951171875,1032.699951171875,75
2023-06-08T00:00:00Z,1022.0,1022.0,1022.0,1022.0,75
2023-06-09T00:00:00Z,1020.9000244140625,1020.9000244140625,1020.9000244140625,1020.9000244140625,75
2023-06-12T00:00:00Z,1003.4000244140625,1003.4000244140625,1003.4000244140625,1003.4000244140625,0
2023-06-13T00:00:00Z,990.0,990.0,990.0,990.0,100
2023-06-14T00:00:00Z,988.0999755859375,988.0999755859375,988.0999755859375,988.0999755859375,100
2023-06-15T00:00:00Z,1000.0,1000.0,1000.0,1000.0,100
2023-06-16T00:00:00Z,995.4000244140625,995.4000244140625,995.4000244140625,995.4000244140625,100
2023-06-20T00:00:00Z,976.0999755859375,976.0999755859375,976.0999755859375,976.0999755859375,100
2023-06-21T00:00:00Z,957.0999755859375,957.0999755859375,957.0999755859375,957.0999755859375,100
2023-06-22T00:00:00Z,934.5999755859375,934.5999755859375,934.5999755859375,934.5999755859375,100
2023-06-23T00:00:00Z,931.7999877929688,931.7999877929688,931.7999877929688,931.7999877929688,100
2023-06-26T00:00:00Z,936.7000122070312,936.7000122070312,936.7000122070312,936.7000122070312,100
2023-06-27T00:00:00Z,936.5999755859375,936.5999755859375,936.5999755859375,936.5999755859375,100
2023-06-28T00:00:00Z,923.4000244140625,923.4000244140625,923.4000244140625,923.4000244140625,7773
2023-06-29T00:00:00Z,910.9000244140625,919.7000122070312,887.2999877929688,897.7999877929688,2013
2023-06-30T00:00:00Z,899.2000122070312,904.5,884.0,904.5,33
2023-07-03T00:00:00Z,900.0,911.0,900.0,909.2999877929688,36
2023-07-05T00:00:00Z,917.0999755859375,918.0999755859375,909.7999877929688,918.0999755859375,59
2023-07-06T00:00:00Z,899.0999755859375,904.5,899.0999755859375,904.5,24
2023-07-07T00:00:00Z,897.7999877929688,910.9000244140625,897.7999877929688,910.0999755859375,3
2023-07-10T00:00:00Z,913.0,929.2000122070312,913.0,929.2000122070312,35
2023-07-11T00:00:00Z,922.5,929.2999877929688,922.5,925.5999755859375,14
2023-07-12T00:00:00Z,948.9000244140625,948.9000244140625,948.9000244140625,948.9000244140625,4
2023-07-13T00:00:00Z,974.4000244140625,975.2999877929688,974.4000244140625,975.2999877929688,1
2023-07-14T00:00:00Z,973.5,974.0,967.0,974.0,28
2023-07-17T00:00:00Z,965.2000122070312,977.7999877929688,965.0,977.7999877929688,38
2023-07-18T00:00:00Z,985.2000122070312,985.2000122070312,985.2000122070312,985.2000122070312,38
2023-07-19T00:00:00Z,975.4000244140625,975.4000244140625,975.4000244140625,975.4000244140625,38
2023-07-20T00:00:00Z,954.7000122070312,954.7000122070312,954.7000122070312,954.7000122070312,3
2023-07-21T00:00:00Z,963.0999755859375,963.0999755859375,963.0999755859375,963.0999755859375,3
2023-07-24T00:00:00Z,960.5,960.5,960.5,960.5,3
2023-07-25T00:00:00Z,967.7000122070312,967.7000122070312,967.7000122070312,967.7000122070312,7
2023-07-26T00:00:00Z,964.0,964.0,964.0,964.0,7
2023-07-27T00:00:00Z,937.0,937.0,937.0,937.0,0
2023-07-28T00:00:00Z,922.2999877929688,937.5999755859375,922.2999877929688,937.5999755859375,2
2023-07-31T00:00:00Z,949.7000122070312,949.7000122070312,949.7000122070312,949.7000122070312,0
2023-08-01T00:00:00Z,931.4000244140625,931.4000244140625,931.4000244140625,931.4000244140625,0
2023-08-02T00:00:00Z,921.2999877929688,921.2999877929688,921.2999877929688,921.2999877929688,2
2023-08-03T00:00:00Z,912.7999877929688,912.7999877929688,912.7999877929688,912.7999877929688,0
2023-08-04T00:00:00Z,908.5999755859375,919.4000244140625,908.4000244140625,919.4000244140625,8
2023-08-07T00:00:00Z,921.5,921.5,921.5,921.5,8
2023-08-08T00:00:00Z,897.9000244140625,897.9000244140625,897.9000244140625,897.9000244140625,8
2023-08-09T00:00:00Z,886.2000122070312,886.2000122070312,886.2000122070312,886.2000122070312,8
2023-08-10T00:00:00Z,908.2000122070312,908.2000122070312,908.2000122070312,908.2000122070312,8
2023-08-11T00:00:00Z,907.9000244140625,907.9000244140625,907.9000244140625,907.9000244140625,8
2023-08-14T00:00:00Z,900.0999755859375,900.0999755859375,900.0999755859375,900.0999755859375,8
2023-08-15T00:00:00Z,885.9000244140625,885.9000244140625,885.9000244140625,885.9000244140625,8
2023-08-16T00:00:00Z,885.2999877929688,885.2999877929688,885.2999877929688,885.2999877929688,2
2023-08-17T00:00:00Z,889.5999755859375,889.5999755859375,889.5999755859375,889.5999755859375,2
2023-08-18T00:00:00Z,909.2000122070312,909.2000122070312,909.2000122070312,909.2000122070312,2
2023-08-21T00:00:00Z,908.0,908.0,908.0,908.0,2
2023-08-22T00:00:00Z,919.5,919.5,919.5,919.5,2
2023-08-23T00:00:00Z,932.7000122070312,932.7000122070312,931.7000122070312,932.7000122070312,1
2023-08-24T00:00:00Z,939.0999755859375,939.0999755859375,939.0999755859375,939.0999755859375,13
2023-08-25T00:00:00Z,944.2999877929688,944.2999877929688,944.2999877929688,944.2999877929688,13
2023-08-28T00:00:00Z,968.2999877929688,968.2999877929688,968.2999877929688,968.2999877929688,13
2023-08-29T00:00:00Z,982.2000122070312,982.2000122070312,982.2000122070312,982.2000122070312,2
2023-08-30T00:00:00Z,980.2000122070312,980.2000122070312,980.2000122070312,980.2000122070312,0
2023-08-31T00:00:00Z,971.2999877929688,971.2999877929688,971.2999877929688,971.2999877929688,0
2023-09-01T00:00:00Z,965.5999755859375,965.5999755859375,965.5999755859375,965.5999755859375,0
2023-09-05T00:00:00Z,930.4000244140625,930.4000244140625,930.4000244140625,930.4000244140625,0
2023-09-06T00:00:00Z,912.2000122070312,912.2000122070312,912.2000122070312,912.2000122070312,0
2023-09-07T00:00:00Z,906.5,906.5,906.5,906.5,0
2023-09-08T00:00:00Z,891.7000122070312,891.7000122070312,891.7000122070312,891.7000122070312,0
2023-09-11T00:00:00Z,899.2000122070312,899.2000122070312,899.2000122070312,899.2000122070312,0
2023-09-12T00:00:00Z,909.7000122070312,909.7000122070312,909.7000122070312,909.7000122070312,0
2023-09-13T00:00:00Z,902.0999755859375,902.0999755859375,902.0999755859375,902.0999755859375,0
2023-09-14T00:00:00Z,908.0,908.0,908.0,908.0,0
2023-09-15T00:00:00Z,926.4000244140625,926.4000244140625,926.4000244140625,926.4000244140625,0
2023-09-18T00:00:00Z,938.2999877929688,938.2999877929688,938.2999877929688,938.2999877929688,0
2023-09-19T00:00:00Z,948.4000244140625,948.4000244140625,948.4000244140625,948.4000244140625,0
2023-09-20T00:00:00Z,942.2999877929688,942.2999877929688,942.2999877929688,942.2999877929688,0
2023-09-21T00:00:00Z,924.5999755859375,924.5999755859375,924.5999755859375,924.5999755859375,0
2023-09-22T00:00:00Z,934.0999755859375,934.0999755859375,934.0999755859375,934.0999755859375,0
2023-09-25T00:00:00Z,917.5,917.5,917.5,917.5,0
2023-09-26T00:00:00Z,906.5,906.5,906.5,906.5,0
2023-09-27T00:00:00Z,886.7999877929688,886.7999877929688,886.7999877929688,886.7999877929688,9397
2023-09-28T00:00:00Z,888.5999755859375,908.4000244140625,884.7000122070312,905.2999877929688,3673
2023-09-29T00:00:00Z,904.4000244140625,920.9000244140625,902.7999877929688,906.7999877929688,140
2023-10-02T00:00:00Z,909.5,910.4000244140625,875.0,876.9000244140625,190
2023-10-03T00:00:00Z,874.7999877929688,877.2999877929688,864.0,868.2999877929688,52
2023-10-04T00:00:00Z,866.5999755859375,867.0,858.9000244140625,864.5,232
2023-10-05T00:00:00Z,867.7999877929688,867.9000244140625,852.7999877929688,852.7999877929688,13
2023-10-06T00:00:00Z,854.5,871.7000122070312,850.5,871.7000122070312,13
2023-10-09T00:00:00Z,876.4000244140625,880.7000122070312,876.4000244140625,879.2000122070312,2
2023-10-10T00:00:00Z,880.5,880.5,880.5,880.5,5
2023-10-11T00:00:00Z,881.5999755859375,881.5999755859375,881.5999755859375,881.5999755859375,19
2023-10-12T00:00:00Z,875.5,875.5,867.0,867.0,60
2023-10-13T00:00:00Z,875.5,875.5,875.5,875.5,8
2023-10-16T00:00:00Z,890.4000244140625,890.4000244140625,890.4000244140625,890.4000244140625,0
2023-10-17T00:00:00Z,896.9000244140625,896.9000244140625,896.9000244140625,896.9000244140625,0
2023-10-18T00:00:00Z,901.2999877929688,901.2999877929688,884.5999755859375,884.5999755859375,1
2023-10-19T00:00:00Z,889.2999877929688,889.2999877929688,889.2999877929688,889.2999877929688,0
2023-10-20T00:00:00Z,896.7000122070312,896.7000122070312,896.7000122070312,896.7000122070312,15
2023-10-23T00:00:00Z,896.5999755859375,896.5999755859375,896.5999755859375,896.5999755859375,1
2023-10-24T00:00:00Z,883.4000244140625,884.5999755859375,881.2999877929688,884.5999755859375,2
2023-10-25T00:00:00Z,904.7999877929688,904.7999877929688,904.7999877929688,904.7999877929688,40
2023-10-26T00:00:00Z,900.0999755859375,900.0999755859375,900.0999755859375,900.0999755859375,7
2023-10-27T00:00:00Z,904.7000122070312,905.5,897.2000122070312,897.2000122070312,19
2023-10-30T00:00:00Z,931.7999877929688,931.7999877929688,931.7999877929688,931.7999877929688,1
2023-10-31T00:00:00Z,936.5,936.5,936.5,936.5,1
2023-11-01T00:00:00Z,922.5999755859375,922.5999755859375,922.5999755859375,922.5999755859375,1
2023-11-02T00:00:00Z,922.5,922.5,922.5,922.5,1
2023-11-03T00:00:00Z,936.5999755859375,936.5999755859375,936.5999755859375,936.5999755859375,1
2023-11-06T00:00:00Z,910.2000122070312,910.2000122070312,910.2000122070312,910.2000122070312,1
2023-11-07T00:00:00Z,891.5,891.5,891.5,891.5,1
2023-11-08T00:00:00Z,865.4000244140625,865.4000244140625,865.4000244140625,865.4000244140625,1
2023-11-09T00:00:00Z,856.5999755859375,856.5999755859375,856.5999755859375,856.5999755859375,1
2023-11-10T00:00:00Z,838.5999755859375,838.5999755859375,838.5999755859375,838.5999755859375,1
2023-11-13T00:00:00Z,857.0,857.0,857.0,857.0,1
2023-11-14T00:00:00Z,886.2000122070312,886.2000122070312,886.2000122070312,886.2000122070312,1
2023-11-15T00:00:00Z,895.2999877929688,895.2999877929688,895.2999877929688,895.2999877929688,1
2023-11-16T00:00:00Z,897.0999755859375,897.0999755859375,897.0999755859375,897.0999755859375,1
2023-11-17T00:00:00Z,894.7000122070312,894.7000122070312,894.7000122070312,894.7000122070312,1
2023-11-20T00:00:00Z,921.5,921.5,921.5,921.5,1
2023-11-21T00:00:00Z,940.0,940.0,940.0,940.0,1
2023-11-22T00:00:00Z,924.5999755859375,924.5999755859375,924.5999755859375,924.5999755859375,1
2023-11-24T00:00:00Z,931.0999755859375,931.0999755859375,931.0999755859375,931.0999755859375,1
2023-11-27T00:00:00Z,917.0999755859375,917.0999755859375,917.0999755859375,917.0999755859375,1
2023-11-28T00:00:00Z,944.0999755859375,944.0999755859375,944.0999755859375,944.0999755859375,68
2023-11-29T00:00:00Z,930.2000122070312,936.4000244140625,930.2000122070312,936.4000244140625,9
2023-11-30T00:00:00Z,931.2000122070312,931.2000122070312,931.2000122070312,931.2000122070312,0
2023-12-01T00:00:00Z,932.0,932.0,932.0,932.0,0
2023-12-04T00:00:00Z,921.0999755859375,921.0999755859375,921.0999755859375,921.0999755859375,0
2023-12-05T00:00:00Z,902.5999755859375,902.5999755859375,902.5999755859375,902.5999755859375,0
2023-12-06T00:00:00Z,889.7000122070312,889.7000122070312,889.7000122070312,889.7000122070312,0
2023-12-07T00:00:00Z,908.0999755859375,908.0999755859375,908.0999755859375,908.0999755859375,0
2023-12-08T00:00:00Z,916.2000122070312,916.2000122070312,916.2000122070312,916.2000122070312,0
2023-12-11T00:00:00Z,912.0999755859375,912.0999755859375,912.0999755859375,912.0999755859375,0
2023-12-12T00:00:00Z,927.4000244140625,927.4000244140625,927.4000244140625,927.4000244140625,0
2023-12-13T00:00:00Z,918.5,918.5,918.5,918.5,0
2023-12-14T00:00:00Z,965.0999755859375,965.0999755859375,965.0999755859375,965.0999755859375,0
2023-12-15T00:00:00Z,949.7999877929688,949.7999877929688,949.7999877929688,949.7999877929688,0
2023-12-18T00:00:00Z,951.5,951.5,951.5,951.5,0
2023-12-19T00:00:00Z,963.0,963.0,963.0,963.0,0
2023-12-20T00:00:00Z,971.2999877929688,971.2999877929688,971.2999877929688,971.2999877929688,0
2023-12-21T00:00:00Z,967.5999755859375,967.5999755859375,967.5999755859375,967.5999755859375,0
2023-12-22T00:00:00Z,979.5,979.5,979.5,979.5,0
2023-12-26T00:00:00Z,980.0999755859375,980.0999755859375,980.0999755859375,980.0999755859375,0
2023-12-27T00:00:00Z,981.5,1000.0999755859375,981.5,1000.0999755859375,6515
2023-12-28T00:00:00Z,1003.0999755859375,1016.0,998.5,1007.4000244140625,1251
2023-12-29T00:00:00Z,1005.5,1006.7000122070312,993.5,995.0,47
2024-01-02T00:00:00Z,990.0,998.2999877929688,985.4000244140625,985.5,47
2024-01-03T00:00:00Z,974.7000122070312,975.7999877929688,965.2999877929688,974.4000244140625,37
2024-01-04T00:00:00Z,966.0,966.4000244140625,953.9000244140625,953.9000244140625,26
2024-01-05T00:00:00Z,949.7999877929688,965.7000122070312,944.5,959.2999877929688,7
2024-01-08T00:00:00Z,945.0,946.7000122070312,945.0,946.7000122070312,4
2024-01-09T00:00:00Z,944.4000244140625,944.4000244140625,931.0,931.0,9
2024-01-10T00:00:00Z,927.5,927.5,918.7999877929688,918.7999877929688,44
2024-01-11T00:00:00Z,907.2999877929688,909.0,907.2000122070312,909.0,30
2024-01-12T00:00:00Z,910.0999755859375,910.0999755859375,910.0999755859375,910.0999755859375,18
2024-01-16T00:00:00Z,895.0999755859375,896.7999877929688,893.0999755859375,895.0999755859375,3
2024-01-17T00:00:00Z,894.2000122070312,894.2000122070312,878.7999877929688,882.7999877929688,12
2024-01-18T00:00:00Z,903.2999877929688,903.2999877929688,903.2999877929688,903.2999877929688,2
2024-01-19T00:00:00Z,897.2999877929688,898.0,897.2999877929688,897.2999877929688,2
2024-01-22T00:00:00Z,894.4000244140625,894.4000244140625,894.4000244140625,894.4000244140625,12
2024-01-23T00:00:00Z,896.2000122070312,896.2000122070312,896.2000122070312,896.2000122070312,0
2024-01-24T00:00:00Z,902.0999755859375,906.7000122070312,902.0,905.5999755859375,5
2024-01-25T00:00:00Z,887.4000244140625,887.4000244140625,887.4000244140625,887.4000244140625,5
2024-01-26T00:00:00Z,911.2999877929688,911.2999877929688,911.2999877929688,911.2999877929688,0
2024-01-29T00:00:00Z,928.5999755859375,928.5999755859375,928.5999755859375,928.5999755859375,82
2024-01-30T00:00:00Z,915.7000122070312,926.0,915.7000122070312,923.2999877929688,18
2024-01-31T00:00:00Z,924.4000244140625,924.4000244140625,924.4000244140625,924.4000244140625,0
2024-02-01T00:00:00Z,914.0,914.0,914.0,914.0,0
2024-02-02T00:00:00Z,893.7999877929688,893.7999877929688,893.7999877929688,893.7999877929688,0
2024-02-05T00:00:00Z,895.9000244140625,895.9000244140625,895.9000244140625,895.9000244140625,0
2024-02-06T00:00:00Z,903.2000122070312,903.2000122070312,903.2000122070312,903.2000122070312,0
2024-02-07T00:00:00Z,879.4000244140625,879.4000244140625,879.4000244140625,879.4000244140625,0
2024-02-08T00:00:00Z,886.5999755859375,886.5999755859375,886.5999755859375,886.5999755859375,0
2024-02-09T00:00:00Z,871.4000244140625,871.4000244140625,871.4000244140625,871.4000244140625,0
2024-02-12T00:00:00Z,891.0999755859375,891.0999755859375,891.0999755859375,891.0999755859375,0
2024-02-13T00:00:00Z,872.7000122070312,872.7000122070312,872.7000122070312,872.7000122070312,0
2024-02-14T00:00:00Z,891.2000122070312,891.2000122070312,891.2000122070312,891.2000122070312,0
2024-02-15T00:00:00Z,899.0999755859375,899.0999755859375,899.0999755859375,899.0999755859375,0
2024-02-16T00:00:00Z,907.5999755859375,907.5999755859375,907.5999755859375,907.5999755859375,0
2024-02-20T00:00:00Z,909.7000122070312,909.7000122070312,909.7000122070312,909.7000122070312,4
2024-02-21T00:00:00Z,885.0,885.0,885.0,885.0,8
2024-02-22T00:00:00Z,901.7000122070312,901.7000122070312,901.7000122070312,901.7000122070312,4
2024-02-23T00:00:00Z,906.0,906.0,906.0,906.0,0
2024-02-26T00:00:00Z,876.7999877929688,876.7999877929688,876.7999877929688,876.7999877929688,0
2024-02-27T00:00:00Z,892.7999877929688,892.7999877929688,892.7999877929688,892.7999877929688,112
2024-02-28T00:00:00Z,881.9000244140625,881.9000244140625,877.5999755859375,880.7000122070312,6
2024-02-29T00:00:00Z,879.9000244140625,879.9000244140625,879.9000244140625,879.9000244140625,6
2024-03-01T00:00:00Z,884.2000122070312,884.2000122070312,884.2000122070312,884.2000122070312,0
2024-03-04T00:00:00Z,900.5,900.5,900.5,900.5,0
2024-03-05T00:00:00Z,883.2999877929688,883.2999877929688,883.2999877929688,883.2999877929688,0
2024-03-06T00:00:00Z,910.7000122070312,910.7000122070312,910.7000122070312,910.7000122070312,0
2024-03-07T00:00:00Z,920.0999755859375,920.0999755859375,920.0999755859375,920.0999755859375,0
2024-03-08T00:00:00Z,912.0,912.0,912.0,912.0,0
2024-03-11T00:00:00Z,937.7000122070312,937.7000122070312,937.7000122070312,937.7000122070312,0
2024-03-12T00:00:00Z,925.4000244140625,925.4000244140625,925.4000244140625,925.4000244140625,0
2024-03-13T00:00:00Z,942.2999877929688,942.2999877929688,942.2999877929688,942.2999877929688,0
2024-03-14T00:00:00Z,933.4000244140625,933.4000244140625,933.4000244140625,933.4000244140625,0
2024-03-15T00:00:00Z,941.2000122070312,941.2000122070312,941.2000122070312,941.2000122070312,0
2024-03-18T00:00:00Z,918.5,918.5,918.5,918.5,0
2024-03-19T00:00:00Z,898.9000244140625,898.9000244140625,898.9000244140625,898.9000244140625,0
2024-03-20T00:00:00Z,897.0999755859375,897.0999755859375,897.0999755859375,897.0999755859375,0
2024-03-21T00:00:00Z,910.7000122070312,910.7000122070312,910.7000122070312,910.7000122070312,0
2024-03-22T00:00:00Z,896.0999755859375,896.0999755859375,896.0999755859375,896.0999755859375,0
2024-03-25T00:00:00Z,906.7000122070312,906.7000122070312,906.7000122070312,906.7000122070312,0
2024-03-26T00:00:00Z,908.5999755859375,908.5999755859375,908.5999755859375,908.5999755859375,12088
2024-03-27T00:00:00Z,903.7999877929688,907.7999877929688,888.7999877929688,895.9000244140625,3032
2024-03-28T00:00:00Z,897.9000244140625,909.0999755859375,891.9000244140625,907.7000122070312,88
2024-04-01T00:00:00Z,909.0,911.2999877929688,894.5,900.9000244140625,79
2024-04-02T00:00:00Z,910.9000244140625,924.7000122070312,910.9000244140625,922.2000122070312,166
2024-04-03T00:00:00Z,927.0,938.7999877929688,927.0,934.0,36
2024-04-04T00:00:00Z,940.0,943.2999877929688,939.7999877929688,939.7999877929688,8
2024-04-05T00:00:00Z,929.0,929.5,928.5,928.5,3
2024-04-08T00:00:00Z,961.9000244140625,965.5,961.9000244140625,961.9000244140625,2
2024-04-09T00:00:00Z,969.9000244140625,982.2999877929688,969.9000244140625,972.4000244140625,4
2024-04-10T00:00:00Z,966.0,966.0,958.7000122070312,964.5999755859375,2
2024-04-11T00:00:00Z,976.0999755859375,976.0999755859375,976.0999755859375,976.0999755859375,0
2024-04-12T00:00:00Z,990.5,990.5,990.5,990.5,0
2024-04-15T00:00:00Z,969.7999877929688,969.7999877929688,969.7999877929688,969.7999877929688,0
2024-04-16T00:00:00Z,964.0,964.0,964.0,964.0,0
2024-04-17T00:00:00Z,942.7000122070312,942.7000122070312,942.7000122070312,942.7000122070312,2
2024-04-18T00:00:00Z,942.2999877929688,946.0999755859375,940.0,945.2999877929688,24
2024-04-19T00:00:00Z,944.0999755859375,944.0999755859375,934.0999755859375,934.0999755859375,8
2024-04-22T00:00:00Z,922.2000122070312,922.2000122070312,922.2000122070312,922.2000122070312,0
2024-04-23T00:00:00Z,915.0999755859375,926.0,913.7000122070312,913.7000122070312,10
2024-04-24T00:00:00Z,910.5,910.5,908.0999755859375,910.0,30
2024-04-25T00:00:00Z,905.4000244140625,913.7000122070312,905.4000244140625,913.7000122070312,10
2024-04-26T00:00:00Z,914.2999877929688,914.2999877929688,914.2999877929688,914.2999877929688,149
2024-04-29T00:00:00Z,939.7999877929688,954.0999755859375,939.7999877929688,954.0999755859375,18
2024-04-30T00:00:00Z,941.2000122070312,941.2000122070312,941.2000122070312,941.2000122070312,0
2024-05-01T00:00:00Z,950.4000244140625,950.4000244140625,949.0,949.0,1
2024-05-02T00:00:00Z,956.7000122070312,956.7000122070312,956.7000122070312,956.7000122070312,0
2024-05-03T00:00:00Z,959.5999755859375,959.5999755859375,959.5999755859375,959.5999755859375,0
2024-05-06T00:00:00Z,959.2999877929688,959.2999877929688,959.2999877929688,959.2999877929688,0
2024-05-07T00:00:00Z,960.2000122070312,981.4000244140625,960.0,981.4000244140625,40
2024-05-08T00:00:00Z,973.7999877929688,978.5999755859375,973.7999877929688,978.5999755859375,3
2024-05-09T00:00:00Z,984.7000122070312,984.7000122070312,984.7000122070312,984.7000122070312,0
2024-05-10T00:00:00Z,1001.0999755859375,1001.0999755859375,1001.0999755859375,1001.0999755859375,0
2024-05-13T00:00:00Z,1005.2999877929688,1005.2999877929688,1005.2999877929688,1005.2999877929688,0
2024-05-14T00:00:00Z,1039.300048828125,1039.300048828125,1039.300048828125,1039.300048828125,0
2024-05-15T00:00:00Z,1055.0,1063.300048828125,1055.0,1063.300048828125,1
2024-05-16T00:00:00Z,1065.4000244140625,1065.4000244140625,1065.4000244140625,1065.4000244140625,0
2024-05-17T00:00:00Z,1084.5999755859375,1084.5999755859375,1084.5999755859375,1084.5999755859375,2
2024-05-20T00:00:00Z,1059.699951171875,1059.699951171875,1059.699951171875,1059.699951171875,0
2024-05-21T00:00:00Z,1056.699951171875,1056.699951171875,1056.699951171875,1056.699951171875,0
2024-05-22T00:00:00Z,1044.0999755859375,1044.0999755859375,1044.0999755859375,1044.0999755859375,0
2024-05-23T00:00:00Z,1025.699951171875,1025.699951171875,1025.699951171875,1025.699951171875,2
2024-05-24T00:00:00Z,1034.800048828125,1034.800048828125,1034.800048828125,1034.800048828125,2
2024-05-28T00:00:00Z,1061.699951171875,1061.699951171875,1061.699951171875,1061.699951171875,2
2024-05-29T00:00:00Z,1042.699951171875,1042.699951171875,1042.699951171875,1042.699951171875,59
2024-05-30T00:00:00Z,1034.800048828125,1038.300048828125,1032.699951171875,1032.9000244140625,11
2024-05-31T00:00:00Z,1028.0,1037.699951171875,1028.0,1037.699951171875,2
2024-06-03T00:00:00Z,1018.5,1018.5,1018.5,1018.5,2
2024-06-04T00:00:00Z,991.5999755859375,991.5999755859375,991.5999755859375,991.5999755859375,2
2024-06-05T00:00:00Z,996.0,996.0,996.0,996.0,2
2024-06-06T00:00:00Z,1008.2999877929688,1008.2999877929688,1008.2999877929688,1008.2999877929688,2
2024-06-07T00:00:00Z,967.7999877929688,967.7999877929688,967.7999877929688,967.7999877929688,25
2024-06-10T00:00:00Z,972.5,972.5,972.5,972.5,25
2024-06-11T00:00:00Z,955.5999755859375,955.5999755859375,955.5999755859375,955.5999755859375,25
2024-06-12T00:00:00Z,968.2000122070312,968.2000122070312,968.2000122070312,968.2000122070312,25
2024-06-13T00:00:00Z,951.2999877929688,951.2999877929688,951.2999877929688,951.2999877929688,25
2024-06-14T00:00:00Z,955.2999877929688,955.2999877929688,955.2999877929688,955.2999877929688,25
2024-06-17T00:00:00Z,963.2000122070312,967.7999877929688,961.2000122070312,967.7999877929688,8
2024-06-18T00:00:00Z,974.0999755859375,974.0999755859375,974.0999755859375,974.0999755859375,8
2024-06-20T00:00:00Z,981.5999755859375,981.5999755859375,981.5999755859375,981.5999755859375,8
2024-06-21T00:00:00Z,993.7000122070312,993.7000122070312,993.7000122070312,993.7000122070312,8
2024-06-24T00:00:00Z,999.0999755859375,999.0999755859375,999.0999755859375,999.0999755859375,8
2024-06-25T00:00:00Z,983.7000122070312,983.7000122070312,983.7000122070312,983.7000122070312,8
2024-06-26T00:00:00Z,1020.7000122070312,1020.7000122070312,1020.7000122070312,1020.7000122070312,7691
2024-06-27T00:00:00Z,1016.5,1016.7000122070312,986.4000244140625,991.7000122070312,3307
2024-06-28T00:00:00Z,988.9000244140625,1012.4000244140625,987.5,1001.9000244140625,67
2024-07-01T00:00:00Z,983.2000122070312,990.7999877929688,978.2999877929688,978.2999877929688,21
2024-07-02T00:00:00Z,998.2000122070312,1003.5999755859375,998.2000122070312,998.2000122070312,2
2024-07-03T00:00:00Z,1002.0,1002.0,1002.0,1002.0,0
2024-07-05T00:00:00Z,1039.0999755859375,1039.199951171875,1032.300048828125,1035.300048828125,7
2024-07-08T00:00:00Z,1003.7000122070312,1003.7000122070312,1003.7000122070312,1003.7000122070312,0
2024-07-09T00:00:00Z,996.2999877929688,996.2999877929688,989.7000122070312,989.7000122070312,6
2024-07-10T00:00:00Z,997.5,997.5,997.5,997.5,26
2024-07-11T00:00:00Z,994.5,1012.4000244140625,994.5,1005.5,8
2024-07-12T00:00:00Z,1004.5,1004.5,996.0999755859375,999.0,25
2024-07-15T00:00:00Z,990.4000244140625,1015.2000122070312,990.4000244140625,998.5,22
2024-07-16T00:00:00Z,1000.0,1010.0,1000.0,1000.0,3
2024-07-17T00:00:00Z,996.9000244140625,996.9000244140625,996.9000244140625,996.9000244140625,0
2024-07-18T00:00:00Z,974.7000122070312,974.7000122070312,974.7000122070312,974.7000122070312,0
2024-07-19T00:00:00Z,963.0,963.0,962.5,962.5,4
2024-07-22T00:00:00Z,961.0,961.0,945.4000244140625,945.4000244140625,5
2024-07-23T00:00:00Z,945.0,945.0,945.0,945.0,5
2024-07-24T00:00:00Z,958.7999877929688,958.7999877929688,958.7999877929688,958.7999877929688,0
2024-07-25T00:00:00Z,941.2000122070312,941.2000122070312,934.9000244140625,934.9000244140625,1
2024-07-26T00:00:00Z,934.0999755859375,934.0999755859375,934.0999755859375,934.0999755859375,0
2024-07-29T00:00:00Z,949.0,949.0,949.0,949.0,274
2024-07-30T00:00:00Z,955.0,965.0,955.0,965.0,8
2024-07-31T00:00:00Z,982.2000122070312,982.2000122070312,982.2000122070312,982.2000122070312,8
2024-08-01T00:00:00Z,965.4000244140625,965.4000244140625,965.4000244140625,965.4000244140625,8
2024-08-02T00:00:00Z,967.2000122070312,967.2000122070312,962.7000122070312,962.7000122070312,1
2024-08-05T00:00:00Z,911.0,911.0,911.0,911.0,1
2024-08-06T00:00:00Z,911.2999877929688,915.4000244140625,911.2999877929688,915.4000244140625,1
2024-08-07T00:00:00Z,924.0999755859375,924.0999755859375,924.0999755859375,924.0999755859375,1
2024-08-08T00:00:00Z,934.2999877929688,934.2999877929688,934.2999877929688,934.2999877929688,1
2024-08-09T00:00:00Z,928.2999877929688,928.2999877929688,927.5999755859375,927.5999755859375,2
2024-08-12T00:00:00Z,945.0999755859375,945.0999755859375,945.0999755859375,945.0999755859375,2
2024-08-13T00:00:00Z,943.0999755859375,943.0999755859375,943.0999755859375,943.0999755859375,2
2024-08-14T00:00:00Z,927.5999755859375,927.5999755859375,927.5999755859375,927.5999755859375,2
2024-08-15T00:00:00Z,960.0,960.0,960.0,960.0,50
2024-08-16T00:00:00Z,957.2999877929688,957.2999877929688,957.2999877929688,957.2999877929688,50
2024-08-19T00:00:00Z,958.9000244140625,958.9000244140625,958.9000244140625,958.9000244140625,50
2024-08-20T00:00:00Z,951.5999755859375,951.5999755859375,951.5999755859375,951.5999755859375,50
2024-08-21T00:00:00Z,969.4000244140625,980.2000122070312,968.2000122070312,968.2000122070312,4
2024-08-22T00:00:00Z,948.5999755859375,948.5999755859375,948.5999755859375,948.5999755859375,0
2024-08-23T00:00:00Z,960.4000244140625,960.4000244140625,960.4000244140625,960.4000244140625,0
2024-08-26T00:00:00Z,968.5999755859375,968.5999755859375,968.5999755859375,968.5999755859375,0
2024-08-27T00:00:00Z,959.0,959.0,959.0,959.0,0
2024-08-28T00:00:00Z,933.7000122070312,933.7000122070312,933.7000122070312,933.7000122070312,57
2024-08-29T00:00:00Z,936.4000244140625,943.2000122070312,936.4000244140625,941.4000244140625,29
2024-08-30T00:00:00Z,927.7999877929688,927.7999877929688,927.7999877929688,927.7999877929688,29
2024-09-03T00:00:00Z,905.2999877929688,905.2999877929688,905.2999877929688,905.2999877929688,29
2024-09-04T00:00:00Z,903.7999877929688,903.7999877929688,903.7999877929688,903.7999877929688,29
2024-09-05T00:00:00Z,925.9000244140625,925.9000244140625,925.9000244140625,925.9000244140625,29
2024-09-06T00:00:00Z,914.2999877929688,914.2999877929688,914.2999877929688,914.2999877929688,29
2024-09-09T00:00:00Z,942.5,942.5,942.5,942.5,29
2024-09-10T00:00:00Z,939.9000244140625,939.9000244140625,939.9000244140625,939.9000244140625,29
2024-09-11T00:00:00Z,952.4000244140625,952.4000244140625,952.4000244140625,952.4000244140625,16
2024-09-12T00:00:00Z,971.7000122070312,981.9000244140625,971.7000122070312,981.9000244140625,1
2024-09-13T00:00:00Z,1006.5,1006.5,1006.5,1006.5,1
2024-09-16T00:00:00Z,987.9000244140625,987.9000244140625,987.9000244140625,987.9000244140625,1
2024-09-17T00:00:00Z,994.7999877929688,994.7999877929688,982.7999877929688,982.7999877929688,20
2024-09-18T00:00:00Z,974.7999877929688,974.7999877929688,974.7999877929688,974.7999877929688,0
2024-09-19T00:00:00Z,994.0999755859375,994.0999755859375,994.0999755859375,994.0999755859375,0
2024-09-20T00:00:00Z,981.5999755859375,981.5999755859375,981.5999755859375,981.5999755859375,0
2024-09-23T00:00:00Z,961.5,961.5,961.5,961.5,0
2024-09-24T00:00:00Z,987.4000244140625,987.4000244140625,987.4000244140625,987.4000244140625,0
2024-09-25T00:00:00Z,991.4000244140625,991.4000244140625,991.4000244140625,991.4000244140625,0
2024-09-26T00:00:00Z,1011.0999755859375,1011.0999755859375,1011.0999755859375,1011.0999755859375,11039
2024-09-27T00:00:00Z,1011.7999877929688,1018.5999755859375,998.0,1008.5,1555
2024-09-30T00:00:00Z,1007.7999877929688,1008.4000244140625,969.7000122070312,979.0,243
2024-10-01T00:00:00Z,977.5999755859375,993.0999755859375,977.5999755859375,988.4000244140625,38
2024-10-02T00:00:00Z,1004.4000244140625,1004.4000244140625,1004.4000244140625,1004.4000244140625,8
2024-10-03T00:00:00Z,980.0999755859375,993.2000122070312,978.0,993.2000122070312,56
2024-10-04T00:00:00Z,990.0,994.0,989.2000122070312,989.7999877929688,51
2024-10-07T00:00:00Z,981.0,981.0,971.2999877929688,977.0,23
2024-10-08T00:00:00Z,965.9000244140625,965.9000244140625,951.7000122070312,951.7000122070312,32
2024-10-09T00:00:00Z,948.0,952.2000122070312,948.0,948.7000122070312,6
2024-10-10T00:00:00Z,967.7000122070312,967.7000122070312,967.7000122070312,967.7000122070312,3
2024-10-11T00:00:00Z,985.0,985.0,985.0,985.0,0
2024-10-14T00:00:00Z,994.9000244140625,994.9000244140625,994.9000244140625,994.9000244140625,0
2024-10-15T00:00:00Z,987.7000122070312,987.7000122070312,987.7000122070312,987.7000122070312,0
2024-10-16T00:00:00Z,993.7999877929688,993.7999877929688,993.7999877929688,993.7999877929688,0
2024-10-17T00:00:00Z,997.0,997.0,997.0,997.0,0
2024-10-18T00:00:00Z,1006.9000244140625,1015.0999755859375,1006.9000244140625,1015.0999755859375,2
2024-10-21T00:00:00Z,1010.7000122070312,1010.7000122070312,1007.5999755859375,1007.5999755859375,2
2024-10-22T00:00:00Z,1033.0,1033.0,1033.0,1033.0,0
2024-10-23T00:00:00Z,1024.0999755859375,1024.0999755859375,1019.7999877929688,1019.7999877929688,20
2024-10-24T00:00:00Z,1024.199951171875,1024.199951171875,1024.199951171875,1024.199951171875,0
2024-10-25T00:00:00Z,1027.199951171875,1027.199951171875,1027.0,1027.199951171875,1
2024-10-28T00:00:00Z,1036.9000244140625,1040.0,1036.9000244140625,1037.300048828125,4
2024-10-29T00:00:00Z,1050.0,1051.0,1050.0,1051.0,108
2024-10-30T00:00:00Z,1053.800048828125,1053.800048828125,1013.0999755859375,1013.0999755859375,38
2024-10-31T00:00:00Z,991.5999755859375,991.5999755859375,991.5999755859375,991.5999755859375,16
2024-11-01T00:00:00Z,995.0999755859375,995.0999755859375,995.0999755859375,995.0999755859375,5
2024-11-04T00:00:00Z,982.4000244140625,982.4000244140625,982.4000244140625,982.4000244140625,0
2024-11-05T00:00:00Z,1000.4000244140625,1000.4000244140625,1000.4000244140625,1000.4000244140625,0
2024-11-06T00:00:00Z,986.0,986.0,986.0,986.0,0
2024-11-07T00:00:00Z,986.7999877929688,992.7999877929688,986.7999877929688,992.7999877929688,1
2024-11-08T00:00:00Z,973.5999755859375,973.5999755859375,973.5999755859375,973.5999755859375,6
2024-11-11T00:00:00Z,979.7999877929688,979.7999877929688,964.2999877929688,964.2999877929688,1
2024-11-12T00:00:00Z,942.9000244140625,942.9000244140625,942.9000244140625,942.9000244140625,1
2024-11-13T00:00:00Z,938.0999755859375,938.0999755859375,938.0999755859375,938.0999755859375,1
2024-11-14T00:00:00Z,938.7000122070312,938.7000122070312,938.7000122070312,938.7000122070312,1
2024-11-15T00:00:00Z,939.7999877929688,939.7999877929688,939.7999877929688,939.7999877929688,1
2024-11-18T00:00:00Z,969.0999755859375,969.0999755859375,969.0999755859375,969.0999755859375,1
2024-11-19T00:00:00Z,973.2999877929688,973.2999877929688,973.2999877929688,973.2999877929688,1
2024-11-20T00:00:00Z,960.7000122070312,960.7000122070312,960.7000122070312,960.7000122070312,1
2024-11-21T00:00:00Z,965.2000122070312,965.2000122070312,965.2000122070312,965.2000122070312,1
2024-11-22T00:00:00Z,969.7000122070312,969.7000122070312,969.7000122070312,969.7000122070312,1
2024-11-25T00:00:00Z,938.7999877929688,938.7999877929688,938.7999877929688,938.7999877929688,1
2024-11-26T00:00:00Z,923.2999877929688,923.2999877929688,923.2999877929688,923.2999877929688,65
2024-11-27T00:00:00Z,924.7999877929688,938.0,924.7999877929688,926.9000244140625,53
2024-11-29T00:00:00Z,949.9000244140625,949.9000244140625,949.5,949.5,0
2024-12-02T00:00:00Z,945.9000244140625,945.9000244140625,945.9000244140625,945.9000244140625,0
2024-12-03T00:00:00Z,955.7999877929688,955.7999877929688,955.7999877929688,955.7999877929688,0
2024-12-04T00:00:00Z,948.9000244140625,948.9000244140625,948.9000244140625,948.9000244140625,0
2024-12-05T00:00:00Z,937.2000122070312,937.2000122070312,937.2000122070312,937.2000122070312,0
2024-12-06T00:00:00Z,930.0,930.0,930.0,930.0,2
2024-12-09T00:00:00Z,950.2000122070312,950.2000122070312,950.2000122070312,950.2000122070312,0
2024-12-10T00:00:00Z,945.2999877929688,945.2999877929688,945.2999877929688,945.2999877929688,0
2024-12-11T00:00:00Z,947.0,947.0,947.0,947.0,0
2024-12-12T00:00:00Z,937.0,937.0,936.0999755859375,936.5999755859375,8
2024-12-13T00:00:00Z,921.2999877929688,921.2999877929688,921.2999877929688,921.2999877929688,22
2024-12-16T00:00:00Z,938.2999877929688,938.2999877929688,938.2999877929688,938.2999877929688,22
2024-12-17T00:00:00Z,941.5,941.5,941.5,941.5,22
2024-12-18T00:00:00Z,932.5999755859375,932.5999755859375,932.5999755859375,932.5999755859375,22
2024-12-19T00:00:00Z,921.5,921.5,921.5,921.5,22
2024-12-20T00:00:00Z,932.0,934.4000244140625,932.0,934.4000244140625,2
2024-12-23T00:00:00Z,946.9000244140625,946.9000244140625,946.9000244140625,946.9000244140625,2
2024-12-24T00:00:00Z,958.5,958.5,958.5,958.5,2
2024-12-26T00:00:00Z,952.2000122070312,952.2000122070312,952.2000122070312,952.2000122070312,2
2024-12-27T00:00:00Z,917.5,917.5,917.5,917.5,8998
2024-12-30T00:00:00Z,920.0,925.2000122070312,896.5,902.4000244140625,4929
2024-12-31T00:00:00Z,898.0999755859375,900.5,893.5,894.0,39
2025-01-02T00:00:00Z,894.2000122070312,913.5,894.2000122070312,908.9000244140625,229
2025-01-03T00:00:00Z,934.5999755859375,934.5999755859375,934.5999755859375,934.5999755859375,0
2025-01-06T00:00:00Z,930.7000122070312,936.2000122070312,929.2999877929688,929.2999877929688,45
2025-01-07T00:00:00Z,956.2000122070312,965.5,956.2000122070312,962.7999877929688,6
2025-01-08T00:00:00Z,968.4000244140625,969.7999877929688,968.0,969.7999877929688,18
2025-01-09T00:00:00Z,965.0999755859375,970.2999877929688,965.0999755859375,970.2999877929688,28
2025-01-10T00:00:00Z,983.0,983.2000122070312,982.0,982.0999755859375,15
2025-01-13T00:00:00Z,963.9000244140625,963.9000244140625,962.0999755859375,962.0999755859375,8
2025-01-14T00:00:00Z,936.2000122070312,936.2000122070312,936.2000122070312,936.2000122070312,1
2025-01-15T00:00:00Z,935.5,938.2999877929688,931.2999877929688,931.2999877929688,115
2025-01-16T00:00:00Z,934.2999877929688,934.2999877929688,934.2999877929688,934.2999877929688,0
2025-01-17T00:00:00Z,950.7999877929688,951.0999755859375,950.7999877929688,951.0999755859375,19
2025-01-21T00:00:00Z,947.5,959.9000244140625,946.5999755859375,957.2000122070312,27
2025-01-22T00:00:00Z,956.0,959.0999755859375,956.0,958.2000122070312,6
2025-01-23T00:00:00Z,957.0999755859375,957.0999755859375,957.0999755859375,957.0999755859375,0
2025-01-24T00:00:00Z,958.9000244140625,959.4000244140625,957.5999755859375,957.5999755859375,14
2025-01-27T00:00:00Z,959.4000244140625,959.4000244140625,946.4000244140625,946.9000244140625,6
2025-01-28T00:00:00Z,947.0,947.0,947.0,947.0,0
2025-01-29T00:00:00Z,971.5999755859375,971.7000122070312,965.4000244140625,965.4000244140625,100
2025-01-30T00:00:00Z,978.4000244140625,1018.0,977.9000244140625,1016.5,119
2025-01-31T00:00:00Z,1033.199951171875,1033.199951171875,1033.199951171875,1033.199951171875,0
2025-02-03T00:00:00Z,991.7999877929688,991.7999877929688,991.7999877929688,991.7999877929688,0
2025-02-04T00:00:00Z,1002.5,1002.5,1002.5,1002.5,0
2025-02-05T00:00:00Z,1015.5999755859375,1015.5999755859375,1015.5999755859375,1015.5999755859375,0
2025-02-06T00:00:00Z,1013.7000122070312,1013.7000122070312,1013.7000122070312,1013.7000122070312,51
2025-02-07T00:00:00Z,1011.0999755859375,1011.0999755859375,1011.0999755859375,1011.0999755859375,1
2025-02-10T00:00:00Z,1022.5,1022.5,1022.5,1022.5,0
2025-02-11T00:00:00Z,1026.9000244140625,1026.9000244140625,1026.9000244140625,1026.9000244140625,0
2025-02-12T00:00:00Z,1033.199951171875,1038.699951171875,1033.199951171875,1038.699951171875,1
2025-02-13T00:00:00Z,1033.699951171875,1033.699951171875,1033.699951171875,1033.699951171875,1
2025-02-14T00:00:00Z,1009.7999877929688,1009.7999877929688,1009.7999877929688,1009.7999877929688,1
2025-02-18T00:00:00Z,996.5999755859375,996.5999755859375,996.5999755859375,996.5999755859375,1
2025-02-19T00:00:00Z,976.7000122070312,976.7000122070312,976.7000122070312,976.7000122070312,1
2025-02-20T00:00:00Z,987.7999877929688,987.7999877929688,987.7999877929688,987.7999877929688,1
2025-02-21T00:00:00Z,978.2999877929688,978.2999877929688,978.2999877929688,978.2999877929688,1
2025-02-24T00:00:00Z,961.2000122070312,961.2000122070312,961.2000122070312,961.2000122070312,1
2025-02-25T00:00:00Z,960.5999755859375,960.5999755859375,960.5999755859375,960.5999755859375,22
2025-02-26T00:00:00Z,967.7999877929688,967.7999877929688,967.7999877929688,967.7999877929688,114
2025-02-27T00:00:00Z,962.7000122070312,962.7000122070312,951.9000244140625,951.9000244140625,70
2025-02-28T00:00:00Z,932.2999877929688,932.2999877929688,932.2999877929688,932.2999877929688,4
2025-03-03T00:00:00Z,966.5999755859375,966.5999755859375,966.5999755859375,966.5999755859375,6
2025-03-04T00:00:00Z,966.5,966.5,966.5,966.5,12
2025-03-05T00:00:00Z,969.4000244140625,969.4000244140625,969.4000244140625,969.4000244140625,1
2025-03-06T00:00:00Z,974.7999877929688,974.7999877929688,974.7999877929688,974.7999877929688,5
2025-03-07T00:00:00Z,976.5,976.5,961.5999755859375,961.5999755859375,10
2025-03-10T00:00:00Z,962.0,962.0,962.0,962.0,2
2025-03-11T00:00:00Z,975.4000244140625,975.4000244140625,975.4000244140625,975.4000244140625,18
2025-03-12T00:00:00Z,992.2000122070312,992.2000122070312,992.2000122070312,992.2000122070312,0
2025-03-13T00:00:00Z,1002.5,1002.5,1002.5,1002.5,0
2025-03-14T00:00:00Z,1010.0,1010.0,1010.0,1010.0,6
2025-03-17T00:00:00Z,1023.5,1023.5,1023.5,1023.5,0
2025-03-18T00:00:00Z,1020.5,1020.5,1020.5,1020.5,400
2025-03-19T00:00:00Z,1006.2999877929688,1006.2999877929688,1006.2999877929688,1006.2999877929688,106
2025-03-20T00:00:00Z,989.5,989.5,989.5,989.5,0
2025-03-21T00:00:00Z,976.2000122070312,976.2000122070312,976.2000122070312,976.2000122070312,0
2025-03-24T00:00:00Z,962.5999755859375,962.5999755859375,962.5999755859375,962.5999755859375,0
2025-03-25T00:00:00Z,973.0999755859375,973.0999755859375,973.0999755859375,973.0999755859375,0
2025-03-26T00:00:00Z,967.9000244140625,967.9000244140625,967.9000244140625,967.9000244140625,0
2025-03-27T00:00:00Z,983.2000122070312,983.2000122070312,983.2000122070312,983.2000122070312,12138
2025-03-28T00:00:00Z,989.5,994.2999877929688,969.7000122070312,977.7000122070312,4407
2025-03-31T00:00:00Z,984.7999877929688,1011.2000122070312,984.7999877929688,1009.7000122070312,242
2025-04-01T00:00:00Z,1005.5999755859375,1005.5999755859375,986.0999755859375,987.0999755859375,93
2025-04-02T00:00:00Z,988.7999877929688,992.4000244140625,977.9000244140625,977.9000244140625,76
2025-04-03T00:00:00Z,975.2999877929688,975.5999755859375,936.0,942.5,313
2025-04-04T00:00:00Z,936.2999877929688,936.2999877929688,899.9000244140625,902.0,450
2025-04-07T00:00:00Z,888.0,909.7000122070312,884.5,894.0,490
2025-04-08T00:00:00Z,906.7000122070312,906.7999877929688,899.5999755859375,899.5999755859375,121
2025-04-09T00:00:00Z,903.7000122070312,908.5999755859375,903.7000122070312,908.5999755859375,110
2025-04-10T00:00:00Z,926.9000244140625,927.2999877929688,922.4000244140625,922.4000244140625,390
2025-04-11T00:00:00Z,928.7000122070312,937.0,928.7000122070312,934.2999877929688,37
2025-04-14T00:00:00Z,950.7999877929688,950.7999877929688,948.5999755859375,948.5999755859375,126
2025-04-15T00:00:00Z,960.7000122070312,960.7000122070312,960.2000122070312,960.2000122070312,1
2025-04-16T00:00:00Z,957.7000122070312,969.7000122070312,957.7000122070312,969.7000122070312,1
2025-04-17T00:00:00Z,967.2999877929688,967.2999877929688,967.2999877929688,967.2999877929688,0
2025-04-21T00:00:00Z,957.7999877929688,957.7999877929688,957.7999877929688,957.7999877929688,0
2025-04-22T00:00:00Z,955.0,955.0,953.4000244140625,953.4000244140625,1
2025-04-23T00:00:00Z,970.7000122070312,970.7000122070312,970.7000122070312,970.7000122070312,0
2025-04-24T00:00:00Z,971.5999755859375,971.5999755859375,971.5999755859375,971.5999755859375,0
2025-04-25T00:00:00Z,964.7999877929688,964.7999877929688,964.7999877929688,964.7999877929688,2
2025-04-28T00:00:00Z,982.7000122070312,987.4000244140625,979.2999877929688,987.4000244140625,50
2025-04-29T00:00:00Z,987.2000122070312,989.9000244140625,976.2000122070312,978.7000122070312,6
2025-04-30T00:00:00Z,964.4000244140625,966.7999877929688,960.7000122070312,963.7999877929688,53
2025-05-01T00:00:00Z,964.7000122070312,964.7999877929688,964.7000122070312,964.7999877929688,24
2025-05-02T00:00:00Z,976.7000122070312,977.2000122070312,962.9000244140625,962.9000244140625,7
2025-05-05T00:00:00Z,957.5,957.5,957.5,957.5,7
2025-05-06T00:00:00Z,987.7999877929688,987.7999877929688,987.7999877929688,987.7999877929688,7
2025-05-07T00:00:00Z,979.7999877929688,979.7999877929688,979.7999877929688,979.7999877929688,7
2025-05-08T00:00:00Z,976.2999877929688,976.2999877929688,976.2999877929688,976.2999877929688,7
2025-05-09T00:00:00Z,998.5,998.5,998.5,998.5,5
2025-05-12T00:00:00Z,974.2999877929688,974.2999877929688,974.2999877929688,974.2999877929688,25
2025-05-13T00:00:00Z,991.0,991.0,991.0,991.0,25
2025-05-14T00:00:00Z,982.7000122070312,983.5,980.7999877929688,980.7999877929688,10
2025-05-15T00:00:00Z,996.5,996.5,996.5,996.5,10
2025-05-16T00:00:00Z,990.2000122070312,990.2000122070312,990.2000122070312,990.2000122070312,10
2025-05-19T00:00:00Z,1004.5,1004.5,1004.5,1004.5,10
2025-05-20T00:00:00Z,1053.800048828125,1053.800048828125,1053.800048828125,1053.800048828125,10
2025-05-21T00:00:00Z,1082.5999755859375,1082.5999755859375,1082.5999755859375,1082.5999755859375,10
2025-05-22T00:00:00Z,1078.199951171875,1078.199951171875,1078.199951171875,1078.199951171875,10
2025-05-23T00:00:00Z,1087.4000244140625,1087.4000244140625,1087.4000244140625,1087.4000244140625,10
2025-05-27T00:00:00Z,1075.5999755859375,1075.5999755859375,1075.5999755859375,1075.5999755859375,10
2025-05-28T00:00:00Z,1070.5999755859375,1070.5999755859375,1070.5999755859375,1070.5999755859375,60
2025-05-29T00:00:00Z,1079.199951171875,1080.300048828125,1074.699951171875,1074.699951171875,30
2025-05-30T00:00:00Z,1051.699951171875,1051.699951171875,1051.699951171875,1051.699951171875,0
2025-06-02T00:00:00Z,1060.300048828125,1060.300048828125,1060.300048828125,1060.300048828125,0
2025-06-03T00:00:00Z,1052.300048828125,1071.300048828125,1051.699951171875,1071.300048828125,54
2025-06-04T00:00:00Z,1076.300048828125,1089.5,1076.300048828125,1088.699951171875,120
2025-06-05T00:00:00Z,1085.9000244140625,1133.699951171875,1085.9000244140625,1133.699951171875,467
2025-06-06T00:00:00Z,1155.0,1169.9000244140625,1155.0,1166.699951171875,164
2025-06-09T00:00:00Z,1177.0999755859375,1213.5999755859375,1177.0999755859375,1213.5999755859375,1
2025-06-10T00:00:00Z,1225.0,1225.0,1209.800048828125,1209.800048828125,1
2025-06-11T00:00:00Z,1267.199951171875,1267.699951171875,1258.0999755859375,1258.0999755859375,200
2025-06-12T00:00:00Z,1272.699951171875,1272.699951171875,1272.699951171875,1272.699951171875,61
2025-06-13T00:00:00Z,1230.699951171875,1231.0,1210.0,1210.800048828125,4
2025-06-16T00:00:00Z,1251.5,1251.5,1247.9000244140625,1251.5,4
2025-06-17T00:00:00Z,1260.0999755859375,1260.0999755859375,1260.0999755859375,1260.0999755859375,0
2025-06-18T00:00:00Z,1311.5,1311.5,1311.5,1311.5,0
2025-06-20T00:00:00Z,1337.699951171875,1345.800048828125,1263.699951171875,1263.699951171875,5
2025-06-23T00:00:00Z,1283.4000244140625,1283.4000244140625,1283.4000244140625,1283.4000244140625,50
2025-06-24T00:00:00Z,1304.199951171875,1304.199951171875,1304.199951171875,1304.199951171875,0
2025-06-25T00:00:00Z,1329.5999755859375,1329.5999755859375,1329.5999755859375,1329.5999755859375,0
2025-06-26T00:00:00Z,1399.800048828125,1399.800048828125,1399.800048828125,1399.800048828125,12298
2025-06-27T00:00:00Z,1413.199951171875,1425.199951171875,1320.0,1340.9000244140625,1775
2025-06-30T00:00:00Z,1346.0,1376.199951171875,1334.0,1334.0,172
2025-07-01T00:00:00Z,1363.0,1365.800048828125,1343.699951171875,1345.9000244140625,172
2025-07-02T00:00:00Z,1367.9000244140625,1428.5999755859375,1367.9000244140625,1421.0,95
2025-07-03T00:00:00Z,1418.0,1418.0,1351.699951171875,1372.0,0
2025-07-04T00:00:00Z,1385.800048828125,1385.800048828125,1382.5,1382.5,0
2025-07-07T00:00:00Z,1387.0,1389.300048828125,1351.699951171875,1361.800048828125,97
2025-07-08T00:00:00Z,1374.9000244140625,1384.5999755859375,1354.300048828125,1376.5999755859375,102
2025-07-09T00:00:00Z,1362.9000244140625,1370.5999755859375,1362.9000244140625,1370.5999755859375,12
2025-07-10T00:00:00Z,1409.800048828125,1409.800048828125,1394.800048828125,1394.9000244140625,157
2025-07-11T00:00:00Z,1395.4000244140625,1457.0999755859375,1393.800048828125,1452.0,16
2025-07-14T00:00:00Z,1431.0,1431.0,1398.5,1399.699951171875,112
2025-07-15T00:00:00Z,1395.0,1395.0,1395.0,1395.0,17
2025-07-16T00:00:00Z,1417.0999755859375,1417.0999755859375,1417.0999755859375,1417.0999755859375,30
2025-07-17T00:00:00Z,1422.300048828125,1471.9000244140625,1415.300048828125,1454.4000244140625,159
2025-07-18T00:00:00Z,1472.0,1487.300048828125,1438.5,1438.5,636
2025-07-21T00:00:00Z,1491.199951171875,1491.199951171875,1477.699951171875,1477.699951171875,3
2025-07-22T00:00:00Z,1464.0,1465.5,1464.0,1465.5,3
2025-07-23T00:00:00Z,1463.4000244140625,1463.4000244140625,1437.699951171875,1437.699951171875,27
2025-07-24T00:00:00Z,1424.5999755859375,1424.5999755859375,1424.5999755859375,1424.5999755859375,0
2025-07-25T00:00:00Z,1410.0,1410.0999755859375,1398.0,1407.4000244140625,20
2025-07-28T00:00:00Z,1404.0999755859375,1404.0999755859375,1404.0999755859375,1404.0999755859375,0
2025-07-29T00:00:00Z,1404.0,1404.0,1404.0,1404.0,438
2025-07-30T00:00:00Z,1406.699951171875,1406.699951171875,1276.199951171875,1360.699951171875,352
2025-07-31T00:00:00Z,1303.800048828125,1303.800048828125,1286.4000244140625,1286.4000244140625,2
2025-08-01T00:00:00Z,1289.0,1315.199951171875,1284.5,1304.0,7
2025-08-04T00:00:00Z,1323.4000244140625,1351.199951171875,1323.4000244140625,1326.4000244140625,80
2025-08-05T00:00:00Z,1317.9000244140625,1317.9000244140625,1317.199951171875,1317.199951171875,4
2025-08-06T00:00:00Z,1326.0,1338.300048828125,1326.0,1326.0,47
2025-08-07T00:00:00Z,1339.9000244140625,1339.9000244140625,1339.9000244140625,1339.9000244140625,0
2025-08-08T00:00:00Z,1325.5999755859375,1325.5999755859375,1325.5999755859375,1325.5999755859375,2
2025-08-11T00:00:00Z,1329.9000244140625,1329.9000244140625,1329.9000244140625,1329.9000244140625,7
2025-08-12T00:00:00Z,1341.9000244140625,1341.9000244140625,1341.9000244140625,1341.9000244140625,0
2025-08-13T00:00:00Z,1331.5,1331.5,1331.5,1331.5,0
2025-08-14T00:00:00Z,1350.300048828125,1350.300048828125,1350.300048828125,1350.300048828125,0
2025-08-15T00:00:00Z,1334.300048828125,1334.300048828125,1334.300048828125,1334.300048828125,0
2025-08-18T00:00:00Z,1326.4000244140625,1326.4000244140625,1326.4000244140625,1326.4000244140625,0
2025-08-19T00:00:00Z,1302.300048828125,1302.300048828125,1302.300048828125,1302.300048828125,91
2025-08-20T00:00:00Z,1334.0,1334.0,1334.0,1334.0,0
2025-08-21T00:00:00Z,1351.199951171875,1351.199951171875,1351.199951171875,1351.199951171875,0
2025-08-22T00:00:00Z,1355.4000244140625,1355.4000244140625,1355.4000244140625,1355.4000244140625,0
2025-08-25T00:00:00Z,1331.5999755859375,1331.5999755859375,1331.5999755859375,1331.5999755859375,24
2025-08-26T00:00:00Z,1342.4000244140625,1342.4000244140625,1342.4000244140625,1342.4000244140625,0
2025-08-27T00:00:00Z,1341.4000244140625,1341.4000244140625,1341.4000244140625,1341.4000244140625,129
2025-08-28T00:00:00Z,1356.4000244140625,1356.4000244140625,1356.4000244140625,1356.4000244140625,17
2025-08-29T00:00:00Z,1365.699951171875,1365.699951171875,1365.699951171875,1365.699951171875,0
2025-09-02T00:00:00Z,1405.800048828125,1405.800048828125,1405.800048828125,1405.800048828125,55
2025-09-03T00:00:00Z,1448.5999755859375,1448.5999755859375,1448.5999755859375,1448.5999755859375,10
2025-09-04T00:00:00Z,1371.199951171875,1371.199951171875,1371.199951171875,1371.199951171875,125
2025-09-05T00:00:00Z,1381.699951171875,1381.699951171875,1381.699951171875,1381.699951171875,0
2025-09-08T00:00:00Z,1380.800048828125,1380.800048828125,1380.800048828125,1380.800048828125,0
2025-09-09T00:00:00Z,1367.300048828125,1367.300048828125,1367.300048828125,1367.300048828125,0
2025-09-10T00:00:00Z,1392.9000244140625,1392.9000244140625,1392.9000244140625,1392.9000244140625,90
2025-09-11T00:00:00Z,1395.4000244140625,1395.4000244140625,1395.4000244140625,1395.4000244140625,0
2025-09-12T00:00:00Z,1407.300048828125,1407.300048828125,1407.300048828125,1407.300048828125,0
2025-09-15T00:00:00Z,1412.800048828125,1412.800048828125,1412.800048828125,1412.800048828125,0
2025-09-16T00:00:00Z,1398.5,1398.5,1398.5,1398.5,0
2025-09-17T00:00:00Z,1372.699951171875,1372.699951171875,1372.699951171875,1372.699951171875,0
2025-09-18T00:00:00Z,1397.4000244140625,1397.4000244140625,1397.4000244140625,1397.4000244140625,1
2025-09-19T00:00:00Z,1414.300048828125,1414.300048828125,1414.300048828125,1414.300048828125,0
2025-09-22T00:00:00Z,1423.699951171875,1423.699951171875,1423.699951171875,1423.699951171875,21
2025-09-23T00:00:00Z,1504.199951171875,1504.199951171875,1504.199951171875,1504.199951171875,0
2025-09-24T00:00:00Z,1484.5,1484.5,1484.5,1484.5,107
2025-09-25T00:00:00Z,1515.0,1530.699951171875,1515.0,1530.699951171875,1
2025-09-26T00:00:00Z,1581.800048828125,1582.699951171875,1581.800048828125,1582.699951171875,14363
2025-09-29T00:00:00Z,1592.199951171875,1629.4000244140625,1588.0,1609.300048828125,3465
2025-09-30T00:00:00Z,1617.0999755859375,1628.4000244140625,1567.0,1584.5999755859375,290
2025-10-01T00:00:00Z,1593.300048828125,1598.0,1563.699951171875,1569.9000244140625,91
2025-10-02T00:00:00Z,1581.0,1590.0,1543.699951171875,1563.800048828125,86
2025-10-03T00:00:00Z,1590.4000244140625,1623.0,1590.4000244140625,1619.300048828125,70
2025-10-06T00:00:00Z,1624.9000244140625,1650.199951171875,1616.0,1634.9000244140625,167
2025-10-07T00:00:00Z,1614.5,1640.5,1614.4000244140625,1626.5999755859375,50
2025-10-08T00:00:00Z,1681.800048828125,1681.800048828125,1678.0,1678.0,45
2025-10-09T00:00:00Z,1661.800048828125,1700.699951171875,1634.0999755859375,1634.0999755859375,19
2025-10-10T00:00:00Z,1636.4000244140625,1642.5999755859375,1600.0,1600.699951171875,59
2025-10-13T00:00:00Z,1660.0,1682.9000244140625,1660.0,1669.5999755859375,59
2025-10-14T00:00:00Z,1666.199951171875,1674.0999755859375,1631.800048828125,1655.0999755859375,37
2025-10-15T00:00:00Z,1662.0999755859375,1668.699951171875,1662.0999755859375,1668.699951171875,29
2025-10-16T00:00:00Z,1656.699951171875,1741.199951171875,1656.699951171875,1734.9000244140625,20
2025-10-17T00:00:00Z,1675.0,1675.0,1602.300048828125,1602.300048828125,116
2025-10-20T00:00:00Z,1580.0,1634.9000244140625,1580.0,1634.9000244140625,53
2025-10-21T00:00:00Z,1591.699951171875,1591.699951171875,1504.0,1504.0,39
2025-10-22T00:00:00Z,1477.0999755859375,1536.0,1477.0999755859375,1536.0,39
2025-10-23T00:00:00Z,1583.800048828125,1588.5,1583.800048828125,1587.5999755859375,43
2025-10-24T00:00:00Z,1593.9000244140625,1593.9000244140625,1593.9000244140625,1593.9000244140625,0
2025-10-27T00:00:00Z,1583.0,1586.199951171875,1578.4000244140625,1578.4000244140625,16
2025-10-28T00:00:00Z,1577.0,1577.0,1577.0,1577.0,4
2025-10-29T00:00:00Z,1591.300048828125,1591.300048828125,1591.300048828125,1591.300048828125,161
2025-10-30T00:00:00Z,1587.0999755859375,1608.300048828125,1587.0999755859375,1608.300048828125,54
2025-10-31T00:00:00Z,1569.800048828125,1569.800048828125,1569.800048828125,1569.800048828125,0
2025-11-03T00:00:00Z,1574.0,1574.0,1574.0,1574.0,0
2025-11-04T00:00:00Z,1542.300048828125,1542.300048828125,1542.300048828125,1542.300048828125,0
2025-11-05T00:00:00Z,1553.5,1553.5,1553.5,1553.5,2
2025-11-06T00:00:00Z,1528.300048828125,1528.300048828125,1528.300048828125,1528.300048828125,2
2025-11-07T00:00:00Z,1539.300048828125,1539.300048828125,1539.300048828125,1539.300048828125,0
2025-11-10T00:00:00Z,1591.0999755859375,1591.0999755859375,1591.0999755859375,1591.0999755859375,0
2025-11-11T00:00:00Z,1589.4000244140625,1589.4000244140625,1589.4000244140625,1589.4000244140625,0
2025-11-12T00:00:00Z,1622.300048828125,1622.300048828125,1622.300048828125,1622.300048828125,1
2025-11-13T00:00:00Z,1603.9000244140625,1603.9000244140625,1603.9000244140625,1603.9000244140625,0
2025-11-14T00:00:00Z,1555.199951171875,1555.199951171875,1555.199951171875,1555.199951171875,0
2025-11-17T00:00:00Z,1545.699951171875,1545.699951171875,1545.699951171875,1545.699951171875,0
2025-11-18T00:00:00Z,1545.199951171875,1554.0,1545.199951171875,1545.199951171875,9
2025-11-19T00:00:00Z,1557.4000244140625,1590.5,1546.9000244140625,1546.9000244140625,6
2025-11-20T00:00:00Z,1506.199951171875,1506.199951171875,1506.199951171875,1506.199951171875,0
2025-11-21T00:00:00Z,1513.800048828125,1513.800048828125,1513.800048828125,1513.800048828125,0
2025-11-24T00:00:00Z,1542.5,1542.5,1542.5,1542.5,0
2025-11-25T00:00:00Z,1556.9000244140625,1556.9000244140625,1556.9000244140625,1556.9000244140625,149
2025-11-26T00:00:00Z,1552.4000244140625,1591.0,1552.4000244140625,1578.9000244140625,42
2025-11-28T00:00:00Z,1677.699951171875,1677.699951171875,1677.699951171875,1677.699951171875,0
2025-12-01T00:00:00Z,1670.0999755859375,1670.0999755859375,1670.0999755859375,1670.0999755859375,0
2025-12-02T00:00:00Z,1644.0,1644.0,1644.0,1644.0,0
2025-12-03T00:00:00Z,1656.5,1656.5,1656.5,1656.5,0
2025-12-04T00:00:00Z,1654.4000244140625,1654.4000244140625,1654.4000244140625,1654.4000244140625,0
2025-12-05T00:00:00Z,1655.0,1655.0,1655.0,1655.0,0
2025-12-08T00:00:00Z,1655.0,1655.0,1655.0,1655.0,0
2025-12-09T00:00:00Z,1695.0999755859375,1695.0999755859375,1695.0999755859375,1695.0999755859375,0
2025-12-10T00:00:00Z,1641.800048828125,1641.800048828125,1641.800048828125,1641.800048828125,0
2025-12-11T00:00:00Z,1707.800048828125,1707.800048828125,1707.800048828125,1707.800048828125,0
2025-12-12T00:00:00Z,1757.0999755859375,1757.0999755859375,1757.0999755859375,1757.0999755859375,0
2025-12-15T00:00:00Z,1810.5,1810.5,1810.0,1810.5,1
2025-12-16T00:00:00Z,1870.0999755859375,1870.0999755859375,1870.0999755859375,1870.0999755859375,0
2025-12-17T00:00:00Z,1932.699951171875,1932.699951171875,1932.699951171875,1932.699951171875,0
2025-12-18T00:00:00Z,1955.5,1955.5,1955.5,1955.5,0
2025-12-19T00:00:00Z,2013.199951171875,2013.199951171875,2013.199951171875,2013.199951171875,0
2025-12-22T00:00:00Z,2104.5,2119.89990234375,2084.0,2084.0,29
2025-12-23T00:00:00Z,2282.0,2282.0,2282.0,2282.0,0
2025-12-24T00:00:00Z,2242.39990234375,2242.39990234375,2242.39990234375,2242.39990234375,0
2025-12-26T00:00:00Z,2467.699951171875,2467.699951171875,2467.699951171875,2467.699951171875,0
2025-12-29T00:00:00Z,2104.800048828125,2104.800048828125,2104.800048828125,2104.800048828125,13375
2025-12-30T00:00:00Z,2065.0,2242.10009765625,2055.199951171875,2232.300048828125,1820
2025-12-31T00:00:00Z,2162.0,2162.0,1978.9000244140625,2034.5,640
2026-01-02T00:00:00Z,2104.0,2143.0,2090.0,2125.699951171875,225
2026-01-05T00:00:00Z,2242.800048828125,2284.60009765625,2242.60009765625,2269.5,324
2026-01-06T00:00:00Z,2332.800048828125,2434.0,2298.699951171875,2434.0,258
2026-01-07T00:00:00Z,2358.199951171875,2372.5,2253.39990234375,2253.39990234375,126
2026-01-08T00:00:00Z,2251.699951171875,2251.699951171875,2251.699951171875,2251.699951171875,25
2026-01-09T00:00:00Z,2260.0,2278.300048828125,2260.0,2278.300048828125,3
2026-01-12T00:00:00Z,2359.60009765625,2359.60009765625,2359.60009765625,2359.60009765625,21
2026-01-13T00:00:00Z,2320.60009765625,2376.5,2317.800048828125,2333.800048828125,74
2026-01-14T00:00:00Z,2367.10009765625,2400.0,2367.10009765625,2367.10009765625,7
2026-01-15T00:00:00Z,2390.0,2390.0,2390.0,2390.0,0
2026-01-16T00:00:00Z,2285.800048828125,2303.800048828125,2240.5,2303.800048828125,55
2026-01-20T00:00:00Z,2418.0,2431.5,2406.300048828125,2431.5,79
2026-01-21T00:00:00Z,2477.199951171875,2480.39990234375,2463.0,2480.39990234375,6
2026-01-22T00:00:00Z,2561.800048828125,2561.800048828125,2561.800048828125,2561.800048828125,39
2026-01-23T00:00:00Z,2645.800048828125,2722.10009765625,2640.5,2722.10009765625,41
2026-01-26T00:00:00Z,2852.39990234375,2852.39990234375,2852.39990234375,2852.39990234375,18
2026-01-27T00:00:00Z,2513.199951171875,2513.199951171875,2513.199951171875,2513.199951171875,0
2026-01-28T00:00:00Z,2605.699951171875,2605.699951171875,2605.699951171875,2605.699951171875,243
2026-01-29T00:00:00Z,2597.39990234375,2597.39990234375,2597.39990234375,2597.39990234375,91
2026-01-30T00:00:00Z,2470.0,2470.0,2102.800048828125,2102.800048828125,34
2026-02-02T00:00:00Z,2096.699951171875,2105.0,2082.89990234375,2093.5,160
2026-02-03T00:00:00Z,2195.60009765625,2195.60009765625,2195.60009765625,2195.60009765625,20
2026-02-04T00:00:00Z,2245.0,2282.39990234375,2162.699951171875,2162.699951171875,85
2026-02-05T00:00:00Z,2080.0,2080.0,2061.60009765625,2061.60009765625,42
2026-02-06T00:00:00Z,2093.300048828125,2093.300048828125,2093.300048828125,2093.300048828125,20
2026-02-09T00:00:00Z,2108.89990234375,2108.89990234375,2108.89990234375,2108.89990234375,0
2026-02-10T00:00:00Z,2091.60009765625,2091.60009765625,2091.60009765625,2091.60009765625,0
2026-02-11T00:00:00Z,2137.89990234375,2137.89990234375,2137.89990234375,2137.89990234375,0
2026-02-12T00:00:00Z,2014.0,2014.0,2014.0,2014.0,0
2026-02-13T00:00:00Z,2071.199951171875,2071.199951171875,2071.199951171875,2071.199951171875,0
2026-02-17T00:00:00Z,2012.5,2012.5,2012.5,2012.5,0
2026-02-18T00:00:00Z,2106.39990234375,2106.39990234375,2106.39990234375,2106.39990234375,0
2026-02-19T00:00:00Z,2062.300048828125,2062.300048828125,2062.300048828125,2062.300048828125,0
2026-02-20T00:00:00Z,2169.699951171875,2169.699951171875,2169.699951171875,2169.699951171875,0
2026-02-23T00:00:00Z,2146.39990234375,2146.39990234375,2146.39990234375,2146.39990234375,0
2026-02-24T00:00:00Z,2181.10009765625,2181.10009765625,2181.10009765625,2181.10009765625,0
2026-02-25T00:00:00Z,2325.60009765625,2325.60009765625,2325.60009765625,2325.60009765625,206
2026-02-26T00:00:00Z,2291.5,2291.5,2230.699951171875,2230.699951171875,65
2026-02-27T00:00:00Z,2358.300048828125,2365.60009765625,2357.39990234375,2365.60009765625,21
2026-03-02T00:00:00Z,2311.89990234375,2311.89990234375,2311.89990234375,2311.89990234375,23
2026-03-03T00:00:00Z,2074.800048828125,2074.800048828125,2074.800048828125,2074.800048828125,0
2026-03-04T00:00:00Z,2154.699951171875,2154.699951171875,2154.699951171875,2154.699951171875,5
2026-03-05T00:00:00Z,2130.0,2130.0,2130.0,2130.0,205
2026-03-06T00:00:00Z,2142.39990234375,2142.39990234375,2142.39990234375,2142.39990234375,0
2026-03-09T00:00:00Z,2169.60009765625,2169.60009765625,2169.60009765625,2169.60009765625,0
2026-03-10T00:00:00Z,2235.0,2235.0,2235.0,2235.0,200
2026-03-11T00:00:00Z,2205.0,2205.0,2205.0,2205.0,0
2026-03-12T00:00:00Z,2160.0,2160.0,2160.0,2160.0,0
2026-03-13T00:00:00Z,2036.5999755859375,2036.5999755859375,2036.5999755859375,2036.5999755859375,0
2026-03-16T00:00:00Z,2070.699951171875,2105.800048828125,2070.699951171875,2089.5,2
2026-03-17T00:00:00Z,2131.800048828125,2131.800048828125,2131.800048828125,2131.800048828125,0
2026-03-18T00:00:00Z,2052.0,2052.0,2052.0,2052.0,0
2026-03-19T00:00:00Z,1910.0,1939.199951171875,1910.0,1939.199951171875,25
2026-03-20T00:00:00Z,1970.5999755859375,1970.5999755859375,1970.5999755859375,1970.5999755859375,0
2026-03-23T00:00:00Z,1860.300048828125,1860.300048828125,1860.300048828125,1860.300048828125,2
2026-03-24T00:00:00Z,1892.0,1892.0,1892.0,1892.0,18
2026-03-25T00:00:00Z,1925.199951171875,1925.199951171875,1925.199951171875,1925.199951171875,0
2026-03-26T00:00:00Z,1838.300048828125,1838.300048828125,1838.300048828125,1838.300048828125,0
2026-03-27T00:00:00Z,1870.5999755859375,1870.5999755859375,1870.5999755859375,1870.5999755859375,7440
2026-03-30T00:00:00Z,1843.300048828125,1915.0999755859375,1822.5,1885.5999755859375,2364
2026-03-31T00:00:00Z,1870.0,1950.0,1870.0,1950.0,37
2026-04-01T00:00:00Z,1959.0999755859375,1969.300048828125,1930.5999755859375,1969.300048828125,43
2026-04-02T00:00:00Z,1890.300048828125,1963.800048828125,1890.300048828125,1963.800048828125,0
2026-04-06T00:00:00Z,1958.199951171875,1958.199951171875,1958.199951171875,1958.199951171875,0
2026-04-07T00:00:00Z,1940.0,1943.0999755859375,1929.0999755859375,1929.0999755859375,2
2026-04-08T00:00:00Z,1974.199951171875,2075.0,1964.800048828125,2050.60009765625,32
2026-04-09T00:00:00Z,2004.0,2106.89990234375,2004.0,2096.60009765625,13
2026-04-10T00:00:00Z,2036.0,2049.10009765625,2036.0,2049.10009765625,1
2026-04-13T00:00:00Z,2033.0,2061.800048828125,2026.0,2061.800048828125,9
2026-04-14T00:00:00Z,2078.300048828125,2091.5,2075.10009765625,2084.60009765625,56
2026-04-15T00:00:00Z,2126.300048828125,2132.199951171875,2093.10009765625,2112.89990234375,6
2026-04-16T00:00:00Z,2094.10009765625,2094.10009765625,2094.10009765625,2094.10009765625,0
2026-04-17T00:00:00Z,2124.5,2124.5,2109.5,2124.5,1
2026-04-20T00:00:00Z,2074.0,2074.0,2070.699951171875,2070.699951171875,9
2026-04-21T00:00:00Z,2024.300048828125,2024.300048828125,2024.300048828125,2024.300048828125,74
2026-04-22T00:00:00Z,2072.60009765625,2072.60009765625,2072.60009765625,2072.60009765625,21
2026-04-23T00:00:00Z,2003.0,2022.5999755859375,2003.0,2022.5999755859375,11
2026-04-24T00:00:00Z,2015.0,2015.0,2015.0,2015.0,4
2026-04-27T00:00:00Z,2008.300048828125,2011.0,1981.0999755859375,1981.0999755859375,71
2026-04-28T00:00:00Z,1942.300048828125,1942.300048828125,1942.300048828125,1942.300048828125,400
2026-04-29T00:00:00Z,1929.9000244140625,1933.0,1876.0,1885.300048828125,70
2026-04-30T00:00:00Z,1891.9000244140625,1979.0,1891.9000244140625,1979.0,54
2026-05-01T00:00:00Z,1996.5999755859375,1996.5999755859375,1996.5999755859375,1996.5999755859375,7
2026-05-04T00:00:00Z,1946.9000244140625,1946.9000244140625,1946.9000244140625,1946.9000244140625,7
2026-05-05T00:00:00Z,1960.699951171875,1960.699951171875,1960.699951171875,1960.699951171875,0
2026-05-06T00:00:00Z,2058.10009765625,2058.10009765625,2048.699951171875,2048.699951171875,28
2026-05-07T00:00:00Z,2068.199951171875,2068.199951171875,2048.10009765625,2048.10009765625,14
2026-05-08T00:00:00Z,2042.0,2047.199951171875,2042.0,2047.199951171875,43
2026-05-11T00:00:00Z,2115.5,2115.5,2115.5,2115.5,169
2026-05-12T00:00:00Z,2110.0,2110.0,2110.0,2110.0,0
2026-05-13T00:00:00Z,2133.199951171875,2197.60009765625,2133.199951171875,2187.10009765625,103
2026-05-14T00:00:00Z,2083.5,2083.5,2083.5,2083.5,103
2026-05-15T00:00:00Z,2069.89990234375,2082.5,1997.0,2016.300048828125,5802
