Datetime,Open,High,Low,Close
2003-09-14 23:00:00+00:00,1.3813999891281128,1.3868000507354736,1.3560999631881714,1.3564000129699707
2003-09-21 23:00:00+00:00,1.3562999963760376,1.3631999492645264,1.3407000303268433,1.3450000286102295
2003-09-28 23:00:00+00:00,1.3452999591827393,1.3594000339508057,1.3097000122070312,1.3371000289916992
2003-10-05 23:00:00+00:00,1.3358999490737915,1.3388999700546265,1.3050999641418457,1.3105000257492065
2003-10-12 23:00:00+00:00,1.3105000257492065,1.3444000482559204,1.3101999759674072,1.3264000415802002
2003-10-19 23:00:00+00:00,1.326200008392334,1.3387999534606934,1.3033000230789185,1.3121999502182007
2003-10-27 00:00:00+00:00,1.3158999681472778,1.3423999547958374,1.3109999895095825,1.340000033378601
2003-11-03 00:00:00+00:00,1.3398000001907349,1.3797999620437622,1.3365000486373901,1.367400050163269
2003-11-10 00:00:00+00:00,1.367300033569336,1.374899983406067,1.3199000358581543,1.3200000524520874
2003-11-17 00:00:00+00:00,1.3198000192642212,1.3284000158309937,1.2903000116348267,1.2985999584197998
2003-11-24 00:00:00+00:00,1.2985999584197998,1.3216999769210815,1.2878999710083008,1.2884000539779663
2003-12-01 00:00:00+00:00,1.2870999574661255,1.3036999702453613,1.2724000215530396,1.2747999429702759
2003-12-08 00:00:00+00:00,1.2750999927520752,1.2812000513076782,1.251099944114685,1.2755000591278076
2003-12-15 00:00:00+00:00,1.274899959564209,1.2756999731063843,1.2476999759674072,1.257200002670288
2003-12-22 00:00:00+00:00,1.257099986076355,1.26010000705719,1.2450000047683716,1.253499984741211
2003-12-29 00:00:00+00:00,1.2537000179290771,1.2591999769210815,1.2311999797821045,1.2347999811172485
2004-01-05 00:00:00+00:00,1.2355999946594238,1.2486000061035156,1.2161999940872192,1.219099998474121
2004-01-12 00:00:00+00:00,1.2193000316619873,1.2690999507904053,1.2130000591278076,1.2661999464035034
2004-01-19 00:00:00+00:00,1.2662999629974365,1.2719000577926636,1.2274999618530273,1.243499994277954
2004-01-26 00:00:00+00:00,1.2431999444961548,1.2655999660491943,1.2378000020980835,1.2568999528884888
2004-02-02 00:00:00+00:00,1.2568999528884888,1.2656999826431274,1.2304999828338623,1.2389999628067017
2004-02-09 00:00:00+00:00,1.238800048828125,1.242799997329712,1.2238999605178833,1.2391999959945679
2004-02-16 00:00:00+00:00,1.2376999855041504,1.264299988746643,1.2182999849319458,1.2619999647140503
2004-02-23 00:00:00+00:00,1.2625999450683594,1.2755999565124512,1.2375999689102173,1.2574000358581543
2004-03-01 00:00:00+00:00,1.257599949836731,1.3075000047683716,1.2562999725341797,1.2760000228881836
2004-03-08 00:00:00+00:00,1.2766000032424927,1.292199969291687,1.2627999782562256,1.2800999879837036
2004-03-15 00:00:00+00:00,1.2803000211715698,1.2857999801635742,1.2527999877929688,1.2706999778747559
2004-03-22 00:00:00+00:00,1.2698999643325806,1.2888000011444092,1.2519999742507935,1.285099983215332
2004-03-28 23:00:00+00:00,1.284999966621399,1.2930999994277954,1.2597999572753906,1.292199969291687
2004-04-04 23:00:00+00:00,1.292199969291687,1.307800054550171,1.2711000442504883,1.2805999517440796
2004-04-11 23:00:00+00:00,1.281000018119812,1.3046000003814697,1.2807999849319458,1.2904000282287598
2004-04-18 23:00:00+00:00,1.2905000448226929,1.3202999830245972,1.2828999757766724,1.3188999891281128
2004-04-25 23:00:00+00:00,1.319000005722046,1.3223999738693237,1.288599967956543,1.2939000129699707
2004-05-02 23:00:00+00:00,1.2940000295639038,1.3034000396728516,1.2710000276565552,1.3006000518798828
2004-05-09 23:00:00+00:00,1.3006999492645264,1.3080999851226807,1.2874000072479248,1.2955000400543213
2004-05-16 23:00:00+00:00,1.2955000400543213,1.2967000007629395,1.270799994468689,1.2805999517440796
2004-05-23 23:00:00+00:00,1.280500054359436,1.2868000268936157,1.242799997329712,1.2491999864578247
2004-05-30 23:00:00+00:00,1.2493000030517578,1.2568999528884888,1.23580002784729,1.2360999584197998
2004-06-06 23:00:00+00:00,1.2360999584197998,1.263800024986267,1.232100009918213,1.2635999917984009
2004-06-13 23:00:00+00:00,1.2634999752044678,1.2697999477386475,1.2419999837875366,1.2447999715805054
2004-06-20 23:00:00+00:00,1.2447999715805054,1.257200002670288,1.240399956703186,1.2473000288009644
2004-06-27 23:00:00+00:00,1.2472000122070312,1.267199993133545,1.2269999980926514,1.228700041770935
2004-07-04 23:00:00+00:00,1.228700041770935,1.2381999492645264,1.2211999893188477,1.2228000164031982
2004-07-11 23:00:00+00:00,1.2226999998092651,1.239799976348877,1.2207000255584717,1.2247999906539917
2004-07-18 23:00:00+00:00,1.2246999740600586,1.2676000595092773,1.2237999439239502,1.2661000490188599
2004-07-25 23:00:00+00:00,1.2660000324249268,1.2834999561309814,1.2590999603271484,1.2776000499725342
2004-08-01 23:00:00+00:00,1.2776000499725342,1.2853000164031982,1.249400019645691,1.2524000406265259
2004-08-08 23:00:00+00:00,1.2525999546051025,1.2640999555587769,1.2375999689102173,1.2376999855041504
2004-08-15 23:00:00+00:00,1.2376999855041504,1.253000020980835,1.2374999523162842,1.2518999576568604
2004-08-22 23:00:00+00:00,1.2520999908447266,1.2842999696731567,1.2508000135421753,1.281499981880188
2004-08-29 23:00:00+00:00,1.281599998474121,1.2847000360488892,1.256500005722046,1.270300030708313
2004-09-05 23:00:00+00:00,1.2705999612808228,1.2788000106811523,1.2524000406265259,1.2556999921798706
2004-09-12 23:00:00+00:00,1.2555999755859375,1.2741999626159668,1.2549999952316284,1.270400047302246
2004-09-19 23:00:00+00:00,1.270300030708313,1.2771999835968018,1.2513999938964844,1.2604000568389893
2004-09-26 23:00:00+00:00,1.2603000402450562,1.2645000219345093,1.2445000410079956,1.250599980354309
2004-10-03 23:00:00+00:00,1.250499963760376,1.2676000595092773,1.2467000484466553,1.249500036239624
2004-10-10 23:00:00+00:00,1.249500036239624,1.2654999494552612,1.231600046157837,1.232699990272522
2004-10-17 23:00:00+00:00,1.232699990272522,1.2365000247955322,1.205199956893921,1.2057000398635864
2004-10-24 23:00:00+00:00,1.2055000066757202,1.2105000019073486,1.191100001335144,1.1916999816894531
2004-11-01 00:00:00+00:00,1.1919000148773193,1.2116999626159668,1.1735999584197998,1.1780999898910522
2004-11-08 00:00:00+00:00,1.1782000064849854,1.1857000589370728,1.160599946975708,1.1699999570846558
2004-11-15 00:00:00+00:00,1.1699999570846558,1.1813000440597534,1.1582000255584717,1.1619999408721924
2004-11-22 00:00:00+00:00,1.1619000434875488,1.1693999767303467,1.1332999467849731,1.1411999464035034
2004-11-29 00:00:00+00:00,1.1411000490188599,1.1553000211715698,1.1253000497817993,1.13100004196167
2004-12-06 00:00:00+00:00,1.131100058555603,1.1677000522613525,1.13100004196167,1.1613999605178833
2004-12-13 00:00:00+00:00,1.1611000299453735,1.1615999937057495,1.1383999586105347,1.1563999652862549
2004-12-20 00:00:00+00:00,1.1563999652862549,1.1572999954223633,1.1395000219345093,1.1433000564575195
2004-12-27 00:00:00+00:00,1.1432000398635864,1.1470999717712402,1.12909996509552,1.1376999616622925
2005-01-03 00:00:00+00:00,1.1377999782562256,1.1885000467300415,1.1374000310897827,1.183899998664856
2005-01-10 00:00:00+00:00,1.1836999654769897,1.1864999532699585,1.1628999710083008,1.1812000274658203
2005-01-17 00:00:00+00:00,1.1813000440597534,1.1962000131607056,1.1756999492645264,1.1858999729156494
2005-01-24 00:00:00+00:00,1.1859999895095825,1.1964999437332153,1.177899956703186,1.1890000104904175
2005-01-31 00:00:00+00:00,1.1890000104904175,1.2135000228881836,1.1857999563217163,1.211899995803833
2005-02-07 00:00:00+00:00,1.2120000123977661,1.2259000539779663,1.2041000127792358,1.208400011062622
2005-02-14 00:00:00+00:00,1.2080999612808228,1.208299994468689,1.1812000274658203,1.1827000379562378
2005-02-21 00:00:00+00:00,1.182800054550171,1.1856000423431396,1.157099962234497,1.1612999439239502
2005-02-28 00:00:00+00:00,1.1611000299453735,1.1819000244140625,1.1578999757766724,1.1692999601364136
2005-03-07 00:00:00+00:00,1.1692999601364136,1.1778000593185425,1.1468000411987305,1.1485999822616577
2005-03-14 00:00:00+00:00,1.1485999822616577,1.1684999465942383,1.1482000350952148,1.1641000509262085
2005-03-21 00:00:00+00:00,1.1641000509262085,1.2027000188827515,1.1640000343322754,1.1996999979019165
2005-03-27 23:00:00+00:00,1.1999000310897827,1.2080999612808228,1.188599944114685,1.204699993133545
2005-04-03 23:00:00+00:00,1.204699993133545,1.2139999866485596,1.1964000463485718,1.1979000568389893
2005-04-10 23:00:00+00:00,1.1979999542236328,1.2186000347137451,1.1899000406265259,1.2003999948501587
2005-04-17 23:00:00+00:00,1.200600028038025,1.2038999795913696,1.1739000082015991,1.1815999746322632
2005-04-24 23:00:00+00:00,1.181399941444397,1.1971999406814575,1.180899977684021,1.1962000131607056
2005-05-01 23:00:00+00:00,1.1960999965667725,1.207900047302246,1.1883000135421753,1.2071000337600708
2005-05-08 23:00:00+00:00,1.2071000337600708,1.2267999649047852,1.197100043296814,1.2265000343322754
2005-05-15 23:00:00+00:00,1.2265000343322754,1.23580002784729,1.2152999639511108,1.2338999509811401
2005-05-22 23:00:00+00:00,1.2338000535964966,1.2373000383377075,1.2244000434875488,1.2330000400543213
2005-05-29 23:00:00+00:00,1.2330000400543213,1.2594000101089478,1.2317999601364136,1.253000020980835
2005-06-05 23:00:00+00:00,1.253000020980835,1.2740000486373901,1.2410000562667847,1.2689000368118286
2005-06-12 23:00:00+00:00,1.2688000202178955,1.278499960899353,1.2549999952316284,1.2649999856948853
2005-06-19 23:00:00+00:00,1.2646000385284424,1.282099962234497,1.2613999843597412,1.2720999717712402
2005-06-26 23:00:00+00:00,1.2720999717712402,1.2990000247955322,1.2657999992370605,1.2977999448776245
2005-07-03 23:00:00+00:00,1.2984999418258667,1.3070000410079956,1.2857999801635742,1.2996000051498413
2005-07-10 23:00:00+00:00,1.299399971961975,1.3200000524520874,1.2699999809265137,1.2967000007629395
2005-07-17 23:00:00+00:00,1.2965999841690063,1.3075000047683716,1.2764999866485596,1.2984000444412231
2005-07-24 23:00:00+00:00,1.2984000444412231,1.3051999807357788,1.282099962234497,1.288599967956543
2005-07-31 23:00:00+00:00,1.2884999513626099,1.2894999980926514,1.2562999725341797,1.264799952507019
2005-08-07 23:00:00+00:00,1.2647000551223755,1.2669999599456787,1.243399977684021,1.2455999851226807
2005-08-14 23:00:00+00:00,1.2455999851226807,1.2767000198364258,1.2451000213623047,1.2736999988555908
2005-08-21 23:00:00+00:00,1.273800015449524,1.2783000469207764,1.2519999742507935,1.2569999694824219
2005-08-28 23:00:00+00:00,1.2568999528884888,1.2740999460220337,1.2247999906539917,1.2283999919891357
2005-09-04 23:00:00+00:00,1.2282999753952026,1.2466000318527222,1.2238999605178833,1.2437000274658203
2005-09-11 23:00:00+00:00,1.24399995803833,1.2766000032424927,1.2425999641418457,1.2759000062942505
2005-09-18 23:00:00+00:00,1.2762999534606934,1.2941999435424805,1.2657999992370605,1.2943999767303467
2005-09-25 23:00:00+00:00,1.2942999601364136,1.299399971961975,1.2860000133514404,1.2934000492095947
2005-10-02 23:00:00+00:00,1.2934000492095947,1.3040000200271606,1.2674000263214111,1.2799999713897705
2005-10-09 23:00:00+00:00,1.2798999547958374,1.3014999628067017,1.2750999927520752,1.2848000526428223
2005-10-16 23:00:00+00:00,1.2849500179290771,1.3071000576019287,1.2795499563217163,1.2922999858856201
2005-10-23 23:00:00+00:00,1.2924000024795532,1.2949999570846558,1.2695000171661377,1.2804499864578247
2005-10-31 00:00:00+00:00,1.2804499864578247,1.3095999956130981,1.2767000198364258,1.308899998664856
2005-11-07 00:00:00+00:00,1.3086999654769897,1.3171499967575073,1.3040000200271606,1.3102999925613403
2005-11-14 00:00:00+00:00,1.3107999563217163,1.3282999992370605,1.2747000455856323,1.3145999908447266
2005-11-21 00:00:00+00:00,1.3148000240325928,1.3238999843597412,1.3066999912261963,1.319100022315979
2005-11-28 00:00:00+00:00,1.3194999694824219,1.3234000205993652,1.3006000518798828,1.317199945449829
2005-12-05 00:00:00+00:00,1.317199945449829,1.3208999633789062,1.2969000339508057,1.3047000169754028
2005-12-12 00:00:00+00:00,1.3044999837875366,1.3047000169754028,1.2776000499725342,1.2877000570297241
2005-12-19 00:00:00+00:00,1.2878999710083008,1.3166500329971313,1.2877000570297241,1.3128999471664429
2005-12-26 00:00:00+00:00,1.312600016593933,1.319100022315979,1.3055000305175781,1.313099980354309
2006-01-02 00:00:00+00:00,1.3131999969482422,1.3158999681472778,1.2675000429153442,1.2710000276565552
2006-01-09 00:00:00+00:00,1.2711000442504883,1.2888000011444092,1.268399953842163,1.2740000486373901
2006-01-16 00:00:00+00:00,1.2741999626159668,1.288599967956543,1.2726000547409058,1.2731000185012817
2006-01-23 00:00:00+00:00,1.2730000019073486,1.2848999500274658,1.2559000253677368,1.2826000452041626
2006-01-30 00:00:00+00:00,1.2826999425888062,1.2990000247955322,1.2746000289916992,1.2934999465942383
2006-02-06 00:00:00+00:00,1.2934999465942383,1.3107999563217163,1.2914999723434448,1.3070000410079956
2006-02-13 00:00:00+00:00,1.3071000576019287,1.3172999620437622,1.3032000064849854,1.3085999488830566
2006-02-20 00:00:00+00:00,1.3087999820709229,1.3217999935150146,1.30239999294281,1.3206000328063965
2006-02-27 00:00:00+00:00,1.3207999467849731,1.3236000537872314,1.2901999950408936,1.29135000705719
2006-03-06 00:00:00+00:00,1.2909499406814575,1.3221999406814575,1.2903000116348267,1.3165500164031982
2006-03-13 00:00:00+00:00,1.3163000345230103,1.3171000480651855,1.2871999740600586,1.2906999588012695
2006-03-20 00:00:00+00:00,1.2904000282287598,1.3188999891281128,1.2889000177383423,1.3104000091552734
2006-03-26 23:00:00+00:00,1.3101999759674072,1.3121999502182007,1.295699954032898,1.3040000200271606
2006-04-02 23:00:00+00:00,1.3036999702453613,1.3133000135421753,1.2807999849319458,1.2997000217437744
2006-04-09 23:00:00+00:00,1.2998000383377075,1.3058500289916992,1.2940000295639038,1.2963500022888184
2006-04-16 23:00:00+00:00,1.2964999675750732,1.2964999675750732,1.2651000022888184,1.2711999416351318
2006-04-23 23:00:00+00:00,1.271399974822998,1.2747000455856323,1.235700011253357,1.2390999794006348
2006-04-30 23:00:00+00:00,1.2391999959945679,1.2445000410079956,1.222000002861023,1.225350022315979
2006-05-07 23:00:00+00:00,1.2252000570297241,1.2317999601364136,1.1923999786376953,1.1921000480651855
2006-05-14 23:00:00+00:00,1.1922999620437622,1.2237000465393066,1.1922999620437622,1.2166500091552734
2006-05-21 23:00:00+00:00,1.2167999744415283,1.2295500040054321,1.2020000219345093,1.2259000539779663
2006-05-28 23:00:00+00:00,1.225600004196167,1.22885000705719,1.205299973487854,1.2065999507904053
2006-06-04 23:00:00+00:00,1.2065999507904053,1.236050009727478,1.20169997215271,1.2338999509811401
2006-06-11 23:00:00+00:00,1.2338999509811401,1.2404999732971191,1.2264000177383423,1.2312999963760376
2006-06-18 23:00:00+00:00,1.2313499450683594,1.2525999546051025,1.2307000160217285,1.2488000392913818
2006-06-25 23:00:00+00:00,1.248900055885315,1.2499500513076782,1.2222000360488892,1.2232999801635742
2006-07-02 23:00:00+00:00,1.2228000164031982,1.2355999946594238,1.2192000150680542,1.2230000495910645
2006-07-09 23:00:00+00:00,1.2230000495910645,1.2375999689102173,1.222499966621399,1.2340999841690063
2006-07-16 23:00:00+00:00,1.2343000173568726,1.2592999935150146,1.2335000038146973,1.23580002784729
2006-07-23 23:00:00+00:00,1.2359000444412231,1.2542500495910645,1.2307000160217285,1.232100009918213
2006-07-30 23:00:00+00:00,1.232100009918213,1.236199975013733,1.2194000482559204,1.2214000225067139
2006-08-06 23:00:00+00:00,1.2214000225067139,1.2445000410079956,1.2200000286102295,1.239799976348877
2006-08-13 23:00:00+00:00,1.239799976348877,1.2444499731063843,1.2238999605178833,1.2324999570846558
2006-08-20 23:00:00+00:00,1.232200026512146,1.2419999837875366,1.2186000347137451,1.2389999628067017
2006-08-27 23:00:00+00:00,1.2389999628067017,1.2395999431610107,1.2229000329971313,1.2288000583648682
2006-09-03 23:00:00+00:00,1.228700041770935,1.2496000528335571,1.2274999618530273,1.2477999925613403
2006-09-10 23:00:00+00:00,1.2479000091552734,1.2616499662399292,1.2395999431610107,1.256700038909912
2006-09-17 23:00:00+00:00,1.2569999694824219,1.2577999830245972,1.2319999933242798,1.235700011253357
2006-09-24 23:00:00+00:00,1.2355999946594238,1.2562999725341797,1.229599952697754,1.250100016593933
2006-10-01 23:00:00+00:00,1.250100016593933,1.263200044631958,1.2406500577926636,1.2613999843597412
2006-10-08 23:00:00+00:00,1.2613999843597412,1.2768000364303589,1.2589999437332153,1.2736999988555908
2006-10-15 23:00:00+00:00,1.273800015449524,1.2752000093460083,1.2553000450134277,1.2588000297546387
2006-10-22 23:00:00+00:00,1.2589000463485718,1.270300030708313,1.2472000122070312,1.2486499547958374
2006-10-30 00:00:00+00:00,1.2487000226974487,1.256600022315979,1.2407000064849854,1.253000020980835
2006-11-06 00:00:00+00:00,1.2527999877929688,1.2574000358581543,1.2343000173568726,1.2391999959945679
2006-11-13 00:00:00+00:00,1.2390999794006348,1.2532999515533447,1.2359000444412231,1.2444000244140625
2006-11-20 00:00:00+00:00,1.2446000576019287,1.2446999549865723,1.2015000581741333,1.2036000490188599
2006-11-27 00:00:00+00:00,1.2035000324249268,1.2108999490737915,1.1898000240325928,1.190999984741211
2006-12-04 00:00:00+00:00,1.1907999515533447,1.2070000171661377,1.1884000301361084,1.2056000232696533
2006-12-11 00:00:00+00:00,1.2057000398635864,1.223099946975708,1.198699951171875,1.2210500240325928
2006-12-18 00:00:00+00:00,1.2209999561309814,1.226199984550476,1.2108999490737915,1.219599962234497
2006-12-25 00:00:00+00:00,1.219599962234497,1.2267999649047852,1.2128000259399414,1.2187999486923218
2007-01-01 00:00:00+00:00,1.2187999486923218,1.238700032234192,1.2109999656677246,1.2353999614715576
2007-01-08 00:00:00+00:00,1.2353999614715576,1.2522000074386597,1.233199954032898,1.2472000122070312
2007-01-15 00:00:00+00:00,1.2473000288009644,1.2539000511169434,1.2417000532150269,1.2483999729156494
2007-01-22 00:00:00+00:00,1.2482500076293945,1.2561999559402466,1.2374000549316406,1.2527999877929688
2007-01-29 00:00:00+00:00,1.2526999711990356,1.2568000555038452,1.2380000352859497,1.2481000423431396
2007-02-05 00:00:00+00:00,1.2479000091552734,1.2690000534057617,1.2381000518798828,1.2470999956130981
2007-02-12 00:00:00+00:00,1.2470999956130981,1.2549999952316284,1.2314000129699707,1.2330000400543213
2007-02-19 00:00:00+00:00,1.2331000566482544,1.243499994277954,1.2294000387191772,1.2308000326156616
2007-02-26 00:00:00+00:00,1.2309000492095947,1.233199954032898,1.2137999534606934,1.2158000469207764
2007-03-05 00:00:00+00:00,1.2158000469207764,1.2354999780654907,1.2111999988555908,1.233199954032898
2007-03-12 00:00:00+00:00,1.233199954032898,1.2350000143051147,1.2031999826431274,1.2057000398635864
2007-03-19 00:00:00+00:00,1.2056000232696533,1.2214000225067139,1.205399990081787,1.2207000255584717
2007-03-25 23:00:00+00:00,1.2203999757766724,1.2232999801635742,1.2038999795913696,1.2146600484848022
2007-04-01 23:00:00+00:00,1.2146600484848022,1.2366000413894653,1.2120000123977661,1.2223999500274658
2007-04-08 23:00:00+00:00,1.2224400043487549,1.2282400131225586,1.2069000005722046,1.2128000259399414
2007-04-15 23:00:00+00:00,1.2127000093460083,1.215000033378601,1.2005000114440918,1.2063000202178955
2007-04-22 23:00:00+00:00,1.2064000368118286,1.2125300168991089,1.1996999979019165,1.2041000127792358
2007-04-29 23:00:00+00:00,1.2042399644851685,1.218649983406067,1.1993000507354736,1.210510015487671
2007-05-06 23:00:00+00:00,1.2105000019073486,1.2221299409866333,1.2081999778747559,1.217919945716858
2007-05-13 23:00:00+00:00,1.217900037765503,1.230299949645996,1.2130000591278076,1.2280000448226929
2007-05-20 23:00:00+00:00,1.2283999919891357,1.2330000400543213,1.2243000268936157,1.2268699407577515
2007-05-27 23:00:00+00:00,1.226989984512329,1.2380000352859497,1.2197999954223633,1.2298500537872314
2007-06-03 23:00:00+00:00,1.229830026626587,1.2376999855041504,1.2148000001907349,1.2355999946594238
2007-06-10 23:00:00+00:00,1.235700011253357,1.2467999458312988,1.2338999509811401,1.2418999671936035
2007-06-17 23:00:00+00:00,1.2422000169754028,1.2425999641418457,1.2276999950408936,1.2285000085830688
2007-06-24 23:00:00+00:00,1.2283999919891357,1.2335000038146973,1.2200000286102295,1.2210999727249146
2007-07-01 23:00:00+00:00,1.2210999727249146,1.2229000329971313,1.2089999914169312,1.2177000045776367
2007-07-08 23:00:00+00:00,1.217900037765503,1.2192000150680542,1.198699951171875,1.2029999494552612
2007-07-15 23:00:00+00:00,1.2029000520706177,1.2060999870300293,1.195099949836731,1.2008999586105347
2007-07-22 23:00:00+00:00,1.2005000114440918,1.2158000469207764,1.1979999542236328,1.208400011062622
2007-07-29 23:00:00+00:00,1.208299994468689,1.208400011062622,1.1815999746322632,1.184499979019165
2007-08-05 23:00:00+00:00,1.1845999956130981,1.2026000022888184,1.1822999715805054,1.198699951171875
2007-08-12 23:00:00+00:00,1.1986000537872314,1.2214000225067139,1.1972999572753906,1.2066999673843384
2007-08-19 23:00:00+00:00,1.2064000368118286,1.210800051689148,1.1986000537872314,1.2010999917984009
2007-08-26 23:00:00+00:00,1.201200008392334,1.208899974822998,1.1962000131607056,1.207200050354004
2007-09-02 23:00:00+00:00,1.2072999477386475,1.2150399684906006,1.1852999925613403,1.1857000589370728
2007-09-09 23:00:00+00:00,1.1854000091552734,1.1928999423980713,1.1806000471115112,1.1891000270843506
2007-09-16 23:00:00+00:00,1.1887999773025513,1.1898000240325928,1.1679999828338623,1.1718000173568726
2007-09-23 23:00:00+00:00,1.1718000173568726,1.1753000020980835,1.1617000102996826,1.1627000570297241
2007-09-30 23:00:00+00:00,1.162600040435791,1.184499979019165,1.1620999574661255,1.1765999794006348
2007-10-07 23:00:00+00:00,1.1765899658203125,1.1888699531555176,1.1758999824523926,1.184399962425232
2007-10-14 23:00:00+00:00,1.1844099760055542,1.1856000423431396,1.1603000164031982,1.1624000072479248
2007-10-21 23:00:00+00:00,1.1621999740600586,1.1785399913787842,1.160099983215332,1.1624000072479248
2007-10-29 00:00:00+00:00,1.162500023841858,1.1669000387191772,1.15038001537323,1.1517000198364258
2007-11-05 00:00:00+00:00,1.1519999504089355,1.155500054359436,1.1188700199127197,1.1226999759674072
2007-11-12 00:00:00+00:00,1.1225999593734741,1.1297999620437622,1.116029977798462,1.1168999671936035
2007-11-19 00:00:00+00:00,1.1169999837875366,1.1973999738693237,1.08965003490448,1.1033999919891357
2007-11-26 00:00:00+00:00,1.0966999530792236,1.1328999996185303,1.0923000574111938,1.128999948501587
2007-12-03 00:00:00+00:00,1.1291999816894531,1.1346999406814575,1.115399956703186,1.1277999877929688
2007-12-10 00:00:00+00:00,1.128100037574768,1.156499981880188,1.1232999563217163,1.1543999910354614
2007-12-17 00:00:00+00:00,1.1548999547958374,1.159000039100647,1.1477999687194824,1.155400037765503
2007-12-24 00:00:00+00:00,1.1553000211715698,1.1621999740600586,1.1229000091552734,1.125499963760376
2007-12-31 00:00:00+00:00,1.1253000497817993,1.1363199949264526,1.1026999950408936,1.1069999933242798
2008-01-07 00:00:00+00:00,1.1074999570846558,1.118899941444397,1.096500039100647,1.0994000434875488
2008-01-14 00:00:00+00:00,1.0993000268936157,1.1081000566482544,1.0835000276565552,1.1009999513626099
2008-01-21 00:00:00+00:00,1.100790023803711,1.1114000082015991,1.0851999521255493,1.0949000120162964
2008-01-28 00:00:00+00:00,1.0946999788284302,1.096500039100647,1.0735000371932983,1.0880000591278076
2008-02-04 00:00:00+00:00,1.0880000591278076,1.1088999509811401,1.086400032043457,1.1021000146865845
2008-02-11 00:00:00+00:00,1.1021000146865845,1.1102999448776245,1.089400053024292,1.093400001525879
2008-02-18 00:00:00+00:00,1.093400001525879,1.1043000221252441,1.083400011062622,1.0855000019073486
2008-02-25 00:00:00+00:00,1.0856000185012817,1.0925999879837036,1.0321999788284302,1.0334999561309814
2008-03-03 00:00:00+00:00,1.0334999561309814,1.044800043106079,1.0148999691009521,1.0200999975204468
2008-03-10 00:00:00+00:00,1.020300030708313,1.0348000526428223,0.9872000217437744,0.9883999824523926
2008-03-17 00:00:00+00:00,0.9886999726295471,1.0156999826431274,0.9652000069618225,1.0119999647140503
2008-03-24 00:00:00+00:00,1.0123000144958496,1.0247000455856323,0.9882000088691711,0.994700014591217
2008-03-30 23:00:00+00:00,0.9945999979972839,1.0214999914169312,0.9872000217437744,1.0059000253677368
2008-04-06 23:00:00+00:00,1.0058000087738037,1.0169999599456787,0.9891999959945679,1.0056999921798706
2008-04-13 23:00:00+00:00,1.0058000087738037,1.0276999473571777,0.9925000071525574,1.018399953842163
2008-04-20 23:00:00+00:00,1.0185999870300293,1.042799949645996,1.0,1.0361000299453735
2008-04-27 23:00:00+00:00,1.0361000299453735,1.0602999925613403,1.0302000045776367,1.0550999641418457
2008-05-04 23:00:00+00:00,1.055400013923645,1.0616999864578247,1.0391000509262085,1.0426000356674194
2008-05-11 23:00:00+00:00,1.0426000356674194,1.0592999458312988,1.0405999422073364,1.0477999448776245
2008-05-18 23:00:00+00:00,1.047700047492981,1.0570000410079956,1.020900011062622,1.0250999927520752
2008-05-25 23:00:00+00:00,1.024999976158142,1.0525000095367432,1.0221999883651733,1.0430999994277954
2008-06-01 23:00:00+00:00,1.042099952697754,1.0516999959945679,1.0160000324249268,1.016700029373169
2008-06-08 23:00:00+00:00,1.0164999961853027,1.0536999702453613,1.0152000188827515,1.0468000173568726
2008-06-15 23:00:00+00:00,1.0468000173568726,1.0515999794006348,1.030900001525879,1.0369999408721924
2008-06-22 23:00:00+00:00,1.0369000434875488,1.0490000247955322,1.0157999992370605,1.0182000398635864
2008-06-29 23:00:00+00:00,1.0183000564575195,1.0276999473571777,1.0115000009536743,1.0247000455856323
2008-07-06 23:00:00+00:00,1.0247000455856323,1.0347000360488892,1.0133999586105347,1.0188000202178955
2008-07-13 23:00:00+00:00,1.0188000202178955,1.0255000591278076,1.0017999410629272,1.0228999853134155
2008-07-20 23:00:00+00:00,1.0228999853134155,1.0399999618530273,1.013800024986267,1.0369999408721924
2008-07-27 23:00:00+00:00,1.0369000434875488,1.051800012588501,1.0319000482559204,1.0484000444412231
2008-08-03 23:00:00+00:00,1.0484999418258667,1.086899995803833,1.0432000160217285,1.0836999416351318
2008-08-10 23:00:00+00:00,1.083400011062622,1.1007000207901,1.0742000341415405,1.0961999893188477
2008-08-17 23:00:00+00:00,1.0963000059127808,1.1038000583648682,1.0842000246047974,1.0978000164031982
2008-08-24 23:00:00+00:00,1.0976999998092651,1.1083999872207642,1.0885000228881836,1.0981999635696411
2008-08-31 23:00:00+00:00,1.0981999635696411,1.1232000589370728,1.0947999954223633,1.1187000274658203
2008-09-07 23:00:00+00:00,1.1186000108718872,1.141800045967102,1.1129000186920166,1.1188000440597534
2008-09-14 23:00:00+00:00,1.118899941444397,1.1273000240325928,1.09089994430542,1.1043000221252441
2008-09-21 23:00:00+00:00,1.104099988937378,1.104599952697754,1.0702999830245972,1.0920000076293945
2008-09-28 23:00:00+00:00,1.0917999744415283,1.1403000354766846,1.0836000442504883,1.1345000267028809
2008-10-05 23:00:00+00:00,1.134600043296814,1.1535999774932861,1.1129000186920166,1.128000020980835
2008-10-12 23:00:00+00:00,1.1279000043869019,1.1481000185012817,1.124899983406067,1.1363999843597412
2008-10-19 23:00:00+00:00,1.1366000175476074,1.1746000051498413,1.1325000524520874,1.1624000072479248
2008-10-27 00:00:00+00:00,1.162600040435791,1.1694999933242798,1.1216000318527222,1.155500054359436
2008-11-03 00:00:00+00:00,1.1555999517440796,1.1800999641418457,1.1475000381469727,1.1751999855041504
2008-11-10 00:00:00+00:00,1.1750999689102173,1.2009999752044678,1.1714999675750732,1.1990000009536743
2008-11-17 00:00:00+00:00,1.1992000341415405,1.231600046157837,1.1891000270843506,1.2192000150680542
2008-11-24 00:00:00+00:00,1.2192000150680542,1.2216999530792236,1.1830999851226807,1.2129000425338745
2008-12-01 00:00:00+00:00,1.2127000093460083,1.2273999452590942,1.1924999952316284,1.2181999683380127
2008-12-08 00:00:00+00:00,1.2181999683380127,1.2199000120162964,1.169700026512146,1.1730999946594238
2008-12-15 00:00:00+00:00,1.1726000308990479,1.1748000383377075,1.0429999828338623,1.1031999588012695
2008-12-22 00:00:00+00:00,1.1029000282287598,1.1038000583648682,1.0404000282287598,1.0657000541687012
2008-12-29 00:00:00+00:00,1.065500020980835,1.083899974822998,1.0372999906539917,1.0709999799728394
2009-01-05 00:00:00+00:00,1.0710999965667725,1.1274000406265259,1.0707000494003296,1.114400029182434
2009-01-12 00:00:00+00:00,1.114300012588501,1.1303999423980713,1.1098999977111816,1.1165000200271606
2009-01-19 00:00:00+00:00,1.1168999671936035,1.170799970626831,1.1145999431610107,1.1612000465393066
2009-01-26 00:00:00+00:00,1.1612999439239502,1.172700047492981,1.1318999528884888,1.1627000570297241
2009-02-02 00:00:00+00:00,1.1622999906539917,1.173799991607666,1.0822999477386475,1.1608999967575073
2009-02-09 00:00:00+00:00,1.1603000164031982,1.17739999294281,1.1502000093460083,1.1634000539779663
2009-02-16 00:00:00+00:00,1.163100004196167,1.1877000331878662,1.1476000547409058,1.15910005569458
2009-02-23 00:00:00+00:00,1.15910005569458,1.1753000020980835,1.146399974822998,1.1729999780654907
2009-03-02 00:00:00+00:00,1.1727999448776245,1.1841000318527222,1.148900032043457,1.153499960899353
2009-03-09 00:00:00+00:00,1.153499960899353,1.195199966430664,1.1440000534057617,1.1892000436782837
2009-03-16 00:00:00+00:00,1.1886999607086182,1.1907999515533447,1.1164000034332275,1.1253999471664429
2009-03-23 00:00:00+00:00,1.125499963760376,1.2235000133514404,1.1167999505996704,1.1454999446868896
2009-03-29 23:00:00+00:00,1.1454999446868896,1.1548000574111938,1.1263999938964844,1.128000020980835
2009-04-05 23:00:00+00:00,1.128000020980835,1.1613999605178833,1.123900055885315,1.1561000347137451
2009-04-12 23:00:00+00:00,1.1557999849319458,1.1684000492095947,1.1309000253677368,1.1654000282287598
2009-04-19 23:00:00+00:00,1.1653000116348267,1.1730999946594238,1.1349999904632568,1.1371999979019165
2009-04-26 23:00:00+00:00,1.1374000310897827,1.159999966621399,1.1276999711990356,1.13510000705719
2009-05-03 23:00:00+00:00,1.1365000009536743,1.1418999433517456,1.1017999649047852,1.1055999994277954
2009-05-10 23:00:00+00:00,1.1055999994277954,1.1246000528335571,1.0976999998092651,1.1230000257492065
2009-05-17 23:00:00+00:00,1.1227999925613403,1.125599980354309,1.0812000036239624,1.0835000276565552
2009-05-24 23:00:00+00:00,1.0839999914169312,1.0951999425888062,1.0628999471664429,1.0683000087738037
2009-05-31 23:00:00+00:00,1.0683000087738037,1.090499997138977,1.0591000318527222,1.0887000560760498
2009-06-07 23:00:00+00:00,1.0886000394821167,1.0982999801635742,1.065000057220459,1.079699993133545
2009-06-14 23:00:00+00:00,1.079800009727478,1.0953999757766724,1.0760999917984009,1.080299973487854
2009-06-21 23:00:00+00:00,1.080399990081787,1.101699948310852,1.0631999969482422,1.0836999416351318
2009-06-28 23:00:00+00:00,1.083899974822998,1.0966999530792236,1.0707999467849731,1.0879000425338745
2009-07-05 23:00:00+00:00,1.0880000591278076,1.0951000452041626,1.0749000310897827,1.0839999914169312
2009-07-12 23:00:00+00:00,1.083799958229065,1.0937000513076782,1.070099949836731,1.0746999979019165
2009-07-19 23:00:00+00:00,1.0680999755859375,1.073799967765808,1.0662000179290771,1.0724999904632568
2009-07-26 23:00:00+00:00,1.0700000524520874,1.089900016784668,1.065600037574768,1.067199945449829
2009-08-02 23:00:00+00:00,1.059399962425232,1.082200050354004,1.0585999488830566,1.0817999839782715
2009-08-09 23:00:00+00:00,1.0853999853134155,1.0859999656677246,1.0700000524520874,1.0750000476837158
2009-08-16 23:00:00+00:00,1.0780999660491943,1.0780999660491943,1.0568000078201294,1.0576000213623047
2009-08-23 23:00:00+00:00,1.062000036239624,1.0686999559402466,1.0563000440597534,1.059399962425232
2009-08-30 23:00:00+00:00,1.0585999488830566,1.0666999816894531,1.0579999685287476,1.0592000484466553
2009-09-06 23:00:00+00:00,1.0595999956130981,1.0600999593734741,1.0360000133514404,1.0370999574661255
2009-09-13 23:00:00+00:00,1.0338000059127808,1.034500002861023,1.0277999639511108,1.0291999578475952
2009-09-20 23:00:00+00:00,1.031599998474121,1.031999945640564,1.0196000337600708,1.0261000394821167
2009-09-27 23:00:00+00:00,1.0318000316619873,1.042799949645996,1.031599998474121,1.0342999696731567
2009-10-04 23:00:00+00:00,1.031999945640564,1.0328999757766724,1.0255999565124512,1.0313999652862549
2009-10-11 23:00:00+00:00,1.0260000228881836,1.0261000394821167,1.013800024986267,1.0182000398635864
2009-10-18 23:00:00+00:00,1.0113999843597412,1.0127999782562256,1.0039000511169434,1.0087000131607056
2009-10-26 00:00:00+00:00,1.0087000131607056,1.0283000469207764,1.0053999423980713,1.0262000560760498
2009-11-02 00:00:00+00:00,1.0262000560760498,1.0335999727249146,1.0125999450683594,1.0161000490188599
2009-11-09 00:00:00+00:00,1.0162999629974365,1.0190999507904053,1.003499984741211,1.0095000267028809
2009-11-16 00:00:00+00:00,1.0084999799728394,1.0219999551773071,1.0046000480651855,1.0169999599456787
2009-11-23 00:00:00+00:00,1.0166000127792358,1.017300009727478,0.9919000267982483,1.0051000118255615
2009-11-30 00:00:00+00:00,1.0053000450134277,1.0189000368118286,0.9962000250816345,1.0157999992370605
2009-12-07 00:00:00+00:00,1.0152000188827515,1.0388000011444092,1.0134999752044678,1.034000039100647
2009-12-14 00:00:00+00:00,1.0338000059127808,1.0506000518798828,1.0293999910354614,1.0401999950408936
2009-12-21 00:00:00+00:00,1.0401999950408936,1.0500999689102173,1.030500054359436,1.0364999771118164
2009-12-28 00:00:00+00:00,1.0367000102996826,1.0418000221252441,1.027899980545044,1.035599946975708
2010-01-04 00:00:00+00:00,1.0360000133514404,1.0414999723434448,1.0195000171661377,1.0198999643325806
2010-01-11 00:00:00+00:00,1.020300030708313,1.0285999774932861,1.013100028038025,1.0263999700546265
2010-01-18 00:00:00+00:00,1.0263999700546265,1.049299955368042,1.0230000019073486,1.0413000583648682
2010-01-25 00:00:00+00:00,1.0410000085830688,1.063099980354309,1.0367000102996826,1.059999942779541
2010-02-01 00:00:00+00:00,1.0605000257492065,1.0793999433517456,1.0498000383377075,1.075600028038025
2010-02-08 00:00:00+00:00,1.0751999616622925,1.0825999975204468,1.0607999563217163,1.0753999948501587
2010-02-15 00:00:00+00:00,1.0753999948501587,1.0896999835968018,1.0645999908447266,1.0746999979019165
2010-02-22 00:00:00+00:00,1.0750999450683594,1.0877000093460083,1.069599986076355,1.073199987411499
2010-03-01 00:00:00+00:00,1.0729000568389893,1.0879000425338745,1.0648000240325928,1.0729600191116333
2010-03-08 00:00:00+00:00,1.072700023651123,1.0802199840545654,1.0520000457763672,1.0578999519348145
2010-03-15 00:00:00+00:00,1.0579999685287476,1.0643999576568604,1.0505000352859497,1.0611000061035156
2010-03-22 00:00:00+00:00,1.0609999895095825,1.0749200582504272,1.0547499656677246,1.0635000467300415
2010-03-28 23:00:00+00:00,1.0634000301361084,1.069000005722046,1.0434000492095947,1.0608999729156494
2010-04-04 23:00:00+00:00,1.0607999563217163,1.0784000158309937,1.0528000593185425,1.0587999820709229
2010-04-11 23:00:00+00:00,1.0583000183105469,1.0640000104904175,1.0500999689102173,1.061900019645691
2010-04-18 23:00:00+00:00,1.0618000030517578,1.0848000049591064,1.0601999759674072,1.0733000040054321
2010-04-25 23:00:00+00:00,1.0729000568389893,1.0923000574111938,1.0700000524520874,1.076200008392334
2010-05-02 23:00:00+00:00,1.076300024986267,1.1243900060653687,1.0757399797439575,1.1038000583648682
2010-05-09 23:00:00+00:00,1.102810025215149,1.1348999738693237,1.0920000076293945,1.132200002670288
2010-05-16 23:00:00+00:00,1.132099986076355,1.1582000255584717,1.1267999410629272,1.1505999565124512
2010-05-23 23:00:00+00:00,1.1507999897003174,1.169319987297058,1.1480000019073486,1.158400058746338
2010-05-30 23:00:00+00:00,1.1583000421524048,1.1730400323867798,1.1448999643325806,1.1634000539779663
2010-06-06 23:00:00+00:00,1.1632100343704224,1.167099952697754,1.139799952507019,1.145900011062622
2010-06-13 23:00:00+00:00,1.1457500457763672,1.1476000547409058,1.100059986114502,1.1049799919128418
2010-06-20 23:00:00+00:00,1.1053999662399292,1.113510012626648,1.0917999744415283,1.0923000574111938
2010-06-27 23:00:00+00:00,1.0925999879837036,1.093500018119812,1.0576000213623047,1.063599944114685
2010-07-04 23:00:00+00:00,1.0636999607086182,1.0672500133514404,1.048140048980713,1.0550999641418457
2010-07-11 23:00:00+00:00,1.0551899671554565,1.0674999952316284,1.0399999618530273,1.049399971961975
2010-07-18 23:00:00+00:00,1.049530029296875,1.0562000274658203,1.0393999814987183,1.0539449453353882
2010-07-25 23:00:00+00:00,1.0537999868392944,1.063770055770874,1.0361000299453735,1.0404000282287598
2010-08-01 23:00:00+00:00,1.0403000116348267,1.0541000366210938,1.0332000255584717,1.0460000038146973
2010-08-08 23:00:00+00:00,1.0382000207901,1.0615999698638916,1.037600040435791,1.0498000383377075
2010-08-15 23:00:00+00:00,1.0503000020980835,1.0530999898910522,1.0260000228881836,1.0325000286102295
2010-08-22 23:00:00+00:00,1.035099983215332,1.044700026512146,1.0219000577926636,1.024399995803833
2010-08-29 23:00:00+00:00,1.0285999774932861,1.0307300090789795,1.006700038909912,1.0127999782562256
2010-09-05 23:00:00+00:00,1.0164599418640137,1.0276999473571777,1.0061999559402466,1.0152000188827515
2010-09-12 23:00:00+00:00,1.0195200443267822,1.0204999446868896,0.9934300184249878,1.0154399871826172
2010-09-19 23:00:00+00:00,1.0094000101089478,1.0117000341415405,0.9779000282287598,0.9853000044822693
2010-09-26 23:00:00+00:00,0.9846000075340271,0.9872999787330627,0.9707800149917603,0.9839000105857849
2010-10-03 23:00:00+00:00,0.9761000275611877,0.9785199761390686,0.9557999968528748,0.9656000137329102
2010-10-10 23:00:00+00:00,0.9615399837493896,0.9724799990653992,0.9466000199317932,0.9530100226402283
2010-10-17 23:00:00+00:00,0.9584000110626221,0.9794600009918213,0.9541000127792358,0.9677000045776367
2010-10-24 23:00:00+00:00,0.9779000282287598,0.9915400147438049,0.9664000272750854,0.9897800087928772
2010-11-01 00:00:00+00:00,0.9829999804496765,0.9969000220298767,0.9547200202941895,0.957889974117279
2010-11-08 00:00:00+00:00,0.9604499936103821,0.9778000116348267,0.9585999846458435,0.9763000011444092
2010-11-15 00:00:00+00:00,0.9789999723434448,0.9995999932289124,0.9760000109672546,0.9954000115394592
2010-11-22 00:00:00+00:00,0.9921299815177917,1.0038000345230103,0.9848300218582153,1.0
2010-11-29 00:00:00+00:00,1.0027999877929688,1.0064400434494019,0.976069986820221,0.9926999807357788
2010-12-06 00:00:00+00:00,0.9747599959373474,0.9912999868392944,0.9726999998092651,0.9829999804496765
2010-12-13 00:00:00+00:00,0.9821199774742126,0.9848999977111816,0.956089973449707,0.9645000100135803
2010-12-20 00:00:00+00:00,0.9700999855995178,0.9718999862670898,0.9498000144958496,0.9574999809265137
2010-12-27 00:00:00+00:00,0.9635199904441833,0.9643999934196472,0.9308900237083435,0.934499979019165
2011-01-03 00:00:00+00:00,0.9322999715805054,0.970550000667572,0.932200014591217,0.9659000039100647
2011-01-10 00:00:00+00:00,0.9667999744415283,0.9781000018119812,0.9605000019073486,0.9638800024986267
2011-01-17 00:00:00+00:00,0.9639000296592712,0.968500018119812,0.9526600241661072,0.9667999744415283
2011-01-24 00:00:00+00:00,0.9582899808883667,0.9621999859809875,0.9391400218009949,0.9460399746894836
2011-01-31 00:00:00+00:00,0.9416999816894531,0.9591000080108643,0.9330000281333923,0.9462699890136719
2011-02-07 00:00:00+00:00,0.9542999863624573,0.9747099876403809,0.9525200128555298,0.9685999751091003
2011-02-14 00:00:00+00:00,0.9734699726104736,0.9742000102996826,0.9477999806404114,0.949400007724762
2011-02-21 00:00:00+00:00,0.9435999989509583,0.9504500031471252,0.9239000082015991,0.9248200058937073
2011-02-28 00:00:00+00:00,0.9279999732971191,0.932699978351593,0.9200000166893005,0.9319000244140625
2011-03-07 00:00:00+00:00,0.925849974155426,0.9368000030517578,0.9236000180244446,0.9315999746322632
2011-03-14 00:00:00+00:00,0.9283199906349182,0.931410014629364,0.8977100253105164,0.8993099927902222
2011-03-21 00:00:00+00:00,0.9035999774932861,0.91593998670578,0.8982999920845032,0.9082800149917603
2011-03-27 23:00:00+00:00,0.9222000241279602,0.9337999820709229,0.9128999710083008,0.9193999767303467
2011-04-03 23:00:00+00:00,0.9254000186920166,0.928820013999939,0.9097999930381775,0.916100025177002
2011-04-10 23:00:00+00:00,0.9089999794960022,0.9101999998092651,0.8895999789237976,0.8959000110626221
2011-04-17 23:00:00+00:00,0.8924000263214111,0.8999500274658203,0.8782899975776672,0.8860700130462646
2011-04-24 23:00:00+00:00,0.8855000138282776,0.8871999979019165,0.8646000027656555,0.8729000091552734
2011-05-01 23:00:00+00:00,0.8652999997138977,0.8794000148773193,0.8557000160217285,0.8698999881744385
2011-05-08 23:00:00+00:00,0.8784999847412109,0.8907099962234497,0.8708000183105469,0.8841999769210815
2011-05-15 23:00:00+00:00,0.8931000232696533,0.8937600255012512,0.8748999834060669,0.8811900019645691
2011-05-22 23:00:00+00:00,0.878000020980835,0.8888999819755554,0.8511000275611877,0.8654299974441528
2011-05-29 23:00:00+00:00,0.8505899906158447,0.8543999791145325,0.8334599733352661,0.8428999781608582
2011-06-05 23:00:00+00:00,0.8339999914169312,0.8440999984741211,0.8325999975204468,0.8410999774932861
2011-06-12 23:00:00+00:00,0.8422999978065491,0.8543400168418884,0.8348000049591064,0.8483999967575073
2011-06-19 23:00:00+00:00,0.848800003528595,0.8514999747276306,0.8338000178337097,0.8377000093460083
2011-06-26 23:00:00+00:00,0.8345800042152405,0.8521999716758728,0.8274800181388855,0.8411499857902527
2011-07-03 23:00:00+00:00,0.8478000164031982,0.8514699935913086,0.8360000252723694,0.8446999788284302
2011-07-10 23:00:00+00:00,0.836899995803833,0.8395000100135803,0.8097699880599976,0.8151999711990356
2011-07-17 23:00:00+00:00,0.8106899857521057,0.8253999948501587,0.8101000189781189,0.8173499703407288
2011-07-24 23:00:00+00:00,0.8133999705314636,0.8152999877929688,0.785099983215332,0.8012499809265137
2011-07-31 23:00:00+00:00,0.7910000085830688,0.7950000166893005,0.758430004119873,0.7659000158309937
2011-08-07 23:00:00+00:00,0.761489987373352,0.7764000296592712,0.7182899713516235,0.7617999911308289
2011-08-14 23:00:00+00:00,0.7827000021934509,0.8009999990463257,0.777400016784668,0.7940999865531921
2011-08-21 23:00:00+00:00,0.7875999808311462,0.8144999742507935,0.7838000059127808,0.7940000295639038
2011-08-28 23:00:00+00:00,0.807699978351593,0.8235999941825867,0.7731999754905701,0.7950000166893005
2011-09-04 23:00:00+00:00,0.7903000116348267,0.8841999769210815,0.782289981842041,0.8743100166320801
2011-09-11 23:00:00+00:00,0.8868700265884399,0.8923599720001221,0.8652999997138977,0.8707600235939026
2011-09-18 23:00:00+00:00,0.8798999786376953,0.9178000092506409,0.8791000247001648,0.9075000286102295
2011-09-25 23:00:00+00:00,0.9035000205039978,0.9142100214958191,0.8919000029563904,0.897629976272583
2011-10-02 23:00:00+00:00,0.9093899726867676,0.9309999942779541,0.9077000021934509,0.9197999835014343
2011-10-09 23:00:00+00:00,0.9264000058174133,0.9269999861717224,0.8902000188827515,0.8996000289916992
2011-10-16 23:00:00+00:00,0.8913999795913696,0.9079999923706055,0.8824999928474426,0.8938000202178955
2011-10-23 23:00:00+00:00,0.8834999799728394,0.8875600099563599,0.859499990940094,0.8604000210762024
2011-10-31 00:00:00+00:00,0.862500011920929,0.895799994468689,0.8609700202941895,0.877839982509613
2011-11-07 00:00:00+00:00,0.8902000188827515,0.9146000146865845,0.8892300128936768,0.9057700037956238
2011-11-14 00:00:00+00:00,0.8996000289916992,0.92330002784729,0.8961300253868103,0.9218999743461609
2011-11-21 00:00:00+00:00,0.9162999987602234,0.9322800040245056,0.9107000231742859,0.9204999804496765
2011-11-28 00:00:00+00:00,0.9276000261306763,0.930400013923645,0.9070000052452087,0.9155300259590149
2011-12-05 00:00:00+00:00,0.9200000166893005,0.9294999837875366,0.9164900183677673,0.925599992275238
2011-12-12 00:00:00+00:00,0.9254999756813049,0.9545999765396118,0.9246199727058411,0.9397000074386597
2011-12-19 00:00:00+00:00,0.9362000226974487,0.9398999810218811,0.9244599938392639,0.9354000091552734
2011-12-26 00:00:00+00:00,0.9365000128746033,0.9466999769210815,0.9319000244140625,0.9380000233650208
2012-01-02 00:00:00+00:00,0.9381999969482422,0.9593999981880188,0.9315999746322632,0.9584400057792664
2012-01-09 00:00:00+00:00,0.958299994468689,0.9584000110626221,0.9406700134277344,0.954200029373169
2012-01-16 00:00:00+00:00,0.9539999961853027,0.9562000036239624,0.9305999875068665,0.9363999962806702
2012-01-23 00:00:00+00:00,0.9366999864578247,0.9373000264167786,0.9072399735450745,0.9132000207901001
2012-01-30 00:00:00+00:00,0.913100004196167,0.9228000044822693,0.9121999740600586,0.9192000031471252
2012-02-06 00:00:00+00:00,0.9190999865531921,0.9261599779129028,0.9090200066566467,0.9143000245094299
2012-02-13 00:00:00+00:00,0.9136000275611877,0.9299299716949463,0.9101999998092651,0.9143999814987183
2012-02-20 00:00:00+00:00,0.9147099852561951,0.9162700176239014,0.8919299840927124,0.8941299915313721
2012-02-27 00:00:00+00:00,0.8943300247192383,0.9148799777030945,0.8934000134468079,0.9139999747276306
2012-03-05 00:00:00+00:00,0.9146000146865845,0.9200000166893005,0.9078999757766724,0.9190999865531921
2012-03-12 00:00:00+00:00,0.9190999865531921,0.9332000017166138,0.9139000177383423,0.9154000282287598
2012-03-19 00:00:00+00:00,0.9156000018119812,0.9177500009536743,0.9067000150680542,0.9075000286102295
2012-03-25 23:00:00+00:00,0.9072499871253967,0.9135000109672546,0.9002799987792969,0.9003000259399414
2012-04-01 23:00:00+00:00,0.9012899994850159,0.9220399856567383,0.9002000093460083,0.917900025844574
2012-04-08 23:00:00+00:00,0.917739987373352,0.921500027179718,0.9103999733924866,0.9203000068664551
2012-04-15 23:00:00+00:00,0.9215999841690063,0.9247999787330627,0.90829998254776,0.910099983215332
2012-04-22 23:00:00+00:00,0.9099000096321106,0.9170100092887878,0.9052000045776367,0.9074100255966187
2012-04-29 23:00:00+00:00,0.9071000218391418,0.926800012588501,0.90420001745224,0.9254000186920166
2012-05-06 23:00:00+00:00,0.9265199899673462,0.9320999979972839,0.9197999835014343,0.9313899874687195
2012-05-13 23:00:00+00:00,0.9312999844551086,0.9498000144958496,0.9308000206947327,0.9412000179290771
2012-05-20 23:00:00+00:00,0.9402999877929688,0.9605399966239929,0.9373000264167786,0.9563000202178955
2012-05-27 23:00:00+00:00,0.9563000202178955,0.9763000011444092,0.9531700015068054,0.967199981212616
2012-06-03 23:00:00+00:00,0.9686899781227112,0.969510018825531,0.9479600191116333,0.9504299759864807
2012-06-10 23:00:00+00:00,0.949940025806427,0.9649500250816345,0.9420099854469299,0.9437000155448914
2012-06-17 23:00:00+00:00,0.9455000162124634,0.9590499997138977,0.9437999725341797,0.9577999711036682
2012-06-24 23:00:00+00:00,0.9578099846839905,0.9675999879837036,0.9463000297546387,0.9491000175476074
2012-07-01 23:00:00+00:00,0.9494500160217285,0.9811999797821045,0.9483000040054321,0.9787999987602234
2012-07-08 23:00:00+00:00,0.9788100123405457,0.9868999719619751,0.9737600088119507,0.9794999957084656
2012-07-15 23:00:00+00:00,0.9804999828338623,0.9919000267982483,0.9746800065040588,0.9908999800682068
2012-07-22 23:00:00+00:00,0.9902300238609314,0.9962000250816345,0.9702000021934509,0.975600004196167
2012-07-29 23:00:00+00:00,0.976140022277832,0.989579975605011,0.9685999751091003,0.9696599841117859
2012-08-05 23:00:00+00:00,0.9666000008583069,0.9806699752807617,0.9656999707221985,0.9771000146865845
2012-08-12 23:00:00+00:00,0.9782000184059143,0.9797000288963318,0.9696199893951416,0.973330020904541
2012-08-19 23:00:00+00:00,0.973800003528595,0.9767000079154968,0.9538999795913696,0.9592900276184082
2012-08-26 23:00:00+00:00,0.9599199891090393,0.9632999897003174,0.9506999850273132,0.9542999863624573
2012-09-02 23:00:00+00:00,0.9549000263214111,0.9605100154876709,0.9431999921798706,0.9446200132369995
2012-09-09 23:00:00+00:00,0.9452999830245972,0.9482100009918213,0.9239000082015991,0.9264000058174133
2012-09-16 23:00:00+00:00,0.9264000058174133,0.9353600144386292,0.9247999787330627,0.9333999752998352
2012-09-23 23:00:00+00:00,0.9330000281333923,0.9416000247001648,0.9327999949455261,0.9408699870109558
2012-09-30 23:00:00+00:00,0.9434000253677368,0.9436699748039246,0.9274600148200989,0.9305999875068665
2012-10-07 23:00:00+00:00,0.9311299920082092,0.9428600072860718,0.9305099844932556,0.9339699745178223
2012-10-14 23:00:00+00:00,0.9347400069236755,0.9369999766349792,0.9213799834251404,0.9280999898910522
2012-10-21 23:00:00+00:00,0.9277999997138977,0.9384400248527527,0.9247999787330627,0.9358000159263611
2012-10-29 00:00:00+00:00,0.9358000159263611,0.9415000081062317,0.9276000261306763,0.9409000277519226
2012-11-05 00:00:00+00:00,0.9412999749183655,0.9498400092124939,0.9380000233650208,0.9479900002479553
2012-11-12 00:00:00+00:00,0.9480199813842773,0.950980007648468,0.9404000043869019,0.9442300200462341
2012-11-19 00:00:00+00:00,0.9442499876022339,0.9455000162124634,0.9275000095367432,0.9283699989318848
2012-11-26 00:00:00+00:00,0.9277999997138977,0.9340299963951111,0.9243999719619751,0.9273999929428101
2012-12-03 00:00:00+00:00,0.9273899793624878,0.9379500150680542,0.9241999983787537,0.9361000061035156
2012-12-10 00:00:00+00:00,0.9355999827384949,0.9368299841880798,0.9156000018119812,0.9179999828338623
2012-12-17 00:00:00+00:00,0.9179999828338623,0.9193999767303467,0.9082900285720825,0.9158999919891357
2012-12-24 00:00:00+00:00,0.9163299798965454,0.9179800152778625,0.909500002861023,0.9125999808311462
2012-12-31 00:00:00+00:00,0.9125699996948242,0.930109977722168,0.907829999923706,0.9245799779891968
2013-01-07 00:00:00+00:00,0.9247999787330627,0.9285200238227844,0.9110000133514404,0.9140899777412415
2013-01-14 00:00:00+00:00,0.9139999747276306,0.9386699795722961,0.9119700193405151,0.9340000152587891
2013-01-21 00:00:00+00:00,0.9340000152587891,0.9348199963569641,0.9221000075340271,0.9273399710655212
2013-01-28 00:00:00+00:00,0.9269599914550781,0.9290199875831604,0.9025999903678894,0.90829998254776
2013-02-04 00:00:00+00:00,0.9083099961280823,0.9204999804496765,0.9056000113487244,0.9173600077629089
2013-02-11 00:00:00+00:00,0.9172999858856201,0.9243900179862976,0.9150000214576721,0.9229000210762024
2013-02-18 00:00:00+00:00,0.9230999946594238,0.9327099919319153,0.9182999730110168,0.9300299882888794
2013-02-25 00:00:00+00:00,0.930400013923645,0.9461600184440613,0.9233899712562561,0.9417999982833862
2013-03-04 00:00:00+00:00,0.9422199726104736,0.9546499848365784,0.939300000667572,0.9521999955177307
2013-03-11 00:00:00+00:00,0.9523000121116638,0.9565799832344055,0.9379600286483765,0.9446600079536438
2013-03-18 00:00:00+00:00,0.9452000260353088,0.948199987411499,0.9354100227355957,0.9381999969482422
2013-03-25 00:00:00+00:00,0.9387800097465515,0.9546800255775452,0.9380900263786316,0.949999988079071
2013-03-31 23:00:00+00:00,0.9501000046730042,0.9526000022888184,0.9312000274658203,0.9329699873924255
2013-04-07 23:00:00+00:00,0.9338799715042114,0.9364299774169922,0.9265999794006348,0.9276999831199646
2013-04-14 23:00:00+00:00,0.9283999800682068,0.9333999752998352,0.9206399917602539,0.9327999949455261
2013-04-21 23:00:00+00:00,0.9333000183105469,0.9497600197792053,0.9314000010490417,0.9413999915122986
2013-04-28 23:00:00+00:00,0.9420999884605408,0.9429000020027161,0.924780011177063,0.9354000091552734
2013-05-05 23:00:00+00:00,0.9353399872779846,0.9623000025749207,0.9334800243377686,0.9584000110626221
2013-05-12 23:00:00+00:00,0.9585999846458435,0.9754800200462341,0.952019989490509,0.9708899855613708
2013-05-19 23:00:00+00:00,0.970300018787384,0.9816799759864807,0.9596999883651733,0.9613999724388123
2013-05-26 23:00:00+00:00,0.9616000056266785,0.9789000153541565,0.9513000249862671,0.9575899839401245
2013-06-02 23:00:00+00:00,0.9569600224494934,0.9620699882507324,0.9252499938011169,0.9369000196456909
2013-06-09 23:00:00+00:00,0.9372000098228455,0.9416000247001648,0.9129999876022339,0.9217000007629395
2013-06-16 23:00:00+00:00,0.9217600226402283,0.9366999864578247,0.9178000092506409,0.935699999332428
2013-06-23 23:00:00+00:00,0.9362800121307373,0.9487000107765198,0.9319999814033508,0.9451000094413757
2013-06-30 23:00:00+00:00,0.9451000094413757,0.9664000272750854,0.9438499808311462,0.9652699828147888
2013-07-07 23:00:00+00:00,0.965399980545044,0.9749299883842468,0.941057026386261,0.9467099905014038
2013-07-14 23:00:00+00:00,0.9466999769210815,0.9532600045204163,0.9362000226974487,0.9406700134277344
2013-07-21 23:00:00+00:00,0.9394500255584717,0.9407100081443787,0.9266999959945679,0.9277499914169312
2013-07-28 23:00:00+00:00,0.9279999732971191,0.9384999871253967,0.9253000020980835,0.9288600087165833
2013-08-04 23:00:00+00:00,0.9289199709892273,0.9330400228500366,0.9185500144958496,0.9223999977111816
2013-08-11 23:00:00+00:00,0.9218999743461609,0.9392399787902832,0.9217000007629395,0.9275000095367432
2013-08-18 23:00:00+00:00,0.9271000027656555,0.9287700057029724,0.9149399995803833,0.9213899970054626
2013-08-25 23:00:00+00:00,0.9209700226783752,0.932699978351593,0.9169700145721436,0.9322999715805054
2013-09-01 23:00:00+00:00,0.9324100017547607,0.9453999996185303,0.9312999844551086,0.9388800263404846
2013-09-08 23:00:00+00:00,0.9388999938964844,0.9391199946403503,0.9222999811172485,0.9239000082015991
2013-09-15 23:00:00+00:00,0.9250500202178955,0.9277799725532532,0.907800018787384,0.9101600050926208
2013-09-22 23:00:00+00:00,0.9107099771499634,0.9136999845504761,0.9022200107574463,0.9056000113487244
2013-09-29 23:00:00+00:00,0.9052000045776367,0.9076700210571289,0.8968999981880188,0.905239999294281
2013-10-06 23:00:00+00:00,0.9053400158882141,0.9129199981689453,0.9015600085258484,0.9096999764442444
2013-10-13 23:00:00+00:00,0.9100000262260437,0.9176300168037415,0.9004600048065186,0.9020000100135803
2013-10-20 23:00:00+00:00,0.9021700024604797,0.9043800234794617,0.8889999985694885,0.8924000263214111
2013-10-28 00:00:00+00:00,0.8927000164985657,0.9136099815368652,0.8921999931335449,0.9124299883842468
2013-11-04 00:00:00+00:00,0.9124100208282471,0.9244199991226196,0.9093999862670898,0.9230599999427795
2013-11-11 00:00:00+00:00,0.9228000044822693,0.9228000044822693,0.913100004196167,0.9154300093650818
2013-11-18 00:00:00+00:00,0.9154700040817261,0.9187600016593933,0.9060999751091003,0.9069499969482422
2013-11-25 00:00:00+00:00,0.9069300293922424,0.9126700162887573,0.902899980545044,0.9063400030136108
2013-12-02 00:00:00+00:00,0.9063400030136108,0.9108200073242188,0.8908699750900269,0.892300009727478
2013-12-09 00:00:00+00:00,0.892300009727478,0.8932999968528748,0.8847000002861023,0.8894799947738647
2013-12-16 00:00:00+00:00,0.8901000022888184,0.8999999761581421,0.8845999836921692,0.8953999876976013
2013-12-23 00:00:00+00:00,0.8955000042915344,0.8970999717712402,0.8813899755477905,0.8914700150489807
2013-12-30 00:00:00+00:00,0.8913800120353699,0.9056199789047241,0.8865000009536743,0.9049800038337708
2014-01-06 00:00:00+00:00,0.9051899909973145,0.9126399755477905,0.9004999995231628,0.9020000100135803
2014-01-13 00:00:00+00:00,0.9020500183105469,0.9114999771118164,0.8986700177192688,0.9114000201225281
2014-01-20 00:00:00+00:00,0.9114000201225281,0.9150999784469604,0.890500009059906,0.8932999968528748
2014-01-27 00:00:00+00:00,0.8938000202178955,0.9066399931907654,0.8932099938392639,0.9063199758529663
2014-02-03 00:00:00+00:00,0.9064900279045105,0.9079499840736389,0.8967800140380859,0.8985999822616577
2014-02-10 00:00:00+00:00,0.8988000154495239,0.9036300182342529,0.8907399773597717,0.8918099999427795
2014-02-17 00:00:00+00:00,0.8913999795913696,0.8927099704742432,0.8859000205993652,0.8873999714851379
2014-02-24 00:00:00+00:00,0.8873000144958496,0.8927500247955322,0.8781999945640564,0.8794999718666077
2014-03-03 00:00:00+00:00,0.8794999718666077,0.8893300294876099,0.8757100105285645,0.8776000142097473
2014-03-10 00:00:00+00:00,0.8779000043869019,0.8803300261497498,0.8697999715805054,0.8720999956130981
2014-03-17 00:00:00+00:00,0.8722500205039978,0.886680006980896,0.8713700175285339,0.8822000026702881
2014-03-24 00:00:00+00:00,0.8821499943733215,0.8896999955177307,0.8799999952316284,0.8870499730110168
2014-03-30 23:00:00+00:00,0.8870000243186951,0.8952299952507019,0.881600022315979,0.8920000195503235
2014-04-06 23:00:00+00:00,0.8913999795913696,0.892300009727478,0.8745800256729126,0.8772000074386597
2014-04-13 23:00:00+00:00,0.8769699931144714,0.8834499716758728,0.8762000203132629,0.8830000162124634
2014-04-20 23:00:00+00:00,0.8830000162124634,0.8859999775886536,0.8799999952316284,0.8809000253677368
2014-04-27 23:00:00+00:00,0.8807600140571594,0.88468998670578,0.8763999938964844,0.8774600028991699
2014-05-04 23:00:00+00:00,0.8776500225067139,0.886929988861084,0.8703500032424927,0.8865799903869629
2014-05-11 23:00:00+00:00,0.8866699934005737,0.895799994468689,0.8855000138282776,0.8922200202941895
2014-05-18 23:00:00+00:00,0.8919299840927124,0.8969399929046631,0.8898199796676636,0.895609974861145
2014-05-25 23:00:00+00:00,0.8956000208854675,0.8988199830055237,0.8934999704360962,0.8954899907112122
2014-06-01 23:00:00+00:00,0.8955000042915344,0.9034500122070312,0.8909199833869934,0.8931900262832642
2014-06-08 23:00:00+00:00,0.8934100270271301,0.9011300206184387,0.8919000029563904,0.9002000093460083
2014-06-15 23:00:00+00:00,0.9001700282096863,0.9012100100517273,0.8911100029945374,0.8951399922370911
2014-06-22 23:00:00+00:00,0.895609974861145,0.8966000080108643,0.8906000256538391,0.890779972076416
2014-06-29 23:00:00+00:00,0.8911399841308594,0.8950899839401245,0.8858399987220764,0.894569993019104
2014-07-06 23:00:00+00:00,0.8948100209236145,0.8958600163459778,0.8901000022888184,0.8921700119972229
2014-07-13 23:00:00+00:00,0.8924199938774109,0.9002000093460083,0.8898000121116638,0.8979399800300598
2014-07-20 23:00:00+00:00,0.8978400230407715,0.9047799706459045,0.8970900177955627,0.9045500159263611
2014-07-27 23:00:00+00:00,0.9046900272369385,0.9102799892425537,0.9034000039100647,0.9060900211334229
2014-08-03 23:00:00+00:00,0.9059000015258789,0.911300003528595,0.9032300114631653,0.9056000113487244
2014-08-10 23:00:00+00:00,0.9057999849319458,0.9103099703788757,0.9022499918937683,0.9035400152206421
2014-08-17 23:00:00+00:00,0.903469979763031,0.9178000092506409,0.9024999737739563,0.9172599911689758
2014-08-24 23:00:00+00:00,0.9164999723434448,0.9193900227546692,0.9126600027084351,0.9187099933624268
2014-08-31 23:00:00+00:00,0.9189000129699707,0.9330099821090698,0.9174000024795532,0.9310799837112427
2014-09-07 23:00:00+00:00,0.9312800168991089,0.938979983329773,0.930899977684021,0.9332299828529358
2014-09-14 23:00:00+00:00,0.9337000250816345,0.942110002040863,0.9313300251960754,0.9402999877929688
2014-09-21 23:00:00+00:00,0.9401999711990356,0.9523699879646301,0.9353500008583069,0.9521999955177307
2014-09-28 23:00:00+00:00,0.9517999887466431,0.9689000248908997,0.9488599896430969,0.9678999781608582
2014-10-05 23:00:00+00:00,0.9675999879837036,0.9676899909973145,0.9470000267028809,0.9552199840545654
2014-10-12 23:00:00+00:00,0.9562000036239624,0.9566699862480164,0.9399999976158142,0.947380006313324
2014-10-19 23:00:00+00:00,0.9470400214195251,0.9556000232696533,0.9397900104522705,0.9516000151634216
2014-10-27 00:00:00+00:00,0.9516000151634216,0.9657400250434875,0.9441999793052673,0.9643999934196472
2014-11-03 00:00:00+00:00,0.9643999934196472,0.9737899899482727,0.9581999778747559,0.9653000235557556
2014-11-10 00:00:00+00:00,0.9652000069618225,0.9699000120162964,0.9580000042915344,0.9594900012016296
2014-11-17 00:00:00+00:00,0.9593200087547302,0.9728999733924866,0.9552800059318542,0.9715399742126465
2014-11-24 00:00:00+00:00,0.9716100096702576,0.9719200134277344,0.9595999717712402,0.9678000211715698
2014-12-01 00:00:00+00:00,0.9679200053215027,0.979889988899231,0.9613999724388123,0.9781500101089478
2014-12-08 00:00:00+00:00,0.9784500002861023,0.981689989566803,0.9617999792098999,0.9637600183486938
2014-12-15 00:00:00+00:00,0.9636600017547607,0.984499990940094,0.9556599855422974,0.9840099811553955
2014-12-22 00:00:00+00:00,0.9843699932098389,0.9883999824523926,0.9790499806404114,0.9883000254631042
2014-12-29 00:00:00+00:00,0.9879000186920166,1.0092999935150146,0.9843999743461609,1.0058000087738037
2015-01-05 00:00:00+00:00,1.0052000284194946,1.021299958229065,1.0032999515533447,1.0118199586868286
2015-01-12 00:00:00+00:00,1.011929988861084,1.023859977722168,0.7327100038528442,0.8582000136375427
2015-01-19 00:00:00+00:00,0.8583999872207642,0.8825100064277649,0.8507999777793884,0.8810999989509583
2015-01-26 00:00:00+00:00,0.8810999989509583,0.9287400245666504,0.8763800263404846,0.9212999939918518
2015-02-02 00:00:00+00:00,0.9214000105857849,0.9340199828147888,0.9174000024795532,0.9262999892234802
2015-02-09 00:00:00+00:00,0.9258999824523926,0.9344050288200378,0.9214000105857849,0.9316999912261963
2015-02-16 00:00:00+00:00,0.9318000078201294,0.9533500075340271,0.9282000064849854,0.9405999779701233
2015-02-23 00:00:00+00:00,0.9404199719429016,0.9545000195503235,0.9401000142097473,0.9542999863624573
2015-03-02 00:00:00+00:00,0.954289972782135,0.9869899749755859,0.9538699984550476,0.984499990940094
2015-03-09 00:00:00+00:00,0.984499990940094,1.0126999616622925,0.9819999933242798,1.0066499710083008
2015-03-16 00:00:00+00:00,1.0062799453735352,1.0090700387954712,0.9729999899864197,0.9775000214576721
2015-03-23 00:00:00+00:00,0.9775000214576721,0.9811300039291382,0.9491000175476074,0.9612200260162354
2015-03-29 23:00:00+00:00,0.9613900184631348,0.9752900004386902,0.9482300281524658,0.9521399736404419
2015-04-05 23:00:00+00:00,0.9523400068283081,0.9835299849510193,0.9498999714851379,0.9790800213813782
2015-04-12 23:00:00+00:00,0.9792100191116333,0.9861999750137329,0.9494400024414062,0.9513999819755554
2015-04-19 23:00:00+00:00,0.9516000151634216,0.9717199802398682,0.9498999714851379,0.9534400105476379
2015-04-26 23:00:00+00:00,0.9534000158309937,0.9597600102424622,0.9200500249862671,0.9333000183105469
2015-05-03 23:00:00+00:00,0.9332000017166138,0.9409999847412109,0.9071999788284302,0.9315199851989746
2015-05-10 23:00:00+00:00,0.9317299723625183,0.9356099963188171,0.9078999757766724,0.9153000116348267
2015-05-17 23:00:00+00:00,0.9154000282287598,0.9453700184822083,0.9153000116348267,0.936959981918335
2015-05-24 23:00:00+00:00,0.9433000087738037,0.9541100263595581,0.9347699880599976,0.9430000185966492
2015-05-31 23:00:00+00:00,0.9413999915122986,0.9498000144958496,0.9276999831199646,0.9345999956130981
2015-06-07 23:00:00+00:00,0.940500020980835,0.9426500201225281,0.9233999848365784,0.933899998664856
2015-06-14 23:00:00+00:00,0.9297999739646912,0.9380699992179871,0.9150999784469604,0.9212999939918518
2015-06-21 23:00:00+00:00,0.9182999730110168,0.9412000179290771,0.9160000085830688,0.9365299940109253
2015-06-28 23:00:00+00:00,0.940060019493103,0.9502000212669373,0.925599992275238,0.9434000253677368
2015-07-05 23:00:00+00:00,0.9440000057220459,0.9513000249862671,0.9334200024604797,0.9478999972343445
2015-07-12 23:00:00+00:00,0.9398999810218811,0.9615799784660339,0.9369999766349792,0.957099974155426
2015-07-19 23:00:00+00:00,0.9624300003051758,0.9648000001907349,0.9524999856948853,0.9592999815940857
2015-07-26 23:00:00+00:00,0.9624000191688538,0.9716799855232239,0.9531000256538391,0.9682999849319458
2015-08-02 23:00:00+00:00,0.9671000242233276,0.9879999756813049,0.9646900296211243,0.9809899926185608
2015-08-09 23:00:00+00:00,0.9838700294494629,0.9888700246810913,0.9681000113487244,0.9753999710083008
2015-08-16 23:00:00+00:00,0.9769999980926514,0.9794800281524658,0.948170006275177,0.9591000080108643
2015-08-23 23:00:00+00:00,0.9473000168800354,0.9664999842643738,0.9258999824523926,0.9653000235557556
2015-08-30 23:00:00+00:00,0.9610000252723694,0.9769200086593628,0.957099974155426,0.973800003528595
2015-09-06 23:00:00+00:00,0.9717000126838684,0.982200026512146,0.9697999954223633,0.9732000231742859
2015-09-13 23:00:00+00:00,0.9689000248908997,0.9762099981307983,0.9527000188827515,0.9620699882507324
2015-09-20 23:00:00+00:00,0.9692000150680542,0.9838399887084961,0.9644500017166138,0.9779999852180481
2015-09-27 23:00:00+00:00,0.9793000221252441,0.9814800024032593,0.9645100235939026,0.9761999845504761
2015-10-04 23:00:00+00:00,0.9713000059127808,0.9765499830245972,0.9588000178337097,0.9661999940872192
2015-10-11 23:00:00+00:00,0.9611999988555908,0.9645199775695801,0.9477999806404114,0.9513000249862671
2015-10-18 23:00:00+00:00,0.9528999924659729,0.979200005531311,0.9492999911308289,0.9735000133514404
2015-10-26 00:00:00+00:00,0.9786099791526794,0.9955999851226807,0.9756500124931335,0.9886999726295471
2015-11-02 00:00:00+00:00,0.9861999750137329,1.006500005722046,0.9843000173568726,0.9951500296592712
2015-11-09 00:00:00+00:00,1.0055999755859375,1.0084999799728394,0.9995899796485901,1.0003600120544434
2015-11-16 00:00:00+00:00,1.0078699588775635,1.0199999809265137,1.0044000148773193,1.0194900035858154
2015-11-23 00:00:00+00:00,1.0195000171661377,1.032670021057129,1.014299988746643,1.0236300230026245
2015-11-30 00:00:00+00:00,1.0302000045776367,1.0319099426269531,0.9913700222969055,0.9937000274658203
2015-12-07 00:00:00+00:00,0.9968299865722656,1.002959966659546,0.980400025844574,0.9879999756813049
2015-12-14 00:00:00+00:00,0.9841499924659729,0.9976900219917297,0.9793199896812439,0.9944000244140625
2015-12-21 00:00:00+00:00,0.9918199777603149,0.9968000054359436,0.9851300120353699,0.9859399795532227
2015-12-28 00:00:00+00:00,0.9869999885559082,1.0013999938964844,0.9854199886322021,0.9994999766349792
2016-01-04 00:00:00+00:00,0.9994000196456909,1.0121999979019165,0.9884799718856812,0.9921000003814697
2016-01-11 00:00:00+00:00,0.9922000169754028,1.0105700492858887,0.9922000169754028,1.0017000436782837
2016-01-18 00:00:00+00:00,1.0018199682235718,1.0166599750518799,0.999180018901825,1.0161199569702148
2016-01-25 00:00:00+00:00,1.0162800550460815,1.02538001537323,1.011199951171875,1.0245000123977661
2016-02-01 00:00:00+00:00,1.0242999792099,1.0242999792099,0.9894800186157227,0.9927999973297119
2016-02-08 00:00:00+00:00,0.9926999807357788,0.9970899820327759,0.9662399888038635,0.9782000184059143
2016-02-15 00:00:00+00:00,0.9779999852180481,0.9966599941253662,0.9771999716758728,0.9906200170516968
2016-02-22 00:00:00+00:00,0.9906100034713745,1.000040054321289,0.986299991607666,0.9966999888420105
2016-02-29 00:00:00+00:00,0.9965999722480774,1.0036699771881104,0.9880200028419495,0.9939000010490417
2016-03-07 00:00:00+00:00,0.9941999912261963,1.0091099739074707,0.981719970703125,0.982699990272522
2016-03-14 00:00:00+00:00,0.9827499985694885,0.9912400245666504,0.9652000069618225,0.9693300127983093
2016-03-21 00:00:00+00:00,0.969760000705719,0.9785000085830688,0.9674999713897705,0.9782999753952026
2016-03-27 23:00:00+00:00,0.9785000085830688,0.9785000085830688,0.956529974937439,0.9585999846458435
2016-04-03 23:00:00+00:00,0.9585999846458435,0.9620199799537659,0.9517599940299988,0.9533500075340271
2016-04-10 23:00:00+00:00,0.9534000158309937,0.9687100052833557,0.9498000144958496,0.9663000106811523
2016-04-17 23:00:00+00:00,0.9663000106811523,0.9790480136871338,0.9587500095367432,0.9782500267028809
2016-04-24 23:00:00+00:00,0.9783499836921692,0.9783499836921692,0.9563000202178955,0.9587000012397766
2016-05-01 23:00:00+00:00,0.9587000012397766,0.9730899930000305,0.9442999958992004,0.9725000262260437
2016-05-08 23:00:00+00:00,0.9727799892425537,0.9771999716758728,0.9663400053977966,0.9756399989128113
2016-05-15 23:00:00+00:00,0.9754999876022339,0.9924600124359131,0.9746999740600586,0.9910100102424622
2016-05-22 23:00:00+00:00,0.9911199808120728,0.9947999715805054,0.9872000217437744,0.9946699738502502
2016-05-29 23:00:00+00:00,0.9947100281715393,0.9954800009727478,0.9754400253295898,0.9762200117111206
2016-06-05 23:00:00+00:00,0.9760800004005432,0.9775000214576721,0.9575999975204468,0.9643999934196472
2016-06-12 23:00:00+00:00,0.9645000100135803,0.968559980392456,0.9570500254631042,0.9598000049591064
2016-06-19 23:00:00+00:00,0.9595999717712402,0.9793599843978882,0.9521700143814087,0.972599983215332
2016-06-26 23:00:00+00:00,0.972819983959198,0.9828500151634216,0.9711999893188477,0.974399983882904
2016-07-03 23:00:00+00:00,0.9743000268936157,0.986299991607666,0.9690600037574768,0.9829999804496765
2016-07-10 23:00:00+00:00,0.9831799864768982,0.989300012588501,0.9764999747276306,0.9837999939918518
2016-07-17 23:00:00+00:00,0.9836900234222412,0.9904500246047974,0.9815099835395813,0.9881399869918823
2016-07-24 23:00:00+00:00,0.9881600141525269,0.9945700168609619,0.9640200138092041,0.9694399833679199
2016-07-31 23:00:00+00:00,0.9695299863815308,0.9828900098800659,0.9632999897003174,0.9804800152778625
2016-08-07 23:00:00+00:00,0.9804499745368958,0.98430997133255,0.970990002155304,0.97461998462677
2016-08-14 23:00:00+00:00,0.9746999740600586,0.9758599996566772,0.9545000195503235,0.9618499875068665
2016-08-21 23:00:00+00:00,0.9617300033569336,0.9787999987602234,0.9592999815940857,0.9777399897575378
2016-08-28 23:00:00+00:00,0.9781399965286255,0.9880499839782715,0.9742699861526489,0.9800000190734863
2016-09-04 23:00:00+00:00,0.9800800085067749,0.981190025806427,0.9652500152587891,0.9748200178146362
2016-09-11 23:00:00+00:00,0.9747899770736694,0.9824600219726562,0.9700899720191956,0.9796500205993652
2016-09-18 23:00:00+00:00,0.9796800017356873,0.9816799759864807,0.9660000205039978,0.9692299962043762
2016-09-25 23:00:00+00:00,0.969290018081665,0.9750900268554688,0.9647700190544128,0.9720900058746338
2016-10-02 23:00:00+00:00,0.9719899892807007,0.9833499789237976,0.9702900052070618,0.9776899814605713
2016-10-09 23:00:00+00:00,0.9776999950408936,0.990909993648529,0.977180004119873,0.9903799891471863
2016-10-16 23:00:00+00:00,0.9902999997138977,0.9960399866104126,0.9854199886322021,0.9942100048065186
2016-10-23 23:00:00+00:00,0.9941700100898743,0.9996299743652344,0.9868299961090088,0.9873899817466736
2016-10-31 00:00:00+00:00,0.987500011920929,0.9907000064849854,0.9678999781608582,0.97434002161026
2016-11-07 00:00:00+00:00,0.9745500087738037,0.9898399710655212,0.9549999833106995,0.9895099997520447
2016-11-14 00:00:00+00:00,0.9896699786186218,1.0120899677276611,0.9894499778747559,1.0110499858856201
2016-11-21 00:00:00+00:00,1.0110199451446533,1.0189599990844727,1.0068999528884888,1.0125000476837158
2016-11-28 00:00:00+00:00,1.012760043144226,1.019070029258728,1.0077999830245972,1.013800024986267
2016-12-05 00:00:00+00:00,1.0146299600601196,1.0213199853897095,1.0036300420761108,1.0180399417877197
2016-12-12 00:00:00+00:00,1.0182600021362305,1.0323100090026855,1.0083999633789062,1.0267000198364258
2016-12-19 00:00:00+00:00,1.0267399549484253,1.0319000482559204,1.0220999717712402,1.0261000394821167
2016-12-26 00:00:00+00:00,1.0260599851608276,1.0314600467681885,1.0138100385665894,1.0186899900436401
2017-01-02 00:00:00+00:00,1.0188100337982178,1.0332399606704712,1.0095100402832031,1.0174200534820557
2017-01-09 00:00:00+00:00,1.0174000263214111,1.0247199535369873,1.0053000450134277,1.0098299980163574
2017-01-16 00:00:00+00:00,1.0099899768829346,1.013450026512146,0.9997000098228455,1.0009100437164307
2017-01-23 00:00:00+00:00,1.0012099742889404,1.0025299787521362,0.9959999918937683,0.9973999857902527
2017-01-30 00:00:00+00:00,0.9972800016403198,1.004289984703064,0.9861099720001221,0.9923499822616577
2017-02-06 00:00:00+00:00,0.9922999739646912,1.006160020828247,0.9912199974060059,1.0044000148773193
2017-02-13 00:00:00+00:00,1.004539966583252,1.01173996925354,0.9968000054359436,1.0018600225448608
2017-02-20 00:00:00+00:00,1.0019099712371826,1.0139199495315552,1.0016000270843506,1.008870005607605
2017-02-27 00:00:00+00:00,1.0089099407196045,1.0139299631118774,1.0013200044631958,1.007930040359497
2017-03-06 00:00:00+00:00,1.007830023765564,1.0169199705123901,1.0069999694824219,1.0095000267028809
2017-03-13 00:00:00+00:00,1.0098999738693237,1.0115900039672852,0.9940999746322632,0.9973000288009644
2017-03-20 00:00:00+00:00,0.9973599910736084,0.9989100098609924,0.987779974937439,0.9880499839782715
2017-03-26 23:00:00+00:00,0.9879099726676941,1.003600001335144,0.9814000129699707,1.0022000074386597
2017-04-02 23:00:00+00:00,1.0023000240325928,1.0098799467086792,1.0006999969482422,1.00941002368927
2017-04-09 23:00:00+00:00,1.0093899965286255,1.0106699466705322,1.0009000301361084,1.0050699710845947
2017-04-16 23:00:00+00:00,1.0049099922180176,1.0052599906921387,0.9858400225639343,0.992900013923645
2017-04-23 23:00:00+00:00,0.9929800033569336,0.9980000257492065,0.9894999861717224,0.994189977645874
2017-04-30 23:00:00+00:00,0.9942299723625183,0.996429979801178,0.98580002784729,0.989870011806488
2017-05-07 23:00:00+00:00,0.9897800087928772,1.0098799467086792,0.9884700179100037,1.0010700225830078
2017-05-14 23:00:00+00:00,1.0009599924087524,1.0018999576568604,0.9723100066184998,0.9728900194168091
2017-05-21 23:00:00+00:00,0.9732599854469299,0.9775099754333496,0.9692000150680542,0.9749799966812134
2017-05-28 23:00:00+00:00,0.9749000072479248,0.9806299805641174,0.9622300267219543,0.9628400206565857
2017-06-04 23:00:00+00:00,0.963379979133606,0.9725800156593323,0.961899995803833,0.9691399931907654
2017-06-11 23:00:00+00:00,0.9690499901771545,0.9767799973487854,0.9640799760818481,0.9729899764060974
2017-06-18 23:00:00+00:00,0.9732000231742859,0.9763200283050537,0.9675999879837036,0.9692999720573425
2017-06-25 23:00:00+00:00,0.9691699743270874,0.9736899733543396,0.955489993095398,0.958899974822998
2017-07-02 23:00:00+00:00,0.9587900042533875,0.968500018119812,0.9585000276565552,0.9634000062942505
2017-07-09 23:00:00+00:00,0.9635000228881836,0.969980001449585,0.9602000117301941,0.9632899761199951
2017-07-16 23:00:00+00:00,0.9633200168609619,0.965719997882843,0.9444000124931335,0.9447000026702881
2017-07-23 23:00:00+00:00,0.9446899890899658,0.9725900292396545,0.944570004940033,0.9691699743270874
2017-07-30 23:00:00+00:00,0.9692000150680542,0.9762099981307983,0.9631999731063843,0.9727500081062317
2017-08-06 23:00:00+00:00,0.9728500247001648,0.9770699739456177,0.9584900140762329,0.9627100229263306
2017-08-13 23:00:00+00:00,0.9628400206565857,0.9764400124549866,0.9587000012397766,0.965399980545044
2017-08-20 23:00:00+00:00,0.9656699895858765,0.9696199893951416,0.954479992389679,0.9552000164985657
2017-08-27 23:00:00+00:00,0.9554399847984314,0.9679099917411804,0.9430999755859375,0.9608299732208252
2017-09-03 23:00:00+00:00,0.9607499837875366,0.9617199897766113,0.9421700239181519,0.9475700259208679
2017-09-10 23:00:00+00:00,0.9477400183677673,0.969760000705719,0.9476000070571899,0.9608299732208252
2017-09-17 23:00:00+00:00,0.9606000185012817,0.9746999740600586,0.9581000208854675,0.9706900119781494
2017-09-24 23:00:00+00:00,0.97079998254776,0.9768499732017517,0.9652600288391113,0.9681000113487244
2017-10-01 23:00:00+00:00,0.9683799743652344,0.9833499789237976,0.9679999947547913,0.9779000282287598
2017-10-08 23:00:00+00:00,0.977840006351471,0.9804900288581848,0.9706699848175049,0.9742599725723267
2017-10-15 23:00:00+00:00,0.9745799899101257,0.9846699833869934,0.9730700254440308,0.9836300015449524
2017-10-22 23:00:00+00:00,0.9855999946594238,1.0029799938201904,0.9829999804496765,0.9973300099372864
2017-10-30 00:00:00+00:00,0.9979699850082397,1.0024299621582031,0.994700014591217,1.000499963760376
2017-11-06 00:00:00+00:00,1.000309944152832,1.0028599500656128,0.9925100207328796,0.9938899874687195
2017-11-13 00:00:00+00:00,0.9964900016784668,0.9984899759292603,0.98471999168396,0.988319993019104
2017-11-20 00:00:00+00:00,0.9896500110626221,0.9945300221443176,0.978600025177002,0.9795299768447876
2017-11-27 00:00:00+00:00,0.9802899956703186,0.9881100058555603,0.9735400080680847,0.9760199785232544
2017-12-04 00:00:00+00:00,0.9823700189590454,0.9977099895477295,0.9811000227928162,0.9927499890327454
2017-12-11 00:00:00+00:00,0.9929500222206116,0.9934999942779541,0.9836999773979187,0.9904999732971191
2017-12-18 00:00:00+00:00,0.9912199974060059,0.991599977016449,0.9829300045967102,0.9890699982643127
2017-12-25 00:00:00+00:00,0.9891999959945679,0.9911900162696838,0.9734200239181519,0.9740999937057495
2018-01-01 00:00:00+00:00,0.9735999703407288,0.9796900153160095,0.9699000120162964,0.9744899868965149
2018-01-08 00:00:00+00:00,0.9750800132751465,0.9844599962234497,0.9674000144004822,0.967960000038147
2018-01-15 00:00:00+00:00,0.9681000113487244,0.9684200286865234,0.9535999894142151,0.9587699770927429
2018-01-22 00:00:00+00:00,0.9616199731826782,0.9637699723243713,0.9289399981498718,0.9322900176048279
2018-01-29 00:00:00+00:00,0.9336699843406677,0.9391999840736389,0.9258099794387817,0.9310299754142761
2018-02-05 00:00:00+00:00,0.9311299920082092,0.9468200206756592,0.928600013256073,0.9396200180053711
2018-02-12 00:00:00+00:00,0.9395700097084045,0.9399899840354919,0.9189000129699707,0.9275699853897095
2018-02-19 00:00:00+00:00,0.9272099733352661,0.9408800005912781,0.9261999726295471,0.9366000294685364
2018-02-26 00:00:00+00:00,0.9371399879455566,0.9488099813461304,0.932449996471405,0.9379299879074097
2018-03-05 00:00:00+00:00,0.9369000196456909,0.9533600211143494,0.9351999759674072,0.9509900212287903
2018-03-12 00:00:00+00:00,0.9508100152015686,0.9546899795532227,0.942300021648407,0.9515200257301331
2018-03-19 00:00:00+00:00,0.9529600143432617,0.9560999870300293,0.9445000290870667,0.9461699724197388
2018-03-25 23:00:00+00:00,0.947160005569458,0.9582499861717224,0.9431999921798706,0.9539099931716919
2018-04-01 23:00:00+00:00,0.9546999931335449,0.9646700024604797,0.9524999856948853,0.9590399861335754
2018-04-08 23:00:00+00:00,0.9592599868774414,0.9643800258636475,0.9534199833869934,0.9617300033569336
2018-04-15 23:00:00+00:00,0.9630399942398071,0.9757300019264221,0.9577999711036682,0.9743300080299377
2018-04-22 23:00:00+00:00,0.9759299755096436,0.9918500185012817,0.9747200012207031,0.9875900149345398
2018-04-29 23:00:00+00:00,0.9880599975585938,1.0021400451660156,0.9869999885559082,0.9996700286865234
2018-05-06 23:00:00+00:00,1.0003999471664429,1.0055999755859375,0.9976800084114075,0.9994800090789795
2018-05-13 23:00:00+00:00,0.9999600052833557,1.003999948501587,0.9957699775695801,0.9982200264930725
2018-05-20 23:00:00+00:00,0.9980900287628174,1.0000300407409668,0.9886000156402588,0.9895600080490112
2018-05-27 23:00:00+00:00,0.9921000003814697,0.9981399774551392,0.9825000166893005,0.9880499839782715
2018-06-03 23:00:00+00:00,0.9887099862098694,0.989329993724823,0.9800999760627747,0.9843000173568726
2018-06-10 23:00:00+00:00,0.9850900173187256,0.9987499713897705,0.9825500249862671,0.9977399706840515
2018-06-17 23:00:00+00:00,0.997439980506897,0.9988499879837036,0.9881700277328491,0.9881700277328491
2018-06-24 23:00:00+00:00,0.9879500269889832,0.9990699887275696,0.9857000112533569,0.9899299740791321
2018-07-01 23:00:00+00:00,0.9902700185775757,0.996399998664856,0.9884499907493591,0.9901800155639648
2018-07-08 23:00:00+00:00,0.989300012588501,1.0066900253295898,0.9857000112533569,1.0013999938964844
2018-07-15 23:00:00+00:00,1.0021799802780151,1.0042099952697754,0.9920499920845032,0.9920499920845032
2018-07-22 23:00:00+00:00,0.990880012512207,0.9977200031280518,0.9898999929428101,0.9944300055503845
2018-07-29 23:00:00+00:00,0.9940000176429749,0.9964500069618225,0.98676997423172,0.9940000176429749
2018-08-05 23:00:00+00:00,0.9944999814033508,0.9983800053596497,0.9894700050354004,0.9952200055122375
2018-08-12 23:00:00+00:00,0.9943000078201294,0.9981600046157837,0.9901000261306763,0.9953699707984924
2018-08-19 23:00:00+00:00,0.9952399730682373,0.9967399835586548,0.9807800054550171,0.9830300211906433
2018-08-26 23:00:00+00:00,0.9825699925422668,0.9845399856567383,0.9652900099754333,0.96875
2018-09-02 23:00:00+00:00,0.9695500135421753,0.9765899777412415,0.9641600251197815,0.968970000743866
2018-09-09 23:00:00+00:00,0.96875,0.9758300185203552,0.9632999897003174,0.9672499895095825
2018-09-16 23:00:00+00:00,0.967199981212616,0.9699000120162964,0.954230010509491,0.958620011806488
2018-09-23 23:00:00+00:00,0.9585000276565552,0.9817299842834473,0.9580600261688232,0.9817299842834473
2018-09-30 23:00:00+00:00,0.9813899993896484,0.9948999881744385,0.9804999828338623,0.9914299845695496
2018-10-07 23:00:00+00:00,0.9914000034332275,0.9955300092697144,0.9856699705123901,0.9917100071907043
2018-10-14 23:00:00+00:00,0.9907900094985962,0.9975900053977966,0.9848600029945374,0.9957200288772583
2018-10-21 23:00:00+00:00,0.9961000084877014,1.0025899410247803,0.9939799904823303,0.9968100190162659
2018-10-29 00:00:00+00:00,0.9973999857902527,1.0082099437713623,0.9968000054359436,1.0016000270843506
2018-11-05 00:00:00+00:00,1.0025299787521362,1.0083999633789062,0.9950000047683716,1.0052000284194946
2018-11-12 00:00:00+00:00,1.0055999755859375,1.0126800537109375,0.9978600144386292,0.9978600144386292
2018-11-19 00:00:00+00:00,0.9994699954986572,1.0006500482559204,0.9908000230789185,0.9969199895858765
2018-11-26 00:00:00+00:00,0.9972699880599976,1.000499963760376,0.991599977016449,0.9988600015640259
2018-12-03 00:00:00+00:00,0.9985799789428711,1.0006599426269531,0.9894999861717224,0.9902600049972534
2018-12-10 00:00:00+00:00,0.989549994468689,0.9982600212097168,0.986299991607666,0.9978600144386292
2018-12-17 00:00:00+00:00,0.9975600242614746,0.9981300234794617,0.9860000014305115,0.9932100176811218
2018-12-24 00:00:00+00:00,0.9937000274658203,0.9951000213623047,0.9790999889373779,0.98403000831604
2018-12-31 00:00:00+00:00,0.983709990978241,0.9906799793243408,0.9793999791145325,0.9862499833106995
2019-01-07 00:00:00+00:00,0.9857699871063232,0.9857699871063232,0.9715999960899353,0.9838899970054626
2019-01-14 00:00:00+00:00,0.9837300181388855,0.9958299994468689,0.9799000024795532,0.9955800175666809
2019-01-21 00:00:00+00:00,0.995389997959137,0.9989200234413147,0.9924499988555908,0.9929900169372559
2019-01-28 00:00:00+00:00,0.9925600290298462,0.9994199872016907,0.9904000163078308,0.995419979095459
2019-02-04 00:00:00+00:00,0.9955300092697144,1.0028400421142578,0.9948400259017944,0.9994999766349792
2019-02-11 00:00:00+00:00,0.9993399977684021,1.009660005569458,0.9991000294685364,1.0049999952316284
2019-02-18 00:00:00+00:00,1.0042999982833862,1.0059900283813477,0.9984999895095825,1.0002000331878662
2019-02-25 00:00:00+00:00,0.9998999834060669,1.0017999410629272,0.9926000237464905,0.9987099766731262
2019-03-04 00:00:00+00:00,0.9983999729156494,1.01173996925354,0.9983999729156494,1.0077999830245972
2019-03-11 00:00:00+00:00,1.0081900358200073,1.0111500024795532,1.001170039176941,1.0013999938964844
2019-03-18 00:00:00+00:00,1.0020999908447266,1.0024000406265259,0.9902999997138977,0.9925500154495239
2019-03-25 00:00:00+00:00,0.9937999844551086,0.9973300099372864,0.9909899830818176,0.9945600032806396
2019-03-31 23:00:00+00:00,0.9948999881744385,1.0011099576950073,0.9932000041007996,0.9998499751091003
2019-04-07 23:00:00+00:00,1.000040054321289,1.0045900344848633,0.9976000189781189,1.0019999742507935
2019-04-14 23:00:00+00:00,1.0024299621582031,1.0154999494552612,1.0006999969482422,1.014299988746643
2019-04-21 23:00:00+00:00,1.014299988746643,1.0228899717330933,1.01419997215271,1.019700050354004
2019-04-28 23:00:00+00:00,1.0193500518798828,1.0214899778366089,1.0134999752044678,1.0166000127792358
2019-05-05 23:00:00+00:00,1.0163600444793701,1.0224699974060059,1.01010000705719,1.0115000009536743
2019-05-12 23:00:00+00:00,1.0104000568389893,1.012030005455017,1.0049999952316284,1.010599970817566
2019-05-19 23:00:00+00:00,1.0106600522994995,1.0120500326156616,1.0009000301361084,1.0015000104904175
2019-05-26 23:00:00+00:00,1.0019299983978271,1.009719967842102,0.999530017375946,0.999530017375946
2019-06-02 23:00:00+00:00,0.9996600151062012,0.9999099969863892,0.9855499863624573,0.987280011177063
2019-06-09 23:00:00+00:00,0.9898999929428101,0.9994000196456909,0.9890999794006348,0.9986900091171265
2019-06-16 23:00:00+00:00,0.9988200068473816,1.0013999938964844,0.9748899936676025,0.9748899936676025
2019-06-23 23:00:00+00:00,0.9756500124931335,0.9813799858093262,0.9693400263786316,0.9762899875640869
2019-06-30 23:00:00+00:00,0.9794999957084656,0.9930300116539001,0.9786999821662903,0.9916899800300598
2019-07-07 23:00:00+00:00,0.9911999702453613,0.9949300289154053,0.9836300015449524,0.9838500022888184
2019-07-14 23:00:00+00:00,0.9843500256538391,0.9907199740409851,0.98089998960495,0.9814000129699707
2019-07-21 23:00:00+00:00,0.982699990272522,0.9939600229263306,0.9803000092506409,0.9933800101280212
2019-07-28 23:00:00+00:00,0.9932000041007996,0.9973099827766418,0.9818999767303467,0.9819899797439575
2019-08-04 23:00:00+00:00,0.9825000166893005,0.9825999736785889,0.970300018787384,0.9714999794960022
2019-08-11 23:00:00+00:00,0.9713000059127808,0.9808599948883057,0.9660099744796753,0.9781100153923035
2019-08-18 23:00:00+00:00,0.9789999723434448,0.9876999855041504,0.9742199778556824,0.9742199778556824
2019-08-25 23:00:00+00:00,0.9729800224304199,0.9902600049972534,0.9729800224304199,0.9898800253868103
2019-09-01 23:00:00+00:00,0.989300012588501,0.9927999973297119,0.9804999828338623,0.9869300127029419
2019-09-08 23:00:00+00:00,0.9883099794387817,0.994350016117096,0.9853000044822693,0.9897599816322327
2019-09-15 23:00:00+00:00,0.9867799878120422,0.9982500076293945,0.986299991607666,0.9927399754524231
2019-09-22 23:00:00+00:00,0.9912999868392944,0.9947800040245056,0.9851999878883362,0.9933900237083435
2019-09-29 23:00:00+00:00,0.9910100102424622,1.002619981765747,0.9905999898910522,0.9981499910354614
2019-10-06 23:00:00+00:00,0.9937000274658203,0.9989799857139587,0.9904000163078308,0.996442973613739
2019-10-13 23:00:00+00:00,0.9979000091552734,0.9995099902153015,0.9834420084953308,0.9834420084953308
2019-10-20 23:00:00+00:00,0.9848700165748596,0.9946200251579285,0.9840800166130066,0.9942309856414795
2019-10-28 00:00:00+00:00,0.9944000244140625,0.9968400001525879,0.9853000044822693,0.9853119850158691
2019-11-04 00:00:00+00:00,0.9855999946594238,0.9978299736976624,0.9850999712944031,0.9964780211448669
2019-11-11 00:00:00+00:00,0.9971500039100647,0.9975399971008301,0.9869499802589417,0.9887999892234802
2019-11-18 00:00:00+00:00,0.9890699982643127,0.9970390200614929,0.9868000149726868,0.9970229864120483
2019-11-25 00:00:00+00:00,0.9976000189781189,1.0021599531173706,0.9961000084877014,0.9995999932289124
2019-12-02 00:00:00+00:00,1.000040054321289,1.0008100271224976,0.9854999780654907,0.9905419945716858
2019-12-09 00:00:00+00:00,0.9904199838638306,0.9910200238227844,0.9807999730110168,0.9836810231208801
2019-12-16 00:00:00+00:00,0.9838799834251404,0.984529972076416,0.9775999784469604,0.9823920130729675
2019-12-23 00:00:00+00:00,0.9822800159454346,0.9830700159072876,0.973800003528595,0.9748470187187195
2019-12-30 00:00:00+00:00,0.9737899899482727,0.97434002161026,0.9645000100135803,0.9720730185508728
2020-01-06 00:00:00+00:00,0.9715200066566467,0.9761499762535095,0.9664999842643738,0.9720630049705505
2020-01-13 00:00:00+00:00,0.9731400012969971,0.9735699892044067,0.9612500071525574,0.9671549797058105
2020-01-20 00:00:00+00:00,0.9681400060653687,0.972599983215332,0.9660599827766418,0.97079998254776
2020-01-27 00:00:00+00:00,0.9700400233268738,0.976639986038208,0.9630860090255737,0.9633920192718506
2020-02-03 00:00:00+00:00,0.9634299874305725,0.9779599905014038,0.9627000093460083,0.9773880243301392
2020-02-10 00:00:00+00:00,0.9767199754714966,0.9821100234985352,0.9740999937057495,0.9820730090141296
2020-02-17 00:00:00+00:00,0.981719970703125,0.9847300052642822,0.9770900011062622,0.9779999852180481
2020-02-24 00:00:00+00:00,0.9789699912071228,0.9813299775123596,0.9609799981117249,0.9643959999084473
2020-03-02 00:00:00+00:00,0.9640600085258484,0.9653699994087219,0.931879997253418,0.937237024307251
2020-03-09 00:00:00+00:00,0.9275199770927429,0.9553300142288208,0.9182199835777283,0.9510189890861511
2020-03-16 00:00:00+00:00,0.9462100267410278,0.9886299967765808,0.9391999840736389,0.9860090017318726
2020-03-23 00:00:00+00:00,0.9856299757957458,0.9884300231933594,0.9510239958763123,0.9510239958763123
2020-03-29 23:00:00+00:00,0.9506999850273132,0.979390025138855,0.9506999850273132,0.9763649702072144
2020-04-05 23:00:00+00:00,0.977150022983551,0.9796500205993652,0.9643999934196472,0.9653729796409607
2020-04-12 23:00:00+00:00,0.9656999707221985,0.9723700284957886,0.9595000147819519,0.9661999940872192
2020-04-19 23:00:00+00:00,0.9678000211715698,0.9801300168037415,0.965499997138977,0.9727990031242371
2020-04-26 23:00:00+00:00,0.9735599756240845,0.9798200130462646,0.9589400291442871,0.9612860083580017
2020-05-03 23:00:00+00:00,0.9627100229263306,0.9781000018119812,0.9625999927520752,0.970740020275116
2020-05-10 23:00:00+00:00,0.970924973487854,0.9754499793052673,0.9667099714279175,0.9711700081825256
2020-05-17 23:00:00+00:00,0.9719399809837341,0.9732000231742859,0.9638000130653381,0.9709050059318542
2020-05-24 23:00:00+00:00,0.9711899757385254,0.9734799861907959,0.9602000117301941,0.9616000056266785
2020-05-31 23:00:00+00:00,0.9609400033950806,0.96492999792099,0.9541000127792358,0.9621999859809875
2020-06-07 23:00:00+00:00,0.9615899920463562,0.963890016078949,0.9380000233650208,0.9520350098609924
2020-06-14 23:00:00+00:00,0.9513199925422668,0.9545599818229675,0.9462000131607056,0.9522510170936584
2020-06-21 23:00:00+00:00,0.9520999789237976,0.9523500204086304,0.9421600103378296,0.9476029872894287
2020-06-28 23:00:00+00:00,0.9478800296783447,0.9531599879264832,0.9426400065422058,0.9454039931297302
2020-07-05 23:00:00+00:00,0.9447900056838989,0.9452300071716309,0.9361000061035156,0.9411529898643494
2020-07-12 23:00:00+00:00,0.9404000043869019,0.9466099739074707,0.9369000196456909,0.9384859800338745
2020-07-19 23:00:00+00:00,0.9383000135421753,0.9408299922943115,0.9203159809112549,0.9205250144004822
2020-07-26 23:00:00+00:00,0.9208499789237976,0.9229400157928467,0.9055899977684021,0.9129359722137451
2020-08-02 23:00:00+00:00,0.9133999943733215,0.9238100051879883,0.9049999713897705,0.9122999906539917
2020-08-09 23:00:00+00:00,0.9125999808311462,0.919700026512146,0.9082099795341492,0.9088680148124695
2020-08-16 23:00:00+00:00,0.9088299870491028,0.9160699844360352,0.9009900093078613,0.9109280109405518
2020-08-23 23:00:00+00:00,0.9119600057601929,0.9127299785614014,0.9023500084877014,0.9041010141372681
2020-08-30 23:00:00+00:00,0.9036300182342529,0.9162700176239014,0.8999000191688538,0.9127510190010071
2020-09-06 23:00:00+00:00,0.9134699702262878,0.9199299812316895,0.9050400257110596,0.9087610244750977
2020-09-13 23:00:00+00:00,0.9088500142097473,0.9136499762535095,0.9050999879837036,0.9112300276756287
2020-09-20 23:00:00+00:00,0.9110199809074402,0.9295300245285034,0.9085500240325928,0.9287559986114502
2020-09-27 23:00:00+00:00,0.9282199740409851,0.9294300079345703,0.9161499738693237,0.9205549955368042
2020-10-04 23:00:00+00:00,0.9180600047111511,0.9196100234985352,0.9091619849205017,0.9091619849205017
2020-10-11 23:00:00+00:00,0.9106799960136414,0.9161900281906128,0.9085000157356262,0.9140869975090027
2020-10-18 23:00:00+00:00,0.9151099920272827,0.9164400100708008,0.902999997138977,0.9039130210876465
2020-10-26 00:00:00+00:00,0.9045600295066833,0.917635977268219,0.9041000008583069,0.917635977268219
2020-11-02 00:00:00+00:00,0.917169988155365,0.9203000068664551,0.8984599709510803,0.8998669981956482
2020-11-09 00:00:00+00:00,0.8992599844932556,0.919160008430481,0.8984100222587585,0.912663996219635
2020-11-16 00:00:00+00:00,0.9120659828186035,0.9150300025939941,0.9087200164794922,0.9107120037078857
2020-11-23 00:00:00+00:00,0.9106299877166748,0.9146400094032288,0.9040300250053406,0.90482097864151
2020-11-30 00:00:00+00:00,0.9042800068855286,0.9083600044250488,0.8885499835014343,0.8913000226020813
2020-12-07 00:00:00+00:00,0.8919000029563904,0.8945099711418152,0.8848999738693237,0.8890789747238159
2020-12-14 00:00:00+00:00,0.88850998878479,0.8894400000572205,0.8822000026702881,0.8831210136413574
2020-12-21 00:00:00+00:00,0.8858000040054321,0.8985880017280579,0.8841699957847595,0.8985880017280579
2020-12-28 00:00:00+00:00,0.8893300294876099,0.8989999890327454,0.8795700073242188,0.8898559808731079
2021-01-04 00:00:00+00:00,0.8831400275230408,0.8883600234985352,0.8755000233650208,0.8853340148925781
2021-01-11 00:00:00+00:00,0.8874099850654602,0.892009973526001,0.8850499987602234,0.8912000060081482
2021-01-18 00:00:00+00:00,0.8923199772834778,0.8923900127410889,0.8838499784469604,0.88503497838974
2021-01-25 00:00:00+00:00,0.8855199813842773,0.8917499780654907,0.8846499919891357,0.8906970024108887
2021-02-01 00:00:00+00:00,0.8915299773216248,0.9044899940490723,0.8906000256538391,0.8988320231437683
2021-02-08 00:00:00+00:00,0.8990200161933899,0.901889979839325,0.8890299797058105,0.8912010192871094
2021-02-15 00:00:00+00:00,0.8918700218200684,0.8994699716567993,0.8870000243186951,0.8959000110626221
2021-02-22 00:00:00+00:00,0.8968499898910522,0.9094200134277344,0.894599974155426,0.9081060290336609
2021-03-01 00:00:00+00:00,0.9072999954223633,0.9317899942398071,0.9068999886512756,0.9304280281066895
2021-03-08 00:00:00+00:00,0.930180013179779,0.9375,0.9243000149726868,0.9289789795875549
2021-03-15 00:00:00+00:00,0.9293249845504761,0.9318000078201294,0.9218000173568726,0.9295600056648254
2021-03-22 00:00:00+00:00,0.9299799799919128,0.9416599869728088,0.9222599864006042,0.9390910267829895
2021-03-28 23:00:00+00:00,0.9394999742507935,0.947130024433136,0.9369999766349792,0.9424520134925842
2021-04-04 23:00:00+00:00,0.9421399831771851,0.9438499808311462,0.9233999848365784,0.9247000217437744
2021-04-11 23:00:00+00:00,0.9254000186920166,0.9267799854278564,0.9180999994277954,0.9197180271148682
2021-04-18 23:00:00+00:00,0.9205399751663208,0.9214100241661072,0.9128400087356567,0.914002001285553
2021-04-25 23:00:00+00:00,0.9139299988746643,0.9180499911308289,0.9079999923706055,0.9131060242652893
2021-05-02 23:00:00+00:00,0.9130399823188782,0.9162799715995789,0.9002000093460083,0.9002000093460083
2021-05-09 23:00:00+00:00,0.9006800055503845,0.9092299938201904,0.8984000086784363,0.9013410210609436
2021-05-16 23:00:00+00:00,0.9013000130653381,0.9044600129127502,0.8953700065612793,0.8979049921035767
2021-05-23 23:00:00+00:00,0.8974999785423279,0.9029099941253662,0.8930000066757202,0.8996970057487488
2021-05-30 23:00:00+00:00,0.9001399874687195,0.9053099751472473,0.894599974155426,0.8989530205726624
2021-06-06 23:00:00+00:00,0.8994100093841553,0.900950014591217,0.8925999999046326,0.8980609774589539
2021-06-13 23:00:00+00:00,0.8978000283241272,0.9231200218200684,0.896399974822998,0.9229000210762024
2021-06-20 23:00:00+00:00,0.922540009021759,0.9235799908638,0.9142600297927856,0.9167159795761108
2021-06-27 23:00:00+00:00,0.9166899919509888,0.9273300170898438,0.9166899919509888,0.9203979969024658
2021-07-04 23:00:00+00:00,0.9218999743461609,0.9265999794006348,0.9133300185203552,0.9138060212135315
2021-07-11 23:00:00+00:00,0.9140200018882751,0.9201800227165222,0.9117770195007324,0.9187269806861877
2021-07-18 23:00:00+00:00,0.9187099933624268,0.9230899810791016,0.9154700040817261,0.9191840291023254
2021-07-25 23:00:00+00:00,0.9194999933242798,0.9201700091362,0.9038199782371521,0.9051709771156311
2021-08-01 23:00:00+00:00,0.906000018119812,0.9148600101470947,0.9018700122833252,0.9135000109672546
2021-08-08 23:00:00+00:00,0.9154999852180481,0.9241499900817871,0.9144600033760071,0.9153000116348267
2021-08-15 23:00:00+00:00,0.9151999950408936,0.920490026473999,0.9097999930381775,0.9166970252990723
2021-08-22 23:00:00+00:00,0.9170600175857544,0.919920027256012,0.9110000133514404,0.9114770293235779
2021-08-29 23:00:00+00:00,0.9112899899482727,0.9188100099563599,0.9100000262260437,0.91314697265625
2021-09-05 23:00:00+00:00,0.913798987865448,0.9233999848365784,0.9132000207901001,0.917805016040802
2021-09-12 23:00:00+00:00,0.9181399941444397,0.9319999814033508,0.9161999821662903,0.9319999814033508
2021-09-19 23:00:00+00:00,0.9319000244140625,0.9332000017166138,0.921500027179718,0.9231420159339905
2021-09-26 23:00:00+00:00,0.9243999719619751,0.9368199706077576,0.9243500232696533,0.9303119778633118
2021-10-03 23:00:00+00:00,0.9294999837875366,0.9309399724006653,0.9230599999427795,0.927299976348877
2021-10-10 23:00:00+00:00,0.9278200268745422,0.9307699799537659,0.9193999767303467,0.923183023929596
2021-10-17 23:00:00+00:00,0.9236199855804443,0.9270300269126892,0.9151399731636047,0.9157189726829529
2021-10-24 23:00:00+00:00,0.916450023651123,0.9223600029945374,0.9102200269699097,0.9150329828262329
2021-11-01 00:00:00+00:00,0.9159799814224243,0.9172000288963318,0.9089000225067139,0.9119870066642761
2021-11-08 00:00:00+00:00,0.9119700193405151,0.9236099720001221,0.9106230139732361,0.9210000038146973
2021-11-15 00:00:00+00:00,0.9211099743843079,0.9328600168228149,0.9185000061988831,0.9281290173530579
2021-11-22 00:00:00+00:00,0.9293000102043152,0.9371700286865234,0.9216979742050171,0.9243199825286865
2021-11-29 00:00:00+00:00,0.9244700074195862,0.9271000027656555,0.9157500267028809,0.9172970056533813
2021-12-06 00:00:00+00:00,0.9185900092124939,0.9272800087928772,0.9185100197792053,0.9204519987106323
2021-12-13 00:00:00+00:00,0.921239972114563,0.9269700050354004,0.9172999858856201,0.923891007900238
2021-12-20 00:00:00+00:00,0.9233899712562561,0.9252099990844727,0.9167900085449219,0.920212984085083
2021-12-27 00:00:00+00:00,0.9187740087509155,0.9199299812316895,0.9104700088500977,0.911300003528595
2022-01-03 00:00:00+00:00,0.9120299816131592,0.9230999946594238,0.9114999771118164,0.9182419776916504
2022-01-10 00:00:00+00:00,0.9188899993896484,0.9277399778366089,0.9092000126838684,0.9138479828834534
2022-01-17 00:00:00+00:00,0.9144499897956848,0.9176200032234192,0.9108399748802185,0.9111199975013733
2022-01-24 00:00:00+00:00,0.9124600291252136,0.9337599873542786,0.9107999801635742,0.9303100109100342
2022-01-31 00:00:00+00:00,0.9313099980354309,0.9342300295829773,0.9178100228309631,0.9249290227890015
2022-02-07 00:00:00+00:00,0.925279974937439,0.9295600056648254,0.921999990940094,0.9260680079460144
2022-02-14 00:00:00+00:00,0.9247499704360962,0.9271900057792664,0.9189000129699707,0.9211429953575134
2022-02-21 00:00:00+00:00,0.9208459854125977,0.9287199974060059,0.914900004863739,0.9255040287971497
2022-02-28 00:00:00+00:00,0.9268199801445007,0.927619993686676,0.9150000214576721,0.9161289930343628
2022-03-07 00:00:00+00:00,0.9202499985694885,0.9371619820594788,0.9193999767303467,0.9343940019607544
2022-03-14 00:00:00+00:00,0.9347699880599976,0.9424999952316284,0.9318010210990906,0.9318720102310181
2022-03-21 00:00:00+00:00,0.9329599738121033,0.9374899864196777,0.926069974899292,0.9290779829025269
2022-03-27 23:00:00+00:00,0.9312700033187866,0.9380099773406982,0.9196000099182129,0.9251000285148621
2022-04-03 23:00:00+00:00,0.9258999824523926,0.9372900128364563,0.9239699840545654,0.9351450204849243
2022-04-10 23:00:00+00:00,0.9342399835586548,0.9441699981689453,0.9287199974060059,0.9428790211677551
2022-04-17 23:00:00+00:00,0.9423400163650513,0.9589499831199646,0.9419999718666077,0.9572569727897644
2022-04-24 23:00:00+00:00,0.9556000232696533,0.9758099913597107,0.9546999931335449,0.9733960032463074
2022-05-01 23:00:00+00:00,0.9741700291633606,0.9886950254440308,0.9710000157356262,0.9883999824523926
2022-05-08 23:00:00+00:00,0.989329993724823,1.0044900178909302,0.9872199892997742,1.001386046409607
2022-05-15 23:00:00+00:00,1.0022300481796265,1.0063300132751465,0.9694600105285645,0.974702000617981
2022-05-22 23:00:00+00:00,0.9749900102615356,0.9748799800872803,0.9544000029563904,0.9578790068626404
2022-05-29 23:00:00+00:00,0.9578499794006348,0.9656400084495544,0.9553599953651428,0.9615169763565063
2022-06-05 23:00:00+00:00,0.9622600078582764,0.9897599816322327,0.9603000283241272,0.9876180291175842
2022-06-12 23:00:00+00:00,0.9894499778747559,1.0026899576187134,0.9619899988174438,0.9706019759178162
2022-06-19 23:00:00+00:00,0.9695600271224976,0.970300018787384,0.9521700143814087,0.9588810205459595
2022-06-26 23:00:00+00:00,0.95728999376297,0.9640899896621704,0.9497500061988831,0.9587770104408264
2022-07-03 23:00:00+00:00,0.9584000110626221,0.979640007019043,0.9572799801826477,0.9764000177383423
2022-07-10 23:00:00+00:00,0.9777299761772156,0.9883300065994263,0.9758899807929993,0.9766759872436523
2022-07-17 23:00:00+00:00,0.975600004196167,0.9787700176239014,0.9599599838256836,0.961899995803833
2022-07-24 23:00:00+00:00,0.9629999995231628,0.9666399955749512,0.9502999782562256,0.9518120288848877
2022-07-31 23:00:00+00:00,0.9530699849128723,0.9649699926376343,0.9470400214195251,0.9613580107688904
2022-08-07 23:00:00+00:00,0.9622399806976318,0.9634100198745728,0.9371899962425232,0.9415029883384705
2022-08-14 23:00:00+00:00,0.9417999982833862,0.9596499800682068,0.9408000111579895,0.9585019946098328
2022-08-21 23:00:00+00:00,0.9588000178337097,0.9692000150680542,0.9573900103569031,0.9651470184326172
2022-08-28 23:00:00+00:00,0.968500018119812,0.9856799840927124,0.9660699963569641,0.9804949760437012
2022-09-04 23:00:00+00:00,0.9833499789237976,0.9868599772453308,0.9547899961471558,0.9587100148200989
2022-09-11 23:00:00+00:00,0.9599199891090393,0.9653000235557556,0.9480000138282776,0.964896023273468
2022-09-18 23:00:00+00:00,0.9632099866867065,0.9845200181007385,0.9624999761581421,0.9807980060577393
2022-09-25 23:00:00+00:00,0.9824100136756897,0.9955999851226807,0.9739500284194946,0.9884300231933594
2022-10-02 23:00:00+00:00,0.9856500029563904,0.9949219822883606,0.9779000282287598,0.9941999912261963
2022-10-09 23:00:00+00:00,0.9945600032806396,1.006890058517456,0.9932000041007996,1.0062390565872192
2022-10-16 23:00:00+00:00,1.0036699771881104,1.0147299766540527,0.9919999837875366,0.9976000189781189
2022-10-23 23:00:00+00:00,0.9978799819946289,1.0030499696731567,0.9841399788856506,0.9960820078849792
2022-10-31 00:00:00+00:00,0.9964100122451782,1.0145699977874756,0.9915000200271606,0.9978470206260681
2022-11-07 00:00:00+00:00,0.9967399835586548,0.9975900053977966,0.9403169751167297,0.9403169751167297
2022-11-14 00:00:00+00:00,0.9440500140190125,0.9556699991226196,0.9364500045776367,0.9545360207557678
2022-11-21 00:00:00+00:00,0.9533299803733826,0.9596400260925293,0.9386000037193298,0.9457449913024902
2022-11-28 00:00:00+00:00,0.947380006313324,0.9545400142669678,0.9327499866485596,0.9356909990310669
2022-12-05 00:00:00+00:00,0.9364500045776367,0.9453399777412415,0.9311000108718872,0.9348559975624084
2022-12-12 00:00:00+00:00,0.9349899888038635,0.9373900294303894,0.9225999712944031,0.9315710067749023
2022-12-19 00:00:00+00:00,0.9345800280570984,0.9343979954719543,0.922730028629303,0.9330459833145142
2022-12-26 00:00:00+00:00,0.9328799843788147,0.933899998664856,0.9203199744224548,0.9242849946022034
2023-01-02 00:00:00+00:00,0.923799991607666,0.9406700134277344,0.9221000075340271,0.9276440143585205
2023-01-09 00:00:00+00:00,0.9268699884414673,0.9350200295448303,0.916700005531311,0.9270709753036499
2023-01-16 00:00:00+00:00,0.9267200231552124,0.9287800192832947,0.9087100028991699,0.9197679758071899
2023-01-23 00:00:00+00:00,0.9199399948120117,0.927839994430542,0.9160000085830688,0.9221389889717102
2023-01-30 00:00:00+00:00,0.9208599925041199,0.9286999702453613,0.9060500264167786,0.9257950186729431
2023-02-06 00:00:00+00:00,0.9263299703598022,0.9289699792861938,0.9160599708557129,0.9247350096702576
2023-02-13 00:00:00+00:00,0.9237899780273438,0.9331099987030029,0.9140499830245972,0.9246929883956909
2023-02-20 00:00:00+00:00,0.92535001039505,0.940500020980835,0.921999990940094,0.9401080012321472
2023-02-27 00:00:00+00:00,0.9400299787521362,0.9439600110054016,0.9340000152587891,0.9358540177345276
2023-03-06 00:00:00+00:00,0.9368000030517578,0.9437999725341797,0.91771000623703,0.9198110103607178
2023-03-13 00:00:00+00:00,0.91839998960495,0.9319400191307068,0.9071400165557861,0.9229320287704468
2023-03-20 00:00:00+00:00,0.9267399907112122,0.93163001537323,0.9122300148010254,0.9198499917984009
2023-03-26 23:00:00+00:00,0.9169999957084656,0.9221199750900269,0.9117299914360046,0.9146209955215454
2023-04-02 23:00:00+00:00,0.9175099730491638,0.9195500016212463,0.9016900062561035,0.9053220152854919
2023-04-09 23:00:00+00:00,0.9042699933052063,0.9119099974632263,0.8859999775886536,0.8926190137863159
2023-04-16 23:00:00+00:00,0.8948000073432922,0.9002199769020081,0.8907700181007385,0.8927220106124878
2023-04-23 23:00:00+00:00,0.891700029373169,0.8974999785423279,0.8854100108146667,0.8941910266876221
2023-04-30 23:00:00+00:00,0.8948000073432922,0.8994399905204773,0.8820000290870667,0.8971440196037292
2023-05-07 23:00:00+00:00,0.8911700248718262,0.8985000252723694,0.8867999911308289,0.8976280093193054
2023-05-14 23:00:00+00:00,0.8983799815177917,0.9062399864196777,0.8920000195503235,0.8995299935340881
2023-05-21 23:00:00+00:00,0.8981900215148926,0.9074299931526184,0.8940600156784058,0.9061229825019836
2023-05-28 23:00:00+00:00,0.9056900143623352,0.9144999980926514,0.901390016078949,0.9087989926338196
2023-06-04 23:00:00+00:00,0.9097200036048889,0.9118000268936157,0.8984000086784363,0.9028279781341553
2023-06-11 23:00:00+00:00,0.9031999707221985,0.9100800156593323,0.8901000022888184,0.8934029936790466
2023-06-18 23:00:00+00:00,0.8942000269889832,0.9011600017547607,0.8907300233840942,0.8964130282402039
2023-06-25 23:00:00+00:00,0.8957800269126892,0.9016000032424927,0.8914099931716919,0.8945029973983765
2023-07-02 23:00:00+00:00,0.8949999809265137,0.9002900123596191,0.8881999850273132,0.8884990215301514
2023-07-09 23:00:00+00:00,0.8888999819755554,0.8916900157928467,0.8565999865531921,0.8630359768867493
2023-07-16 23:00:00+00:00,0.8618999719619751,0.8672500252723694,0.8559899926185608,0.8657439947128296
2023-07-23 23:00:00+00:00,0.8662400245666504,0.8733999729156494,0.8553000092506409,0.8699210286140442
2023-07-30 23:00:00+00:00,0.8698199987411499,0.8804900050163269,0.866569995880127,0.8723719716072083
2023-08-06 23:00:00+00:00,0.8741499781608582,0.8782100081443787,0.869379997253418,0.8766350150108337
2023-08-13 23:00:00+00:00,0.8766199946403503,0.8826199769973755,0.8745399713516235,0.8818119764328003
2023-08-20 23:00:00+00:00,0.8822699785232544,0.8874499797821045,0.8758000135421753,0.8842700123786926
2023-08-27 23:00:00+00:00,0.8847299814224243,0.8859999775886536,0.8745700120925903,0.8856760263442993
2023-09-03 23:00:00+00:00,0.8852900266647339,0.8942400217056274,0.8832399845123291,0.8924189805984497
2023-09-10 23:00:00+00:00,0.8920000195503235,0.8977199792861938,0.8896999955177307,0.8971419930458069
2023-09-17 23:00:00+00:00,0.8968799710273743,0.9077600240707397,0.8939399719238281,0.9063649773597717
2023-09-24 23:00:00+00:00,0.9071000218391418,0.9215599894523621,0.9067999720573425,0.9153069853782654
2023-10-01 23:00:00+00:00,0.9154800176620483,0.924310028553009,0.9072999954223633,0.9096410274505615
2023-10-08 23:00:00+00:00,0.9086999893188477,0.9121999740600586,0.8987600207328796,0.9039099812507629
2023-10-15 23:00:00+00:00,0.9024900197982788,0.90420001745224,0.8903599977493286,0.892765998840332
2023-10-22 23:00:00+00:00,0.8931999802589417,0.9034000039100647,0.8888300061225891,0.9017149806022644
2023-10-30 00:00:00+00:00,0.902400016784668,0.9106600284576416,0.8977000117301941,0.8988000154495239
2023-11-06 00:00:00+00:00,0.8992099761962891,0.90447998046875,0.8952999711036682,0.9026430249214172
2023-11-13 00:00:00+00:00,0.9019799828529358,0.9051600098609924,0.8852999806404114,0.8855260014533997
2023-11-20 00:00:00+00:00,0.8859300017356873,0.8874199986457825,0.8811399936676025,0.882548987865448
2023-11-27 00:00:00+00:00,0.8822500109672546,0.8827810287475586,0.868939995765686,0.8698319792747498
2023-12-04 00:00:00+00:00,0.8678500056266785,0.8811699748039246,0.8675029873847961,0.8798210024833679
2023-12-11 00:00:00+00:00,0.8796200156211853,0.8814399838447571,0.8629000186920166,0.8687840104103088
2023-12-18 00:00:00+00:00,0.8706120252609253,0.8709999918937683,0.8515400290489197,0.8556579947471619
2023-12-25 00:00:00+00:00,0.8550699949264526,0.8580999970436096,0.8330000042915344,0.8406590223312378
2024-01-01 00:00:00+00:00,0.8407589793205261,0.8568800091743469,0.8407589793205261,0.8495090007781982
2024-01-08 00:00:00+00:00,0.8507300019264221,0.8562899827957153,0.84579998254776,0.8524240255355835
2024-01-15 00:00:00+00:00,0.8533200025558472,0.8702399730682373,0.8532000184059143,0.8680729866027832
2024-01-22 00:00:00+00:00,0.8684800267219543,0.8726999759674072,0.8607000112533569,0.8633249998092651
2024-01-29 00:00:00+00:00,0.864139974117279,0.8677600026130676,0.8550999760627747,0.8667770028114319
2024-02-05 00:00:00+00:00,0.8669800162315369,0.8761799931526184,0.8668599724769592,0.8747329711914062
2024-02-12 00:00:00+00:00,0.8741599917411804,0.888480007648468,0.8726599812507629,0.880495011806488
2024-02-19 00:00:00+00:00,0.8806999921798706,0.8837599754333496,0.8744000196456909,0.8803529739379883
2024-02-26 00:00:00+00:00,0.8812500238418579,0.8891900181770325,0.8777999877929688,0.8840169906616211
2024-03-04 00:00:00+00:00,0.8833400011062622,0.8865699768066406,0.8730800151824951,0.8775079846382141
2024-03-11 00:00:00+00:00,0.8775100111961365,0.885200023651123,0.8749499917030334,0.8842980265617371
2024-03-18 00:00:00+00:00,0.8835899829864502,0.9018999934196472,0.882099986076355,0.8977069854736328
2024-03-25 00:00:00+00:00,0.8976200222969055,0.9071199893951416,0.8967999815940857,0.901868999004364
2024-03-31 23:00:00+00:00,0.9020000100135803,0.9094700217247009,0.8996999859809875,0.9016460180282593
2024-04-07 23:00:00+00:00,0.9031699895858765,0.9145799875259399,0.901199996471405,0.9139440059661865
2024-04-14 23:00:00+00:00,0.9137700200080872,0.915120005607605,0.9018300175666809,0.910260021686554
2024-04-21 23:00:00+00:00,0.9111999869346619,0.9156299829483032,0.9038180112838745,0.9038180112838745
2024-04-28 23:00:00+00:00,0.9136880040168762,0.922249972820282,0.9007499814033508,0.9047660231590271
2024-05-05 23:00:00+00:00,0.9059399962425232,0.9098560214042664,0.9034000039100647,0.9098560214042664
2024-05-12 23:00:00+00:00,0.9064499735832214,0.9116820096969604,0.898829996585846,0.9116820096969604
2024-05-19 23:00:00+00:00,0.9086999893188477,0.9215520024299622,0.907800018787384,0.9215520024299622
2024-05-26 23:00:00+00:00,0.9143999814987183,0.9152799844741821,0.9002000093460083,0.9024890065193176
2024-06-02 23:00:00+00:00,0.9013199806213379,0.9035000205039978,0.8881000280380249,0.8979169726371765
2024-06-09 23:00:00+00:00,0.8960999846458435,0.8992199897766113,0.8895900249481201,0.8916620016098022
2024-06-16 23:00:00+00:00,0.8907300233840942,0.8943700194358826,0.8827000260353088,0.8932710289955139
2024-06-23 23:00:00+00:00,0.89410001039505,0.9029960036277771,0.890999972820282,0.9029960036277771
2024-06-30 23:00:00+00:00,0.9002000093460083,0.905019998550415,0.8953999876976013,0.8967220187187195
2024-07-07 23:00:00+00:00,0.8952299952507019,0.9145380258560181,0.8916000127792358,0.9145380258560181
2024-07-14 23:00:00+00:00,0.8968899846076965,0.8976899981498718,0.8820400238037109,0.8885959982872009
2024-07-21 23:00:00+00:00,0.8880100250244141,0.8923699855804443,0.8774999976158142,0.8842909932136536
2024-07-28 23:00:00+00:00,0.8842999935150146,0.8874800205230713,0.8578000068664551,0.8578460216522217
2024-08-04 23:00:00+00:00,0.8561000227928162,0.8679699897766113,0.8432499766349792,0.8662359714508057
2024-08-11 23:00:00+00:00,0.8650400042533875,0.8747000098228455,0.8618999719619751,0.8658400177955627
2024-08-18 23:00:00+00:00,0.867579996585846,0.867609977722168,0.847000002861023,0.847790002822876
2024-08-25 23:00:00+00:00,0.847320020198822,0.8509200215339661,0.8398000001907349,0.8497769832611084
2024-09-01 23:00:00+00:00,0.8504999876022339,0.853630006313324,0.8383499979972839,0.842706024646759
2024-09-08 23:00:00+00:00,0.843940019607544,0.8549000024795532,0.8421000242233276,0.8489350080490112
2024-09-15 23:00:00+00:00,0.8476999998092651,0.8516499996185303,0.8422999978065491,0.8501160144805908
2024-09-22 23:00:00+00:00,0.8508999943733215,0.8517400026321411,0.8406999707221985,0.8409990072250366
2024-09-29 23:00:00+00:00,0.8410999774932861,0.8605800271034241,0.840399980545044,0.8572949767112732
2024-10-06 23:00:00+00:00,0.8586900234222412,0.8611699938774109,0.8529000282287598,0.8569899797439575
2024-10-13 23:00:00+00:00,0.858299970626831,0.8669400215148926,0.8578000068664551,0.8648399710655212
2024-10-20 23:00:00+00:00,0.8649299740791321,0.8685600161552429,0.8629999756813049,0.866599977016449
2024-10-28 00:00:00+00:00,0.8684599995613098,0.8705099821090698,0.8632299900054932,0.8640530109405518
2024-11-04 00:00:00+00:00,0.8676000237464905,0.8774200081825256,0.8614000082015991,0.8756340146064758
2024-11-11 00:00:00+00:00,0.8759999871253967,0.8908100128173828,0.8755999803543091,0.8877000212669373
2024-11-18 00:00:00+00:00,0.888670027256012,0.8954939842224121,0.8802499771118164,0.893339991569519
2024-11-25 00:00:00+00:00,0.890470027923584,0.8916299939155579,0.8795999884605408,0.8806279897689819
2024-12-02 00:00:00+00:00,0.8820099830627441,0.8888360261917114,0.874019980430603,0.8830909729003906
2024-12-09 00:00:00+00:00,0.8786699771881104,0.8944500088691711,0.8756999969482422,0.8922250270843506
2024-12-16 00:00:00+00:00,0.8917440176010132,0.9014999866485596,0.8898000121116638,0.8936460018157959
2024-12-23 00:00:00+00:00,0.8930500149726868,0.9106000065803528,0.883400022983551,0.9019250273704529
2024-12-30 00:00:00+00:00,0.9018399715423584,0.9136499762535095,0.9009000062942505,0.9083960056304932
2025-01-06 00:00:00+00:00,0.909309983253479,0.918720006942749,0.9010000228881836,0.9162399768829346
2025-01-13 00:00:00+00:00,0.9167699813842773,0.9199399948120117,0.9081299901008606,0.915149986743927
2025-01-20 00:00:00+00:00,0.9146000146865845,0.9146000146865845,0.9025999903678894,0.9052829742431641
2025-01-27 00:00:00+00:00,0.9068400263786316,0.9114999771118164,0.896399974822998,0.9111229777336121
2025-02-03 00:00:00+00:00,0.9152299761772156,0.9194999933242798,0.9003000259399414,0.909654974937439
2025-02-10 00:00:00+00:00,0.9107400178909302,0.9154000282287598,0.8971999883651733,0.8995270133018494
2025-02-17 00:00:00+00:00,0.8998299837112427,0.9053900241851807,0.8971800208091736,0.8977479934692383
2025-02-24 00:00:00+00:00,0.8984500169754028,0.9031599760055542,0.8912000060081482,0.9031260013580322
2025-03-03 00:00:00+00:00,0.9025700092315674,0.9030399918556213,0.876829981803894,0.8806139826774597
2025-03-10 00:00:00+00:00,0.8773400187492371,0.8862699866294861,0.8758500218391418,0.882519006729126
2025-03-17 00:00:00+00:00,0.884090006351471,0.8847100138664246,0.8755999803543091,0.8837370276451111
2025-03-24 00:00:00+00:00,0.8829200267791748,0.8848099708557129,0.8799700140953064,0.8805379867553711
2025-03-30 23:00:00+00:00,0.8808500170707703,0.8852999806404114,0.847599983215332,0.8615130186080933
2025-04-06 23:00:00+00:00,0.851610004901886,0.8662400245666504,0.8100900053977966,0.8152419924736023
2025-04-13 23:00:00+00:00,0.8180599808692932,0.8267499804496765,0.8121100068092346,0.8137500286102295
2025-04-20 23:00:00+00:00,0.8090500235557556,0.8334400057792664,0.8067200183868408,0.8279129862785339
2025-04-27 23:00:00+00:00,0.8284000158309937,0.8332300186157227,0.8207899928092957,0.8268190026283264
2025-05-04 23:00:00+00:00,0.8241000175476074,0.8339300155639648,0.8194000124931335,0.8318229913711548
2025-05-11 23:00:00+00:00,0.8337299823760986,0.8473299741744995,0.8324000239372253,0.8376190066337585
2025-05-18 23:00:00+00:00,0.8354499936103821,0.8364999890327454,0.8207319974899292,0.8212479948997498
2025-05-25 23:00:00+00:00,0.822409987449646,0.8345999717712402,0.8187000155448914,0.8217949867248535
2025-06-01 23:00:00+00:00,0.8222699761390686,0.8248199820518494,0.8155999779701233,0.8219249844551086
2025-06-08 23:00:00+00:00,0.8212599754333496,0.8240699768066406,0.805649995803833,0.8116480112075806
2025-06-15 23:00:00+00:00,0.8122159838676453,0.8214399814605713,0.8087999820709229,0.8177019953727722
2025-06-22 23:00:00+00:00,0.8177499771118164,0.8193600177764893,0.7960100173950195,0.8085770010948181
2025-06-29 23:00:00+00:00,0.7982500195503235,0.7993299961090088,0.7874000072479248,0.7938929796218872
2025-07-06 23:00:00+00:00,0.7940400242805481,0.7993500232696533,0.7918000221252441,0.7960439920425415
2025-07-13 23:00:00+00:00,0.7967900037765503,0.8060299754142761,0.7951499819755554,0.8023560047149658
2025-07-20 23:00:00+00:00,0.8011800050735474,0.8021600246429443,0.7888500094413757,0.7888500094413757
2025-07-27 23:00:00+00:00,0.7953699827194214,0.8170300126075745,0.7944700121879578,0.8035690188407898
2025-08-03 23:00:00+00:00,0.8040099740028381,0.8116999864578247,0.8038700222969055,0.8093519806861877
2025-08-10 23:00:00+00:00,0.8074700236320496,0.8131600022315979,0.8021000027656555,0.8063719868659973
2025-08-17 23:00:00+00:00,0.8065999746322632,0.8103700280189514,0.8003299832344055,0.8079000115394592
2025-08-24 23:00:00+00:00,0.8022599816322327,0.8136410117149353,0.7986000180244446,0.8136410117149353
2025-08-31 23:00:00+00:00,0.8006399869918823,0.8068000078201294,0.7957000136375427,0.79789799451828
2025-09-07 23:00:00+00:00,0.7991799712181091,0.800320029258728,0.7914000153541565,0.7965180277824402
2025-09-14 23:00:00+00:00,0.7967000007629395,0.7972300052642822,0.7857000231742859,0.7925099730491638
2025-09-21 23:00:00+00:00,0.7962300181388855,0.8007400035858154,0.7910000085830688,0.796097993850708
2025-09-28 23:00:00+00:00,0.7974799871444702,0.7999200224876404,0.7899330258369446,0.7899330258369446
2025-10-05 23:00:00+00:00,0.7971900105476379,0.8066700100898743,0.7947999835014343,0.7992510199546814
2025-10-12 23:00:00+00:00,0.8023200035095215,0.8056600093841553,0.7872599959373474,0.7962759733200073
2025-10-19 23:00:00+00:00,0.7935900092124939,0.7986400127410889,0.790427029132843,0.7955060005187988
2025-10-27 00:00:00+00:00,0.7960500121116638,0.8070579767227173,0.7922999858856201,0.8049409985542297
2025-11-03 00:00:00+00:00,0.8048999905586243,0.8123499751091003,0.8032000064849854,0.8051519989967346
2025-11-10 00:00:00+00:00,0.8062999844551086,0.8069999814033508,0.787880003452301,0.7951030135154724
2025-11-17 00:00:00+00:00,0.7943699955940247,0.8098199963569641,0.7929999828338623,0.8095110058784485
2025-11-24 00:00:00+00:00,0.8086699843406677,0.8101999759674072,0.8025000095367432,0.8025509715080261
2025-12-01 00:00:00+00:00,0.8033300042152405,0.8053200244903564,0.7993000149726868,0.8037019968032837
2025-12-08 00:00:00+00:00,0.8047900199890137,0.8083900213241577,0.792900025844574,0.7957670092582703
2025-12-15 00:00:00+00:00,0.7961400151252747,0.8004310131072998,0.792900025844574,0.8003309965133667
2025-12-22 00:00:00+00:00,0.7953600287437439,0.7953799962997437,0.7860000133514404,0.7880579829216003
2025-12-29 00:00:00+00:00,0.7890599966049194,0.7941799759864807,0.7875000238418579,0.7917129993438721
2026-01-05 00:00:00+00:00,0.7932100296020508,0.8017299771308899,0.7904000282287598,0.8007010221481323
2026-01-12 00:00:00+00:00,0.8016200065612793,0.8039600253105164,0.7954000234603882,0.8024349808692932
2026-01-19 00:00:00+00:00,0.7987599968910217,0.8002099990844727,0.7797729969024658,0.7797729969024658
2026-01-26 00:00:00+00:00,0.7780900001525879,0.7793099880218506,0.7628999948501587,0.7724220156669617
2026-02-02 00:00:00+00:00,0.7734699845314026,0.7815899848937988,0.7715700268745422,0.775439977645874
2026-02-09 00:00:00+00:00,0.7758200168609619,0.776449978351593,0.7628999948501587,0.7692819833755493
2026-02-16 00:00:00+00:00,0.7681800127029419,0.7771099805831909,0.767799973487854,0.7753999829292297
2026-02-23 00:00:00+00:00,0.7718899846076965,0.7766900062561035,0.7670999765396118,0.7709349989891052
2026-03-02 00:00:00+00:00,0.7695000171661377,0.7878000140190125,0.7678099870681763,0.7763109803199768
2026-03-09 00:00:00+00:00,0.7811200022697449,0.7957239747047424,0.7746000289916992,0.7957239747047424
2026-03-16 00:00:00+00:00,0.7898399829864502,0.7957199811935425,0.7844600081443787,0.7882149815559387
2026-03-23 00:00:00+00:00,0.7876399755477905,0.79830002784729,0.7837700247764587,0.7947919964790344
2026-03-29 23:00:00+00:00,0.799839973449707,0.804099977016449,0.79093998670578,0.798533022403717
2026-04-05 23:00:00+00:00,0.8010799884796143,0.8017600178718567,0.7854700088500977,0.7889999747276306
2026-04-12 23:00:00+00:00,0.7928799986839294,0.792900025844574,0.7775400280952454,0.7814260125160217
2026-04-19 23:00:00+00:00,0.7836800217628479,0.7836800217628479,0.777400016784668,0.7798299789428711
