Datetime,Open,High,Low,Close
2023-07-04 16:00:00+00:00,1.3219000101089478,1.3225300312042236,1.3216999769210815,1.3221999406814575
2023-07-05 00:00:00+00:00,1.3224600553512573,1.3249599933624268,1.3214999437332153,1.3249499797821045
2023-07-05 08:00:00+00:00,1.32492995262146,1.3293100595474243,1.3238999843597412,1.3272000551223755
2023-07-05 16:00:00+00:00,1.3272099494934082,1.3287800550460815,1.326300024986267,1.3285000324249268
2023-07-06 00:00:00+00:00,1.328510046005249,1.3306100368499756,1.3276000022888184,1.3296600580215454
2023-07-06 08:00:00+00:00,1.3297200202941895,1.3369699716567993,1.3270000219345093,1.3355200290679932
2023-07-06 16:00:00+00:00,1.3354899883270264,1.3372100591659546,1.3349000215530396,1.336459994316101
2023-07-07 00:00:00+00:00,1.3360999822616577,1.3380800485610962,1.3353999853134155,1.3377000093460083
2023-07-07 08:00:00+00:00,1.3377100229263306,1.3386900424957275,1.3280999660491943,1.3285800218582153
2023-07-07 16:00:00+00:00,1.328529953956604,1.3288700580596924,1.326200008392334,1.3269000053405762
2023-07-08 00:00:00+00:00,,,,
2023-07-08 08:00:00+00:00,,,,
2023-07-08 16:00:00+00:00,,,,
2023-07-09 00:00:00+00:00,,,,
2023-07-09 08:00:00+00:00,,,,
2023-07-09 16:00:00+00:00,1.3277100324630737,1.3280099630355835,1.3272000551223755,1.3278599977493286
2023-07-10 00:00:00+00:00,1.3278299570083618,1.330299973487854,1.3269000053405762,1.3276900053024292
2023-07-10 08:00:00+00:00,1.3276599645614624,1.3304200172424316,1.3265000581741333,1.3279000520706177
2023-07-10 16:00:00+00:00,1.3280800580978394,1.328950047492981,1.3270000219345093,1.3274099826812744
2023-07-11 00:00:00+00:00,1.3273799419403076,1.3279399871826172,1.3241000175476074,1.327049970626831
2023-07-11 08:00:00+00:00,1.327049970626831,1.3289400339126587,1.3243999481201172,1.3248300552368164
2023-07-11 16:00:00+00:00,1.3248300552368164,1.3256499767303467,1.3219000101089478,1.3228700160980225
2023-07-12 00:00:00+00:00,1.3228800296783447,1.323099970817566,1.319599986076355,1.3217799663543701
2023-07-12 08:00:00+00:00,1.3217600584030151,1.3233799934387207,1.3138999938964844,1.3179999589920044
2023-07-12 16:00:00+00:00,1.3179399967193604,1.3199299573898315,1.3172999620437622,1.3183300495147705
2023-07-13 00:00:00+00:00,1.3183200359344482,1.3194299936294556,1.3148000240325928,1.315500020980835
2023-07-13 08:00:00+00:00,1.3155299425125122,1.3175300359725952,1.3101999759674072,1.312809944152832
2023-07-13 16:00:00+00:00,1.3125,1.3130199909210205,1.309999942779541,1.311269998550415
2023-07-14 00:00:00+00:00,1.311269998550415,1.3138600587844849,1.308899998664856,1.3114299774169922
2023-07-14 08:00:00+00:00,1.3114099502563477,1.3205499649047852,1.3101999759674072,1.3204599618911743
2023-07-14 16:00:00+00:00,1.320449948310852,1.322700023651123,1.319599986076355,1.3213000297546387
2023-07-15 00:00:00+00:00,,,,
2023-07-15 08:00:00+00:00,,,,
2023-07-15 16:00:00+00:00,,,,
2023-07-16 00:00:00+00:00,,,,
2023-07-16 08:00:00+00:00,,,,
2023-07-16 16:00:00+00:00,1.3229000568389893,1.323199987411499,1.3221999406814575,1.3226300477981567
2023-07-17 00:00:00+00:00,1.3226499557495117,1.323199987411499,1.3207000494003296,1.3220399618148804
2023-07-17 08:00:00+00:00,1.3220200538635254,1.3224300146102905,1.3157000541687012,1.3173199892044067
2023-07-17 16:00:00+00:00,1.3173400163650513,1.3202799558639526,1.316499948501587,1.3201299905776978
2023-07-18 00:00:00+00:00,1.3201500177383423,1.3209199905395508,1.3179999589920044,1.3205499649047852
2023-07-18 08:00:00+00:00,1.3205100297927856,1.3243199586868286,1.3163000345230103,1.3176900148391724
2023-07-18 16:00:00+00:00,1.3177200555801392,1.3193999528884888,1.3157000541687012,1.3166300058364868
2023-07-19 00:00:00+00:00,1.3166300058364868,1.3184499740600586,1.3157999515533447,1.3166600465774536
2023-07-19 08:00:00+00:00,1.3166600465774536,1.319309949874878,1.3151999711990356,1.3159600496292114
2023-07-19 16:00:00+00:00,1.3160400390625,1.3180400133132935,1.3152999877929688,1.3162800073623657
2023-07-20 00:00:00+00:00,1.3163000345230103,1.3163599967956543,1.3128999471664429,1.3142600059509277
2023-07-20 08:00:00+00:00,1.3142199516296387,1.3194299936294556,1.3114999532699585,1.318410038948059
2023-07-20 16:00:00+00:00,1.3184000253677368,1.31850004196167,1.316100001335144,1.317199945449829
2023-07-21 00:00:00+00:00,1.3173799514770508,1.3179099559783936,1.315000057220459,1.3169000148773193
2023-07-21 08:00:00+00:00,1.3171900510787964,1.3226300477981567,1.315000057220459,1.3214999437332153
2023-07-21 16:00:00+00:00,1.321810007095337,1.3223999738693237,1.3200000524520874,1.3220000267028809
2023-07-22 00:00:00+00:00,,,,
2023-07-22 08:00:00+00:00,,,,
2023-07-22 16:00:00+00:00,,,,
2023-07-23 00:00:00+00:00,,,,
2023-07-23 08:00:00+00:00,,,,
2023-07-23 16:00:00+00:00,1.3223400115966797,1.32260000705719,1.3216999769210815,1.322510004043579
2023-07-24 00:00:00+00:00,1.3224999904632568,1.3228700160980225,1.319700002670288,1.3205300569534302
2023-07-24 08:00:00+00:00,1.3205100297927856,1.3208999633789062,1.3150999546051025,1.3155399560928345
2023-07-24 16:00:00+00:00,1.3155499696731567,1.3174999952316284,1.3145999908447266,1.3174599409103394
2023-07-25 00:00:00+00:00,1.3174799680709839,1.3177000284194946,1.314650058746338,1.3164299726486206
2023-07-25 08:00:00+00:00,1.316409945487976,1.320930004119873,1.315790057182312,1.3180500268936157
2023-07-25 16:00:00+00:00,1.3180400133132935,1.318910002708435,1.3163000345230103,1.318750023841858
2023-07-26 00:00:00+00:00,1.3187099695205688,1.3202400207519531,1.3167999982833862,1.318600058555603
2023-07-26 08:00:00+00:00,1.318619966506958,1.3235599994659424,1.3178999423980713,1.3219300508499146
2023-07-26 16:00:00+00:00,1.3214999437332153,1.3237700462341309,1.3188999891281128,1.320449948310852
2023-07-27 00:00:00+00:00,1.3204400539398193,1.320539951324463,1.3158999681472778,1.3170900344848633
2023-07-27 08:00:00+00:00,1.3166999816894531,1.3200299739837646,1.3154000043869019,1.3195199966430664
2023-07-27 16:00:00+00:00,1.3195300102233887,1.3243099451065063,1.3180999755859375,1.3227800130844116
2023-07-28 00:00:00+00:00,1.3227800130844116,1.3248599767684937,1.3214000463485718,1.3244999647140503
2023-07-28 08:00:00+00:00,1.3244999647140503,1.3247499465942383,1.3199000358581543,1.3227200508117676
2023-07-28 16:00:00+00:00,1.3226900100708008,1.325279951095581,1.322100043296814,1.3250999450683594
2023-07-29 00:00:00+00:00,,,,
2023-07-29 08:00:00+00:00,,,,
2023-07-29 16:00:00+00:00,,,,
2023-07-30 00:00:00+00:00,,,,
2023-07-30 08:00:00+00:00,,,,
2023-07-30 16:00:00+00:00,1.3246999979019165,1.3251999616622925,1.3242000341415405,1.3251399993896484
2023-07-31 00:00:00+00:00,1.3251999616622925,1.3261300325393677,1.3224999904632568,1.3240000009536743
2023-07-31 08:00:00+00:00,1.3243000507354736,1.3245099782943726,1.3147000074386597,1.3159699440002441
2023-07-31 16:00:00+00:00,1.3159600496292114,1.3194400072097778,1.3154000043869019,1.319409966468811
2023-08-01 00:00:00+00:00,1.3193999528884888,1.3244999647140503,1.3181999921798706,1.3244099617004395
2023-08-01 08:00:00+00:00,1.3244199752807617,1.3299800157546997,1.3238999843597412,1.3288999795913696
2023-08-01 16:00:00+00:00,1.3291000127792358,1.3300000429153442,1.3260999917984009,1.3269100189208984
2023-08-02 00:00:00+00:00,1.3269000053405762,1.3308000564575195,1.3265999555587769,1.3304799795150757
2023-08-02 08:00:00+00:00,1.3304500579833984,1.3348599672317505,1.329800009727478,1.3334800004959106
2023-08-02 16:00:00+00:00,1.3334499597549438,1.3352999687194824,1.3323999643325806,1.3344099521636963
2023-08-03 00:00:00+00:00,1.3344000577926636,1.3372999429702759,1.3329999446868896,1.3365000486373901
2023-08-03 08:00:00+00:00,1.3367999792099,1.3377900123596191,1.3329999446868896,1.3340699672698975
2023-08-03 16:00:00+00:00,1.3340799808502197,1.3359999656677246,1.3324999809265137,1.335070013999939
2023-08-04 00:00:00+00:00,1.3350499868392944,1.3370000123977661,1.333299994468689,1.3361599445343018
2023-08-04 08:00:00+00:00,1.335800051689148,1.339400053024292,1.3331999778747559,1.3338299989700317
2023-08-04 16:00:00+00:00,1.333799958229065,1.339020013809204,1.3315999507904053,1.3377000093460083
2023-08-05 00:00:00+00:00,,,,
2023-08-05 08:00:00+00:00,,,,
2023-08-05 16:00:00+00:00,,,,
2023-08-06 00:00:00+00:00,,,,
2023-08-06 08:00:00+00:00,,,,
2023-08-06 16:00:00+00:00,1.3373899459838867,1.3380000591278076,1.3371000289916992,1.3372000455856323
2023-08-07 00:00:00+00:00,1.3374899625778198,1.3387700319290161,1.336400032043457,1.3372000455856323
2023-08-07 08:00:00+00:00,1.3375200033187866,1.3399200439453125,1.3351000547409058,1.3373199701309204
2023-08-07 16:00:00+00:00,1.337339997291565,1.3375799655914307,1.3357499837875366,1.3371399641036987
2023-08-08 00:00:00+00:00,1.3371100425720215,1.3427000045776367,1.336300015449524,1.3423199653625488
2023-08-08 08:00:00+00:00,1.3423099517822266,1.3502000570297241,1.341599941253662,1.3455899953842163
2023-08-08 16:00:00+00:00,1.3455899953842163,1.345729947090149,1.3407000303268433,1.3426100015640259
2023-08-09 00:00:00+00:00,1.342560052871704,1.3430999517440796,1.3403600454330444,1.3411699533462524
2023-08-09 08:00:00+00:00,1.3411799669265747,1.3453999757766724,1.3407000303268433,1.3443100452423096
2023-08-09 16:00:00+00:00,1.3443200588226318,1.3444900512695312,1.340399980545044,1.3419300317764282
2023-08-10 00:00:00+00:00,1.3419100046157837,1.3424099683761597,1.3382999897003174,1.3405499458312988
2023-08-10 08:00:00+00:00,1.3405699729919434,1.3412100076675415,1.3367999792099,1.340000033378601
2023-08-10 16:00:00+00:00,1.3402899503707886,1.3450000286102295,1.3396999835968018,1.3443900346755981
2023-08-11 00:00:00+00:00,1.3443800210952759,1.3446400165557861,1.3423000574111938,1.3441599607467651
2023-08-11 08:00:00+00:00,1.344130039215088,1.34660005569458,1.3408000469207764,1.3437600135803223
2023-08-11 16:00:00+00:00,1.3437299728393555,1.3451499938964844,1.3428699970245361,1.3438999652862549
2023-08-12 00:00:00+00:00,,,,
2023-08-12 08:00:00+00:00,,,,
2023-08-12 16:00:00+00:00,,,,
2023-08-13 00:00:00+00:00,,,,
2023-08-13 08:00:00+00:00,,,,
2023-08-13 16:00:00+00:00,1.3439099788665771,1.3443000316619873,1.343500018119812,1.3439699411392212
2023-08-14 00:00:00+00:00,1.3439799547195435,1.3469899892807007,1.3436000347137451,1.344580054283142
2023-08-14 08:00:00+00:00,1.3445600271224976,1.3480000495910645,1.343400001525879,1.345329999923706
2023-08-14 16:00:00+00:00,1.3453199863433838,1.3472399711608887,1.344099998474121,1.3458800315856934
2023-08-15 00:00:00+00:00,1.345900058746338,1.3492200374603271,1.3436000347137451,1.349179983139038
2023-08-15 08:00:00+00:00,1.3491300344467163,1.3500299453735352,1.3442000150680542,1.3474299907684326
2023-08-15 16:00:00+00:00,1.3472000360488892,1.350160002708435,1.34660005569458,1.3490500450134277
2023-08-16 00:00:00+00:00,1.3490099906921387,1.3509900569915771,1.3478000164031982,1.3483999967575073
2023-08-16 08:00:00+00:00,1.3487800359725952,1.3526699542999268,1.347100019454956,1.351770043373108
2023-08-16 16:00:00+00:00,1.3517400026321411,1.3545000553131104,1.3513000011444092,1.3536700010299683
2023-08-17 00:00:00+00:00,1.3536399602890015,1.3552500009536743,1.3515000343322754,1.3526999950408936
2023-08-17 08:00:00+00:00,1.3526699542999268,1.3534599542617798,1.3492000102996826,1.3523199558258057
2023-08-17 16:00:00+00:00,1.3523099422454834,1.3552000522613525,1.3509999513626099,1.3545199632644653
2023-08-18 00:00:00+00:00,1.354509949684143,1.3555599451065063,1.3521000146865845,1.3551700115203857
2023-08-18 08:00:00+00:00,1.3551299571990967,1.3574700355529785,1.3528000116348267,1.3559000492095947
2023-08-18 16:00:00+00:00,1.355870008468628,1.3559999465942383,1.3530000448226929,1.3550000190734863
2023-08-19 00:00:00+00:00,,,,
2023-08-19 08:00:00+00:00,,,,
2023-08-19 16:00:00+00:00,,,,
2023-08-20 00:00:00+00:00,,,,
2023-08-20 08:00:00+00:00,,,,
2023-08-20 16:00:00+00:00,1.3545000553131104,1.3549000024795532,1.3538000583648682,1.3539999723434448
2023-08-21 00:00:00+00:00,1.3541300296783447,1.3553199768066406,1.3526999950408936,1.35316002368927
2023-08-21 08:00:00+00:00,1.3531700372695923,1.35725998878479,1.3490999937057495,1.3564499616622925
2023-08-21 16:00:00+00:00,1.3564800024032593,1.3572299480438232,1.353700041770935,1.354580044746399
2023-08-22 00:00:00+00:00,1.3546199798583984,1.355389952659607,1.3521000146865845,1.3529599905014038
2023-08-22 08:00:00+00:00,1.3530000448226929,1.3565000295639038,1.3509000539779663,1.3548099994659424
2023-08-22 16:00:00+00:00,1.354830026626587,1.3563899993896484,1.3538999557495117,1.3549699783325195
2023-08-23 00:00:00+00:00,1.3549799919128418,1.3560600280761719,1.3528000116348267,1.3553199768066406
2023-08-23 08:00:00+00:00,1.3552800416946411,1.360360026359558,1.353600025177002,1.3541500568389893
2023-08-23 16:00:00+00:00,1.3541899919509888,1.354509949684143,1.3516000509262085,1.3522000312805176
2023-08-24 00:00:00+00:00,1.3523499965667725,1.3539999723434448,1.350600004196167,1.3537800312042236
2023-08-24 08:00:00+00:00,1.3537700176239014,1.3587599992752075,1.3523000478744507,1.3563799858093262
2023-08-24 16:00:00+00:00,1.3563899993896484,1.3588999509811401,1.3555999994277954,1.3583999872207642
2023-08-25 00:00:00+00:00,1.3586399555206299,1.360260009765625,1.3575999736785889,1.358489990234375
2023-08-25 08:00:00+00:00,1.358489990234375,1.3639999628067017,1.3565000295639038,1.3627500534057617
2023-08-25 16:00:00+00:00,1.362720012664795,1.3629499673843384,1.3585000038146973,1.3595999479293823
2023-08-26 00:00:00+00:00,,,,
2023-08-26 08:00:00+00:00,,,,
2023-08-26 16:00:00+00:00,,,,
2023-08-27 00:00:00+00:00,,,,
2023-08-27 08:00:00+00:00,,,,
2023-08-27 16:00:00+00:00,1.3600000143051147,1.3601000308990479,1.3589999675750732,1.3594599962234497
2023-08-28 00:00:00+00:00,1.3595000505447388,1.3602999448776245,1.3580000400543213,1.360129952430725
2023-08-28 08:00:00+00:00,1.3601499795913696,1.3611700534820557,1.356600046157837,1.3596999645233154
2023-08-28 16:00:00+00:00,1.3597300052642822,1.3609800338745117,1.3585000038146973,1.3600599765777588
2023-08-29 00:00:00+00:00,1.3600300550460815,1.360550045967102,1.3586000204086304,1.3602800369262695
2023-08-29 08:00:00+00:00,1.3603299856185913,1.3637299537658691,1.357300043106079,1.3590199947357178
2023-08-29 16:00:00+00:00,1.3587000370025635,1.3592400550842285,1.354599952697754,1.3558800220489502
2023-08-30 00:00:00+00:00,1.3557000160217285,1.357699990272522,1.355299949645996,1.355780005455017
2023-08-30 08:00:00+00:00,1.3557300567626953,1.3571100234985352,1.3508000373840332,1.3516499996185303
2023-08-30 16:00:00+00:00,1.351680040359497,1.3547999858856201,1.351199984550476,1.3534400463104248
2023-08-31 00:00:00+00:00,1.3534300327301025,1.3548400402069092,1.3519999980926514,1.3538299798965454
2023-08-31 08:00:00+00:00,1.3538099527359009,1.355780005455017,1.351099967956543,1.3540300130844116
2023-08-31 16:00:00+00:00,1.3539999723434448,1.355530023574829,1.350000023841858,1.3510299921035767
2023-09-01 00:00:00+00:00,1.3509999513626099,1.3521300554275513,1.3486000299453735,1.3499200344085693
2023-09-01 08:00:00+00:00,1.3499599695205688,1.3592300415039062,1.3490999937057495,1.3583500385284424
2023-09-01 16:00:00+00:00,1.3583600521087646,1.3612600564956665,1.3580000400543213,1.3588099479675293
2023-09-02 00:00:00+00:00,,,,
2023-09-02 08:00:00+00:00,,,,
2023-09-02 16:00:00+00:00,,,,
2023-09-03 00:00:00+00:00,,,,
2023-09-03 08:00:00+00:00,,,,
2023-09-03 16:00:00+00:00,1.359760046005249,1.3597999811172485,1.3590999841690063,1.3592000007629395
2023-09-04 00:00:00+00:00,1.3593000173568726,1.3597999811172485,1.357200026512146,1.3588000535964966
2023-09-04 08:00:00+00:00,1.3590600490570068,1.3604400157928467,1.3583999872207642,1.3594000339508057
2023-09-04 16:00:00+00:00,1.3593599796295166,1.3599499464035034,1.3584699630737305,1.3599499464035034
2023-09-05 00:00:00+00:00,1.3599499464035034,1.3659000396728516,1.3593000173568726,1.3656400442123413
2023-09-05 08:00:00+00:00,1.3656400442123413,1.3669400215148926,1.3597999811172485,1.3608399629592896
2023-09-05 16:00:00+00:00,1.3608299493789673,1.3644599914550781,1.359879970550537,1.3639500141143799
2023-09-06 00:00:00+00:00,1.3639600276947021,1.3663400411605835,1.3623000383377075,1.3662500381469727
2023-09-06 08:00:00+00:00,1.3662099838256836,1.3676199913024902,1.361799955368042,1.3656500577926636
2023-09-06 16:00:00+00:00,1.3656699657440186,1.3666199445724487,1.363010048866272,1.3638999462127686
2023-09-07 00:00:00+00:00,1.3638999462127686,1.3654999732971191,1.3628000020980835,1.3638399839401245
2023-09-07 08:00:00+00:00,1.3638700246810913,1.3682500123977661,1.3633999824523926,1.3680000305175781
2023-09-07 16:00:00+00:00,1.3680599927902222,1.369439959526062,1.3668999671936035,1.367900013923645
2023-09-08 00:00:00+00:00,1.3681000471115112,1.368939995765686,1.364799976348877,1.3664900064468384
2023-09-08 08:00:00+00:00,1.3664799928665161,1.367609977722168,1.3603999614715576,1.362280011177063
2023-09-08 16:00:00+00:00,1.3622499704360962,1.3646700382232666,1.3617500066757202,1.3639999628067017
2023-09-09 00:00:00+00:00,,,,
2023-09-09 08:00:00+00:00,,,,
2023-09-09 16:00:00+00:00,,,,
2023-09-10 00:00:00+00:00,,,,
2023-09-10 08:00:00+00:00,,,,
2023-09-10 16:00:00+00:00,1.3632999658584595,1.3636399507522583,1.3622000217437744,1.3626999855041504
2023-09-11 00:00:00+00:00,1.3628499507904053,1.3635400533676147,1.358299970626831,1.3598500490188599
2023-09-11 08:00:00+00:00,1.3598500490188599,1.3607200384140015,1.3555999994277954,1.3582600355148315
2023-09-11 16:00:00+00:00,1.3581000566482544,1.358620047569275,1.3562999963760376,1.35794997215271
2023-09-12 00:00:00+00:00,1.3579599857330322,1.3593100309371948,1.3567999601364136,1.3582899570465088
2023-09-12 08:00:00+00:00,1.3582899570465088,1.3589099645614624,1.354200005531311,1.3553500175476074
2023-09-12 16:00:00+00:00,1.3553099632263184,1.3563200235366821,1.3545000553131104,1.355299949645996
2023-09-13 00:00:00+00:00,1.355239987373352,1.3574700355529785,1.3543000221252441,1.3561899662017822
2023-09-13 08:00:00+00:00,1.3562099933624268,1.3585000038146973,1.351699948310852,1.3534300327301025
2023-09-13 16:00:00+00:00,1.3534200191497803,1.3569600582122803,1.3530000448226929,1.3552299737930298
2023-09-14 00:00:00+00:00,1.3552299737930298,1.3554199934005737,1.3522000312805176,1.3538000583648682
2023-09-14 08:00:00+00:00,1.353790044784546,1.3542699813842773,1.3496999740600586,1.3512400388717651
2023-09-14 16:00:00+00:00,1.3512500524520874,1.3518799543380737,1.3488999605178833,1.3515499830245972
2023-09-15 00:00:00+00:00,1.3516000509262085,1.3517099618911743,1.3489999771118164,1.3503400087356567
2023-09-15 08:00:00+00:00,1.3502999544143677,1.3549599647521973,1.3497999906539917,1.3502000570297241
2023-09-15 16:00:00+00:00,1.3506200313568115,1.3533999919891357,1.3497999906539917,1.3521000146865845
2023-09-16 00:00:00+00:00,,,,
2023-09-16 08:00:00+00:00,,,,
2023-09-16 16:00:00+00:00,,,,
2023-09-17 00:00:00+00:00,,,,
2023-09-17 08:00:00+00:00,,,,
2023-09-17 16:00:00+00:00,1.352489948272705,1.3525700569152832,1.3517999649047852,1.3519999980926514
2023-09-18 00:00:00+00:00,1.3518999814987183,1.352810025215149,1.3492000102996826,1.350849986076355
2023-09-18 08:00:00+00:00,1.3508700132369995,1.351889967918396,1.34660005569458,1.3483400344848633
2023-09-18 16:00:00+00:00,1.3483500480651855,1.3496999740600586,1.347100019454956,1.3486599922180176
2023-09-19 00:00:00+00:00,1.3486299514770508,1.348829984664917,1.3455699682235718,1.345810055732727
2023-09-19 08:00:00+00:00,1.3458399772644043,1.3458900451660156,1.3377599716186523,1.3431999683380127
2023-09-19 16:00:00+00:00,1.3432199954986572,1.344920039176941,1.342900037765503,1.3442699909210205
2023-09-20 00:00:00+00:00,1.3442800045013428,1.346459984779358,1.3438999652862549,1.344599962234497
2023-09-20 08:00:00+00:00,1.3449699878692627,1.3452199697494507,1.3391000032424927,1.3426200151443481
2023-09-20 16:00:00+00:00,1.3426200151443481,1.3478100299835205,1.3398000001907349,1.3473999500274658
2023-09-21 00:00:00+00:00,1.3477100133895874,1.350100040435791,1.3466999530792236,1.3488600254058838
2023-09-21 08:00:00+00:00,1.348870038986206,1.3523499965667725,1.347100019454956,1.3486100435256958
2023-09-21 16:00:00+00:00,1.3485699892044067,1.3488999605178833,1.3457000255584717,1.3477599620819092
2023-09-22 00:00:00+00:00,1.347730040550232,1.3483999967575073,1.3456000089645386,1.3470499515533447
2023-09-22 08:00:00+00:00,1.3470100164413452,1.347499966621399,1.3418999910354614,1.3468400239944458
2023-09-22 16:00:00+00:00,1.346809983253479,1.3491499423980713,1.3463000059127808,1.348099946975708
2023-09-23 00:00:00+00:00,,,,
2023-09-23 08:00:00+00:00,,,,
2023-09-23 16:00:00+00:00,,,,
2023-09-24 00:00:00+00:00,,,,
2023-09-24 08:00:00+00:00,,,,
2023-09-24 16:00:00+00:00,1.3477699756622314,1.348099946975708,1.3472000360488892,1.3477400541305542
2023-09-25 00:00:00+00:00,1.347730040550232,1.3489400148391724,1.3466999530792236,1.3475099802017212
2023-09-25 08:00:00+00:00,1.3475099802017212,1.3492000102996826,1.3449000120162964,1.3475099802017212
2023-09-25 16:00:00+00:00,1.3474600315093994,1.3478000164031982,1.3444000482559204,1.3446999788284302
2023-09-26 00:00:00+00:00,1.345039963722229,1.3499599695205688,1.344599962234497,1.3496400117874146
2023-09-26 08:00:00+00:00,1.3496099710464478,1.3515299558639526,1.3473000526428223,1.3509299755096436
2023-09-26 16:00:00+00:00,1.3509199619293213,1.3527899980545044,1.350100040435791,1.3519500494003296
2023-09-27 00:00:00+00:00,1.3519200086593628,1.3525400161743164,1.3496999740600586,1.3521499633789062
2023-09-27 08:00:00+00:00,1.352120041847229,1.3537700176239014,1.3497999906539917,1.3513100147247314
2023-09-27 16:00:00+00:00,1.3513000011444092,1.3543000221252441,1.3490999937057495,1.3500399589538574
2023-09-28 00:00:00+00:00,1.3500299453735352,1.3508000373840332,1.3479000329971313,1.350640058517456
2023-09-28 08:00:00+00:00,1.350659966468811,1.3513799905776978,1.347100019454956,1.3475699424743652
2023-09-28 16:00:00+00:00,1.3475199937820435,1.3516000509262085,1.3466999530792236,1.3490699529647827
2023-09-29 00:00:00+00:00,1.34906005859375,1.3506699800491333,1.3437999486923218,1.3444499969482422
2023-09-29 08:00:00+00:00,1.3444700241088867,1.3540300130844116,1.3413000106811523,1.353410005569458
2023-09-29 16:00:00+00:00,1.35316002368927,1.3584599494934082,1.3522000312805176,1.357699990272522
2023-09-30 00:00:00+00:00,,,,
2023-09-30 08:00:00+00:00,,,,
2023-09-30 16:00:00+00:00,,,,
2023-10-01 00:00:00+00:00,,,,
2023-10-01 08:00:00+00:00,,,,
2023-10-01 16:00:00+00:00,1.3579599857330322,1.358139991760254,1.3568999767303467,1.3573600053787231
2023-10-02 00:00:00+00:00,1.3573600053787231,1.3600300550460815,1.3558000326156616,1.3582199811935425
2023-10-02 08:00:00+00:00,1.3580000400543213,1.3675400018692017,1.357300043106079,1.3666800260543823
2023-10-02 16:00:00+00:00,1.3666900396347046,1.3684799671173096,1.3652000427246094,1.3675800561904907
2023-10-03 00:00:00+00:00,1.3675700426101685,1.3716000318527222,1.3672000169754028,1.3706599473953247
2023-10-03 08:00:00+00:00,1.370650053024292,1.3736000061035156,1.367900013923645,1.3722399473190308
2023-10-03 16:00:00+00:00,1.3722000122070312,1.3723599910736084,1.3694000244140625,1.370919942855835
2023-10-04 00:00:00+00:00,1.3709100484848022,1.3723900318145752,1.3690999746322632,1.3705400228500366
2023-10-04 08:00:00+00:00,1.3705699443817139,1.3779699802398682,1.3686000108718872,1.3741300106048584
2023-10-04 16:00:00+00:00,1.3741099834442139,1.3761099576950073,1.3720999956130981,1.3744200468063354
2023-10-05 00:00:00+00:00,1.374400019645691,1.3758900165557861,1.3707000017166138,1.3753999471664429
2023-10-05 08:00:00+00:00,1.3757400512695312,1.3785300254821777,1.371899962425232,1.373729944229126
2023-10-05 16:00:00+00:00,1.3732999563217163,1.374400019645691,1.3698999881744385,1.370669960975647
2023-10-06 00:00:00+00:00,1.3706599473953247,1.3727799654006958,1.3690999746322632,1.3695199489593506
2023-10-06 08:00:00+00:00,1.369570016860962,1.374500036239624,1.36489999294281,1.3657499551773071
2023-10-06 16:00:00+00:00,1.3657100200653076,1.3677400350570679,1.3639999628067017,1.3660999536514282
2023-10-07 00:00:00+00:00,,,,
2023-10-07 08:00:00+00:00,,,,
2023-10-07 16:00:00+00:00,,,,
2023-10-08 00:00:00+00:00,,,,
2023-10-08 08:00:00+00:00,,,,
2023-10-08 16:00:00+00:00,1.3672599792480469,1.367460012435913,1.3657000064849854,1.3662400245666504
2023-10-09 00:00:00+00:00,1.366189956665039,1.3676199913024902,1.363700032234192,1.3667000532150269
2023-10-09 08:00:00+00:00,1.3670799732208252,1.3672200441360474,1.3609000444412231,1.361780047416687
2023-10-09 16:00:00+00:00,1.3617899417877197,1.3625999689102173,1.3574999570846558,1.3580000400543213
2023-10-10 00:00:00+00:00,1.3580000400543213,1.3617000579833984,1.3565000295639038,1.3607900142669678
2023-10-10 08:00:00+00:00,1.36080002784729,1.361299991607666,1.3573999404907227,1.3579200506210327
2023-10-10 16:00:00+00:00,1.3575999736785889,1.3599599599838257,1.357200026512146,1.358199954032898
2023-10-11 00:00:00+00:00,1.3583799600601196,1.360069990158081,1.3567999601364136,1.359570026397705
2023-10-11 08:00:00+00:00,1.3595600128173828,1.361930012702942,1.3575999736785889,1.361840009689331
2023-10-11 16:00:00+00:00,1.361840009689331,1.3623600006103516,1.358299970626831,1.3595999479293823
2023-10-12 00:00:00+00:00,1.359570026397705,1.3596999645233154,1.3573999404907227,1.3590199947357178
2023-10-12 08:00:00+00:00,1.3590400218963623,1.3667999505996704,1.3580000400543213,1.3657900094985962
2023-10-12 16:00:00+00:00,1.3657599687576294,1.3700400590896606,1.3652000427246094,1.368299961090088
2023-10-13 00:00:00+00:00,1.3684500455856323,1.368899941444397,1.3661999702453613,1.3668299913406372
2023-10-13 08:00:00+00:00,1.3667900562286377,1.3688299655914307,1.3632999658584595,1.3651700019836426
2023-10-13 16:00:00+00:00,1.365149974822998,1.367069959640503,1.364300012588501,1.3654999732971191
2023-10-14 00:00:00+00:00,,,,
2023-10-14 08:00:00+00:00,,,,
2023-10-14 16:00:00+00:00,,,,
2023-10-15 00:00:00+00:00,,,,
2023-10-15 08:00:00+00:00,,,,
2023-10-15 16:00:00+00:00,1.3645600080490112,1.3647500276565552,1.3638999462127686,1.3643200397491455
2023-10-16 00:00:00+00:00,1.3643200397491455,1.365380048751831,1.3628000020980835,1.3645700216293335
2023-10-16 08:00:00+00:00,1.3645700216293335,1.365530014038086,1.36080002784729,1.3616700172424316
2023-10-16 16:00:00+00:00,1.3616700172424316,1.3621100187301636,1.360200047492981,1.3615299463272095
2023-10-17 00:00:00+00:00,1.3615299463272095,1.3634999990463257,1.3604999780654907,1.3625400066375732
2023-10-17 08:00:00+00:00,1.3625500202178955,1.3702800273895264,1.361799955368042,1.361899971961975
2023-10-17 16:00:00+00:00,1.3622000217437744,1.3658100366592407,1.3616000413894653,1.3652900457382202
2023-10-18 00:00:00+00:00,1.3652700185775757,1.365820050239563,1.3619999885559082,1.3625999689102173
2023-10-18 08:00:00+00:00,1.3629599809646606,1.369920015335083,1.361299991607666,1.3697600364685059
2023-10-18 16:00:00+00:00,1.3697400093078613,1.3716299533843994,1.367400050163269,1.3713099956512451
2023-10-19 00:00:00+00:00,1.3712999820709229,1.373710036277771,1.3704999685287476,1.3732500076293945
2023-10-19 08:00:00+00:00,1.373270034790039,1.3740999698638916,1.3700000047683716,1.3717299699783325
2023-10-19 16:00:00+00:00,1.3716700077056885,1.3729000091552734,1.3675999641418457,1.3711999654769897
2023-10-20 00:00:00+00:00,1.3712999820709229,1.3733999729156494,1.3700000047683716,1.371500015258789
2023-10-20 08:00:00+00:00,1.3717800378799438,1.3720200061798096,1.3666000366210938,1.3692699670791626
2023-10-20 16:00:00+00:00,1.3692400455474854,1.3716000318527222,1.368299961090088,1.3708800077438354
2023-10-21 00:00:00+00:00,,,,
2023-10-21 08:00:00+00:00,,,,
2023-10-21 16:00:00+00:00,,,,
2023-10-22 00:00:00+00:00,,,,
2023-10-22 08:00:00+00:00,,,,
2023-10-22 16:00:00+00:00,1.3705899715423584,1.370650053024292,1.3698999881744385,1.3705699443817139
2023-10-23 00:00:00+00:00,1.370519995689392,1.3733199834823608,1.3697999715805054,1.3732199668884277
2023-10-23 08:00:00+00:00,1.3731800317764282,1.3736300468444824,1.3672000169754028,1.3677500486373901
2023-10-23 16:00:00+00:00,1.3677799701690674,1.3697700500488281,1.3662999868392944,1.3688499927520752
2023-10-24 00:00:00+00:00,1.368839979171753,1.3692200183868408,1.3655999898910522,1.3674999475479126
2023-10-24 08:00:00+00:00,1.367799997329712,1.3754500150680542,1.3671000003814697,1.3745499849319458
2023-10-24 16:00:00+00:00,1.3741999864578247,1.3752599954605103,1.3722000122070312,1.3738000392913818
2023-10-25 00:00:00+00:00,1.3741799592971802,1.3766299486160278,1.3725999593734741,1.3755300045013428
2023-10-25 08:00:00+00:00,1.3755700588226318,1.3809800148010254,1.3746000528335571,1.377369999885559
2023-10-25 16:00:00+00:00,1.3773499727249146,1.3806999921798706,1.3770999908447266,1.3802499771118164
2023-10-26 00:00:00+00:00,1.3802399635314941,1.3819799423217773,1.3795000314712524,1.3803000450134277
2023-10-26 08:00:00+00:00,1.3802399635314941,1.383829951286316,1.378499984741211,1.3830000162124634
2023-10-26 16:00:00+00:00,1.3831599950790405,1.3844000101089478,1.3808000087738037,1.381700038909912
2023-10-27 00:00:00+00:00,1.381600022315979,1.3830300569534302,1.3799999952316284,1.3811999559402466
2023-10-27 08:00:00+00:00,1.3811800479888916,1.3868999481201172,1.3791999816894531,1.3867000341415405
2023-10-27 16:00:00+00:00,1.38673996925354,1.3880300521850586,1.3858000040054321,1.3870099782943726
2023-10-28 00:00:00+00:00,,,,
2023-10-28 08:00:00+00:00,,,,
2023-10-28 16:00:00+00:00,,,,
2023-10-29 00:00:00+00:00,,,,
2023-10-29 08:00:00+00:00,,,,
2023-10-29 16:00:00+00:00,,,,
2023-10-30 00:00:00+00:00,1.3863699436187744,1.3866900205612183,1.384600043296814,1.385599970817566
2023-10-30 08:00:00+00:00,1.3855700492858887,1.3864400386810303,1.38100004196167,1.3827099800109863
2023-10-30 16:00:00+00:00,1.3827500343322754,1.3851100206375122,1.3811999559402466,1.3828799724578857
2023-10-31 00:00:00+00:00,1.3829799890518188,1.385200023651123,1.3823000192642212,1.3835999965667725
2023-10-31 08:00:00+00:00,1.3835999965667725,1.3885300159454346,1.3809000253677368,1.3879899978637695
2023-10-31 16:00:00+00:00,1.388010025024414,1.3892199993133545,1.385599970817566,1.3874000310897827
2023-11-01 00:00:00+00:00,1.3877999782562256,1.3889199495315552,1.3859000205993652,1.3876700401306152
2023-11-01 08:00:00+00:00,1.3876700401306152,1.38919997215271,1.3837000131607056,1.388200044631958
2023-11-01 16:00:00+00:00,1.3882100582122803,1.3898899555206299,1.3831000328063965,1.3832999467849731
2023-11-02 00:00:00+00:00,1.3834099769592285,1.3845100402832031,1.3819999694824219,1.3839499950408936
2023-11-02 08:00:00+00:00,1.3839399814605713,1.3851799964904785,1.3765000104904175,1.3789000511169434
2023-11-02 16:00:00+00:00,1.3789199590682983,1.379539966583252,1.3732000589370728,1.374400019645691
2023-11-03 00:00:00+00:00,1.374709963798523,1.3760099411010742,1.3727400302886963,1.3730900287628174
2023-11-03 08:00:00+00:00,1.3730700016021729,1.3755099773406982,1.3660999536514282,1.3672300577163696
2023-11-03 16:00:00+00:00,1.3672399520874023,1.368589997291565,1.36489999294281,1.3659000396728516
2023-11-04 00:00:00+00:00,,,,
2023-11-04 08:00:00+00:00,,,,
2023-11-04 16:00:00+00:00,,,,
2023-11-05 00:00:00+00:00,,,,
2023-11-05 08:00:00+00:00,,,,
2023-11-05 16:00:00+00:00,,,,
2023-11-06 00:00:00+00:00,1.3660500049591064,1.3666599988937378,1.3638999462127686,1.365339994430542
2023-11-06 08:00:00+00:00,1.365339994430542,1.3684200048446655,1.3624999523162842,1.3671000003814697
2023-11-06 16:00:00+00:00,1.3675299882888794,1.3702600002288818,1.3655999898910522,1.3697400093078613
2023-11-07 00:00:00+00:00,1.369729995727539,1.374060034751892,1.36899995803833,1.373669981956482
2023-11-07 08:00:00+00:00,1.3735599517822266,1.376829981803894,1.3720999956130981,1.3749500513076782
2023-11-07 16:00:00+00:00,1.3749200105667114,1.3782399892807007,1.3740999698638916,1.3763999938964844
2023-11-08 00:00:00+00:00,1.376829981803894,1.378290057182312,1.375,1.377079963684082
2023-11-08 08:00:00+00:00,1.3770400285720825,1.3804800510406494,1.3762999773025513,1.3798999786376953
2023-11-08 16:00:00+00:00,1.379870057106018,1.3814300298690796,1.378600001335144,1.3792099952697754
2023-11-09 00:00:00+00:00,1.3790099620819092,1.379699945449829,1.3776999711990356,1.3790500164031982
2023-11-09 08:00:00+00:00,1.3790500164031982,1.380679965019226,1.3741999864578247,1.374959945678711
2023-11-09 16:00:00+00:00,1.3749699592590332,1.381600022315979,1.374500036239624,1.3809000253677368
2023-11-10 00:00:00+00:00,1.3805999755859375,1.3814400434494019,1.3787000179290771,1.3798600435256958
2023-11-10 08:00:00+00:00,1.379870057106018,1.385450005531311,1.37909996509552,1.3836499452590942
2023-11-10 16:00:00+00:00,1.3836699724197388,1.3839600086212158,1.3789000511169434,1.379699945449829
2023-11-11 00:00:00+00:00,,,,
2023-11-11 08:00:00+00:00,,,,
2023-11-11 16:00:00+00:00,,,,
2023-11-12 00:00:00+00:00,,,,
2023-11-12 08:00:00+00:00,,,,
2023-11-12 16:00:00+00:00,,,,
2023-11-13 00:00:00+00:00,1.3797099590301514,1.3819600343704224,1.3791999816894531,1.3800599575042725
2023-11-13 08:00:00+00:00,1.3799999952316284,1.3831599950790405,1.37909996509552,1.379889965057373
2023-11-13 16:00:00+00:00,1.3798799514770508,1.3808000087738037,1.3773000240325928,1.38018000125885
2023-11-14 00:00:00+00:00,1.3801000118255615,1.382140040397644,1.3795000314712524,1.381350040435791
2023-11-14 08:00:00+00:00,1.3813600540161133,1.3843200206756592,1.3717999458312988,1.3725700378417969
2023-11-14 16:00:00+00:00,1.3722000122070312,1.3729000091552734,1.3680000305175781,1.3697999715805054
2023-11-15 00:00:00+00:00,1.3699300289154053,1.3709700107574463,1.3677300214767456,1.3684699535369873
2023-11-15 08:00:00+00:00,1.3684799671173096,1.3703999519348145,1.3650000095367432,1.3659800291061401
2023-11-15 16:00:00+00:00,1.3659900426864624,1.3688000440597534,1.3651000261306763,1.368299961090088
2023-11-16 00:00:00+00:00,1.368299961090088,1.371250033378601,1.367400050163269,1.3703099489212036
2023-11-16 08:00:00+00:00,1.3703299760818481,1.3757400512695312,1.3681000471115112,1.3741799592971802
2023-11-16 16:00:00+00:00,1.374150037765503,1.3776700496673584,1.3734999895095825,1.3752800226211548
2023-11-17 00:00:00+00:00,1.3752000331878662,1.3767600059509277,1.3743000030517578,1.3762600421905518
2023-11-17 08:00:00+00:00,1.3762600421905518,1.377079963684082,1.3703999519348145,1.3727699518203735
2023-11-17 16:00:00+00:00,1.3727699518203735,1.3746399879455566,1.3704999685287476,1.3717999458312988
2023-11-18 00:00:00+00:00,,,,
2023-11-18 08:00:00+00:00,,,,
2023-11-18 16:00:00+00:00,,,,
2023-11-19 00:00:00+00:00,,,,
2023-11-19 08:00:00+00:00,,,,
2023-11-19 16:00:00+00:00,,,,
2023-11-20 00:00:00+00:00,1.372040033340454,1.3726999759674072,1.3686000108718872,1.370650053024292
2023-11-20 08:00:00+00:00,1.3705999851226807,1.3749200105667114,1.3695000410079956,1.3729599714279175
2023-11-20 16:00:00+00:00,1.3729499578475952,1.3736799955368042,1.3708000183105469,1.3725500106811523
2023-11-21 00:00:00+00:00,1.3726199865341187,1.372939944267273,1.3700000047683716,1.3723599910736084
2023-11-21 08:00:00+00:00,1.3723499774932861,1.3731000423431396,1.367799997329712,1.3689500093460083
2023-11-21 16:00:00+00:00,1.3689500093460083,1.3705099821090698,1.3675999641418457,1.3700200319290161
2023-11-22 00:00:00+00:00,1.3700300455093384,1.3725500106811523,1.36899995803833,1.3714100122451782
2023-11-22 08:00:00+00:00,1.3714100122451782,1.376520037651062,1.3695000410079956,1.3741999864578247
2023-11-22 16:00:00+00:00,1.3744100332260132,1.374619960784912,1.3681000471115112,1.369230031967163
2023-11-23 00:00:00+00:00,1.369230031967163,1.3693000078201294,1.3645999431610107,1.3655999898910522
2023-11-23 08:00:00+00:00,1.3658100366592407,1.3710800409317017,1.3650000095367432,1.369879961013794
2023-11-23 16:00:00+00:00,1.369879961013794,1.3702499866485596,1.3686000108718872,1.3695600032806396
2023-11-24 00:00:00+00:00,1.3695900440216064,1.371150016784668,1.3688000440597534,1.3690999746322632
2023-11-24 08:00:00+00:00,1.369439959526062,1.3698999881744385,1.3589999675750732,1.3600900173187256
2023-11-24 16:00:00+00:00,1.3601200580596924,1.3640199899673462,1.3593000173568726,1.3633999824523926
2023-11-25 00:00:00+00:00,,,,
2023-11-25 08:00:00+00:00,,,,
2023-11-25 16:00:00+00:00,,,,
2023-11-26 00:00:00+00:00,,,,
2023-11-26 08:00:00+00:00,,,,
2023-11-26 16:00:00+00:00,,,,
2023-11-27 00:00:00+00:00,1.3631000518798828,1.3660999536514282,1.3619999885559082,1.3633300065994263
2023-11-27 08:00:00+00:00,1.3631000518798828,1.365880012512207,1.361799955368042,1.3636499643325806
2023-11-27 16:00:00+00:00,1.3636499643325806,1.3645399808883667,1.3601000308990479,1.360550045967102
2023-11-28 00:00:00+00:00,1.360569953918457,1.3611199855804443,1.3588999509811401,1.3598400354385376
2023-11-28 08:00:00+00:00,1.3598300218582153,1.3613300323486328,1.3569999933242798,1.358199954032898
2023-11-28 16:00:00+00:00,1.3581899404525757,1.3591200113296509,1.3554999828338623,1.3565599918365479
2023-11-29 00:00:00+00:00,1.356510043144226,1.3567999601364136,1.353700041770935,1.3565499782562256
2023-11-29 08:00:00+00:00,1.3565399646759033,1.3612600564956665,1.3553999662399292,1.3589400053024292
2023-11-29 16:00:00+00:00,1.3589199781417847,1.36149001121521,1.356600046157837,1.3591300249099731
2023-11-30 00:00:00+00:00,1.3592400550842285,1.360010027885437,1.3561999797821045,1.3585100173950195
2023-11-30 08:00:00+00:00,1.3585200309753418,1.3626500368118286,1.354699969291687,1.3563400506973267
2023-11-30 16:00:00+00:00,1.3563499450683594,1.358929991722107,1.3550000190734863,1.3556699752807617
2023-12-01 00:00:00+00:00,1.3557000160217285,1.355720043182373,1.3530000448226929,1.3540799617767334
2023-12-01 08:00:00+00:00,1.3540300130844116,1.3551000356674194,1.3490999937057495,1.351449966430664
2023-12-01 16:00:00+00:00,1.351099967956543,1.35207998752594,1.3481999635696411,1.3495999574661255
2023-12-02 00:00:00+00:00,,,,
2023-12-02 08:00:00+00:00,,,,
2023-12-02 16:00:00+00:00,,,,
2023-12-03 00:00:00+00:00,,,,
2023-12-03 08:00:00+00:00,,,,
2023-12-03 16:00:00+00:00,,,,
2023-12-04 00:00:00+00:00,1.3489500284194946,1.353760004043579,1.3482999801635742,1.3535900115966797
2023-12-04 08:00:00+00:00,1.3536499738693237,1.3561999797821045,1.3514000177383423,1.3538099527359009
2023-12-04 16:00:00+00:00,1.3537800312042236,1.3554500341415405,1.3523999452590942,1.353909969329834
2023-12-05 00:00:00+00:00,1.353600025177002,1.3567999601364136,1.3531999588012695,1.3566499948501587
2023-12-05 08:00:00+00:00,1.3566399812698364,1.3591599464416504,1.3545000553131104,1.355970025062561
2023-12-05 16:00:00+00:00,1.3559900522232056,1.3595000505447388,1.3551000356674194,1.3590999841690063
2023-12-06 00:00:00+00:00,1.359179973602295,1.3592000007629395,1.3554999828338623,1.3564800024032593
2023-12-06 08:00:00+00:00,1.3564900159835815,1.3588600158691406,1.3545000553131104,1.3563599586486816
2023-12-06 16:00:00+00:00,1.3563499450683594,1.3596199750900269,1.3554999828338623,1.3591500520706177
2023-12-07 00:00:00+00:00,1.3591599464416504,1.36080002784729,1.3580000400543213,1.3586000204086304
2023-12-07 08:00:00+00:00,1.358590006828308,1.361930012702942,1.3579000234603882,1.3601000308990479
2023-12-07 16:00:00+00:00,1.3600800037384033,1.3610600233078003,1.3579000234603882,1.359760046005249
2023-12-08 00:00:00+00:00,1.3596099615097046,1.3597899675369263,1.356600046157837,1.358780026435852
2023-12-08 08:00:00+00:00,1.3587499856948853,1.3607699871063232,1.354599952697754,1.3582099676132202
2023-12-08 16:00:00+00:00,1.3582099676132202,1.360949993133545,1.357100009918213,1.3580000400543213
2023-12-09 00:00:00+00:00,,,,
2023-12-09 08:00:00+00:00,,,,
2023-12-09 16:00:00+00:00,,,,
2023-12-10 00:00:00+00:00,,,,
2023-12-10 08:00:00+00:00,,,,
2023-12-10 16:00:00+00:00,,,,
2023-12-11 00:00:00+00:00,1.358109951019287,1.360450029373169,1.3573999404907227,1.3591400384902954
2023-12-11 08:00:00+00:00,1.3591300249099731,1.3598999977111816,1.3545000553131104,1.356410026550293
2023-12-11 16:00:00+00:00,1.3560999631881714,1.358870029449463,1.3558000326156616,1.357800006866455
2023-12-12 00:00:00+00:00,1.3578100204467773,1.3578300476074219,1.3544000387191772,1.35548996925354
2023-12-12 08:00:00+00:00,1.35548996925354,1.3616900444030762,1.354449987411499,1.3601200580596924
2023-12-12 16:00:00+00:00,1.3601200580596924,1.3618299961090088,1.3580000400543213,1.358299970626831
2023-12-13 00:00:00+00:00,1.3585200309753418,1.3605600595474243,1.3580000400543213,1.3599300384521484
2023-12-13 08:00:00+00:00,1.3596999645233154,1.3608100414276123,1.354990005493164,1.3569999933242798
2023-12-13 16:00:00+00:00,1.3573299646377563,1.3591500520706177,1.3489999771118164,1.3510099649429321
2023-12-14 00:00:00+00:00,1.3509700298309326,1.3509999513626099,1.3451999425888062,1.347480058670044
2023-12-14 08:00:00+00:00,1.3474899530410767,1.3477599620819092,1.340999960899353,1.3420900106430054
2023-12-14 16:00:00+00:00,1.3421000242233276,1.342560052871704,1.3388999700546265,1.3406000137329102
2023-12-15 00:00:00+00:00,1.3403899669647217,1.3414700031280518,1.3379000425338745,1.3384000062942505
2023-12-15 08:00:00+00:00,1.3387399911880493,1.3403400182724,1.336300015449524,1.3371200561523438
2023-12-15 16:00:00+00:00,1.336899995803833,1.3383400440216064,1.3344999551773071,1.3376699686050415
2023-12-16 00:00:00+00:00,,,,
2023-12-16 08:00:00+00:00,,,,
2023-12-16 16:00:00+00:00,,,,
2023-12-17 00:00:00+00:00,,,,
2023-12-17 08:00:00+00:00,,,,
2023-12-17 16:00:00+00:00,,,,
2023-12-18 00:00:00+00:00,1.338189959526062,1.3388299942016602,1.336400032043457,1.338070034980774
2023-12-18 08:00:00+00:00,1.3380800485610962,1.3403300046920776,1.3349299430847168,1.3396300077438354
2023-12-18 16:00:00+00:00,1.3396300077438354,1.3409099578857422,1.3380999565124512,1.3398100137710571
2023-12-19 00:00:00+00:00,1.3397899866104126,1.340019941329956,1.3384000062942505,1.3395999670028687
2023-12-19 08:00:00+00:00,1.3395999670028687,1.3396199941635132,1.332900047302246,1.333940029144287
2023-12-19 16:00:00+00:00,1.333940029144287,1.33502995967865,1.332800030708313,1.3335000276565552
2023-12-20 00:00:00+00:00,1.3338299989700317,1.335319995880127,1.333299994468689,1.3344999551773071
2023-12-20 08:00:00+00:00,1.3344199657440186,1.3350600004196167,1.3314000368118286,1.3319499492645264
2023-12-20 16:00:00+00:00,1.3319900035858154,1.3371000289916992,1.3307000398635864,1.3358299732208252
2023-12-21 00:00:00+00:00,1.3359099626541138,1.3359999656677246,1.3344000577926636,1.335319995880127
2023-12-21 08:00:00+00:00,1.3352700471878052,1.335800051689148,1.3300000429153442,1.330399990081787
2023-12-21 16:00:00+00:00,1.3307100534439087,1.3322999477386475,1.3271000385284424,1.3280999660491943
2023-12-22 00:00:00+00:00,1.3284300565719604,1.329300045967102,1.3272000551223755,1.3273999691009521
2023-12-22 08:00:00+00:00,1.32778000831604,1.3291399478912354,1.3214000463485718,1.3266899585723877
2023-12-22 16:00:00+00:00,1.3266799449920654,1.328510046005249,1.3248000144958496,1.3270000219345093
2023-12-23 00:00:00+00:00,,,,
2023-12-23 08:00:00+00:00,,,,
2023-12-23 16:00:00+00:00,,,,
2023-12-24 00:00:00+00:00,,,,
2023-12-24 08:00:00+00:00,,,,
2023-12-24 16:00:00+00:00,,,,
2023-12-25 00:00:00+00:00,1.3269000053405762,1.3291000127792358,1.3250000476837158,1.3252999782562256
2023-12-25 08:00:00+00:00,1.3250999450683594,1.3255000114440918,1.3250999450683594,1.3255000114440918
2023-12-25 16:00:00+00:00,1.3255000114440918,1.3257999420166016,1.3245999813079834,1.3250700235366821
2023-12-26 00:00:00+00:00,1.3252099752426147,1.326200008392334,1.3244500160217285,1.3250399827957153
2023-12-26 08:00:00+00:00,1.3250399827957153,1.326200008392334,1.3198000192642212,1.320739984512329
2023-12-26 16:00:00+00:00,1.3207299709320068,1.3215199708938599,1.3188999891281128,1.3193999528884888
2023-12-27 00:00:00+00:00,1.319640040397644,1.3209999799728394,1.3179999589920044,1.3195600509643555
2023-12-27 08:00:00+00:00,1.3195699453353882,1.320989966392517,1.317199945449829,1.320099949836731
2023-12-27 16:00:00+00:00,1.3204400539398193,1.3219300508499146,1.318600058555603,1.3204400539398193
2023-12-28 00:00:00+00:00,1.3205300569534302,1.3206000328063965,1.318600058555603,1.31905996799469
2023-12-28 08:00:00+00:00,1.3190699815750122,1.3232100009918213,1.3179999589920044,1.3186399936676025
2023-12-28 16:00:00+00:00,1.3185800313949585,1.3235100507736206,1.3177000284194946,1.3230199813842773
2023-12-29 00:00:00+00:00,1.3229999542236328,1.3241900205612183,1.3217999935150146,1.3238799571990967
2023-12-29 08:00:00+00:00,1.3238799571990967,1.326509952545166,1.3176000118255615,1.3185800313949585
2023-12-29 16:00:00+00:00,1.318560004234314,1.3256100416183472,1.3173999786376953,1.3245999813079834
2023-12-30 00:00:00+00:00,,,,
2023-12-30 08:00:00+00:00,,,,
2023-12-30 16:00:00+00:00,,,,
2023-12-31 00:00:00+00:00,,,,
2023-12-31 08:00:00+00:00,,,,
2023-12-31 16:00:00+00:00,,,,
2024-01-01 00:00:00+00:00,1.3244999647140503,1.3245999813079834,1.3244999647140503,1.3244999647140503
2024-01-01 08:00:00+00:00,1.3244999647140503,1.3244999647140503,1.3243000507354736,1.3244999647140503
2024-01-01 16:00:00+00:00,1.3244999647140503,1.3252999782562256,1.3229000568389893,1.3243299722671509
2024-01-02 00:00:00+00:00,1.3243999481201172,1.3257499933242798,1.3224999904632568,1.3250600099563599
2024-01-02 08:00:00+00:00,1.3250600099563599,1.3328900337219238,1.3224999904632568,1.3311899900436401
2024-01-02 16:00:00+00:00,1.3312000036239624,1.333400011062622,1.3295999765396118,1.3321599960327148
2024-01-03 00:00:00+00:00,1.332110047340393,1.333400011062622,1.3313000202178955,1.3321000337600708
2024-01-03 08:00:00+00:00,1.3324099779129028,1.3367500305175781,1.3317999839782715,1.3350600004196167
2024-01-03 16:00:00+00:00,1.335070013999939,1.3371599912643433,1.333799958229065,1.3347699642181396
2024-01-04 00:00:00+00:00,1.3348100185394287,1.3355000019073486,1.3313000202178955,1.3319499492645264
2024-01-04 08:00:00+00:00,1.3319499492645264,1.336590051651001,1.3312000036239624,1.335360050201416
2024-01-04 16:00:00+00:00,1.3353400230407715,1.3363200426101685,1.3341000080108643,1.3351000547409058
2024-01-05 00:00:00+00:00,1.3355799913406372,1.3372000455856323,1.3342000246047974,1.3360799551010132
2024-01-05 08:00:00+00:00,1.3360999822616577,1.3398900032043457,1.3282999992370605,1.332260012626648
2024-01-05 16:00:00+00:00,1.332260012626648,1.3368300199508667,1.3312000036239624,1.3359999656677246
2024-01-06 00:00:00+00:00,,,,
2024-01-06 08:00:00+00:00,,,,
2024-01-06 16:00:00+00:00,,,,
2024-01-07 00:00:00+00:00,,,,
2024-01-07 08:00:00+00:00,,,,
2024-01-07 16:00:00+00:00,,,,
2024-01-08 00:00:00+00:00,1.3359400033950806,1.3379000425338745,1.3339999914169312,1.3375600576400757
2024-01-08 08:00:00+00:00,1.3375300168991089,1.3404699563980103,1.3366999626159668,1.3373299837112427
2024-01-08 16:00:00+00:00,1.3373099565505981,1.337630033493042,1.3341000080108643,1.3350600004196167
2024-01-09 00:00:00+00:00,1.3350800275802612,1.3365000486373901,1.3336000442504883,1.3354400396347046
2024-01-09 08:00:00+00:00,1.3354300260543823,1.341439962387085,1.3349000215530396,1.3401999473571777
2024-01-09 16:00:00+00:00,1.340190052986145,1.3406000137329102,1.3379000425338745,1.339020013809204
2024-01-10 00:00:00+00:00,1.338919997215271,1.339460015296936,1.3372000455856323,1.338479995727539
2024-01-10 08:00:00+00:00,1.3384699821472168,1.3390400409698486,1.3360999822616577,1.3377000093460083
2024-01-10 16:00:00+00:00,1.3380299806594849,1.3390799760818481,1.3371000289916992,1.3378700017929077
2024-01-11 00:00:00+00:00,1.3379600048065186,1.3380199670791626,1.3351000547409058,1.3365000486373901
2024-01-11 08:00:00+00:00,1.3365099430084229,1.343019962310791,1.3346999883651733,1.3425999879837036
2024-01-11 16:00:00+00:00,1.3428900241851807,1.344290018081665,1.337499976158142,1.3379499912261963
2024-01-12 00:00:00+00:00,1.3377900123596191,1.3386000394821167,1.3365999460220337,1.337630033493042
2024-01-12 08:00:00+00:00,1.337589979171753,1.3387000560760498,1.333899974822998,1.3385800123214722
2024-01-12 16:00:00+00:00,1.3385800123214722,1.3411600589752197,1.3376599550247192,1.3408000469207764
2024-01-13 00:00:00+00:00,,,,
2024-01-13 08:00:00+00:00,,,,
2024-01-13 16:00:00+00:00,,,,
2024-01-14 00:00:00+00:00,,,,
2024-01-14 08:00:00+00:00,,,,
2024-01-14 16:00:00+00:00,,,,
2024-01-15 00:00:00+00:00,1.340649962425232,1.341439962387085,1.3378000259399414,1.3409899473190308
2024-01-15 08:00:00+00:00,1.3409600257873535,1.344290018081665,1.339900016784668,1.3435499668121338
2024-01-15 16:00:00+00:00,1.3435499668121338,1.3448100090026855,1.3418999910354614,1.3432999849319458
2024-01-16 00:00:00+00:00,1.3435499668121338,1.3484300374984741,1.3430999517440796,1.3481500148773193
2024-01-16 08:00:00+00:00,1.3481299877166748,1.3500200510025024,1.344099998474121,1.3473999500274658
2024-01-16 16:00:00+00:00,1.3474400043487549,1.3502000570297241,1.345639944076538,1.3488999605178833
2024-01-17 00:00:00+00:00,1.3489099740982056,1.352220058441162,1.347599983215332,1.3517800569534302
2024-01-17 08:00:00+00:00,1.3517800569534302,1.3541699647903442,1.350000023841858,1.3518600463867188
2024-01-17 16:00:00+00:00,1.3518099784851074,1.3535499572753906,1.3496700525283813,1.3502000570297241
2024-01-18 00:00:00+00:00,1.3496999740600586,1.3507800102233887,1.347499966621399,1.3491899967193604
2024-01-18 08:00:00+00:00,1.3492000102996826,1.3528000116348267,1.3478000164031982,1.351349949836731
2024-01-18 16:00:00+00:00,1.3513599634170532,1.3517600297927856,1.3480000495910645,1.3487600088119507
2024-01-19 00:00:00+00:00,1.3484899997711182,1.3502000570297241,1.3476999998092651,1.3486499786376953
2024-01-19 08:00:00+00:00,1.3486599922180176,1.3494000434875488,1.3450000286102295,1.3463799953460693
2024-01-19 16:00:00+00:00,1.3463599681854248,1.34784996509552,1.3422000408172607,1.3424999713897705
2024-01-20 00:00:00+00:00,,,,
2024-01-20 08:00:00+00:00,,,,
2024-01-20 16:00:00+00:00,,,,
2024-01-21 00:00:00+00:00,,,,
2024-01-21 08:00:00+00:00,,,,
2024-01-21 16:00:00+00:00,,,,
2024-01-22 00:00:00+00:00,1.3431899547576904,1.3444600105285645,1.3416999578475952,1.3432999849319458
2024-01-22 08:00:00+00:00,1.3433300256729126,1.344849944114685,1.341439962387085,1.3445700407028198
2024-01-22 16:00:00+00:00,1.3445600271224976,1.348330020904541,1.344099998474121,1.347830057144165
2024-01-23 00:00:00+00:00,1.3477699756622314,1.3486100435256958,1.3447999954223633,1.3467899560928345
2024-01-23 08:00:00+00:00,1.346750020980835,1.3490899801254272,1.3459999561309814,1.3481099605560303
2024-01-23 16:00:00+00:00,1.3481099605560303,1.3492000102996826,1.3451999425888062,1.3453999757766724
2024-01-24 00:00:00+00:00,1.3456300497055054,1.3477400541305542,1.344599962234497,1.345420002937317
2024-01-24 08:00:00+00:00,1.3453400135040283,1.3492200374603271,1.3424999713897705,1.3485900163650513
2024-01-24 16:00:00+00:00,1.3486000299453735,1.3528200387954712,1.3467999696731567,1.3525099754333496
2024-01-25 00:00:00+00:00,1.3525199890136719,1.3534400463104248,1.3509999513626099,1.3520499467849731
2024-01-25 08:00:00+00:00,1.35207998752594,1.3530000448226929,1.3481999635696411,1.3501299619674683
2024-01-25 16:00:00+00:00,1.3501100540161133,1.350640058517456,1.3464000225067139,1.3476999998092651
2024-01-26 00:00:00+00:00,1.34798002243042,1.3482999801635742,1.3458000421524048,1.347350001335144
2024-01-26 08:00:00+00:00,1.3473199605941772,1.3476799726486206,1.3410999774932861,1.3446300029754639
2024-01-26 16:00:00+00:00,1.3446199893951416,1.346750020980835,1.3438999652862549,1.3447999954223633
2024-01-27 00:00:00+00:00,,,,
2024-01-27 08:00:00+00:00,,,,
2024-01-27 16:00:00+00:00,,,,
2024-01-28 00:00:00+00:00,,,,
2024-01-28 08:00:00+00:00,,,,
2024-01-28 16:00:00+00:00,,,,
2024-01-29 00:00:00+00:00,1.3456000089645386,1.345900058746338,1.3430900573730469,1.343500018119812
2024-01-29 08:00:00+00:00,1.3434900045394897,1.3465100526809692,1.3424999713897705,1.3452099561691284
2024-01-29 16:00:00+00:00,1.3451600074768066,1.345620036125183,1.340399980545044,1.3411200046539307
2024-01-30 00:00:00+00:00,1.3411099910736084,1.3415100574493408,1.3396999835968018,1.3406399488449097
2024-01-30 08:00:00+00:00,1.340630054473877,1.3446400165557861,1.3398300409317017,1.3429499864578247
2024-01-30 16:00:00+00:00,1.3429499864578247,1.3433500528335571,1.3391000032424927,1.3401299715042114
2024-01-31 00:00:00+00:00,1.3401399850845337,1.3423999547958374,1.3393000364303589,1.3411999940872192
2024-01-31 08:00:00+00:00,1.3416800498962402,1.3437199592590332,1.3353999853134155,1.335919976234436
2024-01-31 16:00:00+00:00,1.3359299898147583,1.3446099758148193,1.3355000019073486,1.343000054359436
2024-02-01 00:00:00+00:00,1.3431899547576904,1.3464299440383911,1.3415000438690186,1.3458399772644043
2024-02-01 08:00:00+00:00,1.3458900451660156,1.3463000059127808,1.3407000303268433,1.3413000106811523
2024-02-01 16:00:00+00:00,1.3413300514221191,1.341380000114441,1.336300015449524,1.338379979133606
2024-02-02 00:00:00+00:00,1.3384100198745728,1.3384499549865723,1.3365000486373901,1.3380199670791626
2024-02-02 08:00:00+00:00,1.3380600214004517,1.347540020942688,1.3360999822616577,1.3452500104904175
2024-02-02 16:00:00+00:00,1.3452099561691284,1.3474700450897217,1.344599962234497,1.3458000421524048
2024-02-03 00:00:00+00:00,,,,
2024-02-03 08:00:00+00:00,,,,
2024-02-03 16:00:00+00:00,,,,
2024-02-04 00:00:00+00:00,,,,
2024-02-04 08:00:00+00:00,,,,
2024-02-04 16:00:00+00:00,,,,
2024-02-05 00:00:00+00:00,1.3470300436019897,1.3488999605178833,1.3461999893188477,1.3478000164031982
2024-02-05 08:00:00+00:00,1.3478100299835205,1.3543699979782104,1.3466999530792236,1.353760004043579
2024-02-05 16:00:00+00:00,1.3537700176239014,1.3544000387191772,1.3517999649047852,1.354099988937378
2024-02-06 00:00:00+00:00,1.3542699813842773,1.3543299436569214,1.3504999876022339,1.351449966430664
2024-02-06 08:00:00+00:00,1.3514800071716309,1.3542699813842773,1.3509999513626099,1.3522700071334839
2024-02-06 16:00:00+00:00,1.3522800207138062,1.3524399995803833,1.3472000360488892,1.3489500284194946
2024-02-07 00:00:00+00:00,1.3489999771118164,1.3492300510406494,1.3468999862670898,1.3480600118637085
2024-02-07 08:00:00+00:00,1.3481099605560303,1.348889946937561,1.3450000286102295,1.3467899560928345
2024-02-07 16:00:00+00:00,1.3467999696731567,1.3479100465774536,1.3453999757766724,1.346310019493103
2024-02-08 00:00:00+00:00,1.345900058746338,1.3463000059127808,1.3444000482559204,1.3451999425888062
2024-02-08 08:00:00+00:00,1.345579981803894,1.3493000268936157,1.3450000286102295,1.3463900089263916
2024-02-08 16:00:00+00:00,1.3463300466537476,1.3474400043487549,1.3446999788284302,1.3458000421524048
2024-02-09 00:00:00+00:00,1.346019983291626,1.34660005569458,1.3450000286102295,1.3459199666976929
2024-02-09 08:00:00+00:00,1.3454999923706055,1.3464200496673584,1.34089994430542,1.3461400270462036
2024-02-09 16:00:00+00:00,1.3461099863052368,1.3481500148773193,1.3449000120162964,1.3453999757766724
2024-02-10 00:00:00+00:00,,,,
2024-02-10 08:00:00+00:00,,,,
2024-02-10 16:00:00+00:00,,,,
2024-02-11 00:00:00+00:00,,,,
2024-02-11 08:00:00+00:00,,,,
2024-02-11 16:00:00+00:00,,,,
2024-02-12 00:00:00+00:00,1.3457599878311157,1.3464200496673584,1.344599962234497,1.3453099727630615
2024-02-12 08:00:00+00:00,1.3452600240707397,1.347499966621399,1.343999981880188,1.3447699546813965
2024-02-12 16:00:00+00:00,1.3444000482559204,1.345900058746338,1.3424999713897705,1.3451999425888062
2024-02-13 00:00:00+00:00,1.3455300331115723,1.3460999727249146,1.3443000316619873,1.3453700542449951
2024-02-13 08:00:00+00:00,1.3453799486160278,1.3578399419784546,1.3433300256729126,1.355239987373352
2024-02-13 16:00:00+00:00,1.3552700281143188,1.3586000204086304,1.354200005531311,1.3565700054168701
2024-02-14 00:00:00+00:00,1.3565800189971924,1.357200026512146,1.3543000221252441,1.3551700115203857
2024-02-14 08:00:00+00:00,1.3552099466323853,1.3562999963760376,1.3525999784469604,1.355430006980896
2024-02-14 16:00:00+00:00,1.355389952659607,1.3560700416564941,1.3535000085830688,1.353700041770935
2024-02-15 00:00:00+00:00,1.35385000705719,1.3552000522613525,1.3532999753952026,1.3543699979782104
2024-02-15 08:00:00+00:00,1.3543800115585327,1.3544299602508545,1.347100019454956,1.3499699831008911
2024-02-15 16:00:00+00:00,1.3499399423599243,1.3511099815368652,1.3456000089645386,1.346619963645935
2024-02-16 00:00:00+00:00,1.3465399742126465,1.3486000299453735,1.3460999727249146,1.3477400541305542
2024-02-16 08:00:00+00:00,1.3477200269699097,1.3507499694824219,1.3466999530792236,1.348230004310608
2024-02-16 16:00:00+00:00,1.3481899499893188,1.3492200374603271,1.346500039100647,1.3483999967575073
2024-02-17 00:00:00+00:00,,,,
2024-02-17 08:00:00+00:00,,,,
2024-02-17 16:00:00+00:00,,,,
2024-02-18 00:00:00+00:00,,,,
2024-02-18 08:00:00+00:00,,,,
2024-02-18 16:00:00+00:00,,,,
2024-02-19 00:00:00+00:00,1.3478000164031982,1.3483400344848633,1.3463000059127808,1.3476099967956543
2024-02-19 08:00:00+00:00,1.347599983215332,1.3496400117874146,1.34660005569458,1.3492399454116821
2024-02-19 16:00:00+00:00,1.3488999605178833,1.3501100540161133,1.3482999801635742,1.3499000072479248
2024-02-20 00:00:00+00:00,1.3499499559402466,1.351140022277832,1.3490999937057495,1.3509900569915771
2024-02-20 08:00:00+00:00,1.350950002670288,1.3529599905014038,1.347000002861023,1.3509299755096436
2024-02-20 16:00:00+00:00,1.3509399890899658,1.3529399633407593,1.3502999544143677,1.3521900177001953
2024-02-21 00:00:00+00:00,1.3523099422454834,1.3528399467468262,1.350000023841858,1.351789951324463
2024-02-21 08:00:00+00:00,1.3516000509262085,1.3536100387573242,1.350000023841858,1.3512599468231201
2024-02-21 16:00:00+00:00,1.3512599468231201,1.3520699739456177,1.3488999605178833,1.3493000268936157
2024-02-22 00:00:00+00:00,1.3494900465011597,1.3496999740600586,1.3447999954223633,1.34538996219635
2024-02-22 08:00:00+00:00,1.34538996219635,1.3507499694824219,1.3436000347137451,1.3499799966812134
2024-02-22 16:00:00+00:00,1.3499499559402466,1.350450038909912,1.3473999500274658,1.3482600450515747
2024-02-23 00:00:00+00:00,1.348230004310608,1.3494999408721924,1.347100019454956,1.3476500511169434
2024-02-23 08:00:00+00:00,1.3476799726486206,1.3503899574279785,1.3457000255584717,1.3501900434494019
2024-02-23 16:00:00+00:00,1.3501800298690796,1.3517299890518188,1.3486000299453735,1.3504999876022339
2024-02-24 00:00:00+00:00,,,,
2024-02-24 08:00:00+00:00,,,,
2024-02-24 16:00:00+00:00,,,,
2024-02-25 00:00:00+00:00,,,,
2024-02-25 08:00:00+00:00,,,,
2024-02-25 16:00:00+00:00,,,,
2024-02-26 00:00:00+00:00,1.3507000207901,1.3519400358200073,1.3502000570297241,1.3517299890518188
2024-02-26 08:00:00+00:00,1.351680040359497,1.352869987487793,1.3494999408721924,1.3513000011444092
2024-02-26 16:00:00+00:00,1.3514699935913086,1.3521000146865845,1.3496999740600586,1.3501700162887573
2024-02-27 00:00:00+00:00,1.3497999906539917,1.3514000177383423,1.3487999439239502,1.3499300479888916
2024-02-27 08:00:00+00:00,1.3498899936676025,1.3537100553512573,1.3480000495910645,1.3519400358200073
2024-02-27 16:00:00+00:00,1.3519599437713623,1.3539199829101562,1.351099967956543,1.3531800508499146
2024-02-28 00:00:00+00:00,1.3531099557876587,1.3558399677276611,1.3523000478744507,1.3553099632263184
2024-02-28 08:00:00+00:00,1.3552900552749634,1.3605999946594238,1.3547999858856201,1.3564800024032593
2024-02-28 16:00:00+00:00,1.356469988822937,1.358299970626831,1.3558000326156616,1.3574999570846558
2024-02-29 00:00:00+00:00,1.3577200174331665,1.358530044555664,1.3565000295639038,1.3577100038528442
2024-02-29 08:00:00+00:00,1.3576699495315552,1.3597300052642822,1.353600025177002,1.3563200235366821
2024-02-29 16:00:00+00:00,1.3563799858093262,1.358489990234375,1.3558000326156616,1.3566999435424805
2024-03-01 00:00:00+00:00,1.3567999601364136,1.3580000400543213,1.3557000160217285,1.3579800128936768
2024-03-01 08:00:00+00:00,1.3579200506210327,1.3601499795913696,1.354599952697754,1.3551700115203857
2024-03-01 16:00:00+00:00,1.3552600145339966,1.3562099933624268,1.3539999723434448,1.355299949645996
2024-03-02 00:00:00+00:00,,,,
2024-03-02 08:00:00+00:00,,,,
2024-03-02 16:00:00+00:00,,,,
2024-03-03 00:00:00+00:00,,,,
2024-03-03 08:00:00+00:00,,,,
2024-03-03 16:00:00+00:00,,,,
2024-03-04 00:00:00+00:00,1.3551000356674194,1.3566499948501587,1.354099988937378,1.3557300567626953
2024-03-04 08:00:00+00:00,1.355679988861084,1.3583799600601196,1.355299949645996,1.3561500310897827
2024-03-04 16:00:00+00:00,1.3561300039291382,1.3581600189208984,1.3552000522613525,1.35739004611969
2024-03-05 00:00:00+00:00,1.3575299978256226,1.3598999977111816,1.3567999601364136,1.3596899509429932
2024-03-05 08:00:00+00:00,1.3595000505447388,1.3604999780654907,1.3551000356674194,1.3568899631500244
2024-03-05 16:00:00+00:00,1.3568799495697021,1.3600000143051147,1.3562999963760376,1.3590400218963623
2024-03-06 00:00:00+00:00,1.358970046043396,1.3599799871444702,1.3574999570846558,1.3587700128555298
2024-03-06 08:00:00+00:00,1.358739972114563,1.359429955482483,1.3504999876022339,1.3513400554656982
2024-03-06 16:00:00+00:00,1.351349949836731,1.352329969406128,1.3498400449752808,1.351199984550476
2024-03-07 00:00:00+00:00,1.3511799573898315,1.3525500297546387,1.3499000072479248,1.3508000373840332
2024-03-07 08:00:00+00:00,1.3508100509643555,1.3516000509262085,1.3472000360488892,1.3478599786758423
2024-03-07 16:00:00+00:00,1.3478399515151978,1.3479499816894531,1.3447999954223633,1.3453700542449951
2024-03-08 00:00:00+00:00,1.345270037651062,1.3459999561309814,1.343999981880188,1.3442599773406982
2024-03-08 08:00:00+00:00,1.344230055809021,1.3470100164413452,1.3419400453567505,1.3451100587844849
2024-03-08 16:00:00+00:00,1.3451199531555176,1.3497999906539917,1.344599962234497,1.3479000329971313
2024-03-09 00:00:00+00:00,,,,
2024-03-09 08:00:00+00:00,,,,
2024-03-09 16:00:00+00:00,,,,
2024-03-10 00:00:00+00:00,,,,
2024-03-10 08:00:00+00:00,,,,
2024-03-10 16:00:00+00:00,,,,
2024-03-11 00:00:00+00:00,1.3478000164031982,1.3492599725723267,1.3468999862670898,1.348230004310608
2024-03-11 08:00:00+00:00,1.3482099771499634,1.3509600162506104,1.3468899726867676,1.3482999801635742
2024-03-11 16:00:00+00:00,1.3486599922180176,1.3491599559783936,1.3473000526428223,1.3477200269699097
2024-03-12 00:00:00+00:00,1.3477400541305542,1.3481999635696411,1.34660005569458,1.3473000526428223
2024-03-12 08:00:00+00:00,1.3473000526428223,1.3525400161743164,1.3461999893188477,1.349679946899414
2024-03-12 16:00:00+00:00,1.3496899604797363,1.3509999513626099,1.3485000133514404,1.3492000102996826
2024-03-13 00:00:00+00:00,1.3492900133132935,1.3498300313949585,1.3485000133514404,1.348770022392273
2024-03-13 08:00:00+00:00,1.348770022392273,1.3496999740600586,1.3453999757766724,1.347100019454956
2024-03-13 16:00:00+00:00,1.3471100330352783,1.3473399877548218,1.3454999923706055,1.3465499877929688
2024-03-14 00:00:00+00:00,1.3465399742126465,1.348099946975708,1.3458000421524048,1.3471599817276
2024-03-14 08:00:00+00:00,1.3471499681472778,1.3534300327301025,1.3454999923706055,1.3517500162124634
2024-03-14 16:00:00+00:00,1.3517999649047852,1.3541100025177002,1.3508000373840332,1.3537700176239014
2024-03-15 00:00:00+00:00,1.3536499738693237,1.3545500040054321,1.3526999950408936,1.354509949684143
2024-03-15 08:00:00+00:00,1.3545199632644653,1.3549699783325195,1.3504999876022339,1.3531500101089478
2024-03-15 16:00:00+00:00,1.3531500101089478,1.3551700115203857,1.3523999452590942,1.3538999557495117
2024-03-16 00:00:00+00:00,,,,
2024-03-16 08:00:00+00:00,,,,
2024-03-16 16:00:00+00:00,,,,
2024-03-17 00:00:00+00:00,,,,
2024-03-17 08:00:00+00:00,,,,
2024-03-17 16:00:00+00:00,,,,
2024-03-18 00:00:00+00:00,1.354580044746399,1.3550399541854858,1.3516000509262085,1.3522000312805176
2024-03-18 08:00:00+00:00,1.3523600101470947,1.3551499843597412,1.3517999649047852,1.3541100025177002
2024-03-18 16:00:00+00:00,1.3540899753570557,1.3547899723052979,1.3525999784469604,1.3535000085830688
2024-03-19 00:00:00+00:00,1.3535000085830688,1.357200026512146,1.3530000448226929,1.3564300537109375
2024-03-19 08:00:00+00:00,1.3564599752426147,1.3613300323486328,1.3557000160217285,1.3573999404907227
2024-03-19 16:00:00+00:00,1.3579299449920654,1.3583600521087646,1.3549000024795532,1.357100009918213
2024-03-20 00:00:00+00:00,1.357450008392334,1.3587599992752075,1.3564000129699707,1.3586699962615967
2024-03-20 08:00:00+00:00,1.3586699962615967,1.3604999780654907,1.3558000326156616,1.3563300371170044
2024-03-20 16:00:00+00:00,1.3563499450683594,1.3565700054168701,1.3466999530792236,1.347190022468567
2024-03-21 00:00:00+00:00,1.3473000526428223,1.3477100133895874,1.3451000452041626,1.3467899560928345
2024-03-21 08:00:00+00:00,1.346750020980835,1.354159951210022,1.3464000225067139,1.3538399934768677
2024-03-21 16:00:00+00:00,1.353600025177002,1.353950023651123,1.3519999980926514,1.3527300357818604
2024-03-22 00:00:00+00:00,1.3527300357818604,1.357409954071045,1.3514000177383423,1.356529951095581
2024-03-22 08:00:00+00:00,1.356529951095581,1.3607200384140015,1.3558000326156616,1.3595999479293823
2024-03-22 16:00:00+00:00,1.3595499992370605,1.3614000082015991,1.3589999675750732,1.3605999946594238
2024-03-23 00:00:00+00:00,,,,
2024-03-23 08:00:00+00:00,,,,
2024-03-23 16:00:00+00:00,,,,
2024-03-24 00:00:00+00:00,,,,
2024-03-24 08:00:00+00:00,,,,
2024-03-24 16:00:00+00:00,,,,
2024-03-25 00:00:00+00:00,1.3611500263214111,1.3614000082015991,1.3581000566482544,1.3600599765777588
2024-03-25 08:00:00+00:00,1.3600399494171143,1.360219955444336,1.356600046157837,1.3580800294876099
2024-03-25 16:00:00+00:00,1.3580600023269653,1.3588500022888184,1.3573999404907227,1.358299970626831
2024-03-26 00:00:00+00:00,1.3585100173950195,1.3588199615478516,1.3567999601364136,1.3586499691009521
2024-03-26 08:00:00+00:00,1.3586699962615967,1.3590600490570068,1.3547999858856201,1.357010006904602
2024-03-26 16:00:00+00:00,1.356969952583313,1.3588299751281738,1.3565000295639038,1.3580800294876099
2024-03-27 00:00:00+00:00,1.3581700325012207,1.3599300384521484,1.3581000566482544,1.3595099449157715
2024-03-27 08:00:00+00:00,1.3595099449157715,1.3608100414276123,1.356600046157837,1.3585000038146973
2024-03-27 16:00:00+00:00,1.3587499856948853,1.3593699932098389,1.3559999465942383,1.358530044555664
2024-03-28 00:00:00+00:00,1.3585200309753418,1.359470009803772,1.356600046157837,1.3593000173568726
2024-03-28 08:00:00+00:00,1.359279990196228,1.3613699674606323,1.3525999784469604,1.3531399965286255
2024-03-28 16:00:00+00:00,1.3531399965286255,1.355049967765808,1.3519999980926514,1.353600025177002
2024-03-29 00:00:00+00:00,1.3536299467086792,1.3561500310897827,1.3530000448226929,1.3552000522613525
2024-03-29 08:00:00+00:00,1.3555699586868286,1.3555699586868286,1.3530000448226929,1.3539999723434448
2024-03-29 16:00:00+00:00,1.354140043258667,1.3547300100326538,1.3533200025558472,1.353700041770935
2024-03-30 00:00:00+00:00,,,,
2024-03-30 08:00:00+00:00,,,,
2024-03-30 16:00:00+00:00,,,,
2024-03-31 00:00:00+00:00,,,,
2024-03-31 08:00:00+00:00,,,,
2024-03-31 16:00:00+00:00,1.3530900478363037,1.3532999753952026,1.3515000343322754,1.3517999649047852
2024-04-01 00:00:00+00:00,1.3521599769592285,1.3535200357437134,1.3509999513626099,1.3529399633407593
2024-04-01 08:00:00+00:00,1.3528900146484375,1.3585000038146973,1.3521000146865845,1.3581199645996094
2024-04-01 16:00:00+00:00,1.3580399751663208,1.3586499691009521,1.3564000129699707,1.3573700189590454
2024-04-02 00:00:00+00:00,1.3573600053787231,1.358430027961731,1.3560999631881714,1.3568400144577026
2024-04-02 08:00:00+00:00,1.3565000295639038,1.3583600521087646,1.3551000356674194,1.3567999601364136
2024-04-02 16:00:00+00:00,1.3571699857711792,1.3578599691390991,1.3558000326156616,1.3564300537109375
2024-04-03 00:00:00+00:00,1.3564399480819702,1.3580000400543213,1.3557000160217285,1.3578200340270996
2024-04-03 08:00:00+00:00,1.3578399419784546,1.3588999509811401,1.3507000207901,1.3522700071334839
2024-04-03 16:00:00+00:00,1.3522499799728394,1.3538199663162231,1.3516000509262085,1.3523900508880615
2024-04-04 00:00:00+00:00,1.3523900508880615,1.3527400493621826,1.3499000072479248,1.3511699438095093
2024-04-04 08:00:00+00:00,1.3511699438095093,1.3512099981307983,1.3473000526428223,1.3495299816131592
2024-04-04 16:00:00+00:00,1.3495099544525146,1.3558900356292725,1.3489999771118164,1.3543299436569214
2024-04-05 00:00:00+00:00,1.3543399572372437,1.357800006866455,1.353600025177002,1.3560600280761719
2024-04-05 08:00:00+00:00,1.3560199737548828,1.3647199869155884,1.3545000553131104,1.358199954032898
2024-04-05 16:00:00+00:00,1.357800006866455,1.3594000339508057,1.3569999933242798,1.3585000038146973
2024-04-06 00:00:00+00:00,,,,
2024-04-06 08:00:00+00:00,,,,
2024-04-06 16:00:00+00:00,,,,
2024-04-07 00:00:00+00:00,,,,
2024-04-07 08:00:00+00:00,,,,
2024-04-07 16:00:00+00:00,1.3601100444793701,1.360550045967102,1.3592000007629395,1.3604099750518799
2024-04-08 00:00:00+00:00,1.3603899478912354,1.3616399765014648,1.3580000400543213,1.3594499826431274
2024-04-08 08:00:00+00:00,1.359429955482483,1.3602299690246582,1.3565000295639038,1.3584599494934082
2024-04-08 16:00:00+00:00,1.3584400415420532,1.3593900203704834,1.3564000129699707,1.3567999601364136
2024-04-09 00:00:00+00:00,1.3570499420166016,1.3585000038146973,1.3564000129699707,1.3579399585723877
2024-04-09 08:00:00+00:00,1.357699990272522,1.3598599433898926,1.3543000221252441,1.3583500385284424
2024-04-09 16:00:00+00:00,1.3583600521087646,1.3590400218963623,1.3562999963760376,1.3572900295257568
2024-04-10 00:00:00+00:00,1.3572800159454346,1.357300043106079,1.3553999662399292,1.3559999465942383
2024-04-10 08:00:00+00:00,1.3561999797821045,1.3696099519729614,1.3551000356674194,1.3690799474716187
2024-04-10 16:00:00+00:00,1.3690400123596191,1.3702499866485596,1.3667000532150269,1.3688100576400757
2024-04-11 00:00:00+00:00,1.3688600063323975,1.3695199489593506,1.3672000169754028,1.3680100440979004
2024-04-11 08:00:00+00:00,1.3680000305175781,1.3725600242614746,1.3657000064849854,1.3706799745559692
2024-04-11 16:00:00+00:00,1.3706200122833252,1.370859980583191,1.3668999671936035,1.3687000274658203
2024-04-12 00:00:00+00:00,1.3686800003051758,1.3728699684143066,1.367799997329712,1.3723499774932861
2024-04-12 08:00:00+00:00,1.3723000288009644,1.377150058746338,1.3717000484466553,1.375730037689209
2024-04-12 16:00:00+00:00,1.3756999969482422,1.3787100315093994,1.375,1.3770999908447266
2024-04-13 00:00:00+00:00,,,,
2024-04-13 08:00:00+00:00,,,,
2024-04-13 16:00:00+00:00,,,,
2024-04-14 00:00:00+00:00,,,,
2024-04-14 08:00:00+00:00,,,,
2024-04-14 16:00:00+00:00,1.3760700225830078,1.3765100240707397,1.375100016593933,1.3759000301361084
2024-04-15 00:00:00+00:00,1.3759100437164307,1.378119945526123,1.3738000392913818,1.3747600317001343
2024-04-15 08:00:00+00:00,1.374709963798523,1.3772900104522705,1.371999979019165,1.3752599954605103
2024-04-15 16:00:00+00:00,1.3752000331878662,1.379330039024353,1.374500036239624,1.3786699771881104
2024-04-16 00:00:00+00:00,1.378640055656433,1.3813999891281128,1.378000020980835,1.3795599937438965
2024-04-16 08:00:00+00:00,1.379539966583252,1.3845399618148804,1.3769999742507935,1.3825900554656982
2024-04-16 16:00:00+00:00,1.382539987564087,1.3845700025558472,1.3797999620437622,1.3818999528884888
2024-04-17 00:00:00+00:00,1.3818800449371338,1.3837699890136719,1.3802000284194946,1.3814200162887573
2024-04-17 08:00:00+00:00,1.3814400434494019,1.3816699981689453,1.3779000043869019,1.3805400133132935
2024-04-17 16:00:00+00:00,1.3805400133132935,1.3818600177764893,1.375499963760376,1.3771599531173706
2024-04-18 00:00:00+00:00,1.3771400451660156,1.377519965171814,1.3737000226974487,1.3753999471664429
2024-04-18 08:00:00+00:00,1.375730037689209,1.377150058746338,1.3740999698638916,1.3756699562072754
2024-04-18 16:00:00+00:00,1.3756500482559204,1.3781499862670898,1.3747999668121338,1.3770300149917603
2024-04-19 00:00:00+00:00,1.3770400285720825,1.3804199695587158,1.3740999698638916,1.3747299909591675
2024-04-19 08:00:00+00:00,1.3747199773788452,1.3775700330734253,1.371899962425232,1.374400019645691
2024-04-19 16:00:00+00:00,1.374400019645691,1.3763600587844849,1.3732000589370728,1.374500036239624
2024-04-20 00:00:00+00:00,,,,
2024-04-20 08:00:00+00:00,,,,
2024-04-20 16:00:00+00:00,,,,
2024-04-21 00:00:00+00:00,,,,
2024-04-21 08:00:00+00:00,,,,
2024-04-21 16:00:00+00:00,1.3744299411773682,1.374500036239624,1.3733999729156494,1.3737000226974487
2024-04-22 00:00:00+00:00,1.37391996383667,1.374150037765503,1.3710999488830566,1.3735400438308716
2024-04-22 08:00:00+00:00,1.3735500574111938,1.3749699592590332,1.3704999685287476,1.3722399473190308
2024-04-22 16:00:00+00:00,1.3722000122070312,1.3722399473190308,1.3681999444961548,1.3697999715805054
2024-04-23 00:00:00+00:00,1.3700000047683716,1.3707400560379028,1.368399977684021,1.369879961013794
2024-04-23 08:00:00+00:00,1.369860053062439,1.3714200258255005,1.3651000261306763,1.367609977722168
2024-04-23 16:00:00+00:00,1.3676600456237793,1.3677500486373901,1.3653000593185425,1.366129994392395
2024-04-24 00:00:00+00:00,1.3661500215530396,1.3681999444961548,1.3650000095367432,1.367799997329712
2024-04-24 08:00:00+00:00,1.3677799701690674,1.372879981994629,1.3672000169754028,1.3721699714660645
2024-04-24 16:00:00+00:00,1.371999979019165,1.3723700046539307,1.3690999746322632,1.3702000379562378
2024-04-25 00:00:00+00:00,1.3703700304031372,1.370460033416748,1.3672000169754028,1.367959976196289
2024-04-25 08:00:00+00:00,1.3679699897766113,1.3730900287628174,1.3660999536514282,1.3692500591278076
2024-04-25 16:00:00+00:00,1.3692100048065186,1.3696099519729614,1.3645000457763672,1.3659000396728516
2024-04-26 00:00:00+00:00,1.3658699989318848,1.3662999868392944,1.3632999658584595,1.3647899627685547
2024-04-26 08:00:00+00:00,1.3647799491882324,1.3695600032806396,1.3631600141525269,1.3679200410842896
2024-04-26 16:00:00+00:00,1.3679300546646118,1.3682399988174438,1.36489999294281,1.3667999505996704
2024-04-27 00:00:00+00:00,,,,
2024-04-27 08:00:00+00:00,,,,
2024-04-27 16:00:00+00:00,,,,
2024-04-28 00:00:00+00:00,,,,
2024-04-28 08:00:00+00:00,,,,
2024-04-28 16:00:00+00:00,1.3662400245666504,1.3664000034332275,1.3651000261306763,1.3655999898910522
2024-04-29 00:00:00+00:00,1.3655500411987305,1.366029977798462,1.3626999855041504,1.3656200170516968
2024-04-29 08:00:00+00:00,1.3656500577926636,1.3676799535751343,1.3640999794006348,1.3651399612426758
2024-04-29 16:00:00+00:00,1.365090012550354,1.3672699928283691,1.3638999462127686,1.3667999505996704
2024-04-30 00:00:00+00:00,1.3667399883270264,1.3700799942016602,1.3658000230789185,1.3691999912261963
2024-04-30 08:00:00+00:00,1.369189977645874,1.3754899501800537,1.3668999671936035,1.374809980392456
2024-04-30 16:00:00+00:00,1.3747999668121338,1.378440022468567,1.3740999698638916,1.3777199983596802
2024-05-01 00:00:00+00:00,1.377709984779358,1.3782999515533447,1.3767000436782837,1.3769999742507935
2024-05-01 08:00:00+00:00,1.377210021018982,1.3776099681854248,1.3744900226593018,1.3760299682617188
2024-05-01 16:00:00+00:00,1.3759900331497192,1.3774700164794922,1.370300054550171,1.3724600076675415
2024-05-02 00:00:00+00:00,1.3724600076675415,1.3736599683761597,1.3700000047683716,1.3711800575256348
2024-05-02 08:00:00+00:00,1.3711700439453125,1.3729499578475952,1.36899995803833,1.3697199821472168
2024-05-02 16:00:00+00:00,1.3697199821472168,1.370300054550171,1.3660999536514282,1.3666000366210938
2024-05-03 00:00:00+00:00,1.3666499853134155,1.3675299882888794,1.3651000261306763,1.366960048675537
2024-05-03 08:00:00+00:00,1.3669300079345703,1.3691600561141968,1.3605999946594238,1.3683500289916992
2024-05-03 16:00:00+00:00,1.3683099746704102,1.3689299821853638,1.3671000003814697,1.3683199882507324
2024-05-04 00:00:00+00:00,,,,
2024-05-04 08:00:00+00:00,,,,
2024-05-04 16:00:00+00:00,,,,
2024-05-05 00:00:00+00:00,,,,
2024-05-05 08:00:00+00:00,,,,
2024-05-05 16:00:00+00:00,1.3681600093841553,1.3691999912261963,1.3674999475479126,1.3691400289535522
2024-05-06 00:00:00+00:00,1.3691500425338745,1.3696999549865723,1.3667999505996704,1.3680499792099
2024-05-06 08:00:00+00:00,1.3680499792099,1.368499994277954,1.364300012588501,1.3656599521636963
2024-05-06 16:00:00+00:00,1.3656500577926636,1.367300033569336,1.3653000593185425,1.3667999505996704
2024-05-07 00:00:00+00:00,1.3670200109481812,1.369089961051941,1.3655999898910522,1.3683099746704102
2024-05-07 08:00:00+00:00,1.3682700395584106,1.371709942817688,1.3665000200271606,1.3712799549102783
2024-05-07 16:00:00+00:00,1.3712799549102783,1.3741199970245361,1.3700000047683716,1.3731000423431396
2024-05-08 00:00:00+00:00,1.3732999563217163,1.375939965248108,1.3726999759674072,1.375540018081665
2024-05-08 08:00:00+00:00,1.3755500316619873,1.3762500286102295,1.3711999654769897,1.3718500137329102
2024-05-08 16:00:00+00:00,1.371840000152588,1.3734999895095825,1.3712999820709229,1.3727600574493408
2024-05-09 00:00:00+00:00,1.3727999925613403,1.3738000392913818,1.3717000484466553,1.3732399940490723
2024-05-09 08:00:00+00:00,1.3732600212097168,1.3735400438308716,1.3675999641418457,1.3691600561141968
2024-05-09 16:00:00+00:00,1.3691600561141968,1.3692400455474854,1.3667000532150269,1.3677500486373901
2024-05-10 00:00:00+00:00,1.3677500486373901,1.3690299987792969,1.3669999837875366,1.367799997329712
2024-05-10 08:00:00+00:00,1.3681000471115112,1.368899941444397,1.3629900217056274,1.3661999702453613
2024-05-10 16:00:00+00:00,1.3664100170135498,1.3676799535751343,1.3655999898910522,1.3667000532150269
2024-05-11 00:00:00+00:00,,,,
2024-05-11 08:00:00+00:00,,,,
2024-05-11 16:00:00+00:00,,,,
2024-05-12 00:00:00+00:00,,,,
2024-05-12 08:00:00+00:00,,,,
2024-05-12 16:00:00+00:00,1.3676999807357788,1.367799997329712,1.3667999505996704,1.3677200078964233
2024-05-13 00:00:00+00:00,1.3677300214767456,1.3689500093460083,1.3669999837875366,1.3671000003814697
2024-05-13 08:00:00+00:00,1.3675099611282349,1.3684600591659546,1.3655999898910522,1.3675899505615234
2024-05-13 16:00:00+00:00,1.3675899505615234,1.367959976196289,1.3660000562667847,1.3665800094604492
2024-05-14 00:00:00+00:00,1.366610050201416,1.3684699535369873,1.3660999536514282,1.3671000003814697
2024-05-14 08:00:00+00:00,1.3675199747085571,1.3690299987792969,1.3629000186920166,1.3651800155639648
2024-05-14 16:00:00+00:00,1.365149974822998,1.3664900064468384,1.3641999959945679,1.365339994430542
2024-05-15 00:00:00+00:00,1.365399956703186,1.365399956703186,1.3628000020980835,1.363420009613037
2024-05-15 08:00:00+00:00,1.3634099960327148,1.366070032119751,1.3587000370025635,1.36135995388031
2024-05-15 16:00:00+00:00,1.3609000444412231,1.361840009689331,1.3589999675750732,1.3595999479293823
2024-05-16 00:00:00+00:00,1.3597500324249268,1.3624000549316406,1.3585000038146973,1.3618500232696533
2024-05-16 08:00:00+00:00,1.361840009689331,1.3640999794006348,1.360200047492981,1.3603999614715576
2024-05-16 16:00:00+00:00,1.3606899976730347,1.362130045890808,1.3603999614715576,1.3614699840545654
2024-05-17 00:00:00+00:00,1.361449956893921,1.363219976425171,1.36080002784729,1.3630499839782715
2024-05-17 08:00:00+00:00,1.3629000186920166,1.3643699884414673,1.3595999479293823,1.3616900444030762
2024-05-17 16:00:00+00:00,1.361649990081787,1.3621400594711304,1.360200047492981,1.3609000444412231
2024-05-18 00:00:00+00:00,,,,
2024-05-18 08:00:00+00:00,,,,
2024-05-18 16:00:00+00:00,,,,
2024-05-19 00:00:00+00:00,,,,
2024-05-19 08:00:00+00:00,,,,
2024-05-19 16:00:00+00:00,1.3609999418258667,1.3610399961471558,1.3601000308990479,1.3605999946594238
2024-05-20 00:00:00+00:00,1.360859990119934,1.3618799448013306,1.3595999479293823,1.3613200187683105
2024-05-20 08:00:00+00:00,1.3613200187683105,1.3635300397872925,1.3590999841690063,1.3609000444412231
2024-05-20 16:00:00+00:00,1.3612799644470215,1.3626600503921509,1.360700011253357,1.3623000383377075
2024-05-21 00:00:00+00:00,1.3623100519180298,1.364359974861145,1.361799955368042,1.3635300397872925
2024-05-21 08:00:00+00:00,1.3635400533676147,1.367550015449524,1.3609999418258667,1.3645399808883667
2024-05-21 16:00:00+00:00,1.3645199537277222,1.3656400442123413,1.3624000549316406,1.3640700578689575
2024-05-22 00:00:00+00:00,1.3640899658203125,1.366189956665039,1.3619999885559082,1.3656599521636963
2024-05-22 08:00:00+00:00,1.3655999898910522,1.3678300380706787,1.364400029182434,1.3668899536132812
2024-05-22 16:00:00+00:00,1.3668700456619263,1.3698099851608276,1.3652000427246094,1.3688000440597534
2024-05-23 00:00:00+00:00,1.3690099716186523,1.3696199655532837,1.367300033569336,1.3684300184249878
2024-05-23 08:00:00+00:00,1.36844003200531,1.370460033416748,1.3652000427246094,1.369729995727539
2024-05-23 16:00:00+00:00,1.3697099685668945,1.3743400573730469,1.3688000440597534,1.3730000257492065
2024-05-24 00:00:00+00:00,1.3732500076293945,1.3738499879837036,1.3717000484466553,1.3722399473190308
2024-05-24 08:00:00+00:00,1.3722000122070312,1.3729000091552734,1.3653000593185425,1.3666800260543823
2024-05-24 16:00:00+00:00,1.366629958152771,1.3668400049209595,1.364300012588501,1.3662999868392944
2024-05-25 00:00:00+00:00,,,,
2024-05-25 08:00:00+00:00,,,,
2024-05-25 16:00:00+00:00,,,,
2024-05-26 00:00:00+00:00,,,,
2024-05-26 08:00:00+00:00,,,,
2024-05-26 16:00:00+00:00,1.3664900064468384,1.367050051689148,1.3660000562667847,1.3669699430465698
2024-05-27 00:00:00+00:00,1.3666000366210938,1.3670400381088257,1.365399956703186,1.3661199808120728
2024-05-27 08:00:00+00:00,1.3660399913787842,1.3665000200271606,1.3626999855041504,1.3632899522781372
2024-05-27 16:00:00+00:00,1.3632999658584595,1.3636300563812256,1.3623000383377075,1.362820029258728
2024-05-28 00:00:00+00:00,1.3628100156784058,1.3630800247192383,1.3609999418258667,1.3621000051498413
2024-05-28 08:00:00+00:00,1.3622699975967407,1.3650399446487427,1.3609999418258667,1.3631700277328491
2024-05-28 16:00:00+00:00,1.3631700277328491,1.365399956703186,1.3626999855041504,1.3646999597549438
2024-05-29 00:00:00+00:00,1.3646899461746216,1.367300033569336,1.3640999794006348,1.3656100034713745
2024-05-29 08:00:00+00:00,1.3656200170516968,1.3714200258255005,1.3651000261306763,1.3700000047683716
2024-05-29 16:00:00+00:00,1.3703900575637817,1.372130036354065,1.3697999715805054,1.3717199563980103
2024-05-30 00:00:00+00:00,1.371500015258789,1.3734699487686157,1.37090003490448,1.3716000318527222
2024-05-30 08:00:00+00:00,1.3719500303268433,1.37253999710083,1.3654999732971191,1.3669500350952148
2024-05-30 16:00:00+00:00,1.366919994354248,1.368899941444397,1.3657000064849854,1.3683300018310547
2024-05-31 00:00:00+00:00,1.368340015411377,1.368939995765686,1.3655999898910522,1.3667800426483154
2024-05-31 08:00:00+00:00,1.3668099641799927,1.3668899536132812,1.3614000082015991,1.3648300170898438
2024-05-31 16:00:00+00:00,1.364799976348877,1.3653600215911865,1.3617000579833984,1.3625999689102173
2024-06-01 00:00:00+00:00,,,,
2024-06-01 08:00:00+00:00,,,,
2024-06-01 16:00:00+00:00,,,,
2024-06-02 00:00:00+00:00,,,,
2024-06-02 08:00:00+00:00,,,,
2024-06-02 16:00:00+00:00,1.3625500202178955,1.362630009651184,1.3614000082015991,1.3618899583816528
2024-06-03 00:00:00+00:00,1.3618700504302979,1.365839958190918,1.3601000308990479,1.3655999898910522
2024-06-03 08:00:00+00:00,1.36558997631073,1.366860032081604,1.3597999811172485,1.3627099990844727
2024-06-03 16:00:00+00:00,1.3626999855041504,1.365440011024475,1.3619999885559082,1.3628499507904053
2024-06-04 00:00:00+00:00,1.3628499507904053,1.3671000003814697,1.3616000413894653,1.3667000532150269
2024-06-04 08:00:00+00:00,1.3669300079345703,1.3699100017547607,1.3665000200271606,1.368589997291565
2024-06-04 16:00:00+00:00,1.368589997291565,1.3691600561141968,1.3665000200271606,1.367300033569336
2024-06-05 00:00:00+00:00,1.3676400184631348,1.3683799505233765,1.3661999702453613,1.3672800064086914
2024-06-05 08:00:00+00:00,1.3672499656677246,1.374150037765503,1.3660999536514282,1.3705099821090698
2024-06-05 16:00:00+00:00,1.3704700469970703,1.3714499473571777,1.3680000305175781,1.3690299987792969
2024-06-06 00:00:00+00:00,1.368980050086975,1.3690299987792969,1.3660999536514282,1.368589997291565
2024-06-06 08:00:00+00:00,1.368399977684021,1.371000051498413,1.367799997329712,1.3685499429702759
2024-06-06 16:00:00+00:00,1.3685100078582764,1.3693699836730957,1.3659000396728516,1.3668099641799927
2024-06-07 00:00:00+00:00,1.3667999505996704,1.3675700426101685,1.3658000230789185,1.3673399686813354
2024-06-07 08:00:00+00:00,1.3673100471496582,1.3758800029754639,1.3667000532150269,1.3749300241470337
2024-06-07 16:00:00+00:00,1.3749300241470337,1.3767600059509277,1.3738000392913818,1.3763999938964844
2024-06-08 00:00:00+00:00,,,,
2024-06-08 08:00:00+00:00,,,,
2024-06-08 16:00:00+00:00,,,,
2024-06-09 00:00:00+00:00,,,,
2024-06-09 08:00:00+00:00,,,,
2024-06-09 16:00:00+00:00,1.376170039176941,1.3763200044631958,1.3753999471664429,1.375849962234497
2024-06-10 00:00:00+00:00,1.3759000301361084,1.3773399591445923,1.3752000331878662,1.376420021057129
2024-06-10 08:00:00+00:00,1.3764300346374512,1.378159999847412,1.375,1.375540018081665
2024-06-10 16:00:00+00:00,1.375100016593933,1.3769400119781494,1.375,1.3758000135421753
2024-06-11 00:00:00+00:00,1.375599980354309,1.377020001411438,1.3754700422286987,1.3762600421905518
2024-06-11 08:00:00+00:00,1.3762500286102295,1.3791600465774536,1.376099944114685,1.3766200542449951
2024-06-11 16:00:00+00:00,1.3765900135040283,1.3774399757385254,1.3743000030517578,1.3752000331878662
2024-06-12 00:00:00+00:00,1.3754700422286987,1.3760199546813965,1.3737000226974487,1.3744800090789795
2024-06-12 08:00:00+00:00,1.3745299577713013,1.3751200437545776,1.3674999475479126,1.3691799640655518
2024-06-12 16:00:00+00:00,1.369230031967163,1.3734500408172607,1.367799997329712,1.3717999458312988
2024-06-13 00:00:00+00:00,1.3721200227737427,1.374899983406067,1.3716000318527222,1.3740899562835693
2024-06-13 08:00:00+00:00,1.3740899562835693,1.376330018043518,1.371000051498413,1.3747999668121338
2024-06-13 16:00:00+00:00,1.3747899532318115,1.3760600090026855,1.3730000257492065,1.3743900060653687
2024-06-14 00:00:00+00:00,1.3743799924850464,1.3758000135421753,1.3729000091552734,1.3750699758529663
2024-06-14 08:00:00+00:00,1.3750499486923218,1.3779300451278687,1.3732999563217163,1.373810052871704
2024-06-14 16:00:00+00:00,1.3737599849700928,1.3746000528335571,1.3723000288009644,1.3729000091552734
2024-06-15 00:00:00+00:00,,,,
2024-06-15 08:00:00+00:00,,,,
2024-06-15 16:00:00+00:00,,,,
2024-06-16 00:00:00+00:00,,,,
2024-06-16 08:00:00+00:00,,,,
2024-06-16 16:00:00+00:00,1.3732099533081055,1.373610019683838,1.3726999759674072,1.373479962348938
2024-06-17 00:00:00+00:00,1.3734899759292603,1.3752599954605103,1.3725999593734741,1.3743599653244019
2024-06-17 08:00:00+00:00,1.3743499517440796,1.3764400482177734,1.3732000589370728,1.3752199411392212
2024-06-17 16:00:00+00:00,1.3751699924468994,1.3752199411392212,1.37090003490448,1.371000051498413
2024-06-18 00:00:00+00:00,1.371340036392212,1.3746299743652344,1.3704999685287476,1.374500036239624
2024-06-18 08:00:00+00:00,1.3744900226593018,1.3756599426269531,1.3703999519348145,1.3722800016403198
2024-06-18 16:00:00+00:00,1.3722599744796753,1.3726400136947632,1.371000051498413,1.3716200590133667
2024-06-19 00:00:00+00:00,1.371649980545044,1.3725999593734741,1.3707000017166138,1.3715900182724
2024-06-19 08:00:00+00:00,1.3715499639511108,1.3718700408935547,1.3693000078201294,1.3707799911499023
2024-06-19 16:00:00+00:00,1.3707499504089355,1.3714599609375,1.3700000047683716,1.3706599473953247
2024-06-20 00:00:00+00:00,1.3706200122833252,1.3717000484466553,1.3701000213623047,1.3711899518966675
2024-06-20 08:00:00+00:00,1.3708000183105469,1.3720799684524536,1.368299961090088,1.370300054550171
2024-06-20 16:00:00+00:00,1.370460033416748,1.37090003490448,1.3676999807357788,1.3684699535369873
2024-06-21 00:00:00+00:00,1.3684300184249878,1.3697500228881836,1.3669999837875366,1.3693900108337402
2024-06-21 08:00:00+00:00,1.369420051574707,1.3718500137329102,1.3681999444961548,1.3701000213623047
2024-06-21 16:00:00+00:00,1.3700599670410156,1.3708699941635132,1.3687000274658203,1.3694000244140625
2024-06-22 00:00:00+00:00,,,,
2024-06-22 08:00:00+00:00,,,,
2024-06-22 16:00:00+00:00,,,,
2024-06-23 00:00:00+00:00,,,,
2024-06-23 08:00:00+00:00,,,,
2024-06-23 16:00:00+00:00,1.3692200183868408,1.37021005153656,1.3687000274658203,1.3697999715805054
2024-06-24 00:00:00+00:00,1.3700200319290161,1.3708100318908691,1.3676999807357788,1.3682299852371216
2024-06-24 08:00:00+00:00,1.3682399988174438,1.368899941444397,1.3646999597549438,1.3655999898910522
2024-06-24 16:00:00+00:00,1.3659700155258179,1.3666599988937378,1.3645000457763672,1.3654999732971191
2024-06-25 00:00:00+00:00,1.3657699823379517,1.3658000230789185,1.3636000156402588,1.3645000457763672
2024-06-25 08:00:00+00:00,1.3648099899291992,1.3680599927902222,1.3618500232696533,1.3659600019454956
2024-06-25 16:00:00+00:00,1.3659499883651733,1.3669300079345703,1.3645000457763672,1.3661400079727173
2024-06-26 00:00:00+00:00,1.3661199808120728,1.366860032081604,1.3645999431610107,1.3665399551391602
2024-06-26 08:00:00+00:00,1.366569995880127,1.3703800439834595,1.3659000396728516,1.369789958000183
2024-06-26 16:00:00+00:00,1.3698300123214722,1.3708000183105469,1.3687000274658203,1.3701000213623047
2024-06-27 00:00:00+00:00,1.3704400062561035,1.3711999654769897,1.3685400485992432,1.3688000440597534
2024-06-27 08:00:00+00:00,1.368749976158142,1.369789958000183,1.3672000169754028,1.369379997253418
2024-06-27 16:00:00+00:00,1.3694000244140625,1.3704999685287476,1.3675999641418457,1.369920015335083
2024-06-28 00:00:00+00:00,1.3699100017547607,1.3734099864959717,1.3691999912261963,1.3709499835968018
2024-06-28 08:00:00+00:00,1.3709399700164795,1.3717399835586548,1.3671000003814697,1.3685699701309204
2024-06-28 16:00:00+00:00,1.368589997291565,1.3695399761199951,1.3651000261306763,1.3678100109100342
2024-06-29 00:00:00+00:00,,,,
2024-06-29 08:00:00+00:00,,,,
2024-06-29 16:00:00+00:00,,,,
2024-06-30 00:00:00+00:00,,,,
2024-06-30 08:00:00+00:00,,,,
2024-06-30 16:00:00+00:00,1.367300033569336,1.3674499988555908,1.3662999868392944,1.367400050163269
2024-07-01 00:00:00+00:00,1.367400050163269,1.367959976196289,1.3658000230789185,1.3677300214767456
2024-07-01 08:00:00+00:00,1.3677300214767456,1.3748699426651,1.3665000200271606,1.3743900060653687
2024-07-01 16:00:00+00:00,1.3743699789047241,1.3747999668121338,1.3727999925613403,1.3737900257110596
2024-07-02 00:00:00+00:00,1.3737900257110596,1.3755300045013428,1.3729000091552734,1.3735699653625488
2024-07-02 08:00:00+00:00,1.3735899925231934,1.374019980430603,1.368399977684021,1.3692500591278076
2024-07-02 16:00:00+00:00,1.3692899942398071,1.3701399564743042,1.3662999868392944,1.3676899671554565
2024-07-03 00:00:00+00:00,1.367709994316101,1.3686699867248535,1.3662999868392944,1.3669300079345703
2024-07-03 08:00:00+00:00,1.3669400215148926,1.3681000471115112,1.3614000082015991,1.362529993057251
2024-07-03 16:00:00+00:00,1.3624999523162842,1.364169955253601,1.3619999885559082,1.3633300065994263
2024-07-04 00:00:00+00:00,1.3633099794387817,1.3638999462127686,1.361899971961975,1.3625500202178955
2024-07-04 08:00:00+00:00,1.3625400066375732,1.362820029258728,1.3603999614715576,1.3605999946594238
2024-07-04 16:00:00+00:00,1.3608800172805786,1.3616299629211426,1.3602999448776245,1.3614799976348877
2024-07-05 00:00:00+00:00,1.3614799976348877,1.3615200519561768,1.3597999811172485,1.3604400157928467
2024-07-05 08:00:00+00:00,1.360200047492981,1.3653099536895752,1.3598999977111816,1.3632899522781372
2024-07-05 16:00:00+00:00,1.3633300065994263,1.364400029182434,1.3622000217437744,1.3638999462127686
2024-07-06 00:00:00+00:00,,,,
2024-07-06 08:00:00+00:00,,,,
2024-07-06 16:00:00+00:00,,,,
2024-07-07 00:00:00+00:00,,,,
2024-07-07 08:00:00+00:00,,,,
2024-07-07 16:00:00+00:00,1.3641999959945679,1.3645999431610107,1.3633999824523926,1.363700032234192
2024-07-08 00:00:00+00:00,1.3640400171279907,1.3646999597549438,1.3623000383377075,1.3631999492645264
2024-07-08 08:00:00+00:00,1.3631500005722046,1.3642799854278564,1.361899971961975,1.3638299703598022
2024-07-08 16:00:00+00:00,1.3638900518417358,1.364300012588501,1.3622000217437744,1.3629599809646606
2024-07-09 00:00:00+00:00,1.362969994544983,1.3646999597549438,1.3624000549316406,1.3639299869537354
2024-07-09 08:00:00+00:00,1.3639099597930908,1.3648300170898438,1.3629000186920166,1.3634999990463257
2024-07-09 16:00:00+00:00,1.3637900352478027,1.364009976387024,1.3623000383377075,1.3628000020980835
2024-07-10 00:00:00+00:00,1.3631700277328491,1.364169955253601,1.3623000383377075,1.3639800548553467
2024-07-10 08:00:00+00:00,1.3639299869537354,1.364300012588501,1.3602999448776245,1.3609100580215454
2024-07-10 16:00:00+00:00,1.3609100580215454,1.3625999689102173,1.3603999614715576,1.3618199825286865
2024-07-11 00:00:00+00:00,1.3618500232696533,1.3633899688720703,1.3609000444412231,1.3631700277328491
2024-07-11 08:00:00+00:00,1.3631700277328491,1.363919973373413,1.3583999872207642,1.3618700504302979
2024-07-11 16:00:00+00:00,1.361840009689331,1.364799976348877,1.3614000082015991,1.3623900413513184
2024-07-12 00:00:00+00:00,1.3624099493026733,1.3633999824523926,1.3614000082015991,1.3624399900436401
2024-07-12 08:00:00+00:00,1.3622000217437744,1.3639299869537354,1.3605999946594238,1.3626400232315063
2024-07-12 16:00:00+00:00,1.3626799583435059,1.363700032234192,1.3614000082015991,1.3628000020980835
2024-07-13 00:00:00+00:00,,,,
2024-07-13 08:00:00+00:00,,,,
2024-07-13 16:00:00+00:00,,,,
2024-07-14 00:00:00+00:00,,,,
2024-07-14 08:00:00+00:00,,,,
2024-07-14 16:00:00+00:00,1.364989995956421,1.3652700185775757,1.3641999959945679,1.3647099733352661
2024-07-15 00:00:00+00:00,1.3647099733352661,1.3664000034332275,1.364300012588501,1.3652399778366089
2024-07-15 08:00:00+00:00,1.3652199506759644,1.3667199611663818,1.3625999689102173,1.3661999702453613
2024-07-15 16:00:00+00:00,1.3661600351333618,1.3688900470733643,1.3655999898910522,1.3677400350570679
2024-07-16 00:00:00+00:00,1.3677599430084229,1.3694700002670288,1.3668999671936035,1.3688100576400757
2024-07-16 08:00:00+00:00,1.368499994277954,1.3707799911499023,1.3662999868392944,1.3688199520111084
2024-07-16 16:00:00+00:00,1.3687800168991089,1.36899995803833,1.3664000034332275,1.3670200109481812
2024-07-17 00:00:00+00:00,1.3670200109481812,1.3686000108718872,1.3664000034332275,1.3675600290298462
2024-07-17 08:00:00+00:00,1.3675700426101685,1.3691999912261963,1.3652000427246094,1.3684899806976318
2024-07-17 16:00:00+00:00,1.36844003200531,1.3701399564743042,1.3672000169754028,1.3678699731826782
2024-07-18 00:00:00+00:00,1.367859959602356,1.3688000440597534,1.3666000366210938,1.3672000169754028
2024-07-18 08:00:00+00:00,1.3674700260162354,1.3698899745941162,1.3666000366210938,1.3696099519729614
2024-07-18 16:00:00+00:00,1.3696199655532837,1.371840000152588,1.3686000108718872,1.3703199625015259
2024-07-19 00:00:00+00:00,1.3703399896621704,1.3717399835586548,1.3696999549865723,1.3711700439453125
2024-07-19 08:00:00+00:00,1.3712199926376343,1.3747700452804565,1.3702000379562378,1.37253999710083
2024-07-19 16:00:00+00:00,1.3725099563598633,1.373520016670227,1.371399998664856,1.3732000589370728
2024-07-20 00:00:00+00:00,,,,
2024-07-20 08:00:00+00:00,,,,
2024-07-20 16:00:00+00:00,,,,
2024-07-21 00:00:00+00:00,,,,
2024-07-21 08:00:00+00:00,,,,
2024-07-21 16:00:00+00:00,1.3709100484848022,1.3709299564361572,1.3701000213623047,1.37076997756958
2024-07-22 00:00:00+00:00,1.3708000183105469,1.3746000528335571,1.3703999519348145,1.3744499683380127
2024-07-22 08:00:00+00:00,1.3744699954986572,1.3774700164794922,1.3730000257492065,1.3759299516677856
2024-07-22 16:00:00+00:00,1.3759000301361084,1.3761099576950073,1.373900055885315,1.376099944114685
2024-07-23 00:00:00+00:00,1.3761099576950073,1.3773399591445923,1.3752000331878662,1.3767000436782837
2024-07-23 08:00:00+00:00,1.3769999742507935,1.3774800300598145,1.3747999668121338,1.3765499591827393
2024-07-23 16:00:00+00:00,1.3765100240707397,1.378730058670044,1.3753999471664429,1.3786100149154663
2024-07-24 00:00:00+00:00,1.3785799741744995,1.3799999952316284,1.3775999546051025,1.3794699907302856
2024-07-24 08:00:00+00:00,1.379480004310608,1.380769968032837,1.3773000240325928,1.378559947013855
2024-07-24 16:00:00+00:00,1.378559947013855,1.3816399574279785,1.3776999711990356,1.3811099529266357
2024-07-25 00:00:00+00:00,1.3811099529266357,1.3838000297546387,1.3805999755859375,1.3821799755096436
2024-07-25 08:00:00+00:00,1.3821799755096436,1.3848899602890015,1.3803000450134277,1.38100004196167
2024-07-25 16:00:00+00:00,1.3810499906539917,1.3827999830245972,1.3792999982833862,1.381890058517456
2024-07-26 00:00:00+00:00,1.3818700313568115,1.3821099996566772,1.3804999589920044,1.38100004196167
2024-07-26 08:00:00+00:00,1.381160020828247,1.3848999738693237,1.3802000284194946,1.38332998752594
2024-07-26 16:00:00+00:00,1.3833800554275513,1.3839900493621826,1.381600022315979,1.3831000328063965
2024-07-27 00:00:00+00:00,,,,
2024-07-27 08:00:00+00:00,,,,
2024-07-27 16:00:00+00:00,,,,
2024-07-28 00:00:00+00:00,,,,
2024-07-28 08:00:00+00:00,,,,
2024-07-28 16:00:00+00:00,1.3830599784851074,1.3832000494003296,1.382099986076355,1.3830100297927856
2024-07-29 00:00:00+00:00,1.3830100297927856,1.3838599920272827,1.3811999559402466,1.3837100267410278
2024-07-29 08:00:00+00:00,1.3837300539016724,1.386489987373352,1.3824000358581543,1.38510000705719
2024-07-29 16:00:00+00:00,1.3854199647903442,1.3863400220870972,1.3841999769210815,1.3855799436569214
2024-07-30 00:00:00+00:00,1.3855700492858887,1.3863699436187744,1.3835999965667725,1.3847999572753906
2024-07-30 08:00:00+00:00,1.384809970855713,1.3864400386810303,1.3832999467849731,1.3848400115966797
2024-07-30 16:00:00+00:00,1.3848199844360352,1.3856899738311768,1.3834999799728394,1.3847800493240356
2024-07-31 00:00:00+00:00,1.3847700357437134,1.3858400583267212,1.3828999996185303,1.3838499784469604
2024-07-31 08:00:00+00:00,1.3838599920272827,1.3850200176239014,1.3783999681472778,1.380560040473938
2024-07-31 16:00:00+00:00,1.3805700540542603,1.3822200298309326,1.378499984741211,1.3807899951934814
2024-08-01 00:00:00+00:00,1.3807799816131592,1.3824599981307983,1.3796000480651855,1.3823800086975098
2024-08-01 08:00:00+00:00,1.3823200464248657,1.3849400281906128,1.3792999982833862,1.3846999406814575
2024-08-01 16:00:00+00:00,1.3846999406814575,1.3889100551605225,1.3835999965667725,1.3880499601364136
2024-08-02 00:00:00+00:00,1.3880599737167358,1.388800024986267,1.3847999572753906,1.3868999481201172
2024-08-02 08:00:00+00:00,1.3871300220489502,1.3886300325393677,1.3828999996185303,1.3846299648284912
2024-08-02 16:00:00+00:00,1.3846399784088135,1.387470006942749,1.3840999603271484,1.3868999481201172
2024-08-03 00:00:00+00:00,,,,
2024-08-03 08:00:00+00:00,,,,
2024-08-03 16:00:00+00:00,,,,
2024-08-04 00:00:00+00:00,,,,
2024-08-04 08:00:00+00:00,,,,
2024-08-04 16:00:00+00:00,1.386989951133728,1.3884600400924683,1.3863999843597412,1.388260006904602
2024-08-05 00:00:00+00:00,1.3882499933242798,1.3946499824523926,1.3854999542236328,1.387760043144226
2024-08-05 08:00:00+00:00,1.387719988822937,1.3884700536727905,1.3805999755859375,1.3819899559020996
2024-08-05 16:00:00+00:00,1.3819299936294556,1.3847700357437134,1.379699945449829,1.3804800510406494
2024-08-06 00:00:00+00:00,1.3804999589920044,1.384369969367981,1.378999948501587,1.383370041847229
2024-08-06 08:00:00+00:00,1.3834400177001953,1.3855799436569214,1.3783999681472778,1.3791099786758423
2024-08-06 16:00:00+00:00,1.3790700435638428,1.3795499801635742,1.3752000331878662,1.3787599802017212
2024-08-07 00:00:00+00:00,1.3787200450897217,1.3790700435638428,1.3759000301361084,1.3764699697494507
2024-08-07 08:00:00+00:00,1.3764300346374512,1.3768600225448608,1.3717999458312988,1.3729699850082397
2024-08-07 16:00:00+00:00,1.372920036315918,1.376099944114685,1.3720999956130981,1.3751699924468994
2024-08-08 00:00:00+00:00,1.3751699924468994,1.3752599954605103,1.3722000122070312,1.3737200498580933
2024-08-08 08:00:00+00:00,1.3737900257110596,1.3765499591827393,1.372499942779541,1.3742599487304688
2024-08-08 16:00:00+00:00,1.374269962310791,1.3749699592590332,1.3724000453948975,1.3735500574111938
2024-08-09 00:00:00+00:00,1.3735599517822266,1.3743499517440796,1.371399998664856,1.3733899593353271
2024-08-09 08:00:00+00:00,1.3733500242233276,1.3753299713134766,1.3716000318527222,1.3727099895477295
2024-08-09 16:00:00+00:00,1.372689962387085,1.3736300468444824,1.3717999458312988,1.3729000091552734
2024-08-10 00:00:00+00:00,,,,
2024-08-10 08:00:00+00:00,,,,
2024-08-10 16:00:00+00:00,,,,
2024-08-11 00:00:00+00:00,,,,
2024-08-11 08:00:00+00:00,,,,
2024-08-11 16:00:00+00:00,1.3738700151443481,1.3740999698638916,1.3732999563217163,1.3734899759292603
2024-08-12 00:00:00+00:00,1.3735300302505493,1.373900055885315,1.3716000318527222,1.3720300197601318
2024-08-12 08:00:00+00:00,1.3720699548721313,1.3747700452804565,1.371399998664856,1.3740500211715698
2024-08-12 16:00:00+00:00,1.3740400075912476,1.3746399879455566,1.3730000257492065,1.3741400241851807
2024-08-13 00:00:00+00:00,1.3741300106048584,1.374750018119812,1.3722000122070312,1.3727400302886963
2024-08-13 08:00:00+00:00,1.3727400302886963,1.3741899728775024,1.371500015258789,1.3723100423812866
2024-08-13 16:00:00+00:00,1.3723200559616089,1.3725500106811523,1.3698999881744385,1.3709499835968018
2024-08-14 00:00:00+00:00,1.371000051498413,1.3721100091934204,1.3701000213623047,1.370919942855835
2024-08-14 08:00:00+00:00,1.370959997177124,1.3721599578857422,1.368399977684021,1.3695800304412842
2024-08-14 16:00:00+00:00,1.3695900440216064,1.3724499940872192,1.3690999746322632,1.3716599941253662
2024-08-15 00:00:00+00:00,1.3716599941253662,1.3725899457931519,1.3697999715805054,1.3703999519348145
2024-08-15 08:00:00+00:00,1.3703299760818481,1.3738499879837036,1.36899995803833,1.3700799942016602
2024-08-15 16:00:00+00:00,1.3700900077819824,1.3738399744033813,1.3693000078201294,1.3733700513839722
2024-08-16 00:00:00+00:00,1.3733799457550049,1.3734999895095825,1.3711999654769897,1.3720999956130981
2024-08-16 08:00:00+00:00,1.3725899457931519,1.3736900091171265,1.3700000047683716,1.370300054550171
2024-08-16 16:00:00+00:00,1.3704899549484253,1.3705799579620361,1.367400050163269,1.3675999641418457
2024-08-17 00:00:00+00:00,,,,
2024-08-17 08:00:00+00:00,,,,
2024-08-17 16:00:00+00:00,,,,
2024-08-18 00:00:00+00:00,,,,
2024-08-18 08:00:00+00:00,,,,
2024-08-18 16:00:00+00:00,1.368190050125122,1.368299961090088,1.367300033569336,1.3678799867630005
2024-08-19 00:00:00+00:00,1.3678200244903564,1.367959976196289,1.3657000064849854,1.3671499490737915
2024-08-19 08:00:00+00:00,1.3671499490737915,1.3684799671173096,1.3631000518798828,1.3659199476242065
2024-08-19 16:00:00+00:00,1.3658900260925293,1.3659499883651733,1.3624999523162842,1.3631199598312378
2024-08-20 00:00:00+00:00,1.3631199598312378,1.3641300201416016,1.3614000082015991,1.3619099855422974
2024-08-20 08:00:00+00:00,1.361899971961975,1.364050030708313,1.3600000143051147,1.363070011138916
2024-08-20 16:00:00+00:00,1.3630800247192383,1.3634099960327148,1.3609999418258667,1.3617000579833984
2024-08-21 00:00:00+00:00,1.3617000579833984,1.3623299598693848,1.360700011253357,1.3617500066757202
2024-08-21 08:00:00+00:00,1.3617000579833984,1.3618500232696533,1.357100009918213,1.3582600355148315
2024-08-21 16:00:00+00:00,1.3582600355148315,1.3601399660110474,1.357200026512146,1.3583600521087646
2024-08-22 00:00:00+00:00,1.3584100008010864,1.3592400550842285,1.357450008392334,1.3575700521469116
2024-08-22 08:00:00+00:00,1.3575700521469116,1.3618799448013306,1.3569999933242798,1.3604700565338135
2024-08-22 16:00:00+00:00,1.3604999780654907,1.3616000413894653,1.3592000007629395,1.3603800535202026
2024-08-23 00:00:00+00:00,1.3603899478912354,1.3604999780654907,1.3581000566482544,1.358970046043396
2024-08-23 08:00:00+00:00,1.358970046043396,1.3592599630355835,1.3495999574661255,1.3513799905776978
2024-08-23 16:00:00+00:00,1.3513799905776978,1.3523000478744507,1.3494000434875488,1.3507000207901
2024-08-24 00:00:00+00:00,,,,
2024-08-24 08:00:00+00:00,,,,
2024-08-24 16:00:00+00:00,,,,
2024-08-25 00:00:00+00:00,,,,
2024-08-25 08:00:00+00:00,,,,
2024-08-25 16:00:00+00:00,1.3512099981307983,1.3515100479125977,1.3503999710083008,1.3508399724960327
2024-08-26 00:00:00+00:00,1.3508299589157104,1.3514000177383423,1.3494000434875488,1.3511199951171875
2024-08-26 08:00:00+00:00,1.3510799407958984,1.3513000011444092,1.3458000421524048,1.3484599590301514
2024-08-26 16:00:00+00:00,1.348520040512085,1.3490099906921387,1.3460999727249146,1.3481700420379639
2024-08-27 00:00:00+00:00,1.348140001296997,1.3487999439239502,1.3468999862670898,1.347659945487976
2024-08-27 08:00:00+00:00,1.3476799726486206,1.348099946975708,1.344599962234497,1.3457200527191162
2024-08-27 16:00:00+00:00,1.3457000255584717,1.3464399576187134,1.3437000513076782,1.3447200059890747
2024-08-28 00:00:00+00:00,1.3447200059890747,1.3468300104141235,1.3436000347137451,1.3452500104904175
2024-08-28 08:00:00+00:00,1.3452399969100952,1.3478699922561646,1.344499945640564,1.3461400270462036
2024-08-28 16:00:00+00:00,1.3461500406265259,1.3488099575042725,1.3457000255584717,1.347640037536621
2024-08-29 00:00:00+00:00,1.3476699590682983,1.3476999998092651,1.3449000120162964,1.3454300165176392
2024-08-29 08:00:00+00:00,1.345460057258606,1.3490999937057495,1.344499945640564,1.3463300466537476
2024-08-29 16:00:00+00:00,1.3462599515914917,1.3489099740982056,1.3453999757766724,1.3488399982452393
2024-08-30 00:00:00+00:00,1.3488600254058838,1.3490999937057495,1.3467999696731567,1.3473399877548218
2024-08-30 08:00:00+00:00,1.3473600149154663,1.3509299755096436,1.3460999727249146,1.3493000268936157
2024-08-30 16:00:00+00:00,1.3493000268936157,1.3507800102233887,1.3467999696731567,1.3493000268936157
2024-08-31 00:00:00+00:00,,,,
2024-08-31 08:00:00+00:00,,,,
2024-08-31 16:00:00+00:00,,,,
2024-09-01 00:00:00+00:00,,,,
2024-09-01 08:00:00+00:00,,,,
2024-09-01 16:00:00+00:00,1.348770022392273,1.3492000102996826,1.3481999635696411,1.34906005859375
2024-09-02 00:00:00+00:00,1.34906005859375,1.3504199981689453,1.3480000495910645,1.3493399620056152
2024-09-02 08:00:00+00:00,1.3493000268936157,1.3505300283432007,1.348099946975708,1.3494600057601929
2024-09-02 16:00:00+00:00,1.3494499921798706,1.3501399755477905,1.3485000133514404,1.349810004234314
2024-09-03 00:00:00+00:00,1.349769949913025,1.3530800342559814,1.3487000465393066,1.3511199951171875
2024-09-03 08:00:00+00:00,1.3511699438095093,1.3562400341033936,1.3503999710083008,1.3543100357055664
2024-09-03 16:00:00+00:00,1.3543000221252441,1.3556499481201172,1.3530999422073364,1.354349970817566
2024-09-04 00:00:00+00:00,1.3543699979782104,1.3555999994277954,1.3528000116348267,1.3550399541854858
2024-09-04 08:00:00+00:00,1.3550399541854858,1.356529951095581,1.3495999574661255,1.3518699407577515
2024-09-04 16:00:00+00:00,1.3519200086593628,1.3526099920272827,1.3499000072479248,1.3508199453353882
2024-09-05 00:00:00+00:00,1.350600004196167,1.351680040359497,1.3499000072479248,1.3510299921035767
2024-09-05 08:00:00+00:00,1.3509900569915771,1.3525099754333496,1.3499000072479248,1.3514900207519531
2024-09-05 16:00:00+00:00,1.3515499830245972,1.352139949798584,1.3494000434875488,1.3499000072479248
2024-09-06 00:00:00+00:00,1.3498200178146362,1.3504999876022339,1.348099946975708,1.3495899438858032
2024-09-06 08:00:00+00:00,1.3495899438858032,1.3571699857711792,1.3461999893188477,1.3559000492095947
2024-09-06 16:00:00+00:00,1.356119990348816,1.358240008354187,1.3552000522613525,1.3569999933242798
2024-09-07 00:00:00+00:00,,,,
2024-09-07 08:00:00+00:00,,,,
2024-09-07 16:00:00+00:00,,,,
2024-09-08 00:00:00+00:00,,,,
2024-09-08 08:00:00+00:00,,,,
2024-09-08 16:00:00+00:00,1.3565599918365479,1.3567299842834473,1.3553999662399292,1.3563100099563599
2024-09-09 00:00:00+00:00,1.3562899827957153,1.357300043106079,1.354699969291687,1.3563599586486816
2024-09-09 08:00:00+00:00,1.356410026550293,1.357699990272522,1.3553999662399292,1.3560199737548828
2024-09-09 16:00:00+00:00,1.356029987335205,1.3565000295639038,1.354099988937378,1.3563599586486816
2024-09-10 00:00:00+00:00,1.3563599586486816,1.35725998878479,1.3557000160217285,1.3569799661636353
2024-09-10 08:00:00+00:00,1.3569899797439575,1.3615399599075317,1.3559000492095947,1.3607100248336792
2024-09-10 16:00:00+00:00,1.3606799840927124,1.3613100051879883,1.3595999479293823,1.3610199689865112
2024-09-11 00:00:00+00:00,1.3609700202941895,1.3616399765014648,1.358299970626831,1.359279990196228
2024-09-11 08:00:00+00:00,1.359279990196228,1.3622699975967407,1.3568999767303467,1.3595099449157715
2024-09-11 16:00:00+00:00,1.3594900369644165,1.3597700595855713,1.3561999797821045,1.357300043106079
2024-09-12 00:00:00+00:00,1.3578399419784546,1.3585200309753418,1.3559999465942383,1.3574700355529785
2024-09-12 08:00:00+00:00,1.3574999570846558,1.3604400157928467,1.3564000129699707,1.359529972076416
2024-09-12 16:00:00+00:00,1.3595099449157715,1.3599799871444702,1.3569999933242798,1.3574600219726562
2024-09-13 00:00:00+00:00,1.3574600219726562,1.3584100008010864,1.3559999465942383,1.3572200536727905
2024-09-13 08:00:00+00:00,1.3572499752044678,1.3594599962234497,1.3560999631881714,1.3580700159072876
2024-09-13 16:00:00+00:00,1.3580800294876099,1.360010027885437,1.3575999736785889,1.3583999872207642
2024-09-14 00:00:00+00:00,,,,
2024-09-14 08:00:00+00:00,,,,
2024-09-14 16:00:00+00:00,,,,
2024-09-15 00:00:00+00:00,,,,
2024-09-15 08:00:00+00:00,,,,
2024-09-15 16:00:00+00:00,1.357800006866455,1.3582299947738647,1.357300043106079,1.3578599691390991
2024-09-16 00:00:00+00:00,1.3578699827194214,1.358199954032898,1.3561999797821045,1.3578499555587769
2024-09-16 08:00:00+00:00,1.3578100204467773,1.3607399463653564,1.3567999601364136,1.359879970550537
2024-09-16 16:00:00+00:00,1.3598599433898926,1.3603700399398804,1.357800006866455,1.3585000038146973
2024-09-17 00:00:00+00:00,1.3586699962615967,1.3598099946975708,1.3575999736785889,1.3584200143814087
2024-09-17 08:00:00+00:00,1.3584200143814087,1.3616900444030762,1.3574999570846558,1.3597899675369263
2024-09-17 16:00:00+00:00,1.3598400354385376,1.3604999780654907,1.3586000204086304,1.3593300580978394
2024-09-18 00:00:00+00:00,1.3593300580978394,1.3594499826431274,1.3579000234603882,1.3588800430297852
2024-09-18 08:00:00+00:00,1.3588299751281738,1.3607699871063232,1.357300043106079,1.3606699705123901
2024-09-18 16:00:00+00:00,1.3606899976730347,1.3622900247573853,1.353700041770935,1.3608100414276123
2024-09-19 00:00:00+00:00,1.36080002784729,1.3647199869155884,1.3550000190734863,1.3557900190353394
2024-09-19 08:00:00+00:00,1.3558000326156616,1.3600599765777588,1.3528000116348267,1.3560800552368164
2024-09-19 16:00:00+00:00,1.3560800552368164,1.3565200567245483,1.354200005531311,1.3563200235366821
2024-09-20 00:00:00+00:00,1.3563200235366821,1.357450008392334,1.3549000024795532,1.3570400476455688
2024-09-20 08:00:00+00:00,1.357010006904602,1.3589600324630737,1.3538000583648682,1.356510043144226
2024-09-20 16:00:00+00:00,1.3565000295639038,1.3574700355529785,1.3545000553131104,1.3568999767303467
2024-09-21 00:00:00+00:00,,,,
2024-09-21 08:00:00+00:00,,,,
2024-09-21 16:00:00+00:00,,,,
2024-09-22 00:00:00+00:00,,,,
2024-09-22 08:00:00+00:00,,,,
2024-09-22 16:00:00+00:00,1.3566900491714478,1.3568999767303467,1.3559999465942383,1.3565700054168701
2024-09-23 00:00:00+00:00,1.3565499782562256,1.3582099676132202,1.3550000190734863,1.3580299615859985
2024-09-23 08:00:00+00:00,1.35794997215271,1.358199954032898,1.3487000465393066,1.3502000570297241
2024-09-23 16:00:00+00:00,1.350160002708435,1.3544000387191772,1.3481999635696411,1.3529200553894043
2024-09-24 00:00:00+00:00,1.352929949760437,1.3531700372695923,1.3504999876022339,1.3519099950790405
2024-09-24 08:00:00+00:00,1.3519200086593628,1.3520400524139404,1.3459999561309814,1.3470499515533447
2024-09-24 16:00:00+00:00,1.3470200300216675,1.347100019454956,1.341599941253662,1.3420300483703613
2024-09-25 00:00:00+00:00,1.342020034790039,1.3438800573349,1.341599941253662,1.342829942703247
2024-09-25 08:00:00+00:00,1.3428000211715698,1.3469200134277344,1.3418999910354614,1.3466099500656128
2024-09-25 16:00:00+00:00,1.3466600179672241,1.3487000465393066,1.3457000255584717,1.3483699560165405
2024-09-26 00:00:00+00:00,1.3483799695968628,1.3484300374984741,1.3458000421524048,1.3473600149154663
2024-09-26 08:00:00+00:00,1.347350001335144,1.348960041999817,1.3452999591827393,1.3466299772262573
2024-09-26 16:00:00+00:00,1.3466299772262573,1.3482999801635742,1.3460999727249146,1.347599983215332
2024-09-27 00:00:00+00:00,1.347599983215332,1.3495099544525146,1.347000002861023,1.3491699695587158
2024-09-27 08:00:00+00:00,1.3491300344467163,1.350600004196167,1.3459999561309814,1.350350022315979
2024-09-27 16:00:00+00:00,1.3503899574279785,1.3526500463485718,1.3499000072479248,1.3513000011444092
2024-09-28 00:00:00+00:00,,,,
2024-09-28 08:00:00+00:00,,,,
2024-09-28 16:00:00+00:00,,,,
2024-09-29 00:00:00+00:00,,,,
2024-09-29 08:00:00+00:00,,,,
2024-09-29 16:00:00+00:00,1.3511099815368652,1.3512099981307983,1.3503999710083008,1.3509900569915771
2024-09-30 00:00:00+00:00,1.3509900569915771,1.3519200086593628,1.3495999574661255,1.3515299558639526
2024-09-30 08:00:00+00:00,1.3514800071716309,1.3527400493621826,1.3485000133514404,1.3514200448989868
2024-09-30 16:00:00+00:00,1.3514200448989868,1.3537700176239014,1.3497999906539917,1.3523000478744507
2024-10-01 00:00:00+00:00,1.3525099754333496,1.3535900115966797,1.351099967956543,1.3529800176620483
2024-10-01 08:00:00+00:00,1.3529399633407593,1.3539600372314453,1.3483999967575073,1.3491699695587158
2024-10-01 16:00:00+00:00,1.3491699695587158,1.3521000146865845,1.3476999998092651,1.349410057067871
2024-10-02 00:00:00+00:00,1.3494800329208374,1.3495700359344482,1.3472000360488892,1.3481899499893188
2024-10-02 08:00:00+00:00,1.3481600284576416,1.349560022354126,1.347100019454956,1.348520040512085
2024-10-02 16:00:00+00:00,1.3484400510787964,1.3509999513626099,1.3476999998092651,1.3506699800491333
2024-10-03 00:00:00+00:00,1.3506499528884888,1.3530800342559814,1.350100040435791,1.3523399829864502
2024-10-03 08:00:00+00:00,1.3523099422454834,1.3553199768066406,1.3513000011444092,1.3532999753952026
2024-10-03 16:00:00+00:00,1.353279948234558,1.355970025062561,1.3521000146865845,1.3548099994659424
2024-10-04 00:00:00+00:00,1.3548400402069092,1.3567299842834473,1.3539999723434448,1.3558800220489502
2024-10-04 08:00:00+00:00,1.3558800220489502,1.3590999841690063,1.354599952697754,1.3578399419784546
2024-10-04 16:00:00+00:00,1.3578300476074219,1.358430027961731,1.356600046157837,1.357300043106079
2024-10-05 00:00:00+00:00,,,,
2024-10-05 08:00:00+00:00,,,,
2024-10-05 16:00:00+00:00,,,,
2024-10-06 00:00:00+00:00,,,,
2024-10-06 08:00:00+00:00,,,,
2024-10-06 16:00:00+00:00,1.357759952545166,1.358299970626831,1.357200026512146,1.3580700159072876
2024-10-07 00:00:00+00:00,1.3580900430679321,1.3590799570083618,1.3567999601364136,1.3588800430297852
2024-10-07 08:00:00+00:00,1.3589099645614624,1.3619500398635864,1.3573999404907227,1.360759973526001
2024-10-07 16:00:00+00:00,1.360759973526001,1.3639600276947021,1.3597999811172485,1.3620100021362305
2024-10-08 00:00:00+00:00,1.3620400428771973,1.364799976348877,1.3605999946594238,1.3638299703598022
2024-10-08 08:00:00+00:00,1.3638099431991577,1.3675099611282349,1.3631000518798828,1.3660000562667847
2024-10-08 16:00:00+00:00,1.3662999868392944,1.3668400049209595,1.3638999462127686,1.3654299974441528
2024-10-09 00:00:00+00:00,1.365440011024475,1.3669999837875366,1.3641999959945679,1.3668800592422485
2024-10-09 08:00:00+00:00,1.3668800592422485,1.3694599866867065,1.3660000562667847,1.3685200214385986
2024-10-09 16:00:00+00:00,1.368530035018921,1.3718600273132324,1.367900013923645,1.3709499835968018
2024-10-10 00:00:00+00:00,1.3709700107574463,1.3729000091552734,1.3700000047683716,1.3728300333023071
2024-10-10 08:00:00+00:00,1.3728300333023071,1.3768399953842163,1.3724000453948975,1.3752399682998657
2024-10-10 16:00:00+00:00,1.3752399682998657,1.377519965171814,1.3733999729156494,1.3745700120925903
2024-10-11 00:00:00+00:00,1.3745800256729126,1.3768199682235718,1.373900055885315,1.3756300210952759
2024-10-11 08:00:00+00:00,1.3756200075149536,1.3783700466156006,1.3720999956130981,1.3767499923706055
2024-10-11 16:00:00+00:00,1.3767999410629272,1.377120018005371,1.375100016593933,1.375599980354309
2024-10-12 00:00:00+00:00,,,,
2024-10-12 08:00:00+00:00,,,,
2024-10-12 16:00:00+00:00,,,,
2024-10-13 00:00:00+00:00,,,,
2024-10-13 08:00:00+00:00,,,,
2024-10-13 16:00:00+00:00,1.3778200149536133,1.378499984741211,1.3773000240325928,1.3782099485397339
2024-10-14 00:00:00+00:00,1.3782099485397339,1.378909945487976,1.3767000436782837,1.378119945526123
2024-10-14 08:00:00+00:00,1.378059983253479,1.3801000118255615,1.3774000406265259,1.3792999982833862
2024-10-14 16:00:00+00:00,1.3796000480651855,1.3805299997329712,1.3785899877548218,1.3801900148391724
2024-10-15 00:00:00+00:00,1.3801900148391724,1.3815200328826904,1.37909996509552,1.3809599876403809
2024-10-15 08:00:00+00:00,1.380910038948059,1.3838499784469604,1.3792999982833862,1.3802800178527832
2024-10-15 16:00:00+00:00,1.3802900314331055,1.3811500072479248,1.3765000104904175,1.3780200481414795
2024-10-16 00:00:00+00:00,1.3780299425125122,1.3790099620819092,1.3768999576568604,1.378119945526123
2024-10-16 08:00:00+00:00,1.3777999877929688,1.3792999982833862,1.3761999607086182,1.3772300481796265
2024-10-16 16:00:00+00:00,1.3772200345993042,1.37746000289917,1.374500036239624,1.3755799531936646
2024-10-17 00:00:00+00:00,1.3755799531936646,1.378499984741211,1.3741999864578247,1.378250002861023
2024-10-17 08:00:00+00:00,1.3782700300216675,1.3793799877166748,1.3767999410629272,1.3791500329971313
2024-10-17 16:00:00+00:00,1.37909996509552,1.380120038986206,1.3782999515533447,1.3795900344848633
2024-10-18 00:00:00+00:00,1.3795900344848633,1.3800100088119507,1.378100037574768,1.3791199922561646
2024-10-18 08:00:00+00:00,1.3791799545288086,1.3810100555419922,1.378000020980835,1.3804199695587158
2024-10-18 16:00:00+00:00,1.3804399967193604,1.3814799785614014,1.378999948501587,1.3797999620437622
2024-10-19 00:00:00+00:00,,,,
2024-10-19 08:00:00+00:00,,,,
2024-10-19 16:00:00+00:00,,,,
2024-10-20 00:00:00+00:00,,,,
2024-10-20 08:00:00+00:00,,,,
2024-10-20 16:00:00+00:00,1.3799699544906616,1.3802599906921387,1.3795000314712524,1.3799999952316284
2024-10-21 00:00:00+00:00,1.3799400329589844,1.3821300268173218,1.3796000480651855,1.3816299438476562
2024-10-21 08:00:00+00:00,1.381659984588623,1.3848999738693237,1.38100004196167,1.384660005569458
2024-10-21 16:00:00+00:00,1.384660005569458,1.3849600553512573,1.3824000358581543,1.3833400011062622
2024-10-22 00:00:00+00:00,1.3833199739456177,1.3837800025939941,1.381700038909912,1.3827400207519531
2024-10-22 08:00:00+00:00,1.3827300071716309,1.3836400508880615,1.38100004196167,1.3830599784851074
2024-10-22 16:00:00+00:00,1.383020043373108,1.383270025253296,1.38100004196167,1.3817499876022339
2024-10-23 00:00:00+00:00,1.3817499876022339,1.3828999996185303,1.381100058555603,1.3824100494384766
2024-10-23 08:00:00+00:00,1.3823800086975098,1.3862600326538086,1.381700038909912,1.3838200569152832
2024-10-23 16:00:00+00:00,1.383870005607605,1.3849999904632568,1.3830000162124634,1.38372004032135
2024-10-24 00:00:00+00:00,1.38372004032135,1.3838399648666382,1.3812999725341797,1.381790041923523
2024-10-24 08:00:00+00:00,1.3817700147628784,1.3858100175857544,1.3808000087738037,1.3857799768447876
2024-10-24 16:00:00+00:00,1.3857300281524658,1.3868600130081177,1.3840999603271484,1.3853299617767334
2024-10-25 00:00:00+00:00,1.3853700160980225,1.3856099843978882,1.3839999437332153,1.3845100402832031
2024-10-25 08:00:00+00:00,1.3844300508499146,1.3882999420166016,1.3832999467849731,1.388260006904602
2024-10-25 16:00:00+00:00,1.388219952583313,1.3897500038146973,1.3874000310897827,1.3890999555587769
2024-10-26 00:00:00+00:00,,,,
2024-10-26 08:00:00+00:00,,,,
2024-10-26 16:00:00+00:00,,,,
2024-10-27 00:00:00+00:00,,,,
2024-10-27 08:00:00+00:00,,,,
2024-10-27 16:00:00+00:00,,,,
2024-10-28 00:00:00+00:00,1.3896100521087646,1.3906300067901611,1.388100028038025,1.3889700174331665
2024-10-28 08:00:00+00:00,1.3889299631118774,1.3908400535583496,1.3876999616622925,1.3903199434280396
2024-10-28 16:00:00+00:00,1.3903499841690063,1.390429973602295,1.388100028038025,1.3889100551605225
2024-10-29 00:00:00+00:00,1.3888100385665894,1.3899999856948853,1.388100028038025,1.3886899948120117
2024-10-29 08:00:00+00:00,1.3887499570846558,1.3920199871063232,1.3871999979019165,1.3908300399780273
2024-10-29 16:00:00+00:00,1.390820026397705,1.3929500579833984,1.3898999691009521,1.3912800550460815
2024-10-30 00:00:00+00:00,1.391510009765625,1.3924700021743774,1.3904000520706177,1.3918399810791016
2024-10-30 08:00:00+00:00,1.3918100595474243,1.3940500020980835,1.389799952507019,1.3911099433898926
2024-10-30 16:00:00+00:00,1.3911199569702148,1.3920700550079346,1.3890000581741333,1.3908599615097046
2024-10-31 00:00:00+00:00,1.3908799886703491,1.3921400308609009,1.3903000354766846,1.3916200399398804
2024-10-31 08:00:00+00:00,1.3916200399398804,1.3945300579071045,1.388700008392334,1.3939299583435059
2024-10-31 16:00:00+00:00,1.3940000534057617,1.394070029258728,1.3902000188827515,1.3934099674224854
2024-11-01 00:00:00+00:00,1.3934600353240967,1.3941500186920166,1.3919999599456787,1.3941400051116943
2024-11-01 08:00:00+00:00,1.3941099643707275,1.3942400217056274,1.3902000188827515,1.3925600051879883
2024-11-01 16:00:00+00:00,1.392549991607666,1.395900011062622,1.391800045967102,1.3949999809265137
2024-11-02 00:00:00+00:00,,,,
2024-11-02 08:00:00+00:00,,,,
2024-11-02 16:00:00+00:00,,,,
2024-11-03 00:00:00+00:00,,,,
2024-11-03 08:00:00+00:00,,,,
2024-11-03 16:00:00+00:00,,,,
2024-11-04 00:00:00+00:00,1.3920799493789673,1.3921400308609009,1.388800024986267,1.3920300006866455
2024-11-04 08:00:00+00:00,1.3919899463653564,1.3922300338745117,1.3869999647140503,1.3889199495315552
2024-11-04 16:00:00+00:00,1.3889600038528442,1.390339970588684,1.3877999782562256,1.390120029449463
2024-11-05 00:00:00+00:00,1.3900599479675293,1.390660047531128,1.3882999420166016,1.3888399600982666
2024-11-05 08:00:00+00:00,1.3888200521469116,1.3889000415802002,1.3841999769210815,1.3848999738693237
2024-11-05 16:00:00+00:00,1.3851399421691895,1.3858400583267212,1.3818000555038452,1.3832199573516846
2024-11-06 00:00:00+00:00,1.383430004119873,1.3938499689102173,1.3828999996185303,1.3926899433135986
2024-11-06 08:00:00+00:00,1.3926899433135986,1.395840048789978,1.3880000114440918,1.3920999765396118
2024-11-06 16:00:00+00:00,1.3921899795532227,1.3947499990463257,1.3911000490188599,1.3947099447250366
2024-11-07 00:00:00+00:00,1.3947999477386475,1.3948099613189697,1.3874000310897827,1.3887200355529785
2024-11-07 08:00:00+00:00,1.3887499570846558,1.3897600173950195,1.385200023651123,1.3865300416946411
2024-11-07 16:00:00+00:00,1.3864799737930298,1.3877700567245483,1.3837000131607056,1.3867199420928955
2024-11-08 00:00:00+00:00,1.386780023574829,1.389009952545166,1.386199951171875,1.3886100053787231
2024-11-08 08:00:00+00:00,1.388659954071045,1.3919800519943237,1.3876999616622925,1.3896900415420532
2024-11-08 16:00:00+00:00,1.3894000053405762,1.3927899599075317,1.389299988746643,1.3907999992370605
2024-11-09 00:00:00+00:00,,,,
2024-11-09 08:00:00+00:00,,,,
2024-11-09 16:00:00+00:00,,,,
2024-11-10 00:00:00+00:00,,,,
2024-11-10 08:00:00+00:00,,,,
2024-11-10 16:00:00+00:00,,,,
2024-11-11 00:00:00+00:00,1.391010046005249,1.3926600217819214,1.3899999856948853,1.392259955406189
2024-11-11 08:00:00+00:00,1.3922300338745117,1.39506995677948,1.3916000127792358,1.3929500579833984
2024-11-11 16:00:00+00:00,1.3929500579833984,1.3931000232696533,1.3910000324249268,1.3920300006866455
2024-11-12 00:00:00+00:00,1.3919899463653564,1.395840048789978,1.3912999629974365,1.3953700065612793
2024-11-12 08:00:00+00:00,1.3953299522399902,1.3967299461364746,1.3919999599456787,1.3940199613571167
2024-11-12 16:00:00+00:00,1.3939900398254395,1.3959699869155884,1.393399953842163,1.3944900035858154
2024-11-13 00:00:00+00:00,1.3944900035858154,1.3960599899291992,1.3935999870300293,1.3957899808883667
2024-11-13 08:00:00+00:00,1.3957899808883667,1.399899959564209,1.392899990081787,1.3969700336456299
2024-11-13 16:00:00+00:00,1.3969600200653076,1.4002799987792969,1.396399974822998,1.3992500305175781
2024-11-14 00:00:00+00:00,1.3991700410842896,1.4019999504089355,1.398300051689148,1.399780035018921
2024-11-14 08:00:00+00:00,1.3997700214385986,1.4035600423812866,1.398900032043457,1.4011399745941162
2024-11-14 16:00:00+00:00,1.401129961013794,1.407099962234497,1.4005999565124512,1.4061399698257446
2024-11-15 00:00:00+00:00,1.4061199426651,1.406980037689209,1.4048000574111938,1.4060800075531006
2024-11-15 08:00:00+00:00,1.4060499668121338,1.4105499982833862,1.402899980545044,1.4078500270843506
2024-11-15 16:00:00+00:00,1.4077999591827393,1.4100899696350098,1.4061000347137451,1.4088000059127808
2024-11-16 00:00:00+00:00,,,,
2024-11-16 08:00:00+00:00,,,,
2024-11-16 16:00:00+00:00,,,,
2024-11-17 00:00:00+00:00,,,,
2024-11-17 08:00:00+00:00,,,,
2024-11-17 16:00:00+00:00,,,,
2024-11-18 00:00:00+00:00,1.4085899591445923,1.4100600481033325,1.406599998474121,1.4094899892807007
2024-11-18 08:00:00+00:00,1.409559965133667,1.410249948501587,1.4039000272750854,1.404919981956482
2024-11-18 16:00:00+00:00,1.404919981956482,1.4051400423049927,1.399899959564209,1.402109980583191
2024-11-19 00:00:00+00:00,1.4022200107574463,1.4029300212860107,1.4005999565124512,1.4020800590515137
2024-11-19 08:00:00+00:00,1.4020899534225464,1.4036600589752197,1.3969000577926636,1.3976500034332275
2024-11-19 16:00:00+00:00,1.3976399898529053,1.3984999656677246,1.394700050354004,1.3955399990081787
2024-11-20 00:00:00+00:00,1.395509958267212,1.396720051765442,1.3946000337600708,1.3964600563049316
2024-11-20 08:00:00+00:00,1.3964600563049316,1.4014400243759155,1.3956999778747559,1.4004900455474854
2024-11-20 16:00:00+00:00,1.4005000591278076,1.4012399911880493,1.396399974822998,1.39683997631073
2024-11-21 00:00:00+00:00,1.39683997631073,1.3973499536514282,1.3956999778747559,1.3962199687957764
2024-11-21 08:00:00+00:00,1.396209955215454,1.397819995880127,1.392799973487854,1.394670009613037
2024-11-21 16:00:00+00:00,1.3946900367736816,1.398319959640503,1.3941999673843384,1.398319959640503
2024-11-22 00:00:00+00:00,1.3983999490737915,1.398650050163269,1.395799994468689,1.3969899415969849
2024-11-22 08:00:00+00:00,1.3969500064849854,1.4020899534225464,1.395300030708313,1.3976999521255493
2024-11-22 16:00:00+00:00,1.3976999521255493,1.399340033531189,1.3966000080108643,1.3980000019073486
2024-11-23 00:00:00+00:00,,,,
2024-11-23 08:00:00+00:00,,,,
2024-11-23 16:00:00+00:00,,,,
2024-11-24 00:00:00+00:00,,,,
2024-11-24 08:00:00+00:00,,,,
2024-11-24 16:00:00+00:00,,,,
2024-11-25 00:00:00+00:00,1.3933199644088745,1.3968299627304077,1.392300009727478,1.3967399597167969
2024-11-25 08:00:00+00:00,1.396780014038086,1.3991600275039673,1.3946000337600708,1.3983999490737915
2024-11-25 16:00:00+00:00,1.3988100290298462,1.4120399951934814,1.3964999914169312,1.4086999893188477
2024-11-26 00:00:00+00:00,1.409809947013855,1.4177500009536743,1.4081000089645386,1.412310004234314
2024-11-26 08:00:00+00:00,1.4122999906539917,1.4144999980926514,1.4048999547958374,1.405869960784912
2024-11-26 16:00:00+00:00,1.4059200286865234,1.4091999530792236,1.4046000242233276,1.4052599668502808
2024-11-27 00:00:00+00:00,1.4052300453186035,1.4077999591827393,1.4040000438690186,1.4056999683380127
2024-11-27 08:00:00+00:00,1.4056299924850464,1.4065500497817993,1.4018000364303589,1.4027400016784668
2024-11-27 16:00:00+00:00,1.4027400016784668,1.4038200378417969,1.4005000591278076,1.4026199579238892
2024-11-28 00:00:00+00:00,1.4025700092315674,1.402899980545044,1.4002000093460083,1.402500033378601
2024-11-28 08:00:00+00:00,1.402500033378601,1.403149962425232,1.399399995803833,1.4009300470352173
2024-11-28 16:00:00+00:00,1.400979995727539,1.4019700288772583,1.399899959564209,1.4007999897003174
2024-11-29 00:00:00+00:00,1.4007600545883179,1.4012700319290161,1.3976000547409058,1.3999500274658203
2024-11-29 08:00:00+00:00,1.3999300003051758,1.4045599699020386,1.3990999460220337,1.4004900455474854
2024-11-29 16:00:00+00:00,1.4004900455474854,1.4020299911499023,1.3981000185012817,1.4002000093460083
2024-11-30 00:00:00+00:00,,,,
2024-11-30 08:00:00+00:00,,,,
2024-11-30 16:00:00+00:00,,,,
2024-12-01 00:00:00+00:00,,,,
2024-12-01 08:00:00+00:00,,,,
2024-12-01 16:00:00+00:00,,,,
2024-12-02 00:00:00+00:00,1.4013400077819824,1.4041399955749512,1.4012500047683716,1.404099941253662
2024-12-02 08:00:00+00:00,1.4040700197219849,1.4089699983596802,1.4018000364303589,1.4080599546432495
2024-12-02 16:00:00+00:00,1.4079999923706055,1.4084899425506592,1.4037400484085083,1.404520034790039
2024-12-03 00:00:00+00:00,1.40461003780365,1.4063999652862549,1.403439998626709,1.4037799835205078
2024-12-03 08:00:00+00:00,1.4038000106811523,1.407189965248108,1.4009000062942505,1.4065500497817993
2024-12-03 16:00:00+00:00,1.406559944152832,1.4076000452041626,1.4042999744415283,1.4065699577331543
2024-12-04 00:00:00+00:00,1.406499981880188,1.4082800149917603,1.4050999879837036,1.4056999683380127
2024-12-04 08:00:00+00:00,1.4060699939727783,1.4082000255584717,1.4048000574111938,1.4064600467681885
2024-12-04 16:00:00+00:00,1.4063899517059326,1.4078400135040283,1.405400037765503,1.4073200225830078
2024-12-05 00:00:00+00:00,1.407170057296753,1.4079400300979614,1.4058899879455566,1.4061299562454224
2024-12-05 08:00:00+00:00,1.4061299562454224,1.4064799547195435,1.4006999731063843,1.40339994430542
2024-12-05 16:00:00+00:00,1.4034299850463867,1.4066599607467651,1.4012999534606934,1.4017000198364258
2024-12-06 00:00:00+00:00,1.4018900394439697,1.4042999744415283,1.4014999866485596,1.4032000303268433
2024-12-06 08:00:00+00:00,1.4032000303268433,1.4156500101089478,1.4021999835968018,1.4137699604034424
2024-12-06 16:00:00+00:00,1.4137699604034424,1.416450023651123,1.4128999710083008,1.4154000282287598
2024-12-07 00:00:00+00:00,,,,
2024-12-07 08:00:00+00:00,,,,
2024-12-07 16:00:00+00:00,,,,
2024-12-08 00:00:00+00:00,,,,
2024-12-08 08:00:00+00:00,,,,
2024-12-08 16:00:00+00:00,,,,
2024-12-09 00:00:00+00:00,1.4147800207138062,1.4175100326538086,1.4143999814987183,1.4156399965286255
2024-12-09 08:00:00+00:00,1.41566002368927,1.4162100553512573,1.4089000225067139,1.411329984664917
2024-12-09 16:00:00+00:00,1.4113800525665283,1.4175100326538086,1.4108999967575073,1.417449951171875
2024-12-10 00:00:00+00:00,1.4174599647521973,1.4189499616622925,1.4163000583648682,1.418470025062561
2024-12-10 08:00:00+00:00,1.4184600114822388,1.4194899797439575,1.4153000116348267,1.4169299602508545
2024-12-10 16:00:00+00:00,1.416599988937378,1.4181900024414062,1.4150999784469604,1.41743004322052
2024-12-11 00:00:00+00:00,1.4174699783325195,1.419100046157837,1.4155000448226929,1.4189900159835815
2024-12-11 08:00:00+00:00,1.4189499616622925,1.4194799661636353,1.4115999937057495,1.4141099452972412
2024-12-11 16:00:00+00:00,1.4140599966049194,1.4170299768447876,1.4119000434875488,1.4148900508880615
2024-12-12 00:00:00+00:00,1.4148399829864502,1.4155100584030151,1.413100004196167,1.4147599935531616
2024-12-12 08:00:00+00:00,1.4147100448608398,1.4199700355529785,1.4127000570297241,1.4183800220489502
2024-12-12 16:00:00+00:00,1.418429970741272,1.4227999448776245,1.4164999723434448,1.4216699600219727
2024-12-13 00:00:00+00:00,1.4215999841690063,1.424399971961975,1.4211000204086304,1.4227999448776245
2024-12-13 08:00:00+00:00,1.4232200384140015,1.424489974975586,1.4205000400543213,1.4237600564956665
2024-12-13 16:00:00+00:00,1.4237500429153442,1.4243500232696533,1.4219000339508057,1.42330002784729
2024-12-14 00:00:00+00:00,,,,
2024-12-14 08:00:00+00:00,,,,
2024-12-14 16:00:00+00:00,,,,
2024-12-15 00:00:00+00:00,,,,
2024-12-15 08:00:00+00:00,,,,
2024-12-15 16:00:00+00:00,,,,
2024-12-16 00:00:00+00:00,1.4225800037384033,1.4230400323867798,1.4213000535964966,1.4223400354385376
2024-12-16 08:00:00+00:00,1.4222899675369263,1.4270399808883667,1.4214999675750732,1.4227800369262695
2024-12-16 16:00:00+00:00,1.4228899478912354,1.42507004737854,1.4220000505447388,1.4234100580215454
2024-12-17 00:00:00+00:00,1.4234399795532227,1.4271700382232666,1.4227999448776245,1.4268399477005005
2024-12-17 08:00:00+00:00,1.4264999628067017,1.4320499897003174,1.4263999462127686,1.4312100410461426
2024-12-17 16:00:00+00:00,1.4311800003051758,1.4323400259017944,1.4299999475479126,1.4309699535369873
2024-12-18 00:00:00+00:00,1.4309899806976318,1.4331300258636475,1.4305000305175781,1.4329099655151367
2024-12-18 08:00:00+00:00,1.4329400062561035,1.4331899881362915,1.4299999475479126,1.4323500394821167
2024-12-18 16:00:00+00:00,1.4324100017547607,1.4467099905014038,1.43149995803833,1.4460999965667725
2024-12-19 00:00:00+00:00,1.4462000131607056,1.4462000131607056,1.441499948501587,1.4421499967575073
2024-12-19 08:00:00+00:00,1.4421600103378296,1.4422600269317627,1.434000015258789,1.4368799924850464
2024-12-19 16:00:00+00:00,1.4368799924850464,1.4404000043869019,1.4342999458312988,1.4402300119400024
2024-12-20 00:00:00+00:00,1.4400999546051025,1.4435399770736694,1.4378999471664429,1.438420057296753
2024-12-20 08:00:00+00:00,1.4384900331497192,1.4397000074386597,1.4351999759674072,1.4368499517440796
2024-12-20 16:00:00+00:00,1.4368000030517578,1.4379199743270874,1.4332000017166138,1.4368000030517578
2024-12-21 00:00:00+00:00,,,,
2024-12-21 08:00:00+00:00,,,,
2024-12-21 16:00:00+00:00,,,,
2024-12-22 00:00:00+00:00,,,,
2024-12-22 08:00:00+00:00,,,,
2024-12-22 16:00:00+00:00,,,,
2024-12-23 00:00:00+00:00,1.4359899759292603,1.4388999938964844,1.434499979019165,1.438830018043518
2024-12-23 08:00:00+00:00,1.4387999773025513,1.4433300495147705,1.4361000061035156,1.4407999515533447
2024-12-23 16:00:00+00:00,1.4411499500274658,1.4418200254440308,1.4363000392913818,1.4373799562454224
2024-12-24 00:00:00+00:00,1.437399983406067,1.4386999607086182,1.4368000030517578,1.438289999961853
2024-12-24 08:00:00+00:00,1.4382699728012085,1.4420299530029297,1.4358999729156494,1.438099980354309
2024-12-24 16:00:00+00:00,1.4381300210952759,1.439229965209961,1.4342999458312988,1.4351999759674072
2024-12-25 00:00:00+00:00,1.434999942779541,1.4372400045394897,1.434999942779541,1.4357999563217163
2024-12-25 08:00:00+00:00,1.4357999563217163,1.4363000392913818,1.4357999563217163,1.4363000392913818
2024-12-25 16:00:00+00:00,1.4363000392913818,1.4365999698638916,1.4348000288009644,1.4353899955749512
2024-12-26 00:00:00+00:00,1.4352699518203735,1.4384100437164307,1.434499979019165,1.4381599426269531
2024-12-26 08:00:00+00:00,1.4381599426269531,1.4415899515151978,1.4377000331878662,1.4411200284957886
2024-12-26 16:00:00+00:00,1.4412000179290771,1.4420499801635742,1.4397000074386597,1.4409500360488892
2024-12-27 00:00:00+00:00,1.4409300088882446,1.4415700435638428,1.4399000406265259,1.4404100179672241
2024-12-27 08:00:00+00:00,1.4404799938201904,1.442139983177185,1.4371000528335571,1.4408600330352783
2024-12-27 16:00:00+00:00,1.4408400058746338,1.4449399709701538,1.4402999877929688,1.4407000541687012
2024-12-28 00:00:00+00:00,,,,
2024-12-28 08:00:00+00:00,,,,
2024-12-28 16:00:00+00:00,,,,
2024-12-29 00:00:00+00:00,,,,
2024-12-29 08:00:00+00:00,,,,
2024-12-29 16:00:00+00:00,,,,
2024-12-30 00:00:00+00:00,1.4402300119400024,1.440750002861023,1.438099980354309,1.4398000240325928
2024-12-30 08:00:00+00:00,1.4397300481796265,1.4432899951934814,1.436900019645691,1.4386600255966187
2024-12-30 16:00:00+00:00,1.4384000301361084,1.4393500089645386,1.434000015258789,1.434999942779541
2024-12-31 00:00:00+00:00,1.4345999956130981,1.437019944190979,1.43340003490448,1.4368200302124023
2024-12-31 08:00:00+00:00,1.4367599487304688,1.4407999515533447,1.4359999895095825,1.4378900527954102
2024-12-31 16:00:00+00:00,1.4378700256347656,1.440940022468567,1.4366999864578247,1.437999963760376
2025-01-01 00:00:00+00:00,1.437999963760376,1.437999963760376,1.4378000497817993,1.437999963760376
2025-01-01 08:00:00+00:00,1.437999963760376,1.437999963760376,1.437999963760376,1.437999963760376
2025-01-01 16:00:00+00:00,1.437999963760376,1.4392399787902832,1.4371000528335571,1.4375
2025-01-02 00:00:00+00:00,1.4374799728393555,1.4407700300216675,1.436400055885315,1.4402999877929688
2025-01-02 08:00:00+00:00,1.4404900074005127,1.4438899755477905,1.4395999908447266,1.4421800374984741
2025-01-02 16:00:00+00:00,1.4422099590301514,1.444200038909912,1.4387999773025513,1.4403799772262573
2025-01-03 00:00:00+00:00,1.4404000043869019,1.4404699802398682,1.4378999471664429,1.4398000240325928
2025-01-03 08:00:00+00:00,1.4393999576568604,1.4454100131988525,1.4383000135421753,1.443560004234314
2025-01-03 16:00:00+00:00,1.4435299634933472,1.4463399648666382,1.4428999423980713,1.4444999694824219
2025-01-04 00:00:00+00:00,,,,
2025-01-04 08:00:00+00:00,,,,
2025-01-04 16:00:00+00:00,,,,
2025-01-05 00:00:00+00:00,,,,
2025-01-05 08:00:00+00:00,,,,
2025-01-05 16:00:00+00:00,,,,
2025-01-06 00:00:00+00:00,1.4438199996948242,1.4444999694824219,1.438099980354309,1.4390000104904175
2025-01-06 08:00:00+00:00,1.4389899969100952,1.4394400119781494,1.4276000261306763,1.436079978942871
2025-01-06 16:00:00+00:00,1.4360599517822266,1.4378999471664429,1.4322999715805054,1.4341100454330444
2025-01-07 00:00:00+00:00,1.4341000318527222,1.434999942779541,1.430400013923645,1.430780053138733
2025-01-07 08:00:00+00:00,1.4307199716567993,1.4365999698638916,1.4293999671936035,1.4342000484466553
2025-01-07 16:00:00+00:00,1.4344799518585205,1.437059998512268,1.4313000440597534,1.436400055885315
2025-01-08 00:00:00+00:00,1.436519980430603,1.4365700483322144,1.433500051498413,1.436020016670227
2025-01-08 08:00:00+00:00,1.4360100030899048,1.4409600496292114,1.4345999956130981,1.4386600255966187
2025-01-08 16:00:00+00:00,1.4386800527572632,1.439769983291626,1.4366999864578247,1.4376699924468994
2025-01-09 00:00:00+00:00,1.4376499652862549,1.4401500225067139,1.4361000061035156,1.4399700164794922
2025-01-09 08:00:00+00:00,1.4399700164794922,1.4404900074005127,1.437399983406067,1.4397799968719482
2025-01-09 16:00:00+00:00,1.4398800134658813,1.4404000043869019,1.4383000135421753,1.4401099681854248
2025-01-10 00:00:00+00:00,1.4401400089263916,1.442199945449829,1.4392000436782837,1.4405299425125122
2025-01-10 08:00:00+00:00,1.440500020980835,1.4436999559402466,1.437000036239624,1.4423199892044067
2025-01-10 16:00:00+00:00,1.4422999620437622,1.4442700147628784,1.4407000541687012,1.442199945449829
2025-01-11 00:00:00+00:00,,,,
2025-01-11 08:00:00+00:00,,,,
2025-01-11 16:00:00+00:00,,,,
2025-01-12 00:00:00+00:00,,,,
2025-01-12 08:00:00+00:00,,,,
2025-01-12 16:00:00+00:00,,,,
2025-01-13 00:00:00+00:00,1.4414700269699097,1.444700002670288,1.440999984741211,1.4431300163269043
2025-01-13 08:00:00+00:00,1.4431400299072266,1.4440100193023682,1.4388999938964844,1.4420599937438965
2025-01-13 16:00:00+00:00,1.442020058631897,1.4426900148391724,1.433899998664856,1.436400055885315
2025-01-14 00:00:00+00:00,1.4364700317382812,1.4387999773025513,1.4358999729156494,1.4375699758529663
2025-01-14 08:00:00+00:00,1.4375200271606445,1.4410099983215332,1.4347000122070312,1.4353400468826294
2025-01-14 16:00:00+00:00,1.435379981994629,1.4381099939346313,1.4342000484466553,1.4351999759674072
2025-01-15 00:00:00+00:00,1.435130000114441,1.4364099502563477,1.4335999488830566,1.4342000484466553
2025-01-15 08:00:00+00:00,1.4342000484466553,1.4366999864578247,1.429800033569336,1.4340800046920776
2025-01-15 16:00:00+00:00,1.4336999654769897,1.4357999563217163,1.4319299459457397,1.4321000576019287
2025-01-16 00:00:00+00:00,1.4324699640274048,1.4366999864578247,1.4318000078201294,1.4356000423431396
2025-01-16 08:00:00+00:00,1.4355700016021729,1.4395099878311157,1.434999942779541,1.438730001449585
2025-01-16 16:00:00+00:00,1.4387400150299072,1.4403200149536133,1.4363000392913818,1.4394299983978271
2025-01-17 00:00:00+00:00,1.4393999576568604,1.4413000345230103,1.4384000301361084,1.4407099485397339
2025-01-17 08:00:00+00:00,1.4404000043869019,1.4464099407196045,1.4377000331878662,1.440019965171814
2025-01-17 16:00:00+00:00,1.440060019493103,1.448449969291687,1.4395999908447266,1.4478000402450562
2025-01-18 00:00:00+00:00,,,,
2025-01-18 08:00:00+00:00,,,,
2025-01-18 16:00:00+00:00,,,,
2025-01-19 00:00:00+00:00,,,,
2025-01-19 08:00:00+00:00,,,,
2025-01-19 16:00:00+00:00,,,,
2025-01-20 00:00:00+00:00,1.4470200538635254,1.4472999572753906,1.444000005722046,1.4444999694824219
2025-01-20 08:00:00+00:00,1.4445199966430664,1.447849988937378,1.4260499477386475,1.4339300394058228
2025-01-20 16:00:00+00:00,1.4339300394058228,1.4380899667739868,1.4280999898910522,1.4302599430084229
2025-01-21 00:00:00+00:00,1.4302599430084229,1.4515700340270996,1.4285999536514282,1.445199966430664
2025-01-21 08:00:00+00:00,1.4452500343322754,1.4457499980926514,1.436400055885315,1.4378299713134766
2025-01-21 16:00:00+00:00,1.4378000497817993,1.437849998474121,1.430999994277954,1.4340800046920776
2025-01-22 00:00:00+00:00,1.4340800046920776,1.435439944267273,1.4312000274658203,1.4334800243377686
2025-01-22 08:00:00+00:00,1.4334700107574463,1.4391000270843506,1.429800033569336,1.4375900030136108
2025-01-22 16:00:00+00:00,1.4371999502182007,1.4404200315475464,1.434999942779541,1.4393999576568604
2025-01-23 00:00:00+00:00,1.4395300149917603,1.4404000043869019,1.4378000497817993,1.4388799667358398
2025-01-23 08:00:00+00:00,1.4388600587844849,1.4413399696350098,1.4365999698638916,1.437980055809021
2025-01-23 16:00:00+00:00,1.4379199743270874,1.4394199848175049,1.4329999685287476,1.4376399517059326
2025-01-24 00:00:00+00:00,1.437600016593933,1.4383399486541748,1.4315999746322632,1.4341000318527222
2025-01-24 08:00:00+00:00,1.434340000152588,1.4349600076675415,1.4311000108718872,1.4327199459075928
2025-01-24 16:00:00+00:00,1.4327199459075928,1.4350700378417969,1.4321000576019287,1.4342000484466553
2025-01-25 00:00:00+00:00,,,,
2025-01-25 08:00:00+00:00,,,,
2025-01-25 16:00:00+00:00,,,,
2025-01-26 00:00:00+00:00,,,,
2025-01-26 08:00:00+00:00,,,,
2025-01-26 16:00:00+00:00,,,,
2025-01-27 00:00:00+00:00,1.43858003616333,1.4401600360870361,1.4363000392913818,1.4399900436401367
2025-01-27 08:00:00+00:00,1.4399399757385254,1.440000057220459,1.4328999519348145,1.4383800029754639
2025-01-27 16:00:00+00:00,1.438480019569397,1.4415500164031982,1.4362000226974487,1.4401899576187134
2025-01-28 00:00:00+00:00,1.440500020980835,1.4407399892807007,1.4377000331878662,1.440000057220459
2025-01-28 08:00:00+00:00,1.4403400421142578,1.4420000314712524,1.436400055885315,1.4387999773025513
2025-01-28 16:00:00+00:00,1.4391900300979614,1.4413199424743652,1.437999963760376,1.4400500059127808
2025-01-29 00:00:00+00:00,1.4402600526809692,1.4415099620819092,1.4386999607086182,1.4413700103759766
2025-01-29 08:00:00+00:00,1.440999984741211,1.4471700191497803,1.4404000043869019,1.4443399906158447
2025-01-29 16:00:00+00:00,1.4438999891281128,1.4458500146865845,1.4387999773025513,1.4398599863052368
2025-01-30 00:00:00+00:00,1.4397000074386597,1.4436099529266357,1.4393999576568604,1.44173002243042
2025-01-30 08:00:00+00:00,1.44159996509552,1.4423099756240845,1.4395999908447266,1.4409099817276
2025-01-30 16:00:00+00:00,1.4409099817276,1.459439992904663,1.4395999908447266,1.4493999481201172
2025-01-31 00:00:00+00:00,1.4493099451065063,1.4501099586486816,1.4427000284194946,1.4437999725341797
2025-01-31 08:00:00+00:00,1.4437999725341797,1.455049991607666,1.4433000087738037,1.4481600522994995
2025-01-31 16:00:00+00:00,1.4481600522994995,1.4559199810028076,1.436900019645691,1.4523999691009521
2025-02-01 00:00:00+00:00,,,,
2025-02-01 08:00:00+00:00,,,,
2025-02-01 16:00:00+00:00,,,,
2025-02-02 00:00:00+00:00,,,,
2025-02-02 08:00:00+00:00,,,,
2025-02-02 16:00:00+00:00,,,,
2025-02-03 00:00:00+00:00,1.4712400436401367,1.4793100357055664,1.4668999910354614,1.4716500043869019
2025-02-03 08:00:00+00:00,1.4716299772262573,1.4721499681472778,1.454200029373169,1.4570000171661377
2025-02-03 16:00:00+00:00,1.457069993019104,1.4643499851226807,1.437999963760376,1.4418599605560303
2025-02-04 00:00:00+00:00,1.4421000480651855,1.4502700567245483,1.441499948501587,1.4437999725341797
2025-02-04 08:00:00+00:00,1.443869948387146,1.4461100101470947,1.4322999715805054,1.4325000047683716
2025-02-04 16:00:00+00:00,1.432770013809204,1.4350600242614746,1.429900050163269,1.4337600469589233
2025-02-05 00:00:00+00:00,1.433899998664856,1.4344199895858765,1.4304499626159668,1.43094003200531
2025-02-05 08:00:00+00:00,1.4309699535369873,1.431030035018921,1.426900029182434,1.4285500049591064
2025-02-05 16:00:00+00:00,1.428529977798462,1.432800054550171,1.4270000457763672,1.431399941444397
2025-02-06 00:00:00+00:00,1.4315099716186523,1.4363900423049927,1.4306999444961548,1.436020016670227
2025-02-06 08:00:00+00:00,1.4359999895095825,1.436650037765503,1.4315999746322632,1.4316999912261963
2025-02-06 16:00:00+00:00,1.4321000576019287,1.4323099851608276,1.4297000169754028,1.4306999444961548
2025-02-07 00:00:00+00:00,1.4307700395584106,1.4327000379562378,1.4297000169754028,1.4313700199127197
2025-02-07 08:00:00+00:00,1.4313700199127197,1.434499979019165,1.4275000095367432,1.4301199913024902
2025-02-07 16:00:00+00:00,1.4300899505615234,1.4332799911499023,1.426900029182434,1.4290000200271606
2025-02-08 00:00:00+00:00,,,,
2025-02-08 08:00:00+00:00,,,,
2025-02-08 16:00:00+00:00,,,,
2025-02-09 00:00:00+00:00,,,,
2025-02-09 08:00:00+00:00,,,,
2025-02-09 16:00:00+00:00,,,,
2025-02-10 00:00:00+00:00,1.4332200288772583,1.4358999729156494,1.4321000576019287,1.434399962425232
2025-02-10 08:00:00+00:00,1.4347599744796753,1.4348499774932861,1.4311000108718872,1.4316999912261963
2025-02-10 16:00:00+00:00,1.4319900274276733,1.4338099956512451,1.4301999807357788,1.4336899518966675
2025-02-11 00:00:00+00:00,1.433840036392212,1.4340499639511108,1.4321999549865723,1.4332900047302246
2025-02-11 08:00:00+00:00,1.4329999685287476,1.4345699548721313,1.430400013923645,1.4313900470733643
2025-02-11 16:00:00+00:00,1.431380033493042,1.4315299987792969,1.4275000095367432,1.4282000064849854
2025-02-12 00:00:00+00:00,1.4286500215530396,1.429819941520691,1.4276000261306763,1.4290800094604492
2025-02-12 08:00:00+00:00,1.4290800094604492,1.4341800212860107,1.4283000230789185,1.4295300245285034
2025-02-12 16:00:00+00:00,1.4292000532150269,1.4314500093460083,1.4250999689102173,1.4300099611282349
2025-02-13 00:00:00+00:00,1.4299800395965576,1.4302400350570679,1.4250999689102173,1.4270199537277222
2025-02-13 08:00:00+00:00,1.4270100593566895,1.4303699731826782,1.420699954032898,1.4221999645233154
2025-02-13 16:00:00+00:00,1.422160029411316,1.4262499809265137,1.4178999662399292,1.419119954109192
2025-02-14 00:00:00+00:00,1.4192500114440918,1.4200199842453003,1.4160000085830688,1.4166899919509888
2025-02-14 08:00:00+00:00,1.4166200160980225,1.4191399812698364,1.4147000312805176,1.416640043258667
2025-02-14 16:00:00+00:00,1.4163999557495117,1.4186500310897827,1.4154000282287598,1.4178999662399292
2025-02-15 00:00:00+00:00,,,,
2025-02-15 08:00:00+00:00,,,,
2025-02-15 16:00:00+00:00,,,,
2025-02-16 00:00:00+00:00,,,,
2025-02-16 08:00:00+00:00,,,,
2025-02-16 16:00:00+00:00,,,,
2025-02-17 00:00:00+00:00,1.41812002658844,1.4185600280761719,1.4155999422073364,1.4184399843215942
2025-02-17 08:00:00+00:00,1.418370008468628,1.4193999767303467,1.4177000522613525,1.4187300205230713
2025-02-17 16:00:00+00:00,1.41867995262146,1.419469952583313,1.4174100160598755,1.4182000160217285
2025-02-18 00:00:00+00:00,1.4184600114822388,1.4208500385284424,1.417799949645996,1.419100046157837
2025-02-18 08:00:00+00:00,1.419409990310669,1.421280026435852,1.4175000190734863,1.4187999963760376
2025-02-18 16:00:00+00:00,1.4188200235366821,1.4197900295257568,1.4179999828338623,1.4186999797821045
2025-02-19 00:00:00+00:00,1.4189599752426147,1.4198700189590454,1.417099952697754,1.4185600280761719
2025-02-19 08:00:00+00:00,1.4185999631881714,1.4221500158309937,1.4179999828338623,1.4220499992370605
2025-02-19 16:00:00+00:00,1.4220399856567383,1.4245500564575195,1.4213000535964966,1.4240299463272095
2025-02-20 00:00:00+00:00,1.4240700006484985,1.4244500398635864,1.4212000370025635,1.422700047492981
2025-02-20 08:00:00+00:00,1.422719955444336,1.4227299690246582,1.4178999662399292,1.4189599752426147
2025-02-20 16:00:00+00:00,1.419010043144226,1.4201099872589111,1.4163000583648682,1.4175100326538086
2025-02-21 00:00:00+00:00,1.4174799919128418,1.419469952583313,1.4163999557495117,1.4183000326156616
2025-02-21 08:00:00+00:00,1.418529987335205,1.4208600521087646,1.4169000387191772,1.4202500581741333
2025-02-21 16:00:00+00:00,1.420259952545166,1.4236500263214111,1.4189000129699707,1.4222999811172485
2025-02-22 00:00:00+00:00,,,,
2025-02-22 08:00:00+00:00,,,,
2025-02-22 16:00:00+00:00,,,,
2025-02-23 00:00:00+00:00,,,,
2025-02-23 08:00:00+00:00,,,,
2025-02-23 16:00:00+00:00,,,,
2025-02-24 00:00:00+00:00,1.4210699796676636,1.4213299751281738,1.417799949645996,1.4192800521850586
2025-02-24 08:00:00+00:00,1.4193400144577026,1.4244699478149414,1.4187999963760376,1.423490047454834
2025-02-24 16:00:00+00:00,1.4234800338745117,1.4279500246047974,1.420300006866455,1.427299976348877
2025-02-25 00:00:00+00:00,1.427780032157898,1.4279299974441528,1.4234999418258667,1.4269399642944336
2025-02-25 08:00:00+00:00,1.4266999959945679,1.4295400381088257,1.4239000082015991,1.4291000366210938
2025-02-25 16:00:00+00:00,1.4293800592422485,1.4317500591278076,1.4276000261306763,1.4301400184631348
2025-02-26 00:00:00+00:00,1.430150032043457,1.4333399534225464,1.4290000200271606,1.4329099655151367
2025-02-26 08:00:00+00:00,1.4328700304031372,1.4357199668884277,1.4313000440597534,1.4349100589752197
2025-02-26 16:00:00+00:00,1.4349600076675415,1.4368200302124023,1.4296000003814697,1.4338099956512451
2025-02-27 00:00:00+00:00,1.4337899684906006,1.436329960823059,1.4329999685287476,1.433500051498413
2025-02-27 08:00:00+00:00,1.433840036392212,1.4437600374221802,1.4316999912261963,1.4426300525665283
2025-02-27 16:00:00+00:00,1.442639946937561,1.4449100494384766,1.4407999515533447,1.4445099830627441
2025-02-28 00:00:00+00:00,1.444200038909912,1.4452999830245972,1.4424999952316284,1.444159984588623
2025-02-28 08:00:00+00:00,1.444219946861267,1.445080041885376,1.4394999742507935,1.4402400255203247
2025-02-28 16:00:00+00:00,1.440250039100647,1.4472099542617798,1.4397000074386597,1.4464999437332153
2025-03-01 00:00:00+00:00,,,,
2025-03-01 08:00:00+00:00,,,,
2025-03-01 16:00:00+00:00,,,,
2025-03-02 00:00:00+00:00,,,,
2025-03-02 08:00:00+00:00,,,,
2025-03-02 16:00:00+00:00,,,,
2025-03-03 00:00:00+00:00,1.444309949874878,1.4453200101852417,1.4426000118255615,1.44405996799469
2025-03-03 08:00:00+00:00,1.4440200328826904,1.444659948348999,1.4366999864578247,1.4400999546051025
2025-03-03 16:00:00+00:00,1.4400999546051025,1.4541699886322021,1.4392999410629272,1.449280023574829
2025-03-04 00:00:00+00:00,1.44937002658844,1.4521600008010864,1.4465999603271484,1.4483000040054321
2025-03-04 08:00:00+00:00,1.4486099481582642,1.4503099918365479,1.4402999877929688,1.4498300552368164
2025-03-04 16:00:00+00:00,1.4497699737548828,1.454300045967102,1.4368000030517578,1.43982994556427
2025-03-05 00:00:00+00:00,1.4397900104522705,1.4450000524520874,1.438599944114685,1.4398000240325928
2025-03-05 08:00:00+00:00,1.4401400089263916,1.4436099529266357,1.4337999820709229,1.4395300149917603
2025-03-05 16:00:00+00:00,1.4395300149917603,1.4419499635696411,1.4326000213623047,1.433899998664856
2025-03-06 00:00:00+00:00,1.4339900016784668,1.4353599548339844,1.4305000305175781,1.434380054473877
2025-03-06 08:00:00+00:00,1.434380054473877,1.4377000331878662,1.4256999492645264,1.4265999794006348
2025-03-06 16:00:00+00:00,1.4269100427627563,1.431820034980774,1.423799991607666,1.4289000034332275
2025-03-07 00:00:00+00:00,1.4293099641799927,1.4319599866867065,1.4284000396728516,1.4303699731826782
2025-03-07 08:00:00+00:00,1.4299999475479126,1.4376800060272217,1.4276000261306763,1.4362200498580933
2025-03-07 16:00:00+00:00,1.4361399412155151,1.4426499605178833,1.4353200197219849,1.4377000331878662
2025-03-08 00:00:00+00:00,,,,
2025-03-08 08:00:00+00:00,,,,
2025-03-08 16:00:00+00:00,,,,
2025-03-09 00:00:00+00:00,,,,
2025-03-09 08:00:00+00:00,,,,
2025-03-09 16:00:00+00:00,,,,
2025-03-10 00:00:00+00:00,1.4373199939727783,1.4378399848937988,1.434999942779541,1.435979962348938
2025-03-10 08:00:00+00:00,1.4358999729156494,1.4434499740600586,1.4352600574493408,1.443060040473938
2025-03-10 16:00:00+00:00,1.443060040473938,1.4472399950027466,1.4419000148773193,1.4429199695587158
2025-03-11 00:00:00+00:00,1.4426699876785278,1.444700002670288,1.440600037574768,1.4414000511169434
2025-03-11 08:00:00+00:00,1.4413399696350098,1.4521100521087646,1.4388999938964844,1.4463200569152832
2025-03-11 16:00:00+00:00,1.446329951286316,1.4504499435424805,1.4375,1.4432799816131592
2025-03-12 00:00:00+00:00,1.4434700012207031,1.4484800100326538,1.4423999786376953,1.4450900554656982
2025-03-12 08:00:00+00:00,1.4451199769973755,1.4459400177001953,1.436400055885315,1.439769983291626
2025-03-12 16:00:00+00:00,1.4397599697113037,1.4401799440383911,1.4349000453948975,1.4359999895095825
2025-03-13 00:00:00+00:00,1.4359300136566162,1.440459966659546,1.4355000257492065,1.439710021018982
2025-03-13 08:00:00+00:00,1.439650058746338,1.440619945526123,1.4364500045776367,1.4399100542068481
2025-03-13 16:00:00+00:00,1.439869999885559,1.4451500177383423,1.4392000436782837,1.442620038986206
2025-03-14 00:00:00+00:00,1.44268000125885,1.4441499710083008,1.4413000345230103,1.442199945449829
2025-03-14 08:00:00+00:00,1.442139983177185,1.443660020828247,1.4372999668121338,1.437880039215088
2025-03-14 16:00:00+00:00,1.4378700256347656,1.4394500255584717,1.4351999759674072,1.436900019645691
2025-03-15 00:00:00+00:00,,,,
2025-03-15 08:00:00+00:00,,,,
2025-03-15 16:00:00+00:00,,,,
2025-03-16 00:00:00+00:00,,,,
2025-03-16 08:00:00+00:00,,,,
2025-03-16 16:00:00+00:00,,,,
2025-03-17 00:00:00+00:00,1.437000036239624,1.438040018081665,1.4356000423431396,1.4362800121307373
2025-03-17 08:00:00+00:00,1.4362499713897705,1.4370499849319458,1.4285000562667847,1.4299399852752686
2025-03-17 16:00:00+00:00,1.4299399852752686,1.4302400350570679,1.4270999431610107,1.4297300577163696
2025-03-18 00:00:00+00:00,1.4298800230026245,1.430799961090088,1.4285000562667847,1.4293299913406372
2025-03-18 08:00:00+00:00,1.4293999671936035,1.4318699836730957,1.426200032234192,1.4311800003051758
2025-03-18 16:00:00+00:00,1.4312000274658203,1.4319499731063843,1.4289000034332275,1.4299700260162354
2025-03-19 00:00:00+00:00,1.4299800395965576,1.433109998703003,1.4291000366210938,1.4326200485229492
2025-03-19 08:00:00+00:00,1.4326200485229492,1.4337899684906006,1.430400013923645,1.432960033416748
2025-03-19 16:00:00+00:00,1.432919979095459,1.4349000453948975,1.430400013923645,1.43218994140625
2025-03-20 00:00:00+00:00,1.4321000576019287,1.434939980506897,1.4313000440597534,1.4340399503707886
2025-03-20 08:00:00+00:00,1.4340900182724,1.4401600360870361,1.4321999549865723,1.432770013809204
2025-03-20 16:00:00+00:00,1.4327199459075928,1.433609962463379,1.430899977684021,1.4324599504470825
2025-03-21 00:00:00+00:00,1.4324599504470825,1.4343899488449097,1.430999994277954,1.4322500228881836
2025-03-21 08:00:00+00:00,1.4322199821472168,1.4372899532318115,1.430899977684021,1.4357099533081055
2025-03-21 16:00:00+00:00,1.4357399940490723,1.4360899925231934,1.432800054550171,1.4347000122070312
2025-03-22 00:00:00+00:00,,,,
2025-03-22 08:00:00+00:00,,,,
2025-03-22 16:00:00+00:00,,,,
2025-03-23 00:00:00+00:00,,,,
2025-03-23 08:00:00+00:00,,,,
2025-03-23 16:00:00+00:00,,,,
2025-03-24 00:00:00+00:00,1.4333000183105469,1.4350999593734741,1.4321999549865723,1.433109998703003
2025-03-24 08:00:00+00:00,1.4330999851226807,1.434630036354065,1.4285000562667847,1.4292900562286377
2025-03-24 16:00:00+00:00,1.4292999505996704,1.4327600002288818,1.4287999868392944,1.4315999746322632
2025-03-25 00:00:00+00:00,1.4316400289535522,1.4331899881362915,1.4306999444961548,1.4324300289154053
2025-03-25 08:00:00+00:00,1.4323699474334717,1.4332799911499023,1.4266999959945679,1.4308500289916992
2025-03-25 16:00:00+00:00,1.4308500289916992,1.4309300184249878,1.426800012588501,1.4273799657821655
2025-03-26 00:00:00+00:00,1.4272799491882324,1.4298299551010132,1.424299955368042,1.4249900579452515
2025-03-26 08:00:00+00:00,1.4249999523162842,1.4272199869155884,1.4230999946594238,1.4255399703979492
2025-03-26 16:00:00+00:00,1.4251999855041504,1.4315999746322632,1.4250999689102173,1.4291000366210938
2025-03-27 00:00:00+00:00,1.4296200275421143,1.4297800064086914,1.4255000352859497,1.4293999671936035
2025-03-27 08:00:00+00:00,1.4297599792480469,1.4328900575637817,1.4270999431610107,1.431399941444397
2025-03-27 16:00:00+00:00,1.4318100214004517,1.4321500062942505,1.4294999837875366,1.4307899475097656
2025-03-28 00:00:00+00:00,1.430690050125122,1.4329099655151367,1.430299997329712,1.4328299760818481
2025-03-28 08:00:00+00:00,1.4328199625015259,1.4333000183105469,1.4271999597549438,1.4283900260925293
2025-03-28 16:00:00+00:00,1.428380012512207,1.432420015335083,1.4271999597549438,1.4316999912261963
2025-03-29 00:00:00+00:00,,,,
2025-03-29 08:00:00+00:00,,,,
2025-03-29 16:00:00+00:00,,,,
2025-03-30 00:00:00+00:00,,,,
2025-03-30 08:00:00+00:00,,,,
2025-03-30 16:00:00+00:00,1.431839942932129,1.432479977607727,1.4305000305175781,1.4309200048446655
2025-03-31 00:00:00+00:00,1.4309099912643433,1.4343700408935547,1.4294999837875366,1.4338099956512451
2025-03-31 08:00:00+00:00,1.4337999820709229,1.4395400285720825,1.4332000017166138,1.4379600286483765
2025-03-31 16:00:00+00:00,1.4379600286483765,1.4395999908447266,1.4361000061035156,1.4390699863433838
2025-04-01 00:00:00+00:00,1.439039945602417,1.4402999877929688,1.436900019645691,1.4398000240325928
2025-04-01 08:00:00+00:00,1.440060019493103,1.4415099620819092,1.4300999641418457,1.4317400455474854
2025-04-01 16:00:00+00:00,1.431689977645874,1.434399962425232,1.4284000396728516,1.4293400049209595
2025-04-02 00:00:00+00:00,1.429360032081604,1.4317599534988403,1.4289000034332275,1.4304200410842896
2025-04-02 08:00:00+00:00,1.4300999641418457,1.4334499835968018,1.4292000532150269,1.4311100244522095
2025-04-02 16:00:00+00:00,1.4310499429702759,1.4365899562835693,1.4212000370025635,1.421589970588684
2025-04-03 00:00:00+00:00,1.4216099977493286,1.4257999658584595,1.416100025177002,1.4164700508117676
2025-04-03 08:00:00+00:00,1.4164899587631226,1.4166100025177002,1.4023000001907349,1.4064300060272217
2025-04-03 16:00:00+00:00,1.4064199924468994,1.4104100465774536,1.404099941253662,1.4083399772644043
2025-04-04 00:00:00+00:00,1.4083000421524048,1.414989948272705,1.4048999547958374,1.4147299528121948
2025-04-04 08:00:00+00:00,1.4146699905395508,1.4241900444030762,1.4124000072479248,1.4192999601364136
2025-04-04 16:00:00+00:00,1.419510006904602,1.4258999824523926,1.4177000522613525,1.4218000173568726
2025-04-05 00:00:00+00:00,,,,
2025-04-05 08:00:00+00:00,,,,
2025-04-05 16:00:00+00:00,,,,
2025-04-06 00:00:00+00:00,,,,
2025-04-06 08:00:00+00:00,,,,
2025-04-06 16:00:00+00:00,1.4246200323104858,1.4250199794769287,1.4221999645233154,1.4242099523544312
2025-04-07 00:00:00+00:00,1.4241900444030762,1.4258400201797485,1.4191999435424805,1.4223899841308594
2025-04-07 08:00:00+00:00,1.4223599433898926,1.4296300411224365,1.4175000190734863,1.4225900173187256
2025-04-07 16:00:00+00:00,1.422569990158081,1.4254800081253052,1.4179999828338623,1.4238799810409546
2025-04-08 00:00:00+00:00,1.4238899946212769,1.4241199493408203,1.4146000146865845,1.4189000129699707
2025-04-08 08:00:00+00:00,1.419160008430481,1.422320008277893,1.4139000177383423,1.4194999933242798
2025-04-08 16:00:00+00:00,1.4198399782180786,1.4271899461746216,1.417799949645996,1.4256000518798828
2025-04-09 00:00:00+00:00,1.425570011138916,1.4273500442504883,1.4190000295639038,1.4200799465179443
2025-04-09 08:00:00+00:00,1.4200999736785889,1.4223500490188599,1.4127999544143677,1.4188400506973267
2025-04-09 16:00:00+00:00,1.4187899827957153,1.4191299676895142,1.406999945640564,1.4102699756622314
2025-04-10 00:00:00+00:00,1.4102400541305542,1.4110100269317627,1.4048000574111938,1.40625
2025-04-10 08:00:00+00:00,1.405900001525879,1.4095200300216675,1.3985999822616577,1.4010000228881836
2025-04-10 16:00:00+00:00,1.4010900259017944,1.4018499851226807,1.3947999477386475,1.3952399492263794
2025-04-11 00:00:00+00:00,1.3952399492263794,1.3984700441360474,1.3889000415802002,1.3897299766540527
2025-04-11 08:00:00+00:00,1.3897299766540527,1.3933299779891968,1.3834999799728394,1.3896700143814087
2025-04-11 16:00:00+00:00,1.389680027961731,1.3933000564575195,1.3854600191116333,1.3863999843597412
2025-04-12 00:00:00+00:00,,,,
2025-04-12 08:00:00+00:00,,,,
2025-04-12 16:00:00+00:00,,,,
2025-04-13 00:00:00+00:00,,,,
2025-04-13 08:00:00+00:00,,,,
2025-04-13 16:00:00+00:00,1.3876999616622925,1.3883899450302124,1.386299967765808,1.3874499797821045
2025-04-14 00:00:00+00:00,1.3873399496078491,1.3877400159835815,1.3825000524520874,1.3834099769592285
2025-04-14 08:00:00+00:00,1.3834400177001953,1.3903700113296509,1.3827999830245972,1.389430046081543
2025-04-14 16:00:00+00:00,1.3894100189208984,1.3910900354385376,1.3858000040054321,1.3900699615478516
2025-04-15 00:00:00+00:00,1.390089988708496,1.3902699947357178,1.384600043296814,1.385830044746399
2025-04-15 08:00:00+00:00,1.385849952697754,1.3958699703216553,1.384600043296814,1.3945900201797485
2025-04-15 16:00:00+00:00,1.394469976425171,1.3977700471878052,1.3935999870300293,1.395799994468689
2025-04-16 00:00:00+00:00,1.3957799673080444,1.3959800004959106,1.3907999992370605,1.391160011291504
2025-04-16 08:00:00+00:00,1.3912400007247925,1.3930000066757202,1.3868000507354736,1.3883600234985352
2025-04-16 16:00:00+00:00,1.388319969177246,1.3898500204086304,1.3849999904632568,1.3854999542236328
2025-04-17 00:00:00+00:00,1.3859100341796875,1.3896299600601196,1.385200023651123,1.3870699405670166
2025-04-17 08:00:00+00:00,1.387120008468628,1.3905999660491943,1.384600043296814,1.385640025138855
2025-04-17 16:00:00+00:00,1.385640025138855,1.3860900402069092,1.3824000358581543,1.3839800357818604
2025-04-18 00:00:00+00:00,1.384220004081726,1.3867299556732178,1.3837000131607056,1.3864200115203857
2025-04-18 08:00:00+00:00,1.3863799571990967,1.3869500160217285,1.3840999603271484,1.3848999738693237
2025-04-18 16:00:00+00:00,1.3848600387573242,1.385599970817566,1.3830000162124634,1.384600043296814
2025-04-19 00:00:00+00:00,,,,
2025-04-19 08:00:00+00:00,,,,
2025-04-19 16:00:00+00:00,,,,
2025-04-20 00:00:00+00:00,,,,
2025-04-20 08:00:00+00:00,,,,
2025-04-20 16:00:00+00:00,1.3828099966049194,1.383039951324463,1.381700038909912,1.3824599981307983
2025-04-21 00:00:00+00:00,1.3825199604034424,1.3826099634170532,1.378600001335144,1.379699945449829
2025-04-21 08:00:00+00:00,1.3796000480651855,1.3819299936294556,1.3775999546051025,1.381600022315979
2025-04-21 16:00:00+00:00,1.3817600011825562,1.3849899768829346,1.3812999725341797,1.3828999996185303
2025-04-22 00:00:00+00:00,1.38332998752594,1.3845700025558472,1.3789000511169434,1.3810700178146362
2025-04-22 08:00:00+00:00,1.3810700178146362,1.3861500024795532,1.3797999620437622,1.3801300525665283
2025-04-22 16:00:00+00:00,1.3798999786376953,1.3860399723052979,1.3791999816894531,1.384809970855713
2025-04-23 00:00:00+00:00,1.384600043296814,1.384850025177002,1.3804999589920044,1.3817100524902344
2025-04-23 08:00:00+00:00,1.3817100524902344,1.3895699977874756,1.3792999982833862,1.3894200325012207
2025-04-23 16:00:00+00:00,1.389299988746643,1.3904600143432617,1.3866000175476074,1.3871999979019165
2025-04-24 00:00:00+00:00,1.3874800205230713,1.3881299495697021,1.3837000131607056,1.3838000297546387
2025-04-24 08:00:00+00:00,1.384060025215149,1.3897099494934082,1.3835999965667725,1.3885999917984009
2025-04-24 16:00:00+00:00,1.3889399766921997,1.3898999691009521,1.3839999437332153,1.385509967803955
2025-04-25 00:00:00+00:00,1.3854899406433105,1.3889299631118774,1.38510000705719,1.3875999450683594
2025-04-25 08:00:00+00:00,1.387760043144226,1.3892300128936768,1.3845000267028809,1.385599970817566
2025-04-25 16:00:00+00:00,1.385849952697754,1.3875800371170044,1.3845000267028809,1.3854000568389893
2025-04-26 00:00:00+00:00,,,,
2025-04-26 08:00:00+00:00,,,,
2025-04-26 16:00:00+00:00,,,,
2025-04-27 00:00:00+00:00,,,,
2025-04-27 08:00:00+00:00,,,,
2025-04-27 16:00:00+00:00,1.38687002658844,1.3872300386428833,1.385699987411499,1.3870400190353394
2025-04-28 00:00:00+00:00,1.3870600461959839,1.3887200355529785,1.3859000205993652,1.3880200386047363
2025-04-28 08:00:00+00:00,1.3880800008773804,1.3892600536346436,1.382099986076355,1.3858799934387207
2025-04-28 16:00:00+00:00,1.3858599662780762,1.386199951171875,1.3812999725341797,1.3831499814987183
2025-04-29 00:00:00+00:00,1.3827999830245972,1.3871300220489502,1.3803999423980713,1.3819600343704224
2025-04-29 08:00:00+00:00,1.3819500207901,1.38673996925354,1.3811999559402466,1.3854199647903442
2025-04-29 16:00:00+00:00,1.38510000705719,1.3860100507736206,1.3819999694824219,1.3825700283050537
2025-04-30 00:00:00+00:00,1.382539987564087,1.384600043296814,1.3813999891281128,1.3831900358200073
2025-04-30 08:00:00+00:00,1.3831900358200073,1.3855400085449219,1.3798999786376953,1.3808300495147705
2025-04-30 16:00:00+00:00,1.380769968032837,1.3818600177764893,1.3765000104904175,1.379349946975708
2025-05-01 00:00:00+00:00,1.37909996509552,1.3816100358963013,1.378000020980835,1.3812099695205688
2025-05-01 08:00:00+00:00,1.381250023841858,1.3862099647521973,1.3791999816894531,1.3848299980163574
2025-05-01 16:00:00+00:00,1.3847700357437134,1.386139988899231,1.3831000328063965,1.3845000267028809
2025-05-02 00:00:00+00:00,1.384850025177002,1.3849999904632568,1.3798999786376953,1.381719946861267
2025-05-02 08:00:00+00:00,1.3816699981689453,1.383870005607605,1.375499963760376,1.378999948501587
2025-05-02 16:00:00+00:00,1.379140019416809,1.3820300102233887,1.3777999877929688,1.3813899755477905
2025-05-03 00:00:00+00:00,,,,
2025-05-03 08:00:00+00:00,,,,
2025-05-03 16:00:00+00:00,,,,
2025-05-04 00:00:00+00:00,,,,
2025-05-04 08:00:00+00:00,,,,
2025-05-04 16:00:00+00:00,1.382200002670288,1.3828099966049194,1.3812999725341797,1.3824900388717651
2025-05-05 00:00:00+00:00,1.3824700117111206,1.3828999996185303,1.3783999681472778,1.3815799951553345
2025-05-05 08:00:00+00:00,1.381100058555603,1.3829699754714966,1.3782000541687012,1.38100004196167
2025-05-05 16:00:00+00:00,1.3811299800872803,1.3830000162124634,1.3803999423980713,1.3818999528884888
2025-05-06 00:00:00+00:00,1.3822699785232544,1.3845100402832031,1.3804999589920044,1.3814300298690796
2025-05-06 08:00:00+00:00,1.3814300298690796,1.3832499980926514,1.3767000436782837,1.3775299787521362
2025-05-06 16:00:00+00:00,1.3774800300598145,1.379040002822876,1.3746000528335571,1.3771400451660156
2025-05-07 00:00:00+00:00,1.3770999908447266,1.379870057106018,1.3762999773025513,1.378440022468567
2025-05-07 08:00:00+00:00,1.378100037574768,1.3806400299072266,1.3768999576568604,1.3774499893188477
2025-05-07 16:00:00+00:00,1.3774100542068481,1.3839499950408936,1.3770999908447266,1.3836300373077393
2025-05-08 00:00:00+00:00,1.3836400508880615,1.388350009918213,1.3809000253677368,1.386299967765808
2025-05-08 08:00:00+00:00,1.3862899541854858,1.3919199705123901,1.3854000568389893,1.3912999629974365
2025-05-08 16:00:00+00:00,1.3914200067520142,1.3932900428771973,1.3910000324249268,1.3920999765396118
2025-05-09 00:00:00+00:00,1.3923300504684448,1.3942400217056274,1.3907999992370605,1.3914300203323364
2025-05-09 08:00:00+00:00,1.3914599418640137,1.3941700458526611,1.3902000188827515,1.39260995388031
2025-05-09 16:00:00+00:00,1.3926199674606323,1.3944499492645264,1.3916000127792358,1.3937000036239624
2025-05-10 00:00:00+00:00,,,,
2025-05-10 08:00:00+00:00,,,,
2025-05-10 16:00:00+00:00,,,,
2025-05-11 00:00:00+00:00,,,,
2025-05-11 08:00:00+00:00,,,,
2025-05-11 16:00:00+00:00,1.3927799463272095,1.3929500579833984,1.3916000127792358,1.3927799463272095
2025-05-12 00:00:00+00:00,1.3927500247955322,1.397629976272583,1.3909000158309937,1.3969700336456299
2025-05-12 08:00:00+00:00,1.3964999914169312,1.4007999897003174,1.3947999477386475,1.400439977645874
2025-05-12 16:00:00+00:00,1.4004199504852295,1.4015599489212036,1.3964999914169312,1.3973900079727173
2025-05-13 00:00:00+00:00,1.3973400592803955,1.3988399505615234,1.395400047302246,1.3986300230026245
2025-05-13 08:00:00+00:00,1.3986200094223022,1.401610016822815,1.3952000141143799,1.395900011062622
2025-05-13 16:00:00+00:00,1.3959399461746216,1.3969299793243408,1.392199993133545,1.3932700157165527
2025-05-14 00:00:00+00:00,1.3930000066757202,1.3939599990844727,1.3912999629974365,1.3923300504684448
2025-05-14 08:00:00+00:00,1.3923300504684448,1.3978999853134155,1.389799952507019,1.396440029144287
2025-05-14 16:00:00+00:00,1.3964500427246094,1.3985999822616577,1.3954999446868896,1.3978099822998047
2025-05-15 00:00:00+00:00,1.397760033607483,1.3988100290298462,1.3954999446868896,1.3981000185012817
2025-05-15 08:00:00+00:00,1.3983700275421143,1.400339961051941,1.3971999883651733,1.3990399837493896
2025-05-15 16:00:00+00:00,1.3989800214767456,1.4004600048065186,1.394700050354004,1.3955800533294678
2025-05-16 00:00:00+00:00,1.3955600261688232,1.3957300186157227,1.3930000066757202,1.3946000337600708
2025-05-16 08:00:00+00:00,1.3945900201797485,1.3991800546646118,1.3942999839782715,1.398800015449524
2025-05-16 16:00:00+00:00,1.3990700244903564,1.399549961090088,1.395900011062622,1.3964999914169312
2025-05-17 00:00:00+00:00,,,,
2025-05-17 08:00:00+00:00,,,,
2025-05-17 16:00:00+00:00,,,,
2025-05-18 00:00:00+00:00,,,,
2025-05-18 08:00:00+00:00,,,,
2025-05-18 16:00:00+00:00,1.3955999612808228,1.395799994468689,1.3947999477386475,1.3948999643325806
2025-05-19 00:00:00+00:00,1.3952800035476685,1.397279977798462,1.3944000005722046,1.3953100442886353
2025-05-19 08:00:00+00:00,1.395300030708313,1.3961999416351318,1.3912999629974365,1.3946800231933594
2025-05-19 16:00:00+00:00,1.3946499824523926,1.3965200185775757,1.392699956893921,1.395740032196045
2025-05-20 00:00:00+00:00,1.3957899808883667,1.3968299627304077,1.392899990081787,1.3935500383377075
2025-05-20 08:00:00+00:00,1.3931000232696533,1.3961100578308105,1.3913999795913696,1.3942300081253052
2025-05-20 16:00:00+00:00,1.3942699432373047,1.394950032234192,1.3903000354766846,1.3904999494552612
2025-05-21 00:00:00+00:00,1.3908799886703491,1.3911099433898926,1.3875000476837158,1.3884799480438232
2025-05-21 08:00:00+00:00,1.3885300159454346,1.3898299932479858,1.3818000555038452,1.3822400569915771
2025-05-21 16:00:00+00:00,1.3822400569915771,1.3871400356292725,1.38100004196167,1.386139988899231
2025-05-22 00:00:00+00:00,1.3861099481582642,1.386989951133728,1.3840999603271484,1.3856600522994995
2025-05-22 08:00:00+00:00,1.3856300115585327,1.3889000415802002,1.3844000101089478,1.385759949684143
2025-05-22 16:00:00+00:00,1.3857799768447876,1.3873000144958496,1.3848999738693237,1.3858000040054321
2025-05-23 00:00:00+00:00,1.3858100175857544,1.3859000205993652,1.3804999589920044,1.381410002708435
2025-05-23 08:00:00+00:00,1.381410002708435,1.3833800554275513,1.3746000528335571,1.3756999969482422
2025-05-23 16:00:00+00:00,1.3756999969482422,1.375939965248108,1.3704999685287476,1.3737000226974487
2025-05-24 00:00:00+00:00,,,,
2025-05-24 08:00:00+00:00,,,,
2025-05-24 16:00:00+00:00,,,,
2025-05-25 00:00:00+00:00,,,,
2025-05-25 08:00:00+00:00,,,,
2025-05-25 16:00:00+00:00,1.373039960861206,1.373829960823059,1.371899962425232,1.373610019683838
2025-05-26 00:00:00+00:00,1.3733999729156494,1.3736000061035156,1.3681999444961548,1.3702600002288818
2025-05-26 08:00:00+00:00,1.3703299760818481,1.3735100030899048,1.3694000244140625,1.3728699684143066
2025-05-26 16:00:00+00:00,1.3728899955749512,1.373900055885315,1.372499942779541,1.373610019683838
2025-05-27 00:00:00+00:00,1.3736000061035156,1.3768999576568604,1.37214994430542,1.3765900135040283
2025-05-27 08:00:00+00:00,1.376539945602417,1.3779300451278687,1.3754199743270874,1.3776500225067139
2025-05-27 16:00:00+00:00,1.3776500225067139,1.3836100101470947,1.3770500421524048,1.3805999755859375
2025-05-28 00:00:00+00:00,1.3809700012207031,1.3838499784469604,1.379699945449829,1.3820699453353882
2025-05-28 08:00:00+00:00,1.3820899724960327,1.3844399452209473,1.3803999423980713,1.3820199966430664
2025-05-28 16:00:00+00:00,1.3820199966430664,1.3861000537872314,1.3812999725341797,1.3853399753570557
2025-05-29 00:00:00+00:00,1.3853199481964111,1.3861600160598755,1.3812999725341797,1.3818199634552002
2025-05-29 08:00:00+00:00,1.381809949874878,1.3835200071334839,1.378000020980835,1.380929946899414
2025-05-29 16:00:00+00:00,1.3809399604797363,1.3812199831008911,1.3791999816894531,1.380660057067871
2025-05-30 00:00:00+00:00,1.3806300163269043,1.3829900026321411,1.379699945449829,1.3817399740219116
2025-05-30 08:00:00+00:00,1.3817100524902344,1.3823599815368652,1.3734999895095825,1.3748199939727783
2025-05-30 16:00:00+00:00,1.3747800588607788,1.376330018043518,1.371000051498413,1.3739999532699585
2025-05-31 00:00:00+00:00,,,,
2025-05-31 08:00:00+00:00,,,,
2025-05-31 16:00:00+00:00,,,,
2025-06-01 00:00:00+00:00,,,,
2025-06-01 08:00:00+00:00,,,,
2025-06-01 16:00:00+00:00,1.372499942779541,1.3727999925613403,1.371899962425232,1.3723000288009644
2025-06-02 00:00:00+00:00,1.3724900484085083,1.3728899955749512,1.3669999837875366,1.367799997329712
2025-06-02 08:00:00+00:00,1.3681299686431885,1.3713200092315674,1.3669999837875366,1.3699400424957275
2025-06-02 16:00:00+00:00,1.3699300289154053,1.3723700046539307,1.3696000576019287,1.3710800409317017
2025-06-03 00:00:00+00:00,1.3710299730300903,1.37391996383667,1.3707000017166138,1.3729000091552734
2025-06-03 08:00:00+00:00,1.3732000589370728,1.3743000030517578,1.3696000576019287,1.37214994430542
2025-06-03 16:00:00+00:00,1.3717999458312988,1.3731399774551392,1.371000051498413,1.3711999654769897
2025-06-04 00:00:00+00:00,1.371500015258789,1.3731600046157837,1.3702000379562378,1.371749997138977
2025-06-04 08:00:00+00:00,1.3717600107192993,1.37214994430542,1.3658000230789185,1.3670099973678589
2025-06-04 16:00:00+00:00,1.3670099973678589,1.3685699701309204,1.364799976348877,1.3681600093841553
2025-06-05 00:00:00+00:00,1.367799997329712,1.3683899641036987,1.3654999732971191,1.3671400547027588
2025-06-05 08:00:00+00:00,1.3671300411224365,1.367210030555725,1.3630000352859497,1.3667700290679932
2025-06-05 16:00:00+00:00,1.3664000034332275,1.367609977722168,1.3652000427246094,1.3667500019073486
2025-06-06 00:00:00+00:00,1.3667000532150269,1.3671599626541138,1.3655999898910522,1.3667700290679932
2025-06-06 08:00:00+00:00,1.3664000034332275,1.3704299926757812,1.3662999868392944,1.3686200380325317
2025-06-06 16:00:00+00:00,1.3685799837112427,1.3703199625015259,1.3680000305175781,1.3688000440597534
2025-06-07 00:00:00+00:00,,,,
2025-06-07 08:00:00+00:00,,,,
2025-06-07 16:00:00+00:00,,,,
2025-06-08 00:00:00+00:00,,,,
2025-06-08 08:00:00+00:00,,,,
2025-06-08 16:00:00+00:00,1.3690999746322632,1.3696999549865723,1.3687000274658203,1.3692100048065186
2025-06-09 00:00:00+00:00,1.3692100048065186,1.3696000576019287,1.367300033569336,1.368190050125122
2025-06-09 08:00:00+00:00,1.3681399822235107,1.3707400560379028,1.3665000200271606,1.3676999807357788
2025-06-09 16:00:00+00:00,1.367650032043457,1.370360016822815,1.3667000532150269,1.3696999549865723
2025-06-10 00:00:00+00:00,1.3699899911880493,1.372849941253662,1.36899995803833,1.3720099925994873
2025-06-10 08:00:00+00:00,1.371999979019165,1.3720999956130981,1.3664000034332275,1.3683899641036987
2025-06-10 16:00:00+00:00,1.3683700561523438,1.3692699670791626,1.3659000396728516,1.3666000366210938
2025-06-11 00:00:00+00:00,1.366819977760315,1.3684099912643433,1.3661999702453613,1.3674800395965576
2025-06-11 08:00:00+00:00,1.3674800395965576,1.3690099716186523,1.3645000457763672,1.3663699626922607
2025-06-11 16:00:00+00:00,1.3663500547409058,1.3674800395965576,1.3645000457763672,1.3666000366210938
2025-06-12 00:00:00+00:00,1.3665599822998047,1.3675299882888794,1.3644299507141113,1.366629958152771
2025-06-12 08:00:00+00:00,1.3666499853134155,1.3672000169754028,1.3603999614715576,1.3616700172424316
2025-06-12 16:00:00+00:00,1.3617099523544312,1.3617600202560425,1.3590999841690063,1.3595099449157715
2025-06-13 00:00:00+00:00,1.3595199584960938,1.365149974822998,1.3588999509811401,1.3619500398635864
2025-06-13 08:00:00+00:00,1.3619400262832642,1.3650599718093872,1.357100009918213,1.357300043106079
2025-06-13 16:00:00+00:00,1.3575899600982666,1.3600900173187256,1.3561999797821045,1.3583999872207642
2025-06-14 00:00:00+00:00,,,,
2025-06-14 08:00:00+00:00,,,,
2025-06-14 16:00:00+00:00,,,,
2025-06-15 00:00:00+00:00,,,,
2025-06-15 08:00:00+00:00,,,,
2025-06-15 16:00:00+00:00,1.3582500219345093,1.3593300580978394,1.357699990272522,1.3581000566482544
2025-06-16 00:00:00+00:00,1.3582600355148315,1.360700011253357,1.3567999601364136,1.3573800325393677
2025-06-16 08:00:00+00:00,1.3573999404907227,1.357800006866455,1.3535000085830688,1.3557000160217285
2025-06-16 16:00:00+00:00,1.3556599617004395,1.3580100536346436,1.3545000553131104,1.3572700023651123
2025-06-17 00:00:00+00:00,1.3572800159454346,1.3583199977874756,1.3561999797821045,1.3569799661636353
2025-06-17 08:00:00+00:00,1.3569400310516357,1.360010027885437,1.3552000522613525,1.3588199615478516
2025-06-17 16:00:00+00:00,1.358780026435852,1.3693300485610962,1.3579000234603882,1.3680000305175781
2025-06-18 00:00:00+00:00,1.368090033531189,1.368149995803833,1.3646999597549438,1.3658000230789185
2025-06-18 08:00:00+00:00,1.3660600185394287,1.3696000576019287,1.3630000352859497,1.3684699535369873
2025-06-18 16:00:00+00:00,1.3685200214385986,1.3703199625015259,1.3652000427246094,1.3693000078201294
2025-06-19 00:00:00+00:00,1.369629979133606,1.3730000257492065,1.3690999746322632,1.371999979019165
2025-06-19 08:00:00+00:00,1.3723700046539307,1.3746399879455566,1.3697999715805054,1.3732999563217163
2025-06-19 16:00:00+00:00,1.3736300468444824,1.374060034751892,1.3688000440597534,1.369480013847351
2025-06-20 00:00:00+00:00,1.3695000410079956,1.3710600137710571,1.368299961090088,1.3704299926757812
2025-06-20 08:00:00+00:00,1.3704299926757812,1.3746299743652344,1.3687000274658203,1.3738900423049927
2025-06-20 16:00:00+00:00,1.3738499879837036,1.3746999502182007,1.3716000318527222,1.3732999563217163
2025-06-21 00:00:00+00:00,,,,
2025-06-21 08:00:00+00:00,,,,
2025-06-21 16:00:00+00:00,,,,
2025-06-22 00:00:00+00:00,,,,
2025-06-22 08:00:00+00:00,,,,
2025-06-22 16:00:00+00:00,1.374400019645691,1.3748400211334229,1.3732999563217163,1.3737000226974487
2025-06-23 00:00:00+00:00,1.3740899562835693,1.3767000436782837,1.3733999729156494,1.375380039215088
2025-06-23 08:00:00+00:00,1.3754199743270874,1.3798099756240845,1.3720999956130981,1.3773599863052368
2025-06-23 16:00:00+00:00,1.37746000289917,1.377959966659546,1.3717999458312988,1.3725999593734741
2025-06-24 00:00:00+00:00,1.3729300498962402,1.3734400272369385,1.3704999685287476,1.3721799850463867
2025-06-24 08:00:00+00:00,1.3721799850463867,1.3724199533462524,1.367400050163269,1.371250033378601
2025-06-24 16:00:00+00:00,1.371209979057312,1.3730000257492065,1.3701000213623047,1.3726099729537964
2025-06-25 00:00:00+00:00,1.3724000453948975,1.3737499713897705,1.3712999820709229,1.3724000453948975
2025-06-25 08:00:00+00:00,1.372730016708374,1.3754099607467651,1.3716000318527222,1.375100016593933
2025-06-25 16:00:00+00:00,1.3750799894332886,1.375100016593933,1.3705999851226807,1.371000051498413
2025-06-26 00:00:00+00:00,1.3711800575256348,1.3723000288009644,1.3694000244140625,1.3700000047683716
2025-06-26 08:00:00+00:00,1.370300054550171,1.3703900575637817,1.3621000051498413,1.3626999855041504
2025-06-26 16:00:00+00:00,1.3630399703979492,1.3650799989700317,1.361299991607666,1.364169955253601
2025-06-27 00:00:00+00:00,1.3642100095748901,1.3649799823760986,1.3623000383377075,1.3639899492263794
2025-06-27 08:00:00+00:00,1.3639800548553467,1.3667399883270264,1.3632999658584595,1.366610050201416
2025-06-27 16:00:00+00:00,1.3666399717330933,1.3759000301361084,1.3659000396728516,1.3680000305175781
2025-06-28 00:00:00+00:00,,,,
2025-06-28 08:00:00+00:00,,,,
2025-06-28 16:00:00+00:00,,,,
2025-06-29 00:00:00+00:00,,,,
2025-06-29 08:00:00+00:00,,,,
2025-06-29 16:00:00+00:00,1.3682399988174438,1.368589997291565,1.3674999475479126,1.368149995803833
2025-06-30 00:00:00+00:00,1.368149995803833,1.3699400424957275,1.3650000095367432,1.3673499822616577
2025-06-30 08:00:00+00:00,1.3673100471496582,1.368299961090088,1.361299991607666,1.361989974975586
2025-06-30 16:00:00+00:00,1.3619999885559082,1.3643699884414673,1.3595000505447388,1.3606200218200684
2025-07-01 00:00:00+00:00,1.360610008239746,1.3618299961090088,1.3594000339508057,1.3598699569702148
2025-07-01 08:00:00+00:00,1.3598500490188599,1.366610050201416,1.3586000204086304,1.3659000396728516
2025-07-01 16:00:00+00:00,1.3659100532531738,1.3667000532150269,1.363700032234192,1.3640999794006348
2025-07-02 00:00:00+00:00,1.3645000457763672,1.365880012512207,1.3633999824523926,1.3649699687957764
2025-07-02 08:00:00+00:00,1.3649699687957764,1.365689992904663,1.3617000579833984,1.362149953842163
2025-07-02 16:00:00+00:00,1.361799955368042,1.3625400066375732,1.3579000234603882,1.3585000038146973
2025-07-03 00:00:00+00:00,1.3587900400161743,1.3600900173187256,1.3574999570846558,1.3592100143432617
2025-07-03 08:00:00+00:00,1.3592900037765503,1.3623900413513184,1.355299949645996,1.3559499979019165
2025-07-03 16:00:00+00:00,1.3559499979019165,1.3589199781417847,1.355299949645996,1.357100009918213
2025-07-04 00:00:00+00:00,1.3574399948120117,1.3594000339508057,1.3561999797821045,1.3593100309371948
2025-07-04 08:00:00+00:00,1.3592499494552612,1.3612899780273438,1.3581000566482544,1.3604600429534912
2025-07-04 16:00:00+00:00,1.3604300022125244,1.3617000579833984,1.3594000339508057,1.3602999448776245
2025-07-05 00:00:00+00:00,,,,
2025-07-05 08:00:00+00:00,,,,
2025-07-05 16:00:00+00:00,,,,
2025-07-06 00:00:00+00:00,,,,
2025-07-06 08:00:00+00:00,,,,
2025-07-06 16:00:00+00:00,1.360450029373169,1.3606799840927124,1.3596999645233154,1.3603800535202026
2025-07-07 00:00:00+00:00,1.360319972038269,1.366610050201416,1.3594000339508057,1.366610050201416
2025-07-07 08:00:00+00:00,1.3662999868392944,1.3685499429702759,1.3625999689102173,1.364300012588501
2025-07-07 16:00:00+00:00,1.3645700216293335,1.3683300018310547,1.3639999628067017,1.3660999536514282
2025-07-08 00:00:00+00:00,1.3664699792861938,1.3665599822998047,1.3633999824523926,1.3636000156402588
2025-07-08 08:00:00+00:00,1.3638800382614136,1.3689700365066528,1.3633999824523926,1.3669999837875366
2025-07-08 16:00:00+00:00,1.3672699928283691,1.3694299459457397,1.3655400276184082,1.366860032081604
2025-07-09 00:00:00+00:00,1.366860032081604,1.3692899942398071,1.3660999536514282,1.3688100576400757
2025-07-09 08:00:00+00:00,1.368499994277954,1.371000051498413,1.367400050163269,1.3694599866867065
2025-07-09 16:00:00+00:00,1.369480013847351,1.3699699640274048,1.3674999475479126,1.368299961090088
2025-07-10 00:00:00+00:00,1.3685599565505981,1.3688499927520752,1.3659000396728516,1.3668999671936035
2025-07-10 08:00:00+00:00,1.3671000003814697,1.3708399534225464,1.3664000034332275,1.367799997329712
2025-07-10 16:00:00+00:00,1.368299961090088,1.3685499429702759,1.3646999597549438,1.365530014038086
2025-07-11 00:00:00+00:00,1.3655200004577637,1.3730499744415283,1.3650000095367432,1.3691400289535522
2025-07-11 08:00:00+00:00,1.3691400289535522,1.3711899518966675,1.3646999597549438,1.3679100275039673
2025-07-11 16:00:00+00:00,1.367900013923645,1.3695900440216064,1.3665000200271606,1.3681999444961548
2025-07-12 00:00:00+00:00,,,,
2025-07-12 08:00:00+00:00,,,,
2025-07-12 16:00:00+00:00,,,,
2025-07-13 00:00:00+00:00,,,,
2025-07-13 08:00:00+00:00,,,,
2025-07-13 16:00:00+00:00,1.369670033454895,1.3697700500488281,1.3681000471115112,1.3686399459838867
2025-07-14 00:00:00+00:00,1.368630051612854,1.37021005153656,1.3671000003814697,1.3675999641418457
2025-07-14 08:00:00+00:00,1.3677899837493896,1.3701000213623047,1.3665000200271606,1.3695199489593506
2025-07-14 16:00:00+00:00,1.3695199489593506,1.37090003490448,1.368499994277954,1.370300054550171
2025-07-15 00:00:00+00:00,1.370609998703003,1.37076997756958,1.368299961090088,1.3687399625778198
2025-07-15 08:00:00+00:00,1.3687399625778198,1.3729000091552734,1.3667000532150269,1.371000051498413
2025-07-15 16:00:00+00:00,1.371340036392212,1.3729900121688843,1.3705999851226807,1.371649980545044
2025-07-16 00:00:00+00:00,1.3716100454330444,1.3722100257873535,1.3702000379562378,1.3715100288391113
2025-07-16 08:00:00+00:00,1.371500015258789,1.3755300045013428,1.3674999475479126,1.3706899881362915
2025-07-16 16:00:00+00:00,1.3707000017166138,1.3713699579238892,1.3676999807357788,1.3689500093460083
2025-07-17 00:00:00+00:00,1.368939995765686,1.3745700120925903,1.368499994277954,1.3743699789047241
2025-07-17 08:00:00+00:00,1.3741999864578247,1.3774299621582031,1.3733999729156494,1.3749799728393555
2025-07-17 16:00:00+00:00,1.3750100135803223,1.3762400150299072,1.3732000589370728,1.3732999563217163
2025-07-18 00:00:00+00:00,1.3736000061035156,1.374250054359436,1.3725999593734741,1.3732600212097168
2025-07-18 08:00:00+00:00,1.3729000091552734,1.3733999729156494,1.3690999746322632,1.371250033378601
2025-07-18 16:00:00+00:00,1.3711800575256348,1.3735500574111938,1.3707000017166138,1.3722000122070312
2025-07-19 00:00:00+00:00,,,,
2025-07-19 08:00:00+00:00,,,,
2025-07-19 16:00:00+00:00,,,,
2025-07-20 00:00:00+00:00,,,,
2025-07-20 08:00:00+00:00,,,,
2025-07-20 16:00:00+00:00,1.3724600076675415,1.373020052909851,1.3717999458312988,1.371999979019165
2025-07-21 00:00:00+00:00,1.3723700046539307,1.373460054397583,1.371000051498413,1.372630000114441
2025-07-21 08:00:00+00:00,1.3725999593734741,1.372879981994629,1.367400050163269,1.3688700199127197
2025-07-21 16:00:00+00:00,1.3688700199127197,1.3692400455474854,1.3671000003814697,1.3675600290298462
2025-07-22 00:00:00+00:00,1.3675700426101685,1.3695299625396729,1.3672000169754028,1.369089961051941
2025-07-22 08:00:00+00:00,1.3690099716186523,1.369320034980774,1.3610999584197998,1.3616199493408203
2025-07-22 16:00:00+00:00,1.3616100549697876,1.3620400428771973,1.3590999841690063,1.3604899644851685
2025-07-23 00:00:00+00:00,1.3604199886322021,1.3610999584197998,1.3583999872207642,1.3583999872207642
2025-07-23 08:00:00+00:00,1.3588999509811401,1.3629100322723389,1.357100009918213,1.3605999946594238
2025-07-23 16:00:00+00:00,1.3609199523925781,1.3624199628829956,1.3587000370025635,1.3602099418640137
2025-07-24 00:00:00+00:00,1.360159993171692,1.3613699674606323,1.3590999841690063,1.3606899976730347
2025-07-24 08:00:00+00:00,1.360640048980713,1.3644700050354004,1.360129952430725,1.3644100427627563
2025-07-24 16:00:00+00:00,1.3644200563430786,1.3654999732971191,1.3625999689102173,1.364009976387024
2025-07-25 00:00:00+00:00,1.3639999628067017,1.3675099611282349,1.3632999658584595,1.3673299551010132
2025-07-25 08:00:00+00:00,1.367300033569336,1.3715699911117554,1.3662999868392944,1.3711999654769897
2025-07-25 16:00:00+00:00,1.371440052986145,1.3725999593734741,1.3696000576019287,1.3698999881744385
2025-07-26 00:00:00+00:00,,,,
2025-07-26 08:00:00+00:00,,,,
2025-07-26 16:00:00+00:00,,,,
2025-07-27 00:00:00+00:00,,,,
2025-07-27 08:00:00+00:00,,,,
2025-07-27 16:00:00+00:00,1.369729995727539,1.370300054550171,1.3690999746322632,1.3702900409698486
2025-07-28 00:00:00+00:00,1.3702399730682373,1.374060034751892,1.368499994277954,1.3738199472427368
2025-07-28 08:00:00+00:00,1.3734999895095825,1.3742300271987915,1.3705999851226807,1.371899962425232
2025-07-28 16:00:00+00:00,1.3718700408935547,1.3740500211715698,1.3712999820709229,1.373479962348938
2025-07-29 00:00:00+00:00,1.3734300136566162,1.3760900497436523,1.3726999759674072,1.3755500316619873
2025-07-29 08:00:00+00:00,1.3755199909210205,1.3788399696350098,1.3734999895095825,1.377869963645935
2025-07-29 16:00:00+00:00,1.3778400421142578,1.3782399892807007,1.3759000301361084,1.3770999908447266
2025-07-30 00:00:00+00:00,1.3774199485778809,1.3774499893188477,1.375499963760376,1.376829981803894
2025-07-30 08:00:00+00:00,1.3767800331115723,1.3818999528884888,1.3762999773025513,1.3812999725341797
2025-07-30 16:00:00+00:00,1.3814599514007568,1.3845000267028809,1.3794000148773193,1.3826500177383423
2025-07-31 00:00:00+00:00,1.3825900554656982,1.3845100402832031,1.38100004196167,1.3832600116729736
2025-07-31 08:00:00+00:00,1.383270025253296,1.3853700160980225,1.3818999528884888,1.3842999935150146
2025-07-31 16:00:00+00:00,1.3845900297164917,1.3870999813079834,1.3832999467849731,1.385740041732788
2025-08-01 00:00:00+00:00,1.3858000040054321,1.387410044670105,1.3839999437332153,1.3871099948883057
2025-08-01 08:00:00+00:00,1.3868999481201172,1.387910008430481,1.3759000301361084,1.3780200481414795
2025-08-01 16:00:00+00:00,1.3780200481414795,1.3817499876022339,1.3768999576568604,1.3782999515533447
2025-08-02 00:00:00+00:00,,,,
2025-08-02 08:00:00+00:00,,,,
2025-08-02 16:00:00+00:00,,,,
2025-08-03 00:00:00+00:00,,,,
2025-08-03 08:00:00+00:00,,,,
2025-08-03 16:00:00+00:00,1.3778899908065796,1.3783999681472778,1.3770999908447266,1.3777799606323242
2025-08-04 00:00:00+00:00,1.377769947052002,1.379480004310608,1.3766000270843506,1.378350019454956
2025-08-04 08:00:00+00:00,1.3783400058746338,1.3790099620819092,1.375499963760376,1.3775700330734253
2025-08-04 16:00:00+00:00,1.377619981765747,1.3785300254821777,1.3765000104904175,1.3769400119781494
2025-08-05 00:00:00+00:00,1.3769099712371826,1.3794900178909302,1.3759000301361084,1.378100037574768
2025-08-05 08:00:00+00:00,1.3781100511550903,1.381019949913025,1.3767000436782837,1.3775999546051025
2025-08-05 16:00:00+00:00,1.3780699968338013,1.3788700103759766,1.3765000104904175,1.3771899938583374
2025-08-06 00:00:00+00:00,1.3771400451660156,1.377959966659546,1.3759000301361084,1.376099944114685
2025-08-06 08:00:00+00:00,1.376389980316162,1.3775399923324585,1.3734999895095825,1.374019980430603
2025-08-06 16:00:00+00:00,1.3740099668502808,1.375059962272644,1.3731000423431396,1.3739099502563477
2025-08-07 00:00:00+00:00,1.37391996383667,1.3746299743652344,1.3717000484466553,1.372290015220642
2025-08-07 08:00:00+00:00,1.371999979019165,1.377369999885559,1.3717999458312988,1.3750200271606445
2025-08-07 16:00:00+00:00,1.3750300407409668,1.3767399787902832,1.3727999925613403,1.3732500076293945
2025-08-08 00:00:00+00:00,1.3732399940490723,1.3749500513076782,1.372499942779541,1.37322998046875
2025-08-08 08:00:00+00:00,1.3732500076293945,1.376270055770874,1.3720999956130981,1.3752599954605103
2025-08-08 16:00:00+00:00,1.375249981880188,1.3763699531555176,1.3741799592971802,1.3756999969482422
2025-08-09 00:00:00+00:00,,,,
2025-08-09 08:00:00+00:00,,,,
2025-08-09 16:00:00+00:00,,,,
2025-08-10 00:00:00+00:00,,,,
2025-08-10 08:00:00+00:00,,,,
2025-08-10 16:00:00+00:00,1.3752700090408325,1.3755300045013428,1.3746000528335571,1.375349998474121
2025-08-11 00:00:00+00:00,1.375309944152832,1.3774100542068481,1.3739999532699585,1.3769299983978271
2025-08-11 08:00:00+00:00,1.376889944076538,1.3795499801635742,1.3758000135421753,1.3783999681472778
2025-08-11 16:00:00+00:00,1.378100037574768,1.3787200450897217,1.3768999576568604,1.3774499893188477
2025-08-12 00:00:00+00:00,1.377500057220459,1.3785799741744995,1.3767999410629272,1.3779499530792236
2025-08-12 08:00:00+00:00,1.3779100179672241,1.3806099891662598,1.375,1.3763600587844849
2025-08-12 16:00:00+00:00,1.3764100074768066,1.3784600496292114,1.3753000497817993,1.3770099878311157
2025-08-13 00:00:00+00:00,1.3769999742507935,1.3782000541687012,1.374899983406067,1.3759000301361084
2025-08-13 08:00:00+00:00,1.3762099742889404,1.377519965171814,1.3746999502182007,1.3765499591827393
2025-08-13 16:00:00+00:00,1.3765599727630615,1.377369999885559,1.3746999502182007,1.375249981880188
2025-08-14 00:00:00+00:00,1.375290036201477,1.3779499530792236,1.3739999532699585,1.3770999908447266
2025-08-14 08:00:00+00:00,1.3774000406265259,1.381309986114502,1.3766000270843506,1.3806899785995483
2025-08-14 16:00:00+00:00,1.3806899785995483,1.3819500207901,1.3801000118255615,1.381369948387146
2025-08-15 00:00:00+00:00,1.3812799453735352,1.3815399408340454,1.3787000179290771,1.3793400526046753
2025-08-15 08:00:00+00:00,1.379289984703064,1.3811700344085693,1.3782999515533447,1.3808900117874146
2025-08-15 16:00:00+00:00,1.380929946899414,1.3819899559020996,1.3803000450134277,1.3818999528884888
2025-08-16 00:00:00+00:00,,,,
2025-08-16 08:00:00+00:00,,,,
2025-08-16 16:00:00+00:00,,,,
2025-08-17 00:00:00+00:00,,,,
2025-08-17 08:00:00+00:00,,,,
2025-08-17 16:00:00+00:00,1.3810399770736694,1.3817299604415894,1.3804999589920044,1.3815100193023682
2025-08-18 00:00:00+00:00,1.381500005722046,1.3815499544143677,1.37909996509552,1.3801900148391724
2025-08-18 08:00:00+00:00,1.3801499605178833,1.3831299543380737,1.3777999877929688,1.3815399408340454
2025-08-18 16:00:00+00:00,1.3815499544143677,1.3817100524902344,1.37909996509552,1.3802299499511719
2025-08-19 00:00:00+00:00,1.3802399635314941,1.3818000555038452,1.379699945449829,1.3815499544143677
2025-08-19 08:00:00+00:00,1.38155996799469,1.3860599994659424,1.3801000118255615,1.385949969291687
2025-08-19 16:00:00+00:00,1.3859299421310425,1.3869999647140503,1.3848999738693237,1.3866699934005737
2025-08-20 00:00:00+00:00,1.3866300582885742,1.388350009918213,1.3861000537872314,1.3871500492095947
2025-08-20 08:00:00+00:00,1.3871099948883057,1.3881100416183472,1.3848999738693237,1.3874900341033936
2025-08-20 16:00:00+00:00,1.3874800205230713,1.3880200386047363,1.385699987411499,1.3874399662017822
2025-08-21 00:00:00+00:00,1.387369990348816,1.3885300159454346,1.3868000507354736,1.3879599571228027
2025-08-21 08:00:00+00:00,1.3879300355911255,1.3905800580978394,1.3868999481201172,1.389799952507019
2025-08-21 16:00:00+00:00,1.390120029449463,1.391260027885437,1.388700008392334,1.3901100158691406
2025-08-22 00:00:00+00:00,1.3901000022888184,1.3917299509048462,1.3895000219345093,1.391160011291504
2025-08-22 08:00:00+00:00,1.391160011291504,1.3924700021743774,1.3825000524520874,1.384529948234558
2025-08-22 16:00:00+00:00,1.3845700025558472,1.384619951248169,1.38100004196167,1.382599949836731
2025-08-23 00:00:00+00:00,,,,
2025-08-23 08:00:00+00:00,,,,
2025-08-23 16:00:00+00:00,,,,
2025-08-24 00:00:00+00:00,,,,
2025-08-24 08:00:00+00:00,,,,
2025-08-24 16:00:00+00:00,1.3826600313186646,1.383239984512329,1.382200002670288,1.3827999830245972
2025-08-25 00:00:00+00:00,1.3829400539398193,1.3844000101089478,1.381700038909912,1.3835500478744507
2025-08-25 08:00:00+00:00,1.3835500478744507,1.383679986000061,1.3811999559402466,1.383020043373108
2025-08-25 16:00:00+00:00,1.383020043373108,1.3863699436187744,1.382599949836731,1.385849952697754
2025-08-26 00:00:00+00:00,1.3858599662780762,1.3867900371551514,1.3837000131607056,1.3855299949645996
2025-08-26 08:00:00+00:00,1.3855899572372437,1.3864200115203857,1.3818000555038452,1.3824800252914429
2025-08-26 16:00:00+00:00,1.3824399709701538,1.384179949760437,1.3818999528884888,1.3834500312805176
2025-08-27 00:00:00+00:00,1.383430004119873,1.385409951210022,1.3824000358581543,1.3845900297164917
2025-08-27 08:00:00+00:00,1.3845800161361694,1.3857699632644653,1.381700038909912,1.3825900554656982
2025-08-27 16:00:00+00:00,1.382539987564087,1.382599949836731,1.3775999546051025,1.3780900239944458
2025-08-28 00:00:00+00:00,1.378100037574768,1.3788000345230103,1.3765000104904175,1.3777999877929688
2025-08-28 08:00:00+00:00,1.3777999877929688,1.3785300254821777,1.3746000528335571,1.3751399517059326
2025-08-28 16:00:00+00:00,1.3751300573349,1.3759100437164307,1.3736000061035156,1.3751599788665771
2025-08-29 00:00:00+00:00,1.3751499652862549,1.3757400512695312,1.3736000061035156,1.374019980430603
2025-08-29 08:00:00+00:00,1.3740400075912476,1.3779200315475464,1.3722000122070312,1.372499942779541
2025-08-29 16:00:00+00:00,1.3728100061416626,1.374650001525879,1.3722000122070312,1.3734999895095825
2025-08-30 00:00:00+00:00,,,,
2025-08-30 08:00:00+00:00,,,,
2025-08-30 16:00:00+00:00,,,,
2025-08-31 00:00:00+00:00,,,,
2025-08-31 08:00:00+00:00,,,,
2025-08-31 16:00:00+00:00,1.3740099668502808,1.3741199970245361,1.3732999563217163,1.3739099502563477
2025-09-01 00:00:00+00:00,1.3737000226974487,1.3752599954605103,1.3727999925613403,1.374400019645691
2025-09-01 08:00:00+00:00,1.3747199773788452,1.3761999607086182,1.3729000091552734,1.3756500482559204
2025-09-01 16:00:00+00:00,1.3756500482559204,1.3760299682617188,1.3740299940109253,1.3746000528335571
2025-09-02 00:00:00+00:00,1.374809980392456,1.3779499530792236,1.3740999698638916,1.3776700496673584
2025-09-02 08:00:00+00:00,1.3776700496673584,1.3814799785614014,1.3762999773025513,1.3782000541687012
2025-09-02 16:00:00+00:00,1.3784799575805664,1.3792500495910645,1.3767000436782837,1.3784500360488892
2025-09-03 00:00:00+00:00,1.3784500360488892,1.3807599544525146,1.3779000043869019,1.3797099590301514
2025-09-03 08:00:00+00:00,1.3797199726104736,1.3805999755859375,1.3777999877929688,1.3787699937820435
2025-09-03 16:00:00+00:00,1.3787699937820435,1.3801699876785278,1.378100037574768,1.3792500495910645
2025-09-04 00:00:00+00:00,1.3792400360107422,1.3815200328826904,1.3789000511169434,1.3811899423599243
2025-09-04 08:00:00+00:00,1.3811800479888916,1.3845399618148804,1.3802000284194946,1.3828999996185303
2025-09-04 16:00:00+00:00,1.3828699588775635,1.3840500116348267,1.3809499740600586,1.3811999559402466
2025-09-05 00:00:00+00:00,1.3814899921417236,1.381700038909912,1.3789000511169434,1.3793599605560303
2025-09-05 08:00:00+00:00,1.3793699741363525,1.3838900327682495,1.3753999471664429,1.382449984550476
2025-09-05 16:00:00+00:00,1.382200002670288,1.3854299783706665,1.3812999725341797,1.382699966430664
2025-09-06 00:00:00+00:00,,,,
2025-09-06 08:00:00+00:00,,,,
2025-09-06 16:00:00+00:00,,,,
2025-09-07 00:00:00+00:00,,,,
2025-09-07 08:00:00+00:00,,,,
2025-09-07 16:00:00+00:00,1.3842400312423706,1.3842999935150146,1.3834500312805176,1.3834999799728394
2025-09-08 00:00:00+00:00,1.3834999799728394,1.3843799829483032,1.3809000253677368,1.3815799951553345
2025-09-08 08:00:00+00:00,1.3815399408340454,1.3826500177383423,1.3783999681472778,1.3821099996566772
2025-09-08 16:00:00+00:00,1.3820699453353882,1.3833600282669067,1.37909996509552,1.379539966583252
2025-09-09 00:00:00+00:00,1.379539966583252,1.3812799453735352,1.3789000511169434,1.3807799816131592
2025-09-09 08:00:00+00:00,1.3807899951934814,1.383739948272705,1.378999948501587,1.3834500312805176
2025-09-09 16:00:00+00:00,1.3834500312805176,1.3860000371932983,1.382599949836731,1.3845900297164917
2025-09-10 00:00:00+00:00,1.3845900297164917,1.3863099813461304,1.3833999633789062,1.3854199647903442
2025-09-10 08:00:00+00:00,1.385200023651123,1.3862099647521973,1.382599949836731,1.3844399452209473
2025-09-10 16:00:00+00:00,1.3844399452209473,1.386970043182373,1.3839000463485718,1.3860299587249756
2025-09-11 00:00:00+00:00,1.3860499858856201,1.388159990310669,1.385599970817566,1.3879400491714478
2025-09-11 08:00:00+00:00,1.3879300355911255,1.3891099691390991,1.3825000524520874,1.3830900192260742
2025-09-11 16:00:00+00:00,1.3830699920654297,1.3842999935150146,1.382099986076355,1.3834199905395508
2025-09-12 00:00:00+00:00,1.3834500312805176,1.3848400115966797,1.3827999830245972,1.3834600448608398
2025-09-12 08:00:00+00:00,1.3834600448608398,1.3860900402069092,1.3828999996185303,1.385599970817566
2025-09-12 16:00:00+00:00,1.3858200311660767,1.3863400220870972,1.3833999633789062,1.3842999935150146
2025-09-13 00:00:00+00:00,,,,
2025-09-13 08:00:00+00:00,,,,
2025-09-13 16:00:00+00:00,,,,
2025-09-14 00:00:00+00:00,,,,
2025-09-14 08:00:00+00:00,,,,
2025-09-14 16:00:00+00:00,1.3835899829864502,1.3840999603271484,1.3834999799728394,1.3839099407196045
2025-09-15 00:00:00+00:00,1.3838599920272827,1.3845700025558472,1.382699966430664,1.3832999467849731
2025-09-15 08:00:00+00:00,1.3836400508880615,1.384220004081726,1.3789000511169434,1.3798500299453735
2025-09-15 16:00:00+00:00,1.379830002784729,1.3804199695587158,1.3761999607086182,1.3774499893188477
2025-09-16 00:00:00+00:00,1.3774499893188477,1.3777999877929688,1.3758000135421753,1.3765000104904175
2025-09-16 08:00:00+00:00,1.3768399953842163,1.3776899576187134,1.3732999563217163,1.3745700120925903
2025-09-16 16:00:00+00:00,1.3745800256729126,1.3754899501800537,1.3729000091552734,1.3738900423049927
2025-09-17 00:00:00+00:00,1.3738800287246704,1.3761999607086182,1.3732999563217163,1.3756999969482422
2025-09-17 08:00:00+00:00,1.3760000467300415,1.3769400119781494,1.374400019645691,1.376230001449585
2025-09-17 16:00:00+00:00,1.376230001449585,1.3787200450897217,1.3720999956130981,1.3770400285720825
2025-09-18 00:00:00+00:00,1.3770400285720825,1.3799999952316284,1.376099944114685,1.3780699968338013
2025-09-18 08:00:00+00:00,1.3780699968338013,1.3809700012207031,1.3762999773025513,1.3796700239181519
2025-09-18 16:00:00+00:00,1.3796299695968628,1.3809599876403809,1.3782000541687012,1.3791699409484863
2025-09-19 00:00:00+00:00,1.3791699409484863,1.3819999694824219,1.378600001335144,1.3812199831008911
2025-09-19 08:00:00+00:00,1.3812400102615356,1.3825000524520874,1.3765000104904175,1.3772599697113037
2025-09-19 16:00:00+00:00,1.3773200511932373,1.3791500329971313,1.3763999938964844,1.3777999877929688
2025-09-20 00:00:00+00:00,,,,
2025-09-20 08:00:00+00:00,,,,
2025-09-20 16:00:00+00:00,,,,
2025-09-21 00:00:00+00:00,,,,
2025-09-21 08:00:00+00:00,,,,
2025-09-21 16:00:00+00:00,1.3780900239944458,1.3785200119018555,1.3776999711990356,1.3782299757003784
2025-09-22 00:00:00+00:00,1.3782099485397339,1.38100004196167,1.3777999877929688,1.3807899951934814
2025-09-22 08:00:00+00:00,1.380810022354126,1.381850004196167,1.3789000511169434,1.381500005722046
2025-09-22 16:00:00+00:00,1.3811999559402466,1.3831700086593628,1.3809000253677368,1.3825099468231201
2025-09-23 00:00:00+00:00,1.3825000524520874,1.3842999935150146,1.3818000555038452,1.3839999437332153
2025-09-23 08:00:00+00:00,1.3842400312423706,1.3844499588012695,1.3806999921798706,1.3835300207138062
2025-09-23 16:00:00+00:00,1.383489966392517,1.3849999904632568,1.3819999694824219,1.3838399648666382
2025-09-24 00:00:00+00:00,1.3838399648666382,1.3860299587249756,1.3832999467849731,1.38510000705719
2025-09-24 08:00:00+00:00,1.3853199481964111,1.3897700309753418,1.3848999738693237,1.3894599676132202
2025-09-24 16:00:00+00:00,1.3894599676132202,1.390679955482483,1.3890000581741333,1.3896299600601196
2025-09-25 00:00:00+00:00,1.3896100521087646,1.3902100324630737,1.3880000114440918,1.389930009841919
2025-09-25 08:00:00+00:00,1.3899500370025635,1.3930100202560425,1.388800024986267,1.3924100399017334
2025-09-25 16:00:00+00:00,1.3924200534820557,1.3949400186538696,1.391800045967102,1.3940999507904053
2025-09-26 00:00:00+00:00,1.3940900564193726,1.3952100276947021,1.3930000066757202,1.3945300579071045
2025-09-26 08:00:00+00:00,1.3949400186538696,1.3962500095367432,1.392799973487854,1.3944000005722046
2025-09-26 16:00:00+00:00,1.394629955291748,1.3954499959945679,1.3930000066757202,1.3941999673843384
2025-09-27 00:00:00+00:00,,,,
2025-09-27 08:00:00+00:00,,,,
2025-09-27 16:00:00+00:00,,,,
2025-09-28 00:00:00+00:00,,,,
2025-09-28 08:00:00+00:00,,,,
2025-09-28 16:00:00+00:00,1.3941199779510498,1.3942899703979492,1.3933000564575195,1.3937900066375732
2025-09-29 00:00:00+00:00,1.3937900066375732,1.3939000368118286,1.3911000490188599,1.3918299674987793
2025-09-29 08:00:00+00:00,1.3917900323867798,1.3939499855041504,1.3898999691009521,1.390470027923584
2025-09-29 16:00:00+00:00,1.390470027923584,1.3922699689865112,1.3901000022888184,1.3914999961853027
2025-09-30 00:00:00+00:00,1.391700029373169,1.3924200534820557,1.3902000188827515,1.3914799690246582
2025-09-30 08:00:00+00:00,1.391469955444336,1.393470048904419,1.38919997215271,1.392899990081787
2025-09-30 16:00:00+00:00,1.3928899765014648,1.3935600519180298,1.3909000158309937,1.3923699855804443
2025-10-01 00:00:00+00:00,1.3923699855804443,1.3933000564575195,1.3903000354766846,1.3920400142669678
2025-10-01 08:00:00+00:00,1.39205002784729,1.3955299854278564,1.3907999992370605,1.3954099416732788
2025-10-01 16:00:00+00:00,1.3954099416732788,1.3956899642944336,1.392799973487854,1.3940000534057617
2025-10-02 00:00:00+00:00,1.3940000534057617,1.3948999643325806,1.392799973487854,1.3934999704360962
2025-10-02 08:00:00+00:00,1.3938100337982178,1.3986200094223022,1.392899990081787,1.3975800275802612
2025-10-02 16:00:00+00:00,1.3975800275802612,1.3977700471878052,1.3954999446868896,1.396090030670166
2025-10-03 00:00:00+00:00,1.3960399627685547,1.3969299793243408,1.395300030708313,1.39614999294281
2025-10-03 08:00:00+00:00,1.3961700201034546,1.3969000577926636,1.3940999507904053,1.3941999673843384
2025-10-03 16:00:00+00:00,1.3944000005722046,1.3961100578308105,1.3935999870300293,1.3946000337600708
2025-10-04 00:00:00+00:00,,,,
2025-10-04 08:00:00+00:00,,,,
2025-10-04 16:00:00+00:00,,,,
2025-10-05 00:00:00+00:00,,,,
2025-10-05 08:00:00+00:00,,,,
2025-10-05 16:00:00+00:00,1.396440029144287,1.396690011024475,1.3954999446868896,1.3964200019836426
2025-10-06 00:00:00+00:00,1.396440029144287,1.3966799974441528,1.3937000036239624,1.3949999809265137
2025-10-06 08:00:00+00:00,1.3952499628067017,1.3967599868774414,1.3940999507904053,1.3945900201797485
2025-10-06 16:00:00+00:00,1.3946499824523926,1.3954099416732788,1.3934999704360962,1.394469976425171
2025-10-07 00:00:00+00:00,1.3944799900054932,1.396209955215454,1.3940000534057617,1.3954800367355347
2025-10-07 08:00:00+00:00,1.3954800367355347,1.3962500095367432,1.3934999704360962,1.3949400186538696
2025-10-07 16:00:00+00:00,1.3949400186538696,1.396049976348877,1.3939000368118286,1.3952900171279907
2025-10-08 00:00:00+00:00,1.3952800035476685,1.3970999717712402,1.3946000337600708,1.3954999446868896
2025-10-08 08:00:00+00:00,1.3954999446868896,1.395900011062622,1.392799973487854,1.3954499959945679
2025-10-08 16:00:00+00:00,1.3954299688339233,1.3962600231170654,1.3944000005722046,1.3955399990081787
2025-10-09 00:00:00+00:00,1.3954700231552124,1.3963700532913208,1.392899990081787,1.395300030708313
2025-10-09 08:00:00+00:00,1.3956300020217896,1.4020800590515137,1.393399953842163,1.4010599851608276
2025-10-09 16:00:00+00:00,1.4007999897003174,1.403380036354065,1.4005000591278076,1.401960015296936
2025-10-10 00:00:00+00:00,1.4019500017166138,1.4034099578857422,1.4009000062942505,1.4025399684906006
2025-10-10 08:00:00+00:00,1.4024800062179565,1.4025399684906006,1.3971999883651733,1.3998600244522095
2025-10-10 16:00:00+00:00,1.3998600244522095,1.4017599821090698,1.398900032043457,1.4002000093460083
2025-10-11 00:00:00+00:00,,,,
2025-10-11 08:00:00+00:00,,,,
2025-10-11 16:00:00+00:00,,,,
2025-10-12 00:00:00+00:00,,,,
2025-10-12 08:00:00+00:00,,,,
2025-10-12 16:00:00+00:00,1.3995599746704102,1.4000699520111084,1.398900032043457,1.3998500108718872
2025-10-13 00:00:00+00:00,1.3998500108718872,1.4005999565124512,1.3977999687194824,1.4004299640655518
2025-10-13 08:00:00+00:00,1.4004199504852295,1.40339994430542,1.3992999792099,1.402500033378601
2025-10-13 16:00:00+00:00,1.4028400182724,1.4040000438690186,1.4023000001907349,1.4039000272750854
2025-10-14 00:00:00+00:00,1.4039100408554077,1.4065899848937988,1.402899980545044,1.4063199758529663
2025-10-14 08:00:00+00:00,1.406350016593933,1.4079999923706055,1.4026000499725342,1.4043200016021729
2025-10-14 16:00:00+00:00,1.4043200016021729,1.4052000045776367,1.402899980545044,1.4041999578475952
2025-10-15 00:00:00+00:00,1.404539942741394,1.4048199653625488,1.402400016784668,1.4041999578475952
2025-10-15 08:00:00+00:00,1.404189944267273,1.4053900241851807,1.4023000001907349,1.40339994430542
2025-10-15 16:00:00+00:00,1.40339994430542,1.4059799909591675,1.402899980545044,1.4045900106430054
2025-10-16 00:00:00+00:00,1.40461003780365,1.4048000574111938,1.4018000364303589,1.4033399820327759
2025-10-16 08:00:00+00:00,1.4033600091934204,1.4057999849319458,1.4027999639511108,1.4047000408172607
2025-10-16 16:00:00+00:00,1.4046800136566162,1.4060900211334229,1.40339994430542,1.4045699834823608
2025-10-17 00:00:00+00:00,1.4045699834823608,1.4067200422286987,1.4032000303268433,1.4052799940109253
2025-10-17 08:00:00+00:00,1.4052900075912476,1.4059900045394897,1.4023000001907349,1.4046000242233276
2025-10-17 16:00:00+00:00,1.4046000242233276,1.404710054397583,1.4004000425338745,1.4018000364303589
2025-10-18 00:00:00+00:00,,,,
2025-10-18 08:00:00+00:00,,,,
2025-10-18 16:00:00+00:00,,,,
2025-10-19 00:00:00+00:00,,,,
2025-10-19 08:00:00+00:00,,,,
2025-10-19 16:00:00+00:00,1.4010800123214722,1.4016400575637817,1.4005999565124512,1.4015599489212036
2025-10-20 00:00:00+00:00,1.4015799760818481,1.4031699895858765,1.4002000093460083,1.4030100107192993
2025-10-20 08:00:00+00:00,1.4030200242996216,1.4050999879837036,1.4020999670028687,1.4030300378799438
2025-10-20 16:00:00+00:00,1.402999997138977,1.4039499759674072,1.4023000001907349,1.4033199548721313
2025-10-21 00:00:00+00:00,1.403309941291809,1.40625,1.402500033378601,1.4057899713516235
2025-10-21 08:00:00+00:00,1.4057899713516235,1.4065799713134766,1.4006999731063843,1.4010900259017944
2025-10-21 16:00:00+00:00,1.4010800123214722,1.4024200439453125,1.399899959564209,1.401960015296936
2025-10-22 00:00:00+00:00,1.401960015296936,1.4019999504089355,1.398900032043457,1.4005099534988403
2025-10-22 08:00:00+00:00,1.4005099534988403,1.4032299518585205,1.3973000049591064,1.397879958152771
2025-10-22 16:00:00+00:00,1.3974000215530396,1.399899959564209,1.3971999883651733,1.3985999822616577
2025-10-23 00:00:00+00:00,1.3989299535751343,1.4004700183868408,1.3982000350952148,1.3994799852371216
2025-10-23 08:00:00+00:00,1.399440050125122,1.4003000259399414,1.3976000547409058,1.3992199897766113
2025-10-23 16:00:00+00:00,1.399209976196289,1.400320053100586,1.3971400260925293,1.398710012435913
2025-10-24 00:00:00+00:00,1.3986899852752686,1.4028899669647217,1.3978999853134155,1.4007200002670288
2025-10-24 08:00:00+00:00,1.4007200002670288,1.4038900136947632,1.3997999429702759,1.4012500047683716
2025-10-24 16:00:00+00:00,1.4012900590896606,1.4015899896621704,1.3986999988555908,1.3992999792099
2025-10-25 00:00:00+00:00,,,,
2025-10-25 08:00:00+00:00,,,,
2025-10-25 16:00:00+00:00,,,,
2025-10-26 00:00:00+00:00,,,,
2025-10-26 08:00:00+00:00,,,,
2025-10-26 16:00:00+00:00,,,,
2025-10-27 00:00:00+00:00,1.399340033531189,1.3994300365447998,1.3968000411987305,1.3976000547409058
2025-10-27 08:00:00+00:00,1.3977700471878052,1.4008300304412842,1.3966000080108643,1.3996399641036987
2025-10-27 16:00:00+00:00,1.3996399641036987,1.4001200199127197,1.3977999687194824,1.3990700244903564
2025-10-28 00:00:00+00:00,1.3991600275039673,1.4003599882125854,1.3976999521255493,1.4000600576400757
2025-10-28 08:00:00+00:00,1.4000500440597534,1.4005399942398071,1.3932000398635864,1.3937000036239624
2025-10-28 16:00:00+00:00,1.3936599493026733,1.394919991493225,1.3930000066757202,1.3939800262451172
2025-10-29 00:00:00+00:00,1.3938699960708618,1.3945399522781372,1.3918999433517456,1.3928500413894653
2025-10-29 08:00:00+00:00,1.392840027809143,1.3949300050735474,1.3882999420166016,1.3894399404525757
2025-10-29 16:00:00+00:00,1.3894699811935425,1.3954999446868896,1.3883999586105347,1.3941500186920166
2025-10-30 00:00:00+00:00,1.394129991531372,1.3945000171661377,1.392199993133545,1.3939000368118286
2025-10-30 08:00:00+00:00,1.3939000368118286,1.4014099836349487,1.393399953842163,1.3982599973678589
2025-10-30 16:00:00+00:00,1.398229956626892,1.399049997329712,1.3973000049591064,1.3978999853134155
2025-10-31 00:00:00+00:00,1.398110032081604,1.401110053062439,1.3974000215530396,1.400149941444397
2025-10-31 08:00:00+00:00,1.4001599550247192,1.403540015220642,1.3990999460220337,1.4010599851608276
2025-10-31 16:00:00+00:00,1.4010599851608276,1.4026700258255005,1.4003000259399414,1.4010000228881836
2025-11-01 00:00:00+00:00,,,,
2025-11-01 08:00:00+00:00,,,,
2025-11-01 16:00:00+00:00,,,,
2025-11-02 00:00:00+00:00,,,,
2025-11-02 08:00:00+00:00,,,,
2025-11-02 16:00:00+00:00,,,,
2025-11-03 00:00:00+00:00,1.4015400409698486,1.402340054512024,1.4004000425338745,1.4018299579620361
2025-11-03 08:00:00+00:00,1.4018499851226807,1.4075700044631958,1.4013999700546265,1.4068200588226318
2025-11-03 16:00:00+00:00,1.4068299531936646,1.4069199562072754,1.4042999744415283,1.4052000045776367
2025-11-04 00:00:00+00:00,1.4055399894714355,1.4074000120162964,1.4052000045776367,1.4056400060653687
2025-11-04 08:00:00+00:00,1.4056700468063354,1.4095799922943115,1.4049999713897705,1.4083499908447266
2025-11-04 16:00:00+00:00,1.408310055732727,1.4107600450515747,1.4074000120162964,1.4101699590682983
2025-11-05 00:00:00+00:00,1.410099983215332,1.4119999408721924,1.4098000526428223,1.4114799499511719
2025-11-05 08:00:00+00:00,1.4114899635314941,1.4140299558639526,1.4104000329971313,1.4123899936676025
2025-11-05 16:00:00+00:00,1.4124399423599243,1.4131699800491333,1.4097000360488892,1.4098999500274658
2025-11-06 00:00:00+00:00,1.4101999998092651,1.4108200073242188,1.4092999696731567,1.4098000526428223
2025-11-06 08:00:00+00:00,1.4100799560546875,1.4134199619293213,1.4085999727249146,1.4129600524902344
2025-11-06 16:00:00+00:00,1.4129799604415894,1.4140000343322754,1.4101999998092651,1.4110000133514404
2025-11-07 00:00:00+00:00,1.411180019378662,1.412600040435791,1.4107999801635742,1.4116100072860718
2025-11-07 08:00:00+00:00,1.4116100072860718,1.4119700193405151,1.4049999713897705,1.4073699712753296
2025-11-07 16:00:00+00:00,1.4073799848556519,1.4079500436782837,1.402400016784668,1.4041999578475952
2025-11-08 00:00:00+00:00,,,,
2025-11-08 08:00:00+00:00,,,,
2025-11-08 16:00:00+00:00,,,,
2025-11-09 00:00:00+00:00,,,,
2025-11-09 08:00:00+00:00,,,,
2025-11-09 16:00:00+00:00,,,,
2025-11-10 00:00:00+00:00,1.404379963874817,1.4046299457550049,1.4006999731063843,1.4012999534606934
2025-11-10 08:00:00+00:00,1.4014500379562378,1.4029099941253662,1.3997000455856323,1.4027199745178223
2025-11-10 16:00:00+00:00,1.402750015258789,1.403630018234253,1.4009000062942505,1.4025399684906006
2025-11-11 00:00:00+00:00,1.4025499820709229,1.404099941253662,1.4018000364303589,1.403149962425232
2025-11-11 08:00:00+00:00,1.4031800031661987,1.4036500453948975,1.399899959564209,1.4010299444198608
2025-11-11 16:00:00+00:00,1.4006999731063843,1.4020999670028687,1.3997000455856323,1.4015100002288818
2025-11-12 00:00:00+00:00,1.4015699625015259,1.4020400047302246,1.399899959564209,1.400570034980774
2025-11-12 08:00:00+00:00,1.4006099700927734,1.4021600484848022,1.3990999460220337,1.3996100425720215
2025-11-12 16:00:00+00:00,1.399590015411377,1.4011000394821167,1.3984999656677246,1.4009300470352173
2025-11-13 00:00:00+00:00,1.4009499549865723,1.4016200304031372,1.3990000486373901,1.3994699716567993
2025-11-13 08:00:00+00:00,1.3994799852371216,1.4014999866485596,1.3981000185012817,1.401039958000183
2025-11-13 16:00:00+00:00,1.4010299444198608,1.4037799835205078,1.4003000259399414,1.40339994430542
2025-11-14 00:00:00+00:00,1.4036400318145752,1.4044400453567505,1.4013999700546265,1.40378999710083
2025-11-14 08:00:00+00:00,1.4037699699401855,1.4045300483703613,1.4010000228881836,1.4027400016784668
2025-11-14 16:00:00+00:00,1.4027099609375,1.4032800197601318,1.4012000560760498,1.4018000364303589
2025-11-15 00:00:00+00:00,,,,
2025-11-15 08:00:00+00:00,,,,
2025-11-15 16:00:00+00:00,,,,
2025-11-16 00:00:00+00:00,,,,
2025-11-16 08:00:00+00:00,,,,
2025-11-16 16:00:00+00:00,,,,
2025-11-17 00:00:00+00:00,1.4018199443817139,1.4039000272750854,1.4013999700546265,1.4019399881362915
2025-11-17 08:00:00+00:00,1.401919960975647,1.4041800498962402,1.4012999534606934,1.4027700424194336
2025-11-17 16:00:00+00:00,1.402750015258789,1.405769944190979,1.4019999504089355,1.4049500226974487
2025-11-18 00:00:00+00:00,1.4051200151443481,1.4062299728393555,1.4042999744415283,1.4051300287246704
2025-11-18 08:00:00+00:00,1.4050899744033813,1.4051300287246704,1.399899959564209,1.401379942893982
2025-11-18 16:00:00+00:00,1.4014400243759155,1.4020600318908691,1.3967000246047974,1.3984899520874023
2025-11-19 00:00:00+00:00,1.3985199928283691,1.4000999927520752,1.3980000019073486,1.3993699550628662
2025-11-19 08:00:00+00:00,1.3994200229644775,1.4038200378417969,1.3989200592041016,1.4035799503326416
2025-11-19 16:00:00+00:00,1.4035999774932861,1.4065699577331543,1.4032000303268433,1.4043400287628174
2025-11-20 00:00:00+00:00,1.404360055923462,1.4061399698257446,1.4040000438690186,1.4057799577713013
2025-11-20 08:00:00+00:00,1.4057199954986572,1.4072400331497192,1.403499960899353,1.4062800407409668
2025-11-20 16:00:00+00:00,1.4062800407409668,1.4107400178909302,1.405900001525879,1.4091500043869019
2025-11-21 00:00:00+00:00,1.4091099500656128,1.4105700254440308,1.4079999923706055,1.410330057144165
2025-11-21 08:00:00+00:00,1.409999966621399,1.4127800464630127,1.4076999425888062,1.4125699996948242
2025-11-21 16:00:00+00:00,1.4125800132751465,1.4130899906158447,1.4085999727249146,1.4097000360488892
2025-11-22 00:00:00+00:00,,,,
2025-11-22 08:00:00+00:00,,,,
2025-11-22 16:00:00+00:00,,,,
2025-11-23 00:00:00+00:00,,,,
2025-11-23 08:00:00+00:00,,,,
2025-11-23 16:00:00+00:00,,,,
2025-11-24 00:00:00+00:00,1.4094899892807007,1.4104599952697754,1.4086999893188477,1.41034996509552
2025-11-24 08:00:00+00:00,1.41034996509552,1.411810040473938,1.409000039100647,1.4112099409103394
2025-11-24 16:00:00+00:00,1.411180019378662,1.4118900299072266,1.4098999500274658,1.4106999635696411
2025-11-25 00:00:00+00:00,1.4109599590301514,1.4124000072479248,1.410099983215332,1.4116599559783936
2025-11-25 08:00:00+00:00,1.4116599559783936,1.412500023841858,1.4097000360488892,1.4105000495910645
2025-11-25 16:00:00+00:00,1.4104900360107422,1.4118900299072266,1.4085999727249146,1.410290002822876
2025-11-26 00:00:00+00:00,1.409999966621399,1.4105099439620972,1.4063999652862549,1.4068900346755981
2025-11-26 08:00:00+00:00,1.4068800210952759,1.4100899696350098,1.4052000045776367,1.4056199789047241
2025-11-26 16:00:00+00:00,1.4056799411773682,1.4058400392532349,1.4031000137329102,1.4039100408554077
2025-11-27 00:00:00+00:00,1.40392005443573,1.4040499925613403,1.402500033378601,1.403380036354065
2025-11-27 08:00:00+00:00,1.40339994430542,1.405019998550415,1.402400016784668,1.403309941291809
2025-11-27 16:00:00+00:00,1.4032599925994873,1.4038000106811523,1.4020999670028687,1.402609944343567
2025-11-28 00:00:00+00:00,1.402609944343567,1.4043099880218506,1.4021999835968018,1.4040499925613403
2025-11-28 08:00:00+00:00,1.404039978981018,1.4051100015640259,1.3933000564575195,1.3940399885177612
2025-11-28 16:00:00+00:00,1.3940500020980835,1.3986200094223022,1.3933000564575195,1.3970999717712402
2025-11-29 00:00:00+00:00,,,,
2025-11-29 08:00:00+00:00,,,,
2025-11-29 16:00:00+00:00,,,,
2025-11-30 00:00:00+00:00,,,,
2025-11-30 08:00:00+00:00,,,,
2025-11-30 16:00:00+00:00,,,,
2025-12-01 00:00:00+00:00,1.3969800472259521,1.3989800214767456,1.3960000276565552,1.397819995880127
2025-12-01 08:00:00+00:00,1.397779941558838,1.399150013923645,1.3949999809265137,1.3964899778366089
2025-12-01 16:00:00+00:00,1.3964899778366089,1.400149941444397,1.3960000276565552,1.3997000455856323
2025-12-02 00:00:00+00:00,1.400130033493042,1.400730013847351,1.398900032043457,1.399399995803833
2025-12-02 08:00:00+00:00,1.3997100591659546,1.4014400243759155,1.3970999717712402,1.3980300426483154
2025-12-02 16:00:00+00:00,1.3980599641799927,1.3995000123977661,1.3961999416351318,1.3969600200653076
2025-12-03 00:00:00+00:00,1.396939992904663,1.3975399732589722,1.3956999778747559,1.3970400094985962
2025-12-03 08:00:00+00:00,1.3970400094985962,1.397089958190918,1.393399953842163,1.3949700593948364
2025-12-03 16:00:00+00:00,1.394919991493225,1.3954999446868896,1.3937000036239624,1.395300030708313
2025-12-04 00:00:00+00:00,1.395300030708313,1.397130012512207,1.3948999643325806,1.39628005027771
2025-12-04 08:00:00+00:00,1.3961000442504883,1.3977299928665161,1.3920999765396118,1.393239974975586
2025-12-04 16:00:00+00:00,1.3932199478149414,1.3960800170898438,1.392899990081787,1.3959699869155884
2025-12-05 00:00:00+00:00,1.3959499597549438,1.3960000276565552,1.3935999870300293,1.394670009613037
2025-12-05 08:00:00+00:00,1.394670009613037,1.3952499628067017,1.3848999738693237,1.385450005531311
2025-12-05 16:00:00+00:00,1.3854000568389893,1.3869600296020508,1.381100058555603,1.381500005722046
2025-12-06 00:00:00+00:00,,,,
2025-12-06 08:00:00+00:00,,,,
2025-12-06 16:00:00+00:00,,,,
2025-12-07 00:00:00+00:00,,,,
2025-12-07 08:00:00+00:00,,,,
2025-12-07 16:00:00+00:00,,,,
2025-12-08 00:00:00+00:00,1.383470058441162,1.3835200071334839,1.3809000253677368,1.382449984550476
2025-12-08 08:00:00+00:00,1.382449984550476,1.3845000267028809,1.3795000314712524,1.3844499588012695
2025-12-08 16:00:00+00:00,1.3844799995422363,1.3859800100326538,1.3834999799728394,1.384850025177002
2025-12-09 00:00:00+00:00,1.384850025177002,1.385759949684143,1.3839999437332153,1.3855799436569214
2025-12-09 08:00:00+00:00,1.3855600357055664,1.3857799768447876,1.3818999528884888,1.3840899467468262
2025-12-09 16:00:00+00:00,1.3840700387954712,1.3860900402069092,1.3825000524520874,1.3845100402832031
2025-12-10 00:00:00+00:00,1.3845700025558472,1.385759949684143,1.3839999437332153,1.3853800296783447
2025-12-10 08:00:00+00:00,1.385390043258667,1.3871999979019165,1.3832999467849731,1.3851100206375122
2025-12-10 16:00:00+00:00,1.3850899934768677,1.385640025138855,1.3779000043869019,1.378600001335144
2025-12-11 00:00:00+00:00,1.3789299726486206,1.3822799921035767,1.378000020980835,1.3821200132369995
2025-12-11 08:00:00+00:00,1.3821200132369995,1.382159948348999,1.3753000497817993,1.3759100437164307
2025-12-11 16:00:00+00:00,1.3759299516677856,1.378100037574768,1.3752000331878662,1.3775099515914917
2025-12-12 00:00:00+00:00,1.3775299787521362,1.3779300451278687,1.3760000467300415,1.376520037651062
2025-12-12 08:00:00+00:00,1.376520037651062,1.3784199953079224,1.374899983406067,1.3780900239944458
2025-12-12 16:00:00+00:00,1.3781399726867676,1.3794699907302856,1.375599980354309,1.3769999742507935
2025-12-13 00:00:00+00:00,,,,
2025-12-13 08:00:00+00:00,,,,
2025-12-13 16:00:00+00:00,,,,
2025-12-14 00:00:00+00:00,,,,
2025-12-14 08:00:00+00:00,,,,
2025-12-14 16:00:00+00:00,,,,
2025-12-15 00:00:00+00:00,1.3767800331115723,1.3771599531173706,1.375499963760376,1.3762400150299072
2025-12-15 08:00:00+00:00,1.376270055770874,1.3776999711990356,1.374400019645691,1.3761299848556519
2025-12-15 16:00:00+00:00,1.3761199712753296,1.3788599967956543,1.375499963760376,1.3769500255584717
2025-12-16 00:00:00+00:00,1.3768999576568604,1.3781399726867676,1.3759000301361084,1.376979947090149
2025-12-16 08:00:00+00:00,1.376979947090149,1.3780200481414795,1.3725999593734741,1.3747299909591675
2025-12-16 16:00:00+00:00,1.374750018119812,1.3762500286102295,1.3731000423431396,1.375100016593933
2025-12-17 00:00:00+00:00,1.375499963760376,1.3784300088882446,1.3752000331878662,1.3780100345611572
2025-12-17 08:00:00+00:00,1.3780200481414795,1.3795499801635742,1.3759000301361084,1.3780100345611572
2025-12-17 16:00:00+00:00,1.378059983253479,1.3797999620437622,1.3769999742507935,1.3784500360488892
2025-12-18 00:00:00+00:00,1.378350019454956,1.3788700103759766,1.3763999938964844,1.3772300481796265
2025-12-18 08:00:00+00:00,1.3772200345993042,1.3796099424362183,1.3760000467300415,1.376579999923706
2025-12-18 16:00:00+00:00,1.3765699863433838,1.3783999681472778,1.375100016593933,1.3778599500656128
2025-12-19 00:00:00+00:00,1.3776999711990356,1.3796900510787964,1.3766000270843506,1.379520058631897
2025-12-19 08:00:00+00:00,1.3794599771499634,1.3801100254058838,1.375100016593933,1.3784199953079224
2025-12-19 16:00:00+00:00,1.3782000541687012,1.380579948425293,1.3768999576568604,1.3798999786376953
2025-12-20 00:00:00+00:00,,,,
2025-12-20 08:00:00+00:00,,,,
2025-12-20 16:00:00+00:00,,,,
2025-12-21 00:00:00+00:00,,,,
2025-12-21 08:00:00+00:00,,,,
2025-12-21 16:00:00+00:00,,,,
2025-12-22 00:00:00+00:00,1.378980040550232,1.3801000118255615,1.3775999546051025,1.3781800270080566
2025-12-22 08:00:00+00:00,1.3781399726867676,1.3784600496292114,1.3734999895095825,1.3741899728775024
2025-12-22 16:00:00+00:00,1.3741899728775024,1.3755600452423096,1.3731000423431396,1.3749099969863892
2025-12-23 00:00:00+00:00,1.3749699592590332,1.3749799728393555,1.3727999925613403,1.3734699487686157
2025-12-23 08:00:00+00:00,1.3734999895095825,1.3735899925231934,1.368399977684021,1.3705999851226807
2025-12-23 16:00:00+00:00,1.371019959449768,1.371690034866333,1.3681000471115112,1.3684799671173096
2025-12-24 00:00:00+00:00,1.3684899806976318,1.3689299821853638,1.3669999837875366,1.368340015411377
2025-12-24 08:00:00+00:00,1.3683300018310547,1.3688000440597534,1.3660999536514282,1.366760015487671
2025-12-24 16:00:00+00:00,1.366760015487671,1.3680100440979004,1.3660000562667847,1.3671000003814697
2025-12-25 00:00:00+00:00,1.3668999671936035,1.368530035018921,1.3662899732589722,1.367400050163269
2025-12-25 08:00:00+00:00,1.367400050163269,1.3675999641418457,1.367400050163269,1.3675999641418457
2025-12-25 16:00:00+00:00,1.3675999641418457,1.3680000305175781,1.3662999868392944,1.3673499822616577
2025-12-26 00:00:00+00:00,1.3673499822616577,1.3681999444961548,1.3660999536514282,1.3675700426101685
2025-12-26 08:00:00+00:00,1.367400050163269,1.3685100078582764,1.363800048828125,1.3657200336456299
2025-12-26 16:00:00+00:00,1.3657200336456299,1.3675600290298462,1.3650000095367432,1.3671000003814697
2025-12-27 00:00:00+00:00,,,,
2025-12-27 08:00:00+00:00,,,,
2025-12-27 16:00:00+00:00,,,,
2025-12-28 00:00:00+00:00,,,,
2025-12-28 08:00:00+00:00,,,,
2025-12-28 16:00:00+00:00,,,,
2025-12-29 00:00:00+00:00,1.3668299913406372,1.3687900304794312,1.3653000593185425,1.3686699867248535
2025-12-29 08:00:00+00:00,1.3687200546264648,1.3701200485229492,1.3659000396728516,1.3669400215148926
2025-12-29 16:00:00+00:00,1.3669500350952148,1.369860053062439,1.3660999536514282,1.3687800168991089
2025-12-30 00:00:00+00:00,1.368499994277954,1.3695399761199951,1.367799997329712,1.3682899475097656
2025-12-30 08:00:00+00:00,1.3682700395584106,1.37090003490448,1.367400050163269,1.3682399988174438
2025-12-30 16:00:00+00:00,1.3682700395584106,1.3699500560760498,1.3674999475479126,1.3694599866867065
2025-12-31 00:00:00+00:00,1.3695100545883179,1.3710099458694458,1.3687000274658203,1.3700000047683716
2025-12-31 08:00:00+00:00,1.3703500032424927,1.372689962387085,1.368299961090088,1.370710015296936
2025-12-31 16:00:00+00:00,1.3706799745559692,1.3728100061416626,1.3701000213623047,1.3724000453948975
2026-01-01 00:00:00+00:00,1.3724000453948975,1.3724000453948975,1.3723000288009644,1.3724000453948975
2026-01-01 08:00:00+00:00,1.3724000453948975,1.3724000453948975,1.3723000288009644,1.3724000453948975
2026-01-01 16:00:00+00:00,1.3724000453948975,1.3724000453948975,1.3704999685287476,1.3717199563980103
2026-01-02 00:00:00+00:00,1.371709942817688,1.3719099760055542,1.3696000576019287,1.3701599836349487
2026-01-02 08:00:00+00:00,1.3701599836349487,1.3747299909591675,1.3696999549865723,1.371999979019165
2026-01-02 16:00:00+00:00,1.3723499774932861,1.3747800588607788,1.371999979019165,1.3730000257492065
2026-01-03 00:00:00+00:00,,,,
2026-01-03 08:00:00+00:00,,,,
2026-01-03 16:00:00+00:00,,,,
2026-01-04 00:00:00+00:00,,,,
2026-01-04 08:00:00+00:00,,,,
2026-01-04 16:00:00+00:00,,,,
2026-01-05 00:00:00+00:00,1.3746800422668457,1.3781499862670898,1.3736000061035156,1.377810001373291
2026-01-05 08:00:00+00:00,1.377769947052002,1.3815399408340454,1.3741999864578247,1.374809980392456
2026-01-05 16:00:00+00:00,1.374809980392456,1.3773800134658813,1.3739999532699585,1.3770999908447266
2026-01-06 00:00:00+00:00,1.3772900104522705,1.3776299953460693,1.3746999502182007,1.3762999773025513
2026-01-06 08:00:00+00:00,1.3762600421905518,1.3792999982833862,1.375,1.3785400390625
2026-01-06 16:00:00+00:00,1.3785899877548218,1.3816900253295898,1.3782000541687012,1.3815900087356567
2026-01-07 00:00:00+00:00,1.3815699815750122,1.3826099634170532,1.3805999755859375,1.382200002670288
2026-01-07 08:00:00+00:00,1.3824700117111206,1.382699966430664,1.378600001335144,1.3811899423599243
2026-01-07 16:00:00+00:00,1.3811999559402466,1.38618004322052,1.3806999921798706,1.3854999542236328
2026-01-08 00:00:00+00:00,1.3858100175857544,1.3879899978637695,1.3853000402450562,1.3878799676895142
2026-01-08 08:00:00+00:00,1.3878899812698364,1.3888200521469116,1.384600043296814,1.385890007019043
2026-01-08 16:00:00+00:00,1.3858400583267212,1.3876800537109375,1.3849999904632568,1.386430025100708
2026-01-09 00:00:00+00:00,1.3863999843597412,1.3876800537109375,1.3860000371932983,1.3868800401687622
2026-01-09 08:00:00+00:00,1.3868299722671509,1.3906199932098389,1.386199951171875,1.3890199661254883
2026-01-09 16:00:00+00:00,1.3890199661254883,1.3919700384140015,1.3876999616622925,1.3911000490188599
2026-01-10 00:00:00+00:00,,,,
2026-01-10 08:00:00+00:00,,,,
2026-01-10 16:00:00+00:00,,,,
2026-01-11 00:00:00+00:00,,,,
2026-01-11 08:00:00+00:00,,,,
2026-01-11 16:00:00+00:00,,,,
2026-01-12 00:00:00+00:00,1.3911999464035034,1.391450047492981,1.3870999813079834,1.3875000476837158
2026-01-12 08:00:00+00:00,1.3876500129699707,1.3894699811935425,1.386299967765808,1.3873000144958496
2026-01-12 16:00:00+00:00,1.3872900009155273,1.388100028038025,1.3863999843597412,1.387619972229004
2026-01-13 00:00:00+00:00,1.3875900506973267,1.3883999586105347,1.386299967765808,1.3877300024032593
2026-01-13 08:00:00+00:00,1.3877300024032593,1.3894100189208984,1.385200023651123,1.3879300355911255
2026-01-13 16:00:00+00:00,1.387869954109192,1.3898199796676636,1.3874000310897827,1.3886200189590454
2026-01-14 00:00:00+00:00,1.388659954071045,1.389799952507019,1.3875999450683594,1.3882999420166016
2026-01-14 08:00:00+00:00,1.3885600566864014,1.3896700143814087,1.386199951171875,1.3879899978637695
2026-01-14 16:00:00+00:00,1.3879799842834473,1.3886300325393677,1.3865000009536743,1.3884199857711792
2026-01-15 00:00:00+00:00,1.38864004611969,1.3903499841690063,1.3880000114440918,1.3899699449539185
2026-01-15 08:00:00+00:00,1.3899699449539185,1.3919700384140015,1.388700008392334,1.3891500234603882
2026-01-15 16:00:00+00:00,1.3890999555587769,1.3900599479675293,1.388100028038025,1.3889100551605225
2026-01-16 00:00:00+00:00,1.3889800310134888,1.3898199796676636,1.3880000114440918,1.3894000053405762
2026-01-16 08:00:00+00:00,1.389389991760254,1.392009973526001,1.3880000114440918,1.3914400339126587
2026-01-16 16:00:00+00:00,1.3914300203323364,1.3928799629211426,1.3899999856948853,1.3909000158309937
2026-01-17 00:00:00+00:00,,,,
2026-01-17 08:00:00+00:00,,,,
2026-01-17 16:00:00+00:00,,,,
2026-01-18 00:00:00+00:00,,,,
2026-01-18 08:00:00+00:00,,,,
2026-01-18 16:00:00+00:00,,,,
2026-01-19 00:00:00+00:00,1.389989972114563,1.3907699584960938,1.3880000114440918,1.3897700309753418
2026-01-19 08:00:00+00:00,1.3897600173950195,1.389799952507019,1.385599970817566,1.3864599466323853
2026-01-19 16:00:00+00:00,1.3861000537872314,1.3877700567245483,1.3854999542236328,1.3874599933624268
2026-01-20 00:00:00+00:00,1.3873900175094604,1.3878999948501587,1.3832999467849731,1.3837599754333496
2026-01-20 08:00:00+00:00,1.3837699890136719,1.3840999603271484,1.38100004196167,1.382949948310852
2026-01-20 16:00:00+00:00,1.3830000162124634,1.3842999935150146,1.3813999891281128,1.3833600282669067
2026-01-21 00:00:00+00:00,1.3832999467849731,1.384060025215149,1.3818999528884888,1.3832199573516846
2026-01-21 08:00:00+00:00,1.3828999996185303,1.3842999935150146,1.378100037574768,1.3797500133514404
2026-01-21 16:00:00+00:00,1.3797399997711182,1.3844000101089478,1.3792999982833862,1.3843300342559814
2026-01-22 00:00:00+00:00,1.3843499422073364,1.3845000267028809,1.3812999725341797,1.3819999694824219
2026-01-22 08:00:00+00:00,1.3819999694824219,1.38332998752594,1.3792999982833862,1.380210041999817
2026-01-22 16:00:00+00:00,1.3802200555801392,1.3808300495147705,1.3777999877929688,1.3783600330352783
2026-01-23 00:00:00+00:00,1.3783799409866333,1.379699945449829,1.3779000043869019,1.3793699741363525
2026-01-23 08:00:00+00:00,1.3793799877166748,1.3799699544906616,1.3730000257492065,1.373479962348938
2026-01-23 16:00:00+00:00,1.373479962348938,1.3745499849319458,1.36899995803833,1.3700000047683716
2026-01-24 00:00:00+00:00,,,,
2026-01-24 08:00:00+00:00,,,,
2026-01-24 16:00:00+00:00,,,,
2026-01-25 00:00:00+00:00,,,,
2026-01-25 08:00:00+00:00,,,,
2026-01-25 16:00:00+00:00,,,,
2026-01-26 00:00:00+00:00,1.3700100183486938,1.3706400394439697,1.3669999837875366,1.3695600032806396
2026-01-26 08:00:00+00:00,1.369570016860962,1.3712999820709229,1.3667000532150269,1.3679499626159668
2026-01-26 16:00:00+00:00,1.367959976196289,1.371999979019165,1.3672000169754028,1.3712199926376343
2026-01-27 00:00:00+00:00,1.3713899850845337,1.3739299774169922,1.3703999519348145,1.3727999925613403
2026-01-27 08:00:00+00:00,1.373129963874817,1.3738399744033813,1.3601000308990479,1.360990047454834
2026-01-27 16:00:00+00:00,1.360990047454834,1.362339973449707,1.3554999828338623,1.359279990196228
2026-01-28 00:00:00+00:00,1.3592400550842285,1.36149001121521,1.3562999963760376,1.358299970626831
2026-01-28 08:00:00+00:00,1.358299970626831,1.3591599464416504,1.3532999753952026,1.3559399843215942
2026-01-28 16:00:00+00:00,1.3559399843215942,1.3607900142669678,1.3531999588012695,1.3539400100708008
2026-01-29 00:00:00+00:00,1.3537399768829346,1.3558299541473389,1.3504999876022339,1.3526500463485718
2026-01-29 08:00:00+00:00,1.3526899814605713,1.357800006866455,1.3489999771118164,1.3554400205612183
2026-01-29 16:00:00+00:00,1.3554400205612183,1.355780005455017,1.3476999998092651,1.3492499589920044
2026-01-30 00:00:00+00:00,1.3491100072860718,1.3545600175857544,1.3479000329971313,1.3513100147247314
2026-01-30 08:00:00+00:00,1.3512799739837646,1.3555699586868286,1.3488999605178833,1.3541799783706665
2026-01-30 16:00:00+00:00,1.354159951210022,1.362470030784607,1.353700041770935,1.361299991607666
2026-01-31 00:00:00+00:00,,,,
2026-01-31 08:00:00+00:00,,,,
2026-01-31 16:00:00+00:00,,,,
2026-02-01 00:00:00+00:00,,,,
2026-02-01 08:00:00+00:00,,,,
2026-02-01 16:00:00+00:00,,,,
2026-02-02 00:00:00+00:00,1.36381995677948,1.3674800395965576,1.3609000444412231,1.3651700019836426
2026-02-02 08:00:00+00:00,1.3651800155639648,1.3693000078201294,1.3619999885559082,1.3691500425338745
2026-02-02 16:00:00+00:00,1.3691699504852295,1.3702499866485596,1.3662999868392944,1.3674099445343018
2026-02-03 00:00:00+00:00,1.3672399520874023,1.3680399656295776,1.3646999597549438,1.3652000427246094
2026-02-03 08:00:00+00:00,1.3655099868774414,1.3686000108718872,1.3640999794006348,1.3652000427246094
2026-02-03 16:00:00+00:00,1.3651700019836426,1.3658900260925293,1.3629000186920166,1.3639999628067017
2026-02-04 00:00:00+00:00,1.3639800548553467,1.3650799989700317,1.3625999689102173,1.3634999990463257
2026-02-04 08:00:00+00:00,1.3635200262069702,1.3680299520492554,1.3624999523162842,1.367210030555725
2026-02-04 16:00:00+00:00,1.3671599626541138,1.3684099912643433,1.3653000593185425,1.3671599626541138
2026-02-05 00:00:00+00:00,1.3671000003814697,1.3693100214004517,1.3655999898910522,1.368690013885498
2026-02-05 08:00:00+00:00,1.3686800003051758,1.3700300455093384,1.364799976348877,1.3684200048446655
2026-02-05 16:00:00+00:00,1.368399977684021,1.3714300394058228,1.3660999536514282,1.3711700439453125
2026-02-06 00:00:00+00:00,1.371150016784668,1.3724600076675415,1.3680000305175781,1.3688000440597534
2026-02-06 08:00:00+00:00,1.3688199520111084,1.3691799640655518,1.3621000051498413,1.3635300397872925
2026-02-06 16:00:00+00:00,1.3635400533676147,1.367900013923645,1.3626999855041504,1.3671000003814697
2026-02-07 00:00:00+00:00,,,,
2026-02-07 08:00:00+00:00,,,,
2026-02-07 16:00:00+00:00,,,,
2026-02-08 00:00:00+00:00,,,,
2026-02-08 08:00:00+00:00,,,,
2026-02-08 16:00:00+00:00,,,,
2026-02-09 00:00:00+00:00,1.3658299446105957,1.3667500019073486,1.3636000156402588,1.3642300367355347
2026-02-09 08:00:00+00:00,1.3642300367355347,1.3655699491500854,1.3566999435424805,1.3568999767303467
2026-02-09 16:00:00+00:00,1.3571799993515015,1.3578399419784546,1.3547999858856201,1.3560600280761719
2026-02-10 00:00:00+00:00,1.3560500144958496,1.356819987297058,1.3544000387191772,1.3559800386428833
2026-02-10 08:00:00+00:00,1.3559800386428833,1.3576500415802002,1.3518999814987183,1.3524399995803833
2026-02-10 16:00:00+00:00,1.3524399995803833,1.3561999797821045,1.3519999980926514,1.3553099632263184
2026-02-11 00:00:00+00:00,1.3553199768066406,1.3554199934005737,1.351199984550476,1.3521900177001953
2026-02-11 08:00:00+00:00,1.3521599769592285,1.3618899583816528,1.350000023841858,1.3605799674987793
2026-02-11 16:00:00+00:00,1.3605899810791016,1.361340045928955,1.354599952697754,1.3575600385665894
2026-02-12 00:00:00+00:00,1.357550024986267,1.359660029411316,1.3559999465942383,1.3578200340270996
2026-02-12 08:00:00+00:00,1.3578200340270996,1.3606499433517456,1.3551000356674194,1.3597300052642822
2026-02-12 16:00:00+00:00,1.359779953956604,1.3635799884796143,1.3593000173568726,1.3611700534820557
2026-02-13 00:00:00+00:00,1.3610999584197998,1.3637499809265137,1.3602999448776245,1.3623000383377075
2026-02-13 08:00:00+00:00,1.3625099658966064,1.3636200428009033,1.3592000007629395,1.3632899522781372
2026-02-13 16:00:00+00:00,1.3632400035858154,1.3636300563812256,1.3588999509811401,1.3617000579833984
2026-02-14 00:00:00+00:00,,,,
2026-02-14 08:00:00+00:00,,,,
2026-02-14 16:00:00+00:00,,,,
2026-02-15 00:00:00+00:00,,,,
2026-02-15 08:00:00+00:00,,,,
2026-02-15 16:00:00+00:00,,,,
2026-02-16 00:00:00+00:00,1.3617099523544312,1.3619500398635864,1.360200047492981,1.3607900142669678
2026-02-16 08:00:00+00:00,1.3607699871063232,1.363450050354004,1.3600000143051147,1.3628599643707275
2026-02-16 16:00:00+00:00,1.3628000020980835,1.3638999462127686,1.3623000383377075,1.3635799884796143
2026-02-17 00:00:00+00:00,1.3635900020599365,1.3653199672698975,1.3630000352859497,1.3647300004959106
2026-02-17 08:00:00+00:00,1.3647600412368774,1.3692899942398071,1.3632999658584595,1.3683799505233765
2026-02-17 16:00:00+00:00,1.3683899641036987,1.3684300184249878,1.3626999855041504,1.363759994506836
2026-02-18 00:00:00+00:00,1.3639099597930908,1.3665599822998047,1.3632999658584595,1.3664000034332275
2026-02-18 08:00:00+00:00,1.3663500547409058,1.3678499460220337,1.3632999658584595,1.3665499687194824
2026-02-18 16:00:00+00:00,1.3665499687194824,1.3700200319290161,1.3655999898910522,1.3693000078201294
2026-02-19 00:00:00+00:00,1.369629979133606,1.370460033416748,1.367400050163269,1.3680599927902222
2026-02-19 08:00:00+00:00,1.3680599927902222,1.3714799880981445,1.3664000034332275,1.3682600259780884
2026-02-19 16:00:00+00:00,1.3682600259780884,1.3707400560379028,1.367400050163269,1.368299961090088
2026-02-20 00:00:00+00:00,1.3687599897384644,1.3702800273895264,1.3676999807357788,1.3697099685668945
2026-02-20 08:00:00+00:00,1.369729995727539,1.3710999488830566,1.3667000532150269,1.3675800561904907
2026-02-20 16:00:00+00:00,1.3675800561904907,1.3704099655151367,1.3666000366210938,1.367799997329712
2026-02-21 00:00:00+00:00,,,,
2026-02-21 08:00:00+00:00,,,,
2026-02-21 16:00:00+00:00,,,,
2026-02-22 00:00:00+00:00,,,,
2026-02-22 08:00:00+00:00,,,,
2026-02-22 16:00:00+00:00,,,,
2026-02-23 00:00:00+00:00,1.36489999294281,1.3674499988555908,1.3645999431610107,1.3667999505996704
2026-02-23 08:00:00+00:00,1.3668099641799927,1.3700200319290161,1.3657000064849854,1.3687200546264648
2026-02-23 16:00:00+00:00,1.3687200546264648,1.3704099655151367,1.3675999641418457,1.369439959526062
2026-02-24 00:00:00+00:00,1.369379997253418,1.3717600107192993,1.3687000274658203,1.3703800439834595
2026-02-24 08:00:00+00:00,1.3703299760818481,1.372499942779541,1.3690999746322632,1.3714599609375
2026-02-24 16:00:00+00:00,1.3715100288391113,1.371690034866333,1.3690999746322632,1.3702199459075928
2026-02-25 00:00:00+00:00,1.370300054550171,1.3705999851226807,1.3669999837875366,1.3683099746704102
2026-02-25 08:00:00+00:00,1.368299961090088,1.370669960975647,1.367400050163269,1.3680599927902222
2026-02-25 16:00:00+00:00,1.368109941482544,1.3687800168991089,1.3667000532150269,1.367400050163269
2026-02-26 00:00:00+00:00,1.3675700426101685,1.3676999807357788,1.3654999732971191,1.3658000230789185
2026-02-26 08:00:00+00:00,1.3660600185394287,1.371250033378601,1.3657000064849854,1.3684600591659546
2026-02-26 16:00:00+00:00,1.368399977684021,1.370270013809204,1.3671200275421143,1.367300033569336
2026-02-27 00:00:00+00:00,1.3675899505615234,1.3682199716567993,1.3657000064849854,1.3670300245285034
2026-02-27 08:00:00+00:00,1.367069959640503,1.3684799671173096,1.3623000383377075,1.3637399673461914
2026-02-27 16:00:00+00:00,1.3637399673461914,1.3651700019836426,1.3619999885559082,1.3641999959945679
2026-02-28 00:00:00+00:00,,,,
2026-02-28 08:00:00+00:00,,,,
2026-02-28 16:00:00+00:00,,,,
2026-03-01 00:00:00+00:00,,,,
2026-03-01 08:00:00+00:00,,,,
2026-03-01 16:00:00+00:00,,,,
2026-03-02 00:00:00+00:00,1.3668099641799927,1.36735999584198,1.3636000156402588,1.3657300472259521
2026-03-02 08:00:00+00:00,1.3657900094985962,1.3703999519348145,1.3636000156402588,1.3700400590896606
2026-03-02 16:00:00+00:00,1.3700400590896606,1.371880054473877,1.3654999732971191,1.3670799732208252
2026-03-03 00:00:00+00:00,1.3671499490737915,1.3683700561523438,1.3655999898910522,1.367859959602356
2026-03-03 08:00:00+00:00,1.3678300380706787,1.375290036201477,1.367300033569336,1.3703199625015259
2026-03-03 16:00:00+00:00,1.3703199625015259,1.3705699443817139,1.36489999294281,1.3674099445343018
2026-03-04 00:00:00+00:00,1.3674800395965576,1.3700000047683716,1.364400029182434,1.3659100532531738
2026-03-04 08:00:00+00:00,1.3659299612045288,1.3690299987792969,1.3638999462127686,1.3659100532531738
2026-03-04 16:00:00+00:00,1.3655999898910522,1.367300033569336,1.3622000217437744,1.3643900156021118
2026-03-05 00:00:00+00:00,1.3643200397491455,1.3667800426483154,1.3626999855041504,1.3641999959945679
2026-03-05 08:00:00+00:00,1.3644599914550781,1.369230031967163,1.3610999584197998,1.3681700229644775
2026-03-05 16:00:00+00:00,1.3681700229644775,1.3716100454330444,1.3660999536514282,1.366979956626892
2026-03-06 00:00:00+00:00,1.367110013961792,1.3672000169754028,1.364400029182434,1.3646999597549438
2026-03-06 08:00:00+00:00,1.3650699853897095,1.367419958114624,1.361199975013733,1.3625099658966064
2026-03-06 16:00:00+00:00,1.3622000217437744,1.362779974937439,1.3558000326156616,1.3565000295639038
2026-03-07 00:00:00+00:00,,,,
2026-03-07 08:00:00+00:00,,,,
2026-03-07 16:00:00+00:00,,,,
2026-03-08 00:00:00+00:00,,,,
2026-03-08 08:00:00+00:00,,,,
2026-03-08 16:00:00+00:00,,,,
2026-03-09 00:00:00+00:00,1.3600900173187256,1.360640048980713,1.354099988937378,1.3551599979400635
2026-03-09 08:00:00+00:00,1.3552199602127075,1.35903000831604,1.3521000146865845,1.3574700355529785
2026-03-09 16:00:00+00:00,1.3574600219726562,1.3598500490188599,1.3555999994277954,1.3587900400161743
2026-03-10 00:00:00+00:00,1.3586599826812744,1.360129952430725,1.3560999631881714,1.3569200038909912
2026-03-10 08:00:00+00:00,1.356950044631958,1.3586299419403076,1.3538000583648682,1.3562400341033936
2026-03-10 16:00:00+00:00,1.3562400341033936,1.3585599660873413,1.3559000492095947,1.3583199977874756
2026-03-11 00:00:00+00:00,1.3582500219345093,1.3585000038146973,1.3551000356674194,1.3562699556350708
2026-03-11 08:00:00+00:00,1.3563200235366821,1.3603700399398804,1.3559000492095947,1.360260009765625
2026-03-11 16:00:00+00:00,1.3602499961853027,1.3604899644851685,1.3569999933242798,1.3601900339126587
2026-03-12 00:00:00+00:00,1.3602800369262695,1.3604700565338135,1.357300043106079,1.358620047569275
2026-03-12 08:00:00+00:00,1.3586100339889526,1.3633899688720703,1.357200026512146,1.361930012702942
2026-03-12 16:00:00+00:00,1.361930012702942,1.3645600080490112,1.3610700368881226,1.3632999658584595
2026-03-13 00:00:00+00:00,1.3632299900054932,1.3665499687194824,1.361799955368042,1.3660099506378174
2026-03-13 08:00:00+00:00,1.3660000562667847,1.3737000226974487,1.3651000261306763,1.3736599683761597
2026-03-13 16:00:00+00:00,1.3732999563217163,1.3741400241851807,1.371000051498413,1.3717999458312988
2026-03-14 00:00:00+00:00,,,,
2026-03-14 08:00:00+00:00,,,,
2026-03-14 16:00:00+00:00,,,,
2026-03-15 00:00:00+00:00,,,,
2026-03-15 08:00:00+00:00,,,,
2026-03-15 16:00:00+00:00,,,,
2026-03-16 00:00:00+00:00,1.3712199926376343,1.3723000288009644,1.3698999881744385,1.370650053024292
2026-03-16 08:00:00+00:00,1.370650053024292,1.3708699941635132,1.364799976348877,1.3684099912643433
2026-03-16 16:00:00+00:00,1.3683700561523438,1.368899941444397,1.3664000034332275,1.368649959564209
2026-03-17 00:00:00+00:00,1.3686399459838867,1.370110034942627,1.3675999641418457,1.3689099550247192
2026-03-17 08:00:00+00:00,1.3689099550247192,1.3722699880599976,1.3675999641418457,1.370710015296936
2026-03-17 16:00:00+00:00,1.3706899881362915,1.3713500499725342,1.368399977684021,1.3689500093460083
2026-03-18 00:00:00+00:00,1.3689299821853638,1.3712600469589233,1.368299961090088,1.370919942855835
2026-03-18 08:00:00+00:00,1.3709299564361572,1.3724000453948975,1.368399977684021,1.36968994140625
2026-03-18 16:00:00+00:00,1.3696999549865723,1.3737599849700928,1.368399977684021,1.3728899955749512
2026-03-19 00:00:00+00:00,1.373020052909851,1.3738800287246704,1.371000051498413,1.3735899925231934
2026-03-19 08:00:00+00:00,1.3736300468444824,1.3747999668121338,1.3702000379562378,1.3722399473190308
2026-03-19 16:00:00+00:00,1.3722399473190308,1.374500036239624,1.3701000213623047,1.3736399412155151
2026-03-20 00:00:00+00:00,1.3736900091171265,1.3742400407791138,1.371500015258789,1.3721200227737427
2026-03-20 08:00:00+00:00,1.3720999956130981,1.3747600317001343,1.3695000410079956,1.3731900453567505
2026-03-20 16:00:00+00:00,1.3731900453567505,1.3734400272369385,1.3700000047683716,1.3723000288009644
2026-03-21 00:00:00+00:00,,,,
2026-03-21 08:00:00+00:00,,,,
2026-03-21 16:00:00+00:00,,,,
2026-03-22 00:00:00+00:00,,,,
2026-03-22 08:00:00+00:00,,,,
2026-03-22 16:00:00+00:00,,,,
2026-03-23 00:00:00+00:00,1.370919942855835,1.3739099502563477,1.3696000576019287,1.372920036315918
2026-03-23 08:00:00+00:00,1.3730000257492065,1.375480055809021,1.3665000200271606,1.3718299865722656
2026-03-23 16:00:00+00:00,1.3718199729919434,1.3735300302505493,1.3707000017166138,1.3729599714279175
2026-03-24 00:00:00+00:00,1.373020052909851,1.3761500120162964,1.3720999956130981,1.3740099668502808
2026-03-24 08:00:00+00:00,1.3739800453186035,1.3765599727630615,1.3724000453948975,1.3765000104904175
2026-03-24 16:00:00+00:00,1.3765000104904175,1.3785200119018555,1.3737000226974487,1.3757400512695312
2026-03-25 00:00:00+00:00,1.375749945640564,1.378440022468567,1.3746000528335571,1.3779000043869019
2026-03-25 08:00:00+00:00,1.3782700300216675,1.3808000087738037,1.3767999410629272,1.379870057106018
2026-03-25 16:00:00+00:00,1.379830002784729,1.3819600343704224,1.3791999816894531,1.3814300298690796
2026-03-26 00:00:00+00:00,1.3814200162887573,1.3831499814987183,1.38100004196167,1.3829599618911743
2026-03-26 08:00:00+00:00,1.382930040359497,1.3857699632644653,1.381700038909912,1.3850799798965454
2026-03-26 16:00:00+00:00,1.3850500583648682,1.3866000175476074,1.3833999633789062,1.385349988937378
2026-03-27 00:00:00+00:00,1.3853299617767334,1.3861600160598755,1.3840999603271484,1.3851100206375122
2026-03-27 08:00:00+00:00,1.3850599527359009,1.388069987297058,1.3840999603271484,1.3880399465560913
2026-03-27 16:00:00+00:00,1.3880499601364136,1.389549970626831,1.3868000507354736,1.38919997215271
2026-03-28 00:00:00+00:00,,,,
2026-03-28 08:00:00+00:00,,,,
2026-03-28 16:00:00+00:00,,,,
2026-03-29 00:00:00+00:00,,,,
2026-03-29 08:00:00+00:00,,,,
2026-03-29 16:00:00+00:00,1.389799952507019,1.3902900218963623,1.3890999555587769,1.3899500370025635
2026-03-30 00:00:00+00:00,1.3899999856948853,1.391010046005249,1.388100028038025,1.3909000158309937
2026-03-30 08:00:00+00:00,1.3909000158309937,1.3945300579071045,1.3902000188827515,1.3922300338745117
2026-03-30 16:00:00+00:00,1.392240047454834,1.3931000232696533,1.3911999464035034,1.3925000429153442
2026-03-31 00:00:00+00:00,1.3928099870681763,1.3939100503921509,1.3911999464035034,1.3932600021362305
2026-03-31 08:00:00+00:00,1.3932900428771973,1.3966699838638306,1.3919999599456787,1.3953900337219238
2026-03-31 16:00:00+00:00,1.3953700065612793,1.3956799507141113,1.3898999691009521,1.3902900218963623
2026-04-01 00:00:00+00:00,1.3903199434280396,1.3911999464035034,1.388700008392334,1.3907699584960938
2026-04-01 08:00:00+00:00,1.3907899856567383,1.3909499645233154,1.3871999979019165,1.387619972229004
2026-04-01 16:00:00+00:00,1.3876299858093262,1.3895800113677979,1.3866000175476074,1.3877500295639038
2026-04-02 00:00:00+00:00,1.3877099752426147,1.3918299674987793,1.3863999843597412,1.39096999168396
2026-04-02 08:00:00+00:00,1.39096999168396,1.3933299779891968,1.3902000188827515,1.3916900157928467
2026-04-02 16:00:00+00:00,1.3916900157928467,1.3924200534820557,1.3905999660491943,1.3917499780654907
2026-04-03 00:00:00+00:00,1.3917499780654907,1.392699956893921,1.3912999629974365,1.3916000127792358
2026-04-03 08:00:00+00:00,1.3920300006866455,1.3948999643325806,1.3911999464035034,1.3940000534057617
2026-04-03 16:00:00+00:00,1.3942099809646606,1.3947999477386475,1.3931000232696533,1.3942300081253052
2026-04-04 00:00:00+00:00,,,,
2026-04-04 08:00:00+00:00,,,,
2026-04-04 16:00:00+00:00,,,,
2026-04-05 00:00:00+00:00,,,,
2026-04-05 08:00:00+00:00,,,,
2026-04-05 16:00:00+00:00,1.3943699598312378,1.394760012626648,1.3938000202178955,1.394569993019104
2026-04-06 00:00:00+00:00,1.394569993019104,1.3947700262069702,1.3913999795913696,1.3919399976730347
2026-04-06 08:00:00+00:00,1.3919099569320679,1.392899990081787,1.389799952507019,1.3915200233459473
2026-04-06 16:00:00+00:00,1.3915200233459473,1.3923699855804443,1.389799952507019,1.391160011291504
2026-04-07 00:00:00+00:00,1.391160011291504,1.392989993095398,1.3907999992370605,1.3921600580215454
2026-04-07 08:00:00+00:00,1.3921799659729004,1.3928500413894653,1.388700008392334,1.390570044517517
2026-04-07 16:00:00+00:00,1.390570044517517,1.3908300399780273,1.3838000297546387,1.3842699527740479
2026-04-08 00:00:00+00:00,1.3841999769210815,1.385699987411499,1.3818999528884888,1.3845800161361694
2026-04-08 08:00:00+00:00,1.384559988975525,1.3874499797821045,1.3831000328063965,1.3853800296783447
2026-04-08 16:00:00+00:00,1.3853800296783447,1.3860700130462646,1.3831000328063965,1.38510000705719
2026-04-09 00:00:00+00:00,1.3850500583648682,1.3860299587249756,1.3840999603271484,1.3855799436569214
2026-04-09 08:00:00+00:00,1.3855600357055664,1.3857300281524658,1.3802000284194946,1.3807799816131592
2026-04-09 16:00:00+00:00,1.3807400465011597,1.382449984550476,1.3799999952316284,1.3823000192642212
2026-04-10 00:00:00+00:00,1.3822100162506104,1.3843300342559814,1.3813999891281128,1.3842500448226929
2026-04-10 08:00:00+00:00,1.3842799663543701,1.3843799829483032,1.3795000314712524,1.382599949836731
2026-04-10 16:00:00+00:00,1.3827799558639526,1.3843200206756592,1.3818000555038452,1.3839999437332153
2026-04-11 00:00:00+00:00,,,,
2026-04-11 08:00:00+00:00,,,,
2026-04-11 16:00:00+00:00,,,,
2026-04-12 00:00:00+00:00,,,,
2026-04-12 08:00:00+00:00,,,,
2026-04-12 16:00:00+00:00,1.3868499994277954,1.3877500295639038,1.3866000175476074,1.3872699737548828
2026-04-13 00:00:00+00:00,1.3872699737548828,1.3876700401306152,1.3839000463485718,1.3844200372695923
2026-04-13 08:00:00+00:00,1.3844399452209473,1.3852100372314453,1.3801000118255615,1.381160020828247
2026-04-13 16:00:00+00:00,1.3811500072479248,1.3815699815750122,1.378100037574768,1.3786300420761108
2026-04-14 00:00:00+00:00,1.3785799741744995,1.378999948501587,1.3760000467300415,1.376960039138794
2026-04-14 08:00:00+00:00,1.3769500255584717,1.377210021018982,1.3725999593734741,1.3758000135421753
2026-04-14 16:00:00+00:00,1.3758000135421753,1.377810001373291,1.3752000331878662,1.3766100406646729
2026-04-15 00:00:00+00:00,1.3766100406646729,1.3782000541687012,1.3756999969482422,1.3765000104904175
2026-04-15 08:00:00+00:00,1.37677001953125,1.3788299560546875,1.3732999563217163,1.3740899562835693
2026-04-15 16:00:00+00:00,1.3741099834442139,1.3743499517440796,1.3722000122070312,1.3727999925613403
2026-04-16 00:00:00+00:00,1.373129963874817,1.3734099864959717,1.37090003490448,1.3725500106811523
2026-04-16 08:00:00+00:00,1.37253999710083,1.373810052871704,1.3702000379562378,1.3705600500106812
2026-04-16 16:00:00+00:00,1.3705400228500366,1.3711800575256348,1.3690999746322632,1.370069980621338
2026-04-17 00:00:00+00:00,1.3700400590896606,1.3703500032424927,1.367400050163269,1.368190050125122
2026-04-17 08:00:00+00:00,1.3681600093841553,1.3683600425720215,1.3645999431610107,1.3667800426483154
2026-04-17 16:00:00+00:00,1.3667800426483154,1.3695000410079956,1.3662999868392944,1.3693000078201294
2026-04-18 00:00:00+00:00,,,,
2026-04-18 08:00:00+00:00,,,,
2026-04-18 16:00:00+00:00,,,,
2026-04-19 00:00:00+00:00,,,,
2026-04-19 08:00:00+00:00,,,,
2026-04-19 16:00:00+00:00,1.370300054550171,1.3709700107574463,1.3697999715805054,1.3702000379562378
2026-04-20 00:00:00+00:00,1.3705500364303589,1.3707499504089355,1.3688000440597534,1.3697199821472168
2026-04-20 08:00:00+00:00,1.3690199851989746,1.3700599670410156,1.363800048828125,1.3650200366973877
2026-04-20 16:00:00+00:00,1.3649799823760986,1.3651000261306763,1.3630000352859497,1.3644299507141113
2026-04-21 00:00:00+00:00,1.364400029182434,1.3655500411987305,1.3636000156402588,1.3655099868774414
2026-04-21 08:00:00+00:00,1.3654999732971191,1.3663699626922607,1.36489999294281,1.3650000095367432
