Datetime,Open,High,Low,Close
2023-07-04 16:00:00+00:00,1.2713264226913452,1.271811604499817,1.2712457180023193,1.2717629671096802
2023-07-05 00:00:00+00:00,1.2721028327941895,1.2721513509750366,1.2698252201080322,1.271164894104004
2023-07-05 08:00:00+00:00,1.270599603652954,1.2734473943710327,1.268890619277954,1.2707933187484741
2023-07-05 16:00:00+00:00,1.2707772254943848,1.2716013193130493,1.269309401512146,1.2704704999923706
2023-07-06 00:00:00+00:00,1.2705672979354858,1.272799015045166,1.2690516710281372,1.272329330444336
2023-07-06 08:00:00+00:00,1.2726856470108032,1.2780532836914062,1.267603874206543,1.2719409465789795
2023-07-06 16:00:00+00:00,1.2720704078674316,1.274518609046936,1.2720379829406738,1.2742263078689575
2023-07-07 00:00:00+00:00,1.2742263078689575,1.2749735116958618,1.272799015045166,1.2731555700302124
2023-07-07 08:00:00+00:00,1.2729123830795288,1.2838783264160156,1.2726694345474243,1.2837958335876465
2023-07-07 16:00:00+00:00,1.2839772701263428,1.285000205039978,1.2831369638442993,1.2835981845855713
2023-07-08 00:00:00+00:00,,,,
2023-07-08 08:00:00+00:00,,,,
2023-07-08 16:00:00+00:00,,,,
2023-07-09 00:00:00+00:00,,,,
2023-07-09 08:00:00+00:00,,,,
2023-07-09 16:00:00+00:00,1.283779501914978,1.2840101718902588,1.2832688093185425,1.283861756324768
2023-07-10 00:00:00+00:00,1.2838454246520996,1.2838454246520996,1.2799016237258911,1.281262755393982
2023-07-10 08:00:00+00:00,1.2814762592315674,1.283812403678894,1.27524995803833,1.283812403678894
2023-07-10 16:00:00+00:00,1.2836475372314453,1.2868356704711914,1.283186435699463,1.2864879369735718
2023-07-11 00:00:00+00:00,1.2863390445709229,1.2912555932998657,1.2859420776367188,1.2874819040298462
2023-07-11 08:00:00+00:00,1.2874155044555664,1.2933096885681152,1.2871503829956055,1.2900062799453735
2023-07-11 16:00:00+00:00,1.2900229692459106,1.2939958572387695,1.2898732423782349,1.2934602499008179
2023-07-12 00:00:00+00:00,1.2934602499008179,1.296983242034912,1.2932929992675781,1.294113039970398
2023-07-12 08:00:00+00:00,1.2937614917755127,1.3000688552856445,1.2905057668685913,1.2990893125534058
2023-07-12 16:00:00+00:00,1.2992750406265259,1.2999167442321777,1.2977573871612549,1.29962956905365
2023-07-13 00:00:00+00:00,1.29962956905365,1.303033471107483,1.2990386486053467,1.3027958869934082
2023-07-13 08:00:00+00:00,1.3027278184890747,1.31137216091156,1.3027278184890747,1.3095861673355103
2023-07-13 16:00:00+00:00,1.3094489574432373,1.3142677545547485,1.3094489574432373,1.312938928604126
2023-07-14 00:00:00+00:00,1.3131976127624512,1.3141467571258545,1.3095004558563232,1.3115957975387573
2023-07-14 08:00:00+00:00,1.3116645812988281,1.3140431642532349,1.3097920417785645,1.3111659288406372
2023-07-14 16:00:00+00:00,1.3113206624984741,1.3117679357528687,1.3090204000473022,1.3095004558563232
2023-07-15 00:00:00+00:00,,,,
2023-07-15 08:00:00+00:00,,,,
2023-07-15 16:00:00+00:00,,,,
2023-07-16 00:00:00+00:00,,,,
2023-07-16 08:00:00+00:00,,,,
2023-07-16 16:00:00+00:00,1.3092089891433716,1.309311866760254,1.308832049369812,1.3090375661849976
2023-07-17 00:00:00+00:00,1.3091061115264893,1.3106675148010254,1.3068478107452393,1.310341238975525
2023-07-17 08:00:00+00:00,1.3099979162216187,1.3108737468719482,1.3054660558700562,1.3076339960098267
2023-07-17 16:00:00+00:00,1.3077194690704346,1.3086949586868286,1.3071212768554688,1.3072236776351929
2023-07-18 00:00:00+00:00,1.3070698976516724,1.3104957342147827,1.3068820238113403,1.3089348077774048
2023-07-18 08:00:00+00:00,1.3086265325546265,1.3125942945480347,1.3051763772964478,1.3052616119384766
2023-07-18 16:00:00+00:00,1.3051763772964478,1.3051763772964478,1.3029825687408447,1.303475022315979
2023-07-19 00:00:00+00:00,1.3033052682876587,1.3038829565048218,1.2933933734893799,1.294732928276062
2023-07-19 08:00:00+00:00,1.2951858043670654,1.2960586547851562,1.2873326539993286,1.2896236181259155
2023-07-19 16:00:00+00:00,1.2895570993423462,1.2940963506698608,1.2893743515014648,1.2937949895858765
2023-07-20 00:00:00+00:00,1.2938284873962402,1.2965123653411865,1.2906556129455566,1.2910889387130737
2023-07-20 08:00:00+00:00,1.2910889387130737,1.2931257486343384,1.2841585874557495,1.2847360372543335
2023-07-20 16:00:00+00:00,1.284703016281128,1.287465214729309,1.284092664718628,1.2873492240905762
2023-07-21 00:00:00+00:00,1.2870012521743774,1.2904224395751953,1.2867363691329956,1.2870509624481201
2023-07-21 08:00:00+00:00,1.2874155044555664,1.2874155044555664,1.2817555665969849,1.2852479219436646
2023-07-21 16:00:00+00:00,1.2852809429168701,1.2866203784942627,1.2847524881362915,1.2852479219436646
2023-07-22 00:00:00+00:00,,,,
2023-07-22 08:00:00+00:00,,,,
2023-07-22 16:00:00+00:00,,,,
2023-07-23 00:00:00+00:00,,,,
2023-07-23 08:00:00+00:00,,,,
2023-07-23 16:00:00+00:00,1.2853965759277344,1.2856113910675049,1.284934163093567,1.2852975130081177
2023-07-24 00:00:00+00:00,1.2851653099060059,1.2883609533309937,1.284505009651184,1.2849011421203613
2023-07-24 08:00:00+00:00,1.2852975130081177,1.2859586477279663,1.2800819873809814,1.2828571796417236
2023-07-24 16:00:00+00:00,1.2827584743499756,1.2840101718902588,1.281180739402771,1.281295657157898
2023-07-25 00:00:00+00:00,1.281295657157898,1.2864879369735718,1.281049370765686,1.285809874534607
2023-07-25 08:00:00+00:00,1.2850992679595947,1.2878631353378296,1.2815090417861938,1.2873989343643188
2023-07-25 16:00:00+00:00,1.2874486446380615,1.2904890775680542,1.2871006727218628,1.28940749168396
2023-07-26 00:00:00+00:00,1.28940749168396,1.2910722494125366,1.2876476049423218,1.2905391454696655
2023-07-26 08:00:00+00:00,1.2904558181762695,1.2935941219329834,1.2896236181259155,1.292875051498413
2023-07-26 16:00:00+00:00,1.2928582429885864,1.2956725358963013,1.2900562286376953,1.292741298675537
2023-07-27 00:00:00+00:00,1.2928415536880493,1.298482060432434,1.292808175086975,1.2982629537582397
2023-07-27 08:00:00+00:00,1.2984315156936646,1.2995620965957642,1.2826762199401855,1.286885380744934
2023-07-27 16:00:00+00:00,1.2869682312011719,1.2871835231781006,1.2783310413360596,1.2794268131256104
2023-07-28 00:00:00+00:00,1.2792466878890991,1.280442476272583,1.2764055728912354,1.2777429819107056
2023-07-28 08:00:00+00:00,1.2779062986373901,1.2883278131484985,1.2775959968566895,1.2866369485855103
2023-07-28 16:00:00+00:00,1.286852240562439,1.2881120443344116,1.2847856283187866,1.285000205039978
2023-07-29 00:00:00+00:00,,,,
2023-07-29 08:00:00+00:00,,,,
2023-07-29 16:00:00+00:00,,,,
2023-07-30 00:00:00+00:00,,,,
2023-07-30 08:00:00+00:00,,,,
2023-07-30 16:00:00+00:00,1.2855123281478882,1.2858924865722656,1.2852809429168701,1.2853800058364868
2023-07-31 00:00:00+00:00,1.2853635549545288,1.2866203784942627,1.284505009651184,1.2857105731964111
2023-07-31 08:00:00+00:00,1.2853139638900757,1.287133812904358,1.2829065322875977,1.2855287790298462
2023-07-31 16:00:00+00:00,1.2856941223144531,1.286719799041748,1.283202886581421,1.283219337463379
2023-08-01 00:00:00+00:00,1.283235788345337,1.283828854560852,1.2815748453140259,1.2819197177886963
2023-08-01 08:00:00+00:00,1.2817391157150269,1.2833017110824585,1.2742263078689575,1.274827241897583
2023-08-01 16:00:00+00:00,1.274827241897583,1.2804096937179565,1.274534821510315,1.2795250415802002
2023-08-02 00:00:00+00:00,1.2791157960891724,1.2795250415802002,1.27622652053833,1.2791976928710938
2023-08-02 08:00:00+00:00,1.2792140245437622,1.2797051668167114,1.268134355545044,1.2712618112564087
2023-08-02 16:00:00+00:00,1.2709871530532837,1.2738529443740845,1.2709063291549683,1.2719732522964478
2023-08-03 00:00:00+00:00,1.271795392036438,1.2728314399719238,1.2684398889541626,1.2689712047576904
2023-08-03 08:00:00+00:00,1.2688745260238647,1.2722808122634888,1.2625943422317505,1.2707772254943848
2023-08-03 16:00:00+00:00,1.2704542875289917,1.2724589109420776,1.269792914390564,1.2716498374938965
2023-08-04 00:00:00+00:00,1.2716174125671387,1.2740801572799683,1.2703735828399658,1.2706319093704224
2023-08-04 08:00:00+00:00,1.2702767848968506,1.2782655954360962,1.2691160440444946,1.2774492502212524
2023-08-04 16:00:00+00:00,1.2774654626846313,1.2791485786437988,1.2741613388061523,1.2749898433685303
2023-08-05 00:00:00+00:00,,,,
2023-08-05 08:00:00+00:00,,,,
2023-08-05 16:00:00+00:00,,,,
2023-08-06 00:00:00+00:00,,,,
2023-08-06 08:00:00+00:00,,,,
2023-08-06 16:00:00+00:00,1.2751686573028564,1.27524995803833,1.2746647596359253,1.274941086769104
2023-08-07 00:00:00+00:00,1.2752174139022827,1.2760635614395142,1.271504282951355,1.2743724584579468
2023-08-07 08:00:00+00:00,1.2740639448165894,1.2786905765533447,1.2717629671096802,1.2767152786254883
2023-08-07 16:00:00+00:00,1.276666283607483,1.2789523601531982,1.2764219045639038,1.278183937072754
2023-08-08 00:00:00+00:00,1.2782002687454224,1.2785598039627075,1.273934006690979,1.2755752801895142
2023-08-08 08:00:00+00:00,1.2754288911819458,1.275738000869751,1.26850426197052,1.2727018594741821
2023-08-08 16:00:00+00:00,1.2727018594741821,1.275136113166809,1.2727018594741821,1.2744048833847046
2023-08-09 00:00:00+00:00,1.2745022773742676,1.277955174446106,1.2739989757537842,1.2773349285125732
2023-08-09 08:00:00+00:00,1.276959776878357,1.2772533893585205,1.2712618112564087,1.2713911533355713
2023-08-09 16:00:00+00:00,1.2714234590530396,1.2736743688583374,1.2714234590530396,1.2720704078674316
2023-08-10 00:00:00+00:00,1.271876335144043,1.2757705450057983,1.271019458770752,1.2745672464370728
2023-08-10 08:00:00+00:00,1.2747459411621094,1.281164288520813,1.27158522605896,1.272410273551941
2023-08-10 16:00:00+00:00,1.2722808122634888,1.2724426984786987,1.2670416831970215,1.2670577764511108
2023-08-11 00:00:00+00:00,1.2666724920272827,1.2723455429077148,1.2666724920272827,1.270551085472107
2023-08-11 08:00:00+00:00,1.2705188989639282,1.2737717628479004,1.268391728401184,1.2693737745285034
2023-08-11 16:00:00+00:00,1.2697445154190063,1.2703412771224976,1.2686330080032349,1.2694865465164185
2023-08-12 00:00:00+00:00,,,,
2023-08-12 08:00:00+00:00,,,,
2023-08-12 16:00:00+00:00,,,,
2023-08-13 00:00:00+00:00,,,,
2023-08-13 08:00:00+00:00,,,,
2023-08-13 16:00:00+00:00,1.2689549922943115,1.269599437713623,1.2688101530075073,1.269599437713623
2023-08-14 00:00:00+00:00,1.2695027589797974,1.269776701927185,1.266784906387329,1.269357681274414
2023-08-14 08:00:00+00:00,1.269309401512146,1.2714558839797974,1.2619092464447021,1.2692770957946777
2023-08-14 16:00:00+00:00,1.2689067125320435,1.27068030834198,1.2674914598464966,1.2685686349868774
2023-08-15 00:00:00+00:00,1.2687134742736816,1.271779179573059,1.267748475074768,1.2694865465164185
2023-08-15 08:00:00+00:00,1.2692770957946777,1.2752825021743774,1.2683112621307373,1.2741937637329102
2023-08-15 16:00:00+00:00,1.2742911577224731,1.274323582649231,1.2695188522338867,1.270163893699646
2023-08-16 00:00:00+00:00,1.2700024843215942,1.2745022773742676,1.2689067125320435,1.2741613388061523
2023-08-16 08:00:00+00:00,1.2741774320602417,1.2766011953353882,1.2720704078674316,1.2747622728347778
2023-08-16 16:00:00+00:00,1.2746973037719727,1.2750873565673828,1.2713103294372559,1.272799015045166
2023-08-17 00:00:00+00:00,1.272799015045166,1.2741774320602417,1.2712780237197876,1.2737069129943848
2023-08-17 08:00:00+00:00,1.2735122442245483,1.2787723541259766,1.270405888557434,1.275071144104004
2023-08-17 16:00:00+00:00,1.2751686573028564,1.2765523195266724,1.272782802581787,1.274843454360962
2023-08-18 00:00:00+00:00,1.2747948169708252,1.2765686511993408,1.2708741426467896,1.2714719772338867
2023-08-18 08:00:00+00:00,1.2714881896972656,1.2747135162353516,1.2690516710281372,1.2739664316177368
2023-08-18 16:00:00+00:00,1.2736419439315796,1.2756729125976562,1.2728800773620605,1.2734960317611694
2023-08-19 00:00:00+00:00,,,,
2023-08-19 08:00:00+00:00,,,,
2023-08-19 16:00:00+00:00,,,,
2023-08-20 00:00:00+00:00,,,,
2023-08-20 08:00:00+00:00,,,,
2023-08-20 16:00:00+00:00,1.2737231254577637,1.2741937637329102,1.2734798192977905,1.2741937637329102
2023-08-21 00:00:00+00:00,1.2740639448165894,1.2750385999679565,1.2724913358688354,1.2729123830795288
2023-08-21 08:00:00+00:00,1.2729772329330444,1.276487112045288,1.2711325883865356,1.273577094078064
2023-08-21 16:00:00+00:00,1.273577094078064,1.2766989469528198,1.273577094078064,1.2760961055755615
2023-08-22 00:00:00+00:00,1.2760798931121826,1.2799999713897705,1.275738000869751,1.2795413732528687
2023-08-22 08:00:00+00:00,1.2796725034713745,1.2798689603805542,1.2721189260482788,1.273317575454712
2023-08-22 16:00:00+00:00,1.273123025894165,1.2743561267852783,1.2728800773620605,1.2731393575668335
2023-08-23 00:00:00+00:00,1.2731716632843018,1.2764055728912354,1.2708741426467896,1.2721836566925049
2023-08-23 08:00:00+00:00,1.2720379829406738,1.2736095190048218,1.2615749835968018,1.271358847618103
2023-08-23 16:00:00+00:00,1.2714881896972656,1.2732527256011963,1.2709709405899048,1.2720218896865845
2023-08-24 00:00:00+00:00,1.2719894647598267,1.2728151082992554,1.2693737745285034,1.2701799869537354
2023-08-24 08:00:00+00:00,1.2702445983886719,1.2712780237197876,1.2628495693206787,1.263248324394226
2023-08-24 16:00:00+00:00,1.2631524801254272,1.2634079456329346,1.258669137954712,1.259239673614502
2023-08-25 00:00:00+00:00,1.2591445446014404,1.259731411933899,1.2560604810714722,1.2575452327728271
2023-08-25 08:00:00+00:00,1.2576401233673096,1.2644143104553223,1.2550044059753418,1.256991982460022
2023-08-25 16:00:00+00:00,1.256960391998291,1.2601441144943237,1.256960391998291,1.2579724788665771
2023-08-26 00:00:00+00:00,,,,
2023-08-26 08:00:00+00:00,,,,
2023-08-26 16:00:00+00:00,,,,
2023-08-27 00:00:00+00:00,,,,
2023-08-27 08:00:00+00:00,,,,
2023-08-27 16:00:00+00:00,1.2580199241638184,1.2590177059173584,1.2578774690628052,1.2590177059173584
2023-08-28 00:00:00+00:00,1.2589384317398071,1.2610816955566406,1.2574503421783447,1.2574503421783447
2023-08-28 08:00:00+00:00,1.2578774690628052,1.259731411933899,1.2568656206130981,1.2590335607528687
2023-08-28 16:00:00+00:00,1.2590335607528687,1.261622667312622,1.2589384317398071,1.261129379272461
2023-08-29 00:00:00+00:00,1.261129379272461,1.2635196447372437,1.2609704732894897,1.2614316940307617
2023-08-29 08:00:00+00:00,1.261129379272461,1.2630887031555176,1.2563602924346924,1.261240839958191
2023-08-29 16:00:00+00:00,1.2611613273620605,1.2655024528503418,1.2608909606933594,1.2636314630508423
2023-08-30 00:00:00+00:00,1.2638070583343506,1.2647181749343872,1.2619729042053223,1.2642544507980347
2023-08-30 08:00:00+00:00,1.2638070583343506,1.2740801572799683,1.2628655433654785,1.272329330444336
2023-08-30 16:00:00+00:00,1.2723617553710938,1.2728638648986816,1.2707772254943848,1.2711809873580933
2023-08-31 00:00:00+00:00,1.2711809873580933,1.273463487625122,1.2702445983886719,1.2709063291549683
2023-08-31 08:00:00+00:00,1.2708579301834106,1.2717145681381226,1.2654062509536743,1.2664319276809692
2023-08-31 16:00:00+00:00,1.2666566371917725,1.267603874206543,1.2657907009124756,1.267250418663025
2023-09-01 00:00:00+00:00,1.267250418663025,1.2690032720565796,1.2640947103500366,1.2683273553848267
2023-09-01 08:00:00+00:00,1.268391728401184,1.2712295055389404,1.259239673614502,1.2594300508499146
2023-09-01 16:00:00+00:00,1.259049415588379,1.259921908378601,1.2578141689300537,1.25911283493042
2023-09-02 00:00:00+00:00,,,,
2023-09-02 08:00:00+00:00,,,,
2023-09-02 16:00:00+00:00,,,,
2023-09-03 00:00:00+00:00,,,,
2023-09-03 08:00:00+00:00,,,,
2023-09-03 16:00:00+00:00,1.2588908672332764,1.2592555284500122,1.2587165832519531,1.2591445446014404
2023-09-04 00:00:00+00:00,1.2591445446014404,1.2629451751708984,1.2588433027267456,1.2623553276062012
2023-09-04 08:00:00+00:00,1.2622755765914917,1.2642704248428345,1.2616386413574219,1.2625465393066406
2023-09-04 16:00:00+00:00,1.2625305652618408,1.2633600234985352,1.2621641159057617,1.2622915506362915
2023-09-05 00:00:00+00:00,1.2624987363815308,1.2631524801254272,1.2562499046325684,1.2562499046325684
2023-09-05 08:00:00+00:00,1.2564234733581543,1.2581149339675903,1.2530386447906494,1.2581149339675903
2023-09-05 16:00:00+00:00,1.2581465244293213,1.2586215734481812,1.2560131549835205,1.2570078372955322
2023-09-06 00:00:00+00:00,1.2570394277572632,1.258669137954712,1.2551145553588867,1.255508542060852
2023-09-06 08:00:00+00:00,1.2554454803466797,1.2567392587661743,1.248533010482788,1.2500780820846558
2023-09-06 16:00:00+00:00,1.249906301498413,1.2511730194091797,1.2496719360351562,1.2499375343322754
2023-09-07 00:00:00+00:00,1.25,1.2508443593978882,1.2462456226348877,1.2472405433654785
2023-09-07 08:00:00+00:00,1.2470227479934692,1.2488760948181152,1.2448339462280273,1.2484394311904907
2023-09-07 16:00:00+00:00,1.2483458518981934,1.248688817024231,1.2469139099121094,1.2475050687789917
2023-09-08 00:00:00+00:00,1.2475982904434204,1.2510321140289307,1.2475205659866333,1.249484658241272
2023-09-08 08:00:00+00:00,1.2494221925735474,1.2513765096664429,1.2468360662460327,1.247551679611206
2023-09-08 16:00:00+00:00,1.2474428415298462,1.2476606369018555,1.2451750040054321,1.2468984127044678
2023-09-09 00:00:00+00:00,,,,
2023-09-09 08:00:00+00:00,,,,
2023-09-09 16:00:00+00:00,,,,
2023-09-10 00:00:00+00:00,,,,
2023-09-10 08:00:00+00:00,,,,
2023-09-10 16:00:00+00:00,1.2479565143585205,1.2492347955703735,1.2476917505264282,1.248907208442688
2023-09-11 00:00:00+00:00,1.2489851713180542,1.2527247667312622,1.2482836246490479,1.2523481845855713
2023-09-11 08:00:00+00:00,1.2523481845855713,1.2547523975372314,1.250156283378601,1.2526462078094482
2023-09-11 16:00:00+00:00,1.2527247667312622,1.2542644739151,1.2508286237716675,1.2508599758148193
2023-09-12 00:00:00+00:00,1.2507504224777222,1.2519718408584595,1.2479097843170166,1.2486577033996582
2023-09-12 08:00:00+00:00,1.248517394065857,1.2487356662750244,1.2460438013076782,1.2475982904434204
2023-09-12 16:00:00+00:00,1.2476295232772827,1.249906301498413,1.2474582195281982,1.2491724491119385
2023-09-13 00:00:00+00:00,1.2491568326950073,1.250296950340271,1.244307279586792,1.247053861618042
2023-09-13 08:00:00+00:00,1.2468984127044678,1.2510789632797241,1.2448649406433105,1.2487980127334595
2023-09-13 16:00:00+00:00,1.2489228248596191,1.2505940198898315,1.24806547164917,1.248969554901123
2023-09-14 00:00:00+00:00,1.2490320205688477,1.2506566047668457,1.24806547164917,1.248704433441162
2023-09-14 08:00:00+00:00,1.2485953569412231,1.2493441104888916,1.2402946949005127,1.2406947612762451
2023-09-14 16:00:00+00:00,1.2408641576766968,1.2420508861541748,1.239802598953247,1.2401562929153442
2023-09-15 00:00:00+00:00,1.2402331829071045,1.2435181140899658,1.2401716709136963,1.243440866470337
2023-09-15 08:00:00+00:00,1.243549108505249,1.2445859909057617,1.2385741472244263,1.2390345335006714
2023-09-15 16:00:00+00:00,1.2390652894973755,1.240094780921936,1.238006830215454,1.238420844078064
2023-09-16 00:00:00+00:00,,,,
2023-09-16 08:00:00+00:00,,,,
2023-09-16 16:00:00+00:00,,,,
2023-09-17 00:00:00+00:00,,,,
2023-09-17 08:00:00+00:00,,,,
2023-09-17 16:00:00+00:00,1.2389885187149048,1.2397719621658325,1.2389425039291382,1.2397410869598389
2023-09-18 00:00:00+00:00,1.2396950721740723,1.240494728088379,1.2377768754959106,1.238175392150879
2023-09-18 08:00:00+00:00,1.2378995418548584,1.2410796880722046,1.2371950149536133,1.2401254177093506
2023-09-18 16:00:00+00:00,1.2402024269104004,1.2402331829071045,1.237593173980713,1.2383440732955933
2023-09-19 00:00:00+00:00,1.238420844078064,1.2391880750656128,1.2370573282241821,1.2389731407165527
2023-09-19 08:00:00+00:00,1.2388503551483154,1.2424829006195068,1.2372103929519653,1.2390652894973755
2023-09-19 16:00:00+00:00,1.2390652894973755,1.239802598953247,1.2384361028671265,1.2393877506256104
2023-09-20 00:00:00+00:00,1.2393569946289062,1.239587426185608,1.2337301969528198,1.2362009286880493
2023-09-20 08:00:00+00:00,1.2360023260116577,1.2409719228744507,1.2354220151901245,1.2386815547943115
2023-09-20 16:00:00+00:00,1.2386507987976074,1.2421280145645142,1.2325289249420166,1.232817530632019
2023-09-21 00:00:00+00:00,1.232817530632019,1.2330759763717651,1.2296946048736572,1.2308752536773682
2023-09-21 08:00:00+00:00,1.2313905954360962,1.2320277690887451,1.2246047258377075,1.229770302772522
2023-09-21 16:00:00+00:00,1.229755163192749,1.2307995557785034,1.229029655456543,1.2293318510055542
2023-09-22 00:00:00+00:00,1.2293771505355835,1.2293771505355835,1.225174903869629,1.2266325950622559
2023-09-22 08:00:00+00:00,1.2268885374069214,1.2284107208251953,1.2233762741088867,1.225535273551941
2023-09-22 16:00:00+00:00,1.2254301309585571,1.2260311841964722,1.2232415676116943,1.2240351438522339
2023-09-23 00:00:00+00:00,,,,
2023-09-23 08:00:00+00:00,,,,
2023-09-23 16:00:00+00:00,,,,
2023-09-24 00:00:00+00:00,,,,
2023-09-24 08:00:00+00:00,,,,
2023-09-24 16:00:00+00:00,1.2243049144744873,1.2246047258377075,1.2241250276565552,1.2241400480270386
2023-09-25 00:00:00+00:00,1.2242000102996826,1.225084900856018,1.2234511375427246,1.2244998216629028
2023-09-25 08:00:00+00:00,1.2241101264953613,1.224469780921936,1.2196311950683594,1.221359133720398
2023-09-25 16:00:00+00:00,1.2216575145721436,1.2222398519515991,1.2206435203552246,1.2213293313980103
2023-09-26 00:00:00+00:00,1.221359133720398,1.221508264541626,1.2169151306152344,1.2174040079116821
2023-09-26 08:00:00+00:00,1.2172706127166748,1.2194080352783203,1.2160420417785645,1.2164562940597534
2023-09-26 16:00:00+00:00,1.2166190147399902,1.2176263332366943,1.2145354747772217,1.2146830558776855
2023-09-27 00:00:00+00:00,1.2146092653274536,1.2158055305480957,1.213916301727295,1.2150373458862305
2023-09-27 08:00:00+00:00,1.2148748636245728,1.2162786722183228,1.212915062904358,1.2132830619812012
2023-09-27 16:00:00+00:00,1.2130180597305298,1.215347409248352,1.2111669778823853,1.213651180267334
2023-09-28 00:00:00+00:00,1.213621735572815,1.2160863876342773,1.2122093439102173,1.2153031826019287
2023-09-28 08:00:00+00:00,1.215376853942871,1.2225087881088257,1.2149783372879028,1.222195029258728
2023-09-28 16:00:00+00:00,1.2223445177078247,1.2223445177078247,1.2188581228256226,1.2204350233078003
2023-09-29 00:00:00+00:00,1.2204945087432861,1.2253700494766235,1.2197948694229126,1.2241700887680054
2023-09-29 08:00:00+00:00,1.2240501642227173,1.2271143198013306,1.2182345390319824,1.2213143110275269
2023-09-29 16:00:00+00:00,1.2215381860733032,1.221866488456726,1.2187244892120361,1.220077633857727
2023-09-30 00:00:00+00:00,,,,
2023-09-30 08:00:00+00:00,,,,
2023-09-30 16:00:00+00:00,,,,
2023-10-01 00:00:00+00:00,,,,
2023-10-01 08:00:00+00:00,,,,
2023-10-01 16:00:00+00:00,1.2183384895324707,1.2193337678909302,1.2182345390319824,1.2193337678909302
2023-10-02 00:00:00+00:00,1.2190810441970825,1.221985936164856,1.2176560163497925,1.2194080352783203
2023-10-02 08:00:00+00:00,1.2193634510040283,1.2196906805038452,1.2115631103515625,1.2127974033355713
2023-10-02 16:00:00+00:00,1.2125916481018066,1.2128709554672241,1.208503007888794,1.2090290784835815
2023-10-03 00:00:00+00:00,1.2088390588760376,1.208970546722412,1.2061853408813477,1.2084153890609741
2023-10-03 08:00:00+00:00,1.208400845527649,1.2100530862808228,1.2053711414337158,1.206607460975647
2023-10-03 16:00:00+00:00,1.2068694829940796,1.2091313600540161,1.2068694829940796,1.207773208618164
2023-10-04 00:00:00+00:00,1.207802414894104,1.2084592580795288,1.2042244672775269,1.208400845527649
2023-10-04 08:00:00+00:00,1.2084883451461792,1.21761155128479,1.2082985639572144,1.2155098915100098
2023-10-04 16:00:00+00:00,1.2155098915100098,1.2166485786437988,1.2131506204605103,1.2137689590454102
2023-10-05 00:00:00+00:00,1.2136363983154297,1.2163822650909424,1.2131210565567017,1.2131210565567017
2023-10-05 08:00:00+00:00,1.2132093906402588,1.2174336910247803,1.210858941078186,1.216826319694519
2023-10-05 16:00:00+00:00,1.21690034866333,1.2196460962295532,1.2167078256607056,1.2187838554382324
2023-10-06 00:00:00+00:00,1.2188878059387207,1.220703125,1.2165154218673706,1.2203902006149292
2023-10-06 08:00:00+00:00,1.2204796075820923,1.226046085357666,1.2108736038208008,1.2253400087356567
2023-10-06 16:00:00+00:00,1.2250547409057617,1.2255502939224243,1.2231518030166626,1.2238404750823975
2023-10-07 00:00:00+00:00,,,,
2023-10-07 08:00:00+00:00,,,,
2023-10-07 16:00:00+00:00,,,,
2023-10-08 00:00:00+00:00,,,,
2023-10-08 08:00:00+00:00,,,,
2023-10-08 16:00:00+00:00,1.2214934825897217,1.2221801280975342,1.2211503982543945,1.2220158576965332
2023-10-09 00:00:00+00:00,1.222090482711792,1.2224938869476318,1.2169743776321411,1.2170484066009521
2023-10-09 08:00:00+00:00,1.2168114185333252,1.2220009565353394,1.2164562940597534,1.2203456163406372
2023-10-09 16:00:00+00:00,1.220360517501831,1.225174903869629,1.2196757793426514,1.225009799003601
2023-10-10 00:00:00+00:00,1.2253249883651733,1.2255803346633911,1.2213143110275269,1.2231817245483398
2023-10-10 08:00:00+00:00,1.222927451133728,1.2288333177566528,1.2225536108016968,1.228697419166565
2023-10-10 16:00:00+00:00,1.2288333177566528,1.2294830083847046,1.2266477346420288,1.2289239168167114
2023-10-11 00:00:00+00:00,1.2289540767669678,1.2303452491760254,1.2272648811340332,1.227596402168274
2023-10-11 08:00:00+00:00,1.2274457216262817,1.2336541414260864,1.2271745204925537,1.2303301095962524
2023-10-11 16:00:00+00:00,1.2301031351089478,1.2320126295089722,1.227656602859497,1.2315726280212402
2023-10-12 00:00:00+00:00,1.2317698001861572,1.2332128286361694,1.2295888662338257,1.2295888662338257
2023-10-12 08:00:00+00:00,1.229649305343628,1.2313905954360962,1.2204796075820923,1.2212249040603638
2023-10-12 16:00:00+00:00,1.2215232849121094,1.2223743200302124,1.2173150777816772,1.218308687210083
2023-10-13 00:00:00+00:00,1.218353271484375,1.2223594188690186,1.218353271484375,1.2211652994155884
2023-10-13 08:00:00+00:00,1.2213143110275269,1.221971035003662,1.2131799459457397,1.2136658430099487
2023-10-13 16:00:00+00:00,1.213680624961853,1.214624047279358,1.2123563289642334,1.214078426361084
2023-10-14 00:00:00+00:00,,,,
2023-10-14 08:00:00+00:00,,,,
2023-10-14 16:00:00+00:00,,,,
2023-10-15 00:00:00+00:00,,,,
2023-10-15 08:00:00+00:00,,,,
2023-10-15 16:00:00+00:00,1.2150667905807495,1.2154507637023926,1.214889645576477,1.2154507637023926
2023-10-16 00:00:00+00:00,1.2154507637023926,1.217819094657898,1.2145798206329346,1.2175966501235962
2023-10-16 08:00:00+00:00,1.2176412343978882,1.2199734449386597,1.2143585681915283,1.219705581665039
2023-10-16 16:00:00+00:00,1.2195717096328735,1.221985936164856,1.2191702127456665,1.22121000289917
2023-10-17 00:00:00+00:00,1.2211652994155884,1.2214934825897217,1.2165746688842773,1.2176412343978882
2023-10-17 08:00:00+00:00,1.2173447608947754,1.220375418663025,1.2135186195373535,1.220375418663025
2023-10-17 16:00:00+00:00,1.2204945087432861,1.2212249040603638,1.2171818017959595,1.2179675102233887
2023-10-18 00:00:00+00:00,1.2178043127059937,1.2211652994155884,1.2159533500671387,1.2189918756484985
2023-10-18 08:00:00+00:00,1.2190364599227905,1.2210458517074585,1.214078426361084,1.2147716283798218
2023-10-18 16:00:00+00:00,1.2150225639343262,1.2174187898635864,1.2138426303863525,1.214181661605835
2023-10-19 00:00:00+00:00,1.214343786239624,1.2145798206329346,1.2113136053085327,1.2118127346038818
2023-10-19 08:00:00+00:00,1.2119449377059937,1.215894103050232,1.2093799114227295,1.214314341545105
2023-10-19 16:00:00+00:00,1.2152587175369263,1.2188878059387207,1.2135627269744873,1.2135627269744873
2023-10-20 00:00:00+00:00,1.2136658430099487,1.214447021484375,1.2095261812210083,1.210463285446167
2023-10-20 08:00:00+00:00,1.210184931755066,1.2160420417785645,1.2098628282546997,1.2150520086288452
2023-10-20 16:00:00+00:00,1.2151702642440796,1.2170779705047607,1.213592290878296,1.2163970470428467
2023-10-21 00:00:00+00:00,,,,
2023-10-21 08:00:00+00:00,,,,
2023-10-21 16:00:00+00:00,,,,
2023-10-22 00:00:00+00:00,,,,
2023-10-22 08:00:00+00:00,,,,
2023-10-22 16:00:00+00:00,1.216189980506897,1.2166337966918945,1.2161307334899902,1.2163822650909424
2023-10-23 00:00:00+00:00,1.2163822650909424,1.216944694519043,1.2145060300827026,1.2166337966918945
2023-10-23 08:00:00+00:00,1.216944694519043,1.2236906290054321,1.2144765853881836,1.2236007452011108
2023-10-23 16:00:00+00:00,1.2231069803237915,1.2258657217025757,1.2221204042434692,1.225009799003601
2023-10-24 00:00:00+00:00,1.2250248193740845,1.2287880182266235,1.2247847318649292,1.2264971733093262
2023-10-24 08:00:00+00:00,1.226136326789856,1.2265574932098389,1.2159680128097534,1.2167226076126099
2023-10-24 16:00:00+00:00,1.216944694519043,1.2171964645385742,1.215524673461914,1.2161602973937988
2023-10-25 00:00:00+00:00,1.216293454170227,1.2176707983016968,1.2138868570327759,1.2139310836791992
2023-10-25 08:00:00+00:00,1.2143291234970093,1.2156281471252441,1.211475133895874,1.213916301727295
2023-10-25 16:00:00+00:00,1.2138278484344482,1.2140637636184692,1.2095555067062378,1.2102874517440796
2023-10-26 00:00:00+00:00,1.210184931755066,1.210521936416626,1.2069860696792603,1.2089852094650269
2023-10-26 08:00:00+00:00,1.2088828086853027,1.2133419513702393,1.2075691223144531,1.2111376523971558
2023-10-26 16:00:00+00:00,1.2113136053085327,1.2139753103256226,1.2098920345306396,1.2136952877044678
2023-10-27 00:00:00+00:00,1.213621735572815,1.2141964435577393,1.2114017009735107,1.2119742631912231
2023-10-27 08:00:00+00:00,1.2118568420410156,1.216189980506897,1.2106683254241943,1.2149930000305176
2023-10-27 16:00:00+00:00,1.2151849269866943,1.2154213190078735,1.2111376523971558,1.2118861675262451
2023-10-28 00:00:00+00:00,,,,
2023-10-28 08:00:00+00:00,,,,
2023-10-28 16:00:00+00:00,,,,
2023-10-29 00:00:00+00:00,,,,
2023-10-29 08:00:00+00:00,,,,
2023-10-29 16:00:00+00:00,,,,
2023-10-30 00:00:00+00:00,1.2112843990325928,1.2132536172866821,1.2096140384674072,1.2097017765045166
2023-10-30 08:00:00+00:00,1.210038423538208,1.216411828994751,1.2092190980911255,1.2155838012695312
2023-10-30 16:00:00+00:00,1.2155985832214355,1.2174187898635864,1.214181661605835,1.2164710760116577
2023-10-31 00:00:00+00:00,1.2163230180740356,1.2163230180740356,1.2138574123382568,1.2156872749328613
2023-10-31 08:00:00+00:00,1.2154951095581055,1.2200626134872437,1.2120330333709717,1.213386058807373
2023-10-31 16:00:00+00:00,1.2134449481964111,1.2155542373657227,1.2125033140182495,1.2151111364364624
2023-11-01 00:00:00+00:00,1.2149044275283813,1.2160863876342773,1.2132388353347778,1.2152884006500244
2023-11-01 08:00:00+00:00,1.2157316207885742,1.2163525819778442,1.209731101989746,1.2125916481018066
2023-11-01 16:00:00+00:00,1.2124298810958862,1.2179526090621948,1.210009217262268,1.2179526090621948
2023-11-02 00:00:00+00:00,1.2183680534362793,1.2196311950683594,1.2165154218673706,1.217211365699768
2023-11-02 08:00:00+00:00,1.2171372175216675,1.222538709640503,1.2157316207885742,1.217300295829773
2023-11-02 16:00:00+00:00,1.2173150777816772,1.2209415435791016,1.2170484066009521,1.2190215587615967
2023-11-03 00:00:00+00:00,1.2191107273101807,1.2214038372039795,1.2185759544372559,1.2199585437774658
2023-11-03 08:00:00+00:00,1.2196757793426514,1.2375012636184692,1.2187690734863281,1.2372256517410278
2023-11-03 16:00:00+00:00,1.2372409105300903,1.2389577627182007,1.2359870672225952,1.2384973764419556
2023-11-04 00:00:00+00:00,,,,
2023-11-04 08:00:00+00:00,,,,
2023-11-04 16:00:00+00:00,,,,
2023-11-05 00:00:00+00:00,,,,
2023-11-05 08:00:00+00:00,,,,
2023-11-05 16:00:00+00:00,,,,
2023-11-06 00:00:00+00:00,1.2374552488327026,1.239633560180664,1.2366595268249512,1.238236665725708
2023-11-06 08:00:00+00:00,1.2379608154296875,1.2428536415100098,1.2372715473175049,1.2389577627182007
2023-11-06 16:00:00+00:00,1.2390345335006714,1.2398333549499512,1.2338520288467407,1.2345069646835327
2023-11-07 00:00:00+00:00,1.2344155311584473,1.2347050905227661,1.23125422000885,1.2317698001861572
2023-11-07 08:00:00+00:00,1.2316484451293945,1.233258605003357,1.2277772426605225,1.229891300201416
2023-11-07 16:00:00+00:00,1.229891300201416,1.2310419082641602,1.2263468503952026,1.2292109727859497
2023-11-08 00:00:00+00:00,1.2290900945663452,1.2296644449234009,1.226602554321289,1.227325201034546
2023-11-08 08:00:00+00:00,1.227310061454773,1.2287578582763672,1.2243199348449707,1.228682279586792
2023-11-08 16:00:00+00:00,1.2287729978561401,1.2300878763198853,1.2282146215438843,1.2284560203552246
2023-11-09 00:00:00+00:00,1.2286521196365356,1.2293771505355835,1.22767174243927,1.228259801864624
2023-11-09 08:00:00+00:00,1.228259801864624,1.2308449745178223,1.2254451513290405,1.2287578582763672
2023-11-09 16:00:00+00:00,1.2288333177566528,1.2288635969161987,1.2214635610580444,1.2217023372650146
2023-11-10 00:00:00+00:00,1.2217023372650146,1.223825454711914,1.2213293313980103,1.2226134538650513
2023-11-10 08:00:00+00:00,1.2226433753967285,1.2234511375427246,1.2188433408737183,1.2195419073104858
2023-11-10 16:00:00+00:00,1.219660997390747,1.2230620384216309,1.2193783521652222,1.2224490642547607
2023-11-11 00:00:00+00:00,,,,
2023-11-11 08:00:00+00:00,,,,
2023-11-11 16:00:00+00:00,,,,
2023-11-12 00:00:00+00:00,,,,
2023-11-12 08:00:00+00:00,,,,
2023-11-12 16:00:00+00:00,,,,
2023-11-13 00:00:00+00:00,1.2232565879821777,1.2243947982788086,1.2224340438842773,1.2237505912780762
2023-11-13 08:00:00+00:00,1.2234959602355957,1.225805640220642,1.2231218814849854,1.2253249883651733
2023-11-13 16:00:00+00:00,1.2255052328109741,1.2281240224838257,1.2248297929763794,1.228078842163086
2023-11-14 00:00:00+00:00,1.2278977632522583,1.230057716369629,1.2266325950622559,1.2295434474945068
2023-11-14 08:00:00+00:00,1.2295132875442505,1.2475050687789917,1.2278375625610352,1.2457022666931152
2023-11-14 16:00:00+00:00,1.2457643747329712,1.2506096363067627,1.2457643747329712,1.249390959739685
2023-11-15 00:00:00+00:00,1.2493284940719604,1.2498282194137573,1.246540904045105,1.2470227479934692
2023-11-15 08:00:00+00:00,1.2472249269485474,1.2476451396942139,1.240510106086731,1.2442454099655151
2023-11-15 16:00:00+00:00,1.2444467544555664,1.2454230785369873,1.2407408952713013,1.2420663833618164
2023-11-16 00:00:00+00:00,1.2424057722091675,1.2424057722091675,1.2380222082138062,1.2380681037902832
2023-11-16 08:00:00+00:00,1.2377463579177856,1.2455006837844849,1.2377463579177856,1.244075059890747
2023-11-16 16:00:00+00:00,1.2440595626831055,1.2448029518127441,1.2406178712844849,1.2414803504943848
2023-11-17 00:00:00+00:00,1.2416036128997803,1.2423131465911865,1.2375624179840088,1.238482117652893
2023-11-17 08:00:00+00:00,1.238267421722412,1.2440131902694702,1.2380527257919312,1.243440866470337
2023-11-17 16:00:00+00:00,1.2436264753341675,1.246494174003601,1.241896629333496,1.245531678199768
2023-11-18 00:00:00+00:00,,,,
2023-11-18 08:00:00+00:00,,,,
2023-11-18 16:00:00+00:00,,,,
2023-11-19 00:00:00+00:00,,,,
2023-11-19 08:00:00+00:00,,,,
2023-11-19 16:00:00+00:00,,,,
2023-11-20 00:00:00+00:00,1.2455161809921265,1.249547004699707,1.244694471359253,1.247551679611206
2023-11-20 08:00:00+00:00,1.247676134109497,1.2508599758148193,1.2463233470916748,1.2491724491119385
2023-11-20 16:00:00+00:00,1.2495782375335693,1.2516897916793823,1.2491724491119385,1.2508755922317505
2023-11-21 00:00:00+00:00,1.2510789632797241,1.254028558731079,1.2505784034729004,1.2524893283843994
2023-11-21 08:00:00+00:00,1.252097249031067,1.2558554410934448,1.252097249031067,1.253824234008789
2023-11-21 16:00:00+00:00,1.2539342641830444,1.2550358772277832,1.251877784729004,1.2544375658035278
2023-11-22 00:00:00+00:00,1.2544060945510864,1.2549570798873901,1.2513452768325806,1.2528972625732422
2023-11-22 08:00:00+00:00,1.2530229091644287,1.2548153400421143,1.2451285123825073,1.2458575963974
2023-11-22 16:00:00+00:00,1.2459661960601807,1.2497187852859497,1.245392084121704,1.248969554901123
2023-11-23 00:00:00+00:00,1.2490164041519165,1.2519091367721558,1.248953938484192,1.251830816268921
2023-11-23 08:00:00+00:00,1.2517837285995483,1.2563287019729614,1.250484585762024,1.253981351852417
2023-11-23 16:00:00+00:00,1.253855586051941,1.253855586051941,1.2529915571212769,1.253289818763733
2023-11-24 00:00:00+00:00,1.2534626722335815,1.2545949220657349,1.2525050640106201,1.2531956434249878
2023-11-24 08:00:00+00:00,1.2531328201293945,1.2615430355072021,1.2531328201293945,1.2612725496292114
2023-11-24 16:00:00+00:00,1.2613680362701416,1.2614476680755615,1.2596838474273682,1.260668396949768
2023-11-25 00:00:00+00:00,,,,
2023-11-25 08:00:00+00:00,,,,
2023-11-25 16:00:00+00:00,,,,
2023-11-26 00:00:00+00:00,,,,
2023-11-26 08:00:00+00:00,,,,
2023-11-26 16:00:00+00:00,,,,
2023-11-27 00:00:00+00:00,1.2600488662719727,1.2625943422317505,1.2591921091079712,1.2616544961929321
2023-11-27 08:00:00+00:00,1.2613362073898315,1.264430284500122,1.2602870464324951,1.260668396949768
2023-11-27 16:00:00+00:00,1.2607637643814087,1.263567566871643,1.2602077722549438,1.2634239196777344
2023-11-28 00:00:00+00:00,1.2635835409164429,1.2641745805740356,1.2610021829605103,1.261193037033081
2023-11-28 08:00:00+00:00,1.2615430355072021,1.2697445154190063,1.2607955932617188,1.2683594226837158
2023-11-28 16:00:00+00:00,1.2681987285614014,1.2714558839797974,1.2674431800842285,1.2712295055389404
2023-11-29 00:00:00+00:00,1.271358847618103,1.2730096578598022,1.269309401512146,1.269728422164917
2023-11-29 08:00:00+00:00,1.2701154947280884,1.2710840702056885,1.266592264175415,1.269728422164917
2023-11-29 16:00:00+00:00,1.2696316242218018,1.27273428440094,1.267138123512268,1.2695671319961548
2023-11-30 00:00:00+00:00,1.2695188522338867,1.2708741426467896,1.2680699825286865,1.2692770957946777
2023-11-30 08:00:00+00:00,1.269551157951355,1.2709548473358154,1.260493516921997,1.266175389289856
2023-11-30 16:00:00+00:00,1.2658227682113647,1.2661433219909668,1.2613680362701416,1.2630728483200073
2023-12-01 00:00:00+00:00,1.2631845474243164,1.2656785249710083,1.2630568742752075,1.2633121013641357
2023-12-01 08:00:00+00:00,1.2635196447372437,1.2674592733383179,1.2614953517913818,1.2637112140655518
2023-12-01 16:00:00+00:00,1.2630728483200073,1.271569013595581,1.2627378702163696,1.2713911533355713
2023-12-02 00:00:00+00:00,,,,
2023-12-02 08:00:00+00:00,,,,
2023-12-02 16:00:00+00:00,,,,
2023-12-03 00:00:00+00:00,,,,
2023-12-03 08:00:00+00:00,,,,
2023-12-03 16:00:00+00:00,,,,
2023-12-04 00:00:00+00:00,1.2710840702056885,1.2710840702056885,1.2663036584854126,1.266512155532837
2023-12-04 08:00:00+00:00,1.266367793083191,1.2687134742736816,1.260493516921997,1.2609069347381592
2023-12-04 16:00:00+00:00,1.2610341310501099,1.2635196447372437,1.260636568069458,1.2633440494537354
2023-12-05 00:00:00+00:00,1.2633600234985352,1.264430284500122,1.2607637643814087,1.2607637643814087
2023-12-05 08:00:00+00:00,1.2612090110778809,1.2650221586227417,1.2607160806655884,1.2614476680755615
2023-12-05 16:00:00+00:00,1.2614476680755615,1.2618615627288818,1.2578141689300537,1.2594776153564453
2023-12-06 00:00:00+00:00,1.2595568895339966,1.2613680362701416,1.259303092956543,1.2609704732894897
2023-12-06 08:00:00+00:00,1.2606048583984375,1.2611136436462402,1.2583048343658447,1.2593823671340942
2023-12-06 16:00:00+00:00,1.2594140768051147,1.2604777812957764,1.2553036212921143,1.2559500932693481
2023-12-07 00:00:00+00:00,1.2559027671813965,1.258605718612671,1.2545791864395142,1.2581623792648315
2023-12-07 08:00:00+00:00,1.258225679397583,1.259303092956543,1.2548153400421143,1.2574187517166138
2023-12-07 16:00:00+00:00,1.2575610876083374,1.2610498666763306,1.2570710182189941,1.2588433027267456
2023-12-08 00:00:00+00:00,1.2589067220687866,1.2601441144943237,1.2562183141708374,1.2566128969192505
2023-12-08 08:00:00+00:00,1.2565655708312988,1.2586848735809326,1.250500202178955,1.2545791864395142
2023-12-08 16:00:00+00:00,1.2544375658035278,1.2555716037750244,1.2524266242980957,1.255051612854004
2023-12-09 00:00:00+00:00,,,,
2023-12-09 08:00:00+00:00,,,,
2023-12-09 16:00:00+00:00,,,,
2023-12-10 00:00:00+00:00,,,,
2023-12-10 08:00:00+00:00,,,,
2023-12-10 16:00:00+00:00,,,,
2023-12-11 00:00:00+00:00,1.2555716037750244,1.2558870315551758,1.2535884380340576,1.254091501235962
2023-12-11 08:00:00+00:00,1.2542644739151,1.2590335607528687,1.2541228532791138,1.2550673484802246
2023-12-11 16:00:00+00:00,1.2550358772277832,1.2567867040634155,1.2539970874786377,1.2553824186325073
2023-12-12 00:00:00+00:00,1.2553982734680176,1.2584155797958374,1.2553824186325073,1.2565497159957886
2023-12-12 08:00:00+00:00,1.2560131549835205,1.2609069347381592,1.2516741752624512,1.256044626235962
2023-12-12 16:00:00+00:00,1.256265640258789,1.2571974992752075,1.2541544437408447,1.2570552825927734
2023-12-13 00:00:00+00:00,1.2568656206130981,1.2570710182189941,1.252018928527832,1.2521756887435913
2023-12-13 08:00:00+00:00,1.2521756887435913,1.2545791864395142,1.2507191896438599,1.2526462078094482
2023-12-13 16:00:00+00:00,1.2524893283843994,1.2631845474243164,1.2501249313354492,1.2622755765914917
2023-12-14 00:00:00+00:00,1.2622278928756714,1.2652462720870972,1.2614158391952515,1.2620844841003418
2023-12-14 08:00:00+00:00,1.2620844841003418,1.2761613130569458,1.261702299118042,1.2760635614395142
2023-12-14 16:00:00+00:00,1.2759333848953247,1.2793940305709839,1.274941086769104,1.2769761085510254
2023-12-15 00:00:00+00:00,1.2771555185317993,1.277400255203247,1.2748109102249146,1.2768620252609253
2023-12-15 08:00:00+00:00,1.277090311050415,1.279066801071167,1.2697445154190063,1.2699702978134155
2023-12-15 16:00:00+00:00,1.2698734998703003,1.27158522605896,1.2668169736862183,1.2677003145217896
2023-12-16 00:00:00+00:00,,,,
2023-12-16 08:00:00+00:00,,,,
2023-12-16 16:00:00+00:00,,,,
2023-12-17 00:00:00+00:00,,,,
2023-12-17 08:00:00+00:00,,,,
2023-12-17 16:00:00+00:00,,,,
2023-12-18 00:00:00+00:00,1.2673628330230713,1.2704381942749023,1.2671701908111572,1.269244909286499
2023-12-18 08:00:00+00:00,1.2693254947662354,1.2695027589797974,1.2637592554092407,1.2644462585449219
2023-12-18 16:00:00+00:00,1.2641586065292358,1.2655985355377197,1.2631206512451172,1.2651981115341187
2023-12-19 00:00:00+00:00,1.2652782201766968,1.2677645683288574,1.2650221586227417,1.2667688131332397
2023-12-19 08:00:00+00:00,1.2665764093399048,1.2756240367889404,1.2665764093399048,1.2738691568374634
2023-12-19 16:00:00+00:00,1.2737555503845215,1.2760473489761353,1.2716983556747437,1.2731878757476807
2023-12-20 00:00:00+00:00,1.2730096578598022,1.273058295249939,1.264910101890564,1.2662395238876343
2023-12-20 08:00:00+00:00,1.2655985355377197,1.268134355545044,1.2631524801254272,1.266784906387329
2023-12-20 16:00:00+00:00,1.2668651342391968,1.2675235271453857,1.2625784873962402,1.2640947103500366
2023-12-21 00:00:00+00:00,1.263934850692749,1.265166163444519,1.263136625289917,1.2638230323791504
2023-12-21 08:00:00+00:00,1.264222502708435,1.2693737745285034,1.2613362073898315,1.2654544115066528
2023-12-21 16:00:00+00:00,1.26558256149292,1.2692770957946777,1.2644782066345215,1.2683273553848267
2023-12-22 00:00:00+00:00,1.268617033958435,1.2705026865005493,1.2680377960205078,1.2694865465164185
2023-12-22 08:00:00+00:00,1.269422173500061,1.2743885517120361,1.2684237957000732,1.2716983556747437
2023-12-22 16:00:00+00:00,1.2715204954147339,1.2728638648986816,1.269083857536316,1.270147681236267
2023-12-23 00:00:00+00:00,,,,
2023-12-23 08:00:00+00:00,,,,
2023-12-23 16:00:00+00:00,,,,
2023-12-24 00:00:00+00:00,,,,
2023-12-24 08:00:00+00:00,,,,
2023-12-24 16:00:00+00:00,,,,
2023-12-25 00:00:00+00:00,1.2720541954040527,1.2721028327941895,1.268166422843933,1.2693737745285034
2023-12-25 08:00:00+00:00,,,,
2023-12-25 16:00:00+00:00,1.2691160440444946,1.2720218896865845,1.267812728881836,1.2705835103988647
2023-12-26 00:00:00+00:00,1.27048659324646,1.2713426351547241,1.2692288160324097,1.2695027589797974
2023-12-26 08:00:00+00:00,1.2693899869918823,1.2719409465789795,1.2685686349868774,1.2705188989639282
2023-12-26 16:00:00+00:00,1.2704704999923706,1.273058295249939,1.27029287815094,1.27273428440094
2023-12-27 00:00:00+00:00,1.2727018594741821,1.273577094078064,1.2717307806015015,1.2725237607955933
2023-12-27 08:00:00+00:00,1.2722970247268677,1.278576135635376,1.2699542045593262,1.2785271406173706
2023-12-27 16:00:00+00:00,1.2789359092712402,1.2803276777267456,1.2784944772720337,1.28009831905365
2023-12-28 00:00:00+00:00,1.2799508571624756,1.2826762199401855,1.2799508571624756,1.2818704843521118
2023-12-28 08:00:00+00:00,1.2815583944320679,1.2816898822784424,1.2739664316177368,1.2770576477050781
2023-12-28 16:00:00+00:00,1.2769924402236938,1.2769924402236938,1.2712942361831665,1.2733986377716064
2023-12-29 00:00:00+00:00,1.2735283374786377,1.2773185968399048,1.273058295249939,1.274843454360962
2023-12-29 08:00:00+00:00,1.274632215499878,1.27586829662323,1.270147681236267,1.2747784852981567
2023-12-29 16:00:00+00:00,1.274827241897583,1.276487112045288,1.2731716632843018,1.2732527256011963
2023-12-30 00:00:00+00:00,,,,
2023-12-30 08:00:00+00:00,,,,
2023-12-30 16:00:00+00:00,,,,
2023-12-31 00:00:00+00:00,,,,
2023-12-31 08:00:00+00:00,,,,
2023-12-31 16:00:00+00:00,,,,
2024-01-01 00:00:00+00:00,,,,
2024-01-01 08:00:00+00:00,,,,
2024-01-01 16:00:00+00:00,1.271860122680664,1.273560881614685,1.2712942361831665,1.27289617061615
2024-01-02 00:00:00+00:00,1.27289617061615,1.2743724584579468,1.271019458770752,1.2733663320541382
2024-01-02 08:00:00+00:00,1.273220419883728,1.275982141494751,1.2616544961929321,1.2625784873962402
2024-01-02 16:00:00+00:00,1.2625465393066406,1.2636632919311523,1.261193037033081,1.2622597217559814
2024-01-03 00:00:00+00:00,1.262371301651001,1.2646541595458984,1.262179970741272,1.2643184661865234
2024-01-03 08:00:00+00:00,1.2640626430511475,1.2656304836273193,1.261988878250122,1.2630409002304077
2024-01-03 16:00:00+00:00,1.2630568742752075,1.267603874206543,1.2628813982009888,1.2673468589782715
2024-01-04 00:00:00+00:00,1.2673468589782715,1.2692770957946777,1.2658227682113647,1.2692770957946777
2024-01-04 08:00:00+00:00,1.269309401512146,1.2728800773620605,1.266640543937683,1.269857406616211
2024-01-04 16:00:00+00:00,1.269921898841858,1.270405888557434,1.2674753665924072,1.2684237957000732
2024-01-05 00:00:00+00:00,1.268166422843933,1.26966392993927,1.2665764093399048,1.2678931951522827
2024-01-05 08:00:00+00:00,1.2676842212677002,1.2768456935882568,1.261670470237732,1.2753149271011353
2024-01-05 16:00:00+00:00,1.2751848697662354,1.2754613161087036,1.2710840702056885,1.2719732522964478
2024-01-06 00:00:00+00:00,,,,
2024-01-06 08:00:00+00:00,,,,
2024-01-06 16:00:00+00:00,,,,
2024-01-07 00:00:00+00:00,,,,
2024-01-07 08:00:00+00:00,,,,
2024-01-07 16:00:00+00:00,,,,
2024-01-08 00:00:00+00:00,1.2716821432113647,1.2730258703231812,1.2699542045593262,1.270809531211853
2024-01-08 08:00:00+00:00,1.270809531211853,1.2755916118621826,1.2674431800842285,1.274843454360962
2024-01-08 16:00:00+00:00,1.2750873565673828,1.2766989469528198,1.2739664316177368,1.2744048833847046
2024-01-09 00:00:00+00:00,1.2737717628479004,1.2765034437179565,1.273414969444275,1.274616003036499
2024-01-09 08:00:00+00:00,1.2742424011230469,1.274534821510315,1.2701799869537354,1.2703253030776978
2024-01-09 16:00:00+00:00,1.2702767848968506,1.2719248533248901,1.2691160440444946,1.2710356712341309
2024-01-10 00:00:00+00:00,1.271358847618103,1.271779179573059,1.2686975002288818,1.2698734998703003
2024-01-10 08:00:00+00:00,1.2699379920959473,1.274015188217163,1.2699379920959473,1.2736095190048218
2024-01-10 16:00:00+00:00,1.2736743688583374,1.2745510339736938,1.2718924283981323,1.2745022773742676
2024-01-11 00:00:00+00:00,1.274518609046936,1.2774165868759155,1.2745022773742676,1.2765686511993408
2024-01-11 08:00:00+00:00,1.2761613130569458,1.2770739793777466,1.269132137298584,1.2712780237197876
2024-01-11 16:00:00+00:00,1.271358847618103,1.2778736352920532,1.2700670957565308,1.2778246402740479
2024-01-12 00:00:00+00:00,1.277971625328064,1.2784454822540283,1.2755916118621826,1.2756891250610352
2024-01-12 08:00:00+00:00,1.2756403684616089,1.278543472290039,1.2721675634384155,1.2763404846191406
2024-01-12 16:00:00+00:00,1.2761613130569458,1.2767804861068726,1.273317575454712,1.2751686573028564
2024-01-13 00:00:00+00:00,,,,
2024-01-13 08:00:00+00:00,,,,
2024-01-13 16:00:00+00:00,,,,
2024-01-14 00:00:00+00:00,,,,
2024-01-14 08:00:00+00:00,,,,
2024-01-14 16:00:00+00:00,,,,
2024-01-15 00:00:00+00:00,1.2736257314682007,1.2765686511993408,1.2729610204696655,1.2744535207748413
2024-01-15 08:00:00+00:00,1.2746485471725464,1.275965929031372,1.2713911533355713,1.273236632347107
2024-01-15 16:00:00+00:00,1.2732689380645752,1.2738852500915527,1.2715528011322021,1.271569013595581
2024-01-16 00:00:00+00:00,1.271504282951355,1.2716821432113647,1.2663518190383911,1.2672826051712036
2024-01-16 08:00:00+00:00,1.2672826051712036,1.2674431800842285,1.2621959447860718,1.266592264175415
2024-01-16 16:00:00+00:00,1.2655024528503418,1.2676520347595215,1.262036681175232,1.26385498046875
2024-01-17 00:00:00+00:00,1.2639029026031494,1.2657426595687866,1.2597790956497192,1.2654223442077637
2024-01-17 08:00:00+00:00,1.2654703855514526,1.2694705724716187,1.2640306949615479,1.2657426595687866
2024-01-17 16:00:00+00:00,1.2657105922698975,1.2687134742736816,1.2657105922698975,1.2676520347595215
2024-01-18 00:00:00+00:00,1.2677003145217896,1.2703735828399658,1.2673789262771606,1.2698734998703003
2024-01-18 08:00:00+00:00,1.2696316242218018,1.269841194152832,1.2650541067123413,1.267138123512268
2024-01-18 16:00:00+00:00,1.2672826051712036,1.2710356712341309,1.267250418663025,1.2710356712341309
2024-01-19 00:00:00+00:00,1.2711488008499146,1.271504282951355,1.2677645683288574,1.268617033958435
2024-01-19 08:00:00+00:00,1.2681021690368652,1.2690194845199585,1.2662715911865234,1.2679896354675293
2024-01-19 16:00:00+00:00,1.26797354221344,1.2705351114273071,1.2666566371917725,1.2704381942749023
2024-01-20 00:00:00+00:00,,,,
2024-01-20 08:00:00+00:00,,,,
2024-01-20 16:00:00+00:00,,,,
2024-01-21 00:00:00+00:00,,,,
2024-01-21 08:00:00+00:00,,,,
2024-01-21 16:00:00+00:00,,,,
2024-01-22 00:00:00+00:00,1.2700670957565308,1.2724426984786987,1.269728422164917,1.2703253030776978
2024-01-22 08:00:00+00:00,1.2703412771224976,1.2731878757476807,1.2688584327697754,1.2720541954040527
2024-01-22 16:00:00+00:00,1.2719894647598267,1.273317575454712,1.269905686378479,1.2707449197769165
2024-01-23 00:00:00+00:00,1.2707933187484741,1.27472984790802,1.2707772254943848,1.2743399143218994
2024-01-23 08:00:00+00:00,1.2742587327957153,1.2744048833847046,1.2659189701080322,1.2666724920272827
2024-01-23 16:00:00+00:00,1.2667207717895508,1.2694705724716187,1.2649900913238525,1.2691160440444946
2024-01-24 00:00:00+00:00,1.269196629524231,1.2713103294372559,1.2686330080032349,1.2704704999923706
2024-01-24 08:00:00+00:00,1.2709063291549683,1.2773185968399048,1.2708903551101685,1.2753963470458984
2024-01-24 16:00:00+00:00,1.2753312587738037,1.2754125595092773,1.2714719772338867,1.2719409465789795
2024-01-25 00:00:00+00:00,1.2718276977539062,1.2733663320541382,1.2704704999923706,1.273236632347107
2024-01-25 08:00:00+00:00,1.273560881614685,1.2741613388061523,1.2697445154190063,1.2700186967849731
2024-01-25 16:00:00+00:00,1.2700831890106201,1.2712942361831665,1.2682790756225586,1.2707610130310059
2024-01-26 00:00:00+00:00,1.2706319093704224,1.2716336250305176,1.2677003145217896,1.2682629823684692
2024-01-26 08:00:00+00:00,1.2684237957000732,1.275835633277893,1.2683273553848267,1.2723132371902466
2024-01-26 16:00:00+00:00,1.272329330444336,1.2724264860153198,1.2700186967849731,1.2700831890106201
2024-01-27 00:00:00+00:00,,,,
2024-01-27 08:00:00+00:00,,,,
2024-01-27 16:00:00+00:00,,,,
2024-01-28 00:00:00+00:00,,,,
2024-01-28 08:00:00+00:00,,,,
2024-01-28 16:00:00+00:00,,,,
2024-01-29 00:00:00+00:00,1.2698252201080322,1.271876335144043,1.269357681274414,1.2711002826690674
2024-01-29 08:00:00+00:00,1.2711488008499146,1.2714558839797974,1.2663196325302124,1.2678449153900146
2024-01-29 16:00:00+00:00,1.268005609512329,1.2717307806015015,1.2674111127853394,1.271213412284851
2024-01-30 00:00:00+00:00,1.2715204954147339,1.2721189260482788,1.268455982208252,1.269615650177002
2024-01-30 08:00:00+00:00,1.2696961164474487,1.2698734998703003,1.2642065286636353,1.2665764093399048
2024-01-30 16:00:00+00:00,1.2667207717895508,1.2703574895858765,1.26603102684021,1.2695188522338867
2024-01-31 00:00:00+00:00,1.269857406616211,1.2701154947280884,1.266784906387329,1.2675557136535645
2024-01-31 08:00:00+00:00,1.2678449153900146,1.2746809720993042,1.266784906387329,1.273463487625122
2024-01-31 16:00:00+00:00,1.2733501195907593,1.273836612701416,1.2659510374069214,1.267812728881836
2024-02-01 00:00:00+00:00,1.268005609512329,1.269792914390564,1.2644462585449219,1.2654544115066528
2024-02-01 08:00:00+00:00,1.2654863595962524,1.2685847282409668,1.2626103162765503,1.2683273553848267
2024-02-01 16:00:00+00:00,1.2682307958602905,1.2756078243255615,1.2682307958602905,1.2746809720993042
2024-02-02 00:00:00+00:00,1.2746647596359253,1.2755752801895142,1.2743074893951416,1.2751686573028564
2024-02-02 08:00:00+00:00,1.275477647781372,1.2771881818771362,1.2634239196777344,1.2655985355377197
2024-02-02 16:00:00+00:00,1.2659028768539429,1.2659028768539429,1.2615430355072021,1.2629293203353882
2024-02-03 00:00:00+00:00,,,,
2024-02-03 08:00:00+00:00,,,,
2024-02-03 16:00:00+00:00,,,,
2024-02-04 00:00:00+00:00,,,,
2024-02-04 08:00:00+00:00,,,,
2024-02-04 16:00:00+00:00,,,,
2024-02-05 00:00:00+00:00,1.261590838432312,1.2625625133514404,1.259921908378601,1.2617182731628418
2024-02-05 08:00:00+00:00,1.2620208263397217,1.2629133462905884,1.2519404888153076,1.2520031929016113
2024-02-05 16:00:00+00:00,1.252097249031067,1.2544218301773071,1.2520345449447632,1.2534312009811401
2024-02-06 00:00:00+00:00,1.2535569667816162,1.2565497159957886,1.2535569667816162,1.2556662559509277
2024-02-06 08:00:00+00:00,1.2558395862579346,1.2583364248275757,1.2537140846252441,1.2577667236328125
2024-02-06 16:00:00+00:00,1.257703423500061,1.2605730295181274,1.2574979066848755,1.260493516921997
2024-02-07 00:00:00+00:00,1.2602553367614746,1.262817621231079,1.2597631216049194,1.262817621231079
2024-02-07 08:00:00+00:00,1.262833595275879,1.2642065286636353,1.2617499828338623,1.2630568742752075
2024-02-07 16:00:00+00:00,1.2631206512451172,1.2634239196777344,1.2618296146392822,1.2627538442611694
2024-02-08 00:00:00+00:00,1.26267409324646,1.2638709545135498,1.262482762336731,1.2628016471862793
2024-02-08 08:00:00+00:00,1.262833595275879,1.2634557485580444,1.2573238611221313,1.2605888843536377
2024-02-08 16:00:00+00:00,1.2605571746826172,1.2628016471862793,1.2605253458023071,1.2620048522949219
2024-02-09 00:00:00+00:00,1.262100338935852,1.2634239196777344,1.261240839958191,1.263296127319336
2024-02-09 08:00:00+00:00,1.2634557485580444,1.2641586065292358,1.2600805759429932,1.2635036706924438
2024-02-09 16:00:00+00:00,1.263248324394226,1.2638070583343506,1.2622437477111816,1.2627060413360596
2024-02-10 00:00:00+00:00,,,,
2024-02-10 08:00:00+00:00,,,,
2024-02-10 16:00:00+00:00,,,,
2024-02-11 00:00:00+00:00,,,,
2024-02-11 08:00:00+00:00,,,,
2024-02-11 16:00:00+00:00,,,,
2024-02-12 00:00:00+00:00,1.2637431621551514,1.2655024528503418,1.2627538442611694,1.2649421691894531
2024-02-12 08:00:00+00:00,1.26455819606781,1.26455819606781,1.2607479095458984,1.2615430355072021
2024-02-12 16:00:00+00:00,1.2616068124771118,1.2640467882156372,1.2614158391952515,1.2626900672912598
2024-02-13 00:00:00+00:00,1.2627698183059692,1.2654703855514526,1.260986328125,1.2652301788330078
2024-02-13 08:00:00+00:00,1.265390396118164,1.2683594226837158,1.2576876878738403,1.2601282596588135
2024-02-13 16:00:00+00:00,1.2601441144943237,1.2608431577682495,1.2574187517166138,1.25911283493042
2024-02-14 00:00:00+00:00,1.2590652704238892,1.261129379272461,1.2556662559509277,1.2564866542816162
2024-02-14 08:00:00+00:00,1.2562499046325684,1.2567392587661743,1.2536512613296509,1.2549728155136108
2024-02-14 16:00:00+00:00,1.2549570798873901,1.2569445371627808,1.2549570798873901,1.2568024396896362
2024-02-15 00:00:00+00:00,1.256818175315857,1.2573238611221313,1.2544060945510864,1.25448477268219
2024-02-15 08:00:00+00:00,1.2544690370559692,1.2596362829208374,1.2542644739151,1.258510708808899
2024-02-15 16:00:00+00:00,1.2585422992706299,1.2605571746826172,1.2574979066848755,1.2599536180496216
2024-02-16 00:00:00+00:00,1.2599377632141113,1.2602553367614746,1.2577983140945435,1.2590335607528687
2024-02-16 08:00:00+00:00,1.258985996246338,1.2600488662719727,1.2553036212921143,1.258352279663086
2024-02-16 16:00:00+00:00,1.2585265636444092,1.262482762336731,1.2583839893341064,1.259890079498291
2024-02-17 00:00:00+00:00,,,,
2024-02-17 08:00:00+00:00,,,,
2024-02-17 16:00:00+00:00,,,,
2024-02-18 00:00:00+00:00,,,,
2024-02-18 08:00:00+00:00,,,,
2024-02-18 16:00:00+00:00,,,,
2024-02-19 00:00:00+00:00,1.2611771821975708,1.2629930973052979,1.2611771821975708,1.2620844841003418
2024-02-19 08:00:00+00:00,1.2621959447860718,1.2627220153808594,1.2585740089416504,1.2587800025939941
2024-02-19 16:00:00+00:00,1.2588274478912354,1.2601282596588135,1.2584155797958374,1.2588433027267456
2024-02-20 00:00:00+00:00,1.2588592767715454,1.2594140768051147,1.2580199241638184,1.2590811252593994
2024-02-20 08:00:00+00:00,1.2590969800949097,1.26675283908844,1.2582415342330933,1.2662395238876343
2024-02-20 16:00:00+00:00,1.2659510374069214,1.266175389289856,1.261781930923462,1.2626900672912598
2024-02-21 00:00:00+00:00,1.2623233795166016,1.2637752294540405,1.2619729042053223,1.2631046772003174
2024-02-21 08:00:00+00:00,1.2628016471862793,1.2634397745132446,1.2603824138641357,1.261240839958191
2024-02-21 16:00:00+00:00,1.2614316940307617,1.2641905546188354,1.2606843709945679,1.2638230323791504
2024-02-22 00:00:00+00:00,1.2638709545135498,1.2675718069076538,1.2632005214691162,1.2673789262771606
2024-02-22 08:00:00+00:00,1.2673146724700928,1.2708903551101685,1.261304497718811,1.2621163129806519
2024-02-22 16:00:00+00:00,1.2622755765914917,1.266544222831726,1.2622755765914917,1.2662876844406128
2024-02-23 00:00:00+00:00,1.2661913633346558,1.2672343254089355,1.2650701999664307,1.2670738697052002
2024-02-23 08:00:00+00:00,1.2671059370040894,1.270099401473999,1.2649741172790527,1.2678288221359253
2024-02-23 16:00:00+00:00,1.2677806615829468,1.2686651945114136,1.2666724920272827,1.2672665119171143
2024-02-24 00:00:00+00:00,,,,
2024-02-24 08:00:00+00:00,,,,
2024-02-24 16:00:00+00:00,,,,
2024-02-25 00:00:00+00:00,,,,
2024-02-25 08:00:00+00:00,,,,
2024-02-25 16:00:00+00:00,,,,
2024-02-26 00:00:00+00:00,1.2671701908111572,1.2678449153900146,1.2657426595687866,1.267539620399475
2024-02-26 08:00:00+00:00,1.2677162885665894,1.2699542045593262,1.2667688131332397,1.268391728401184
2024-02-26 16:00:00+00:00,1.2683594226837158,1.268842339515686,1.2671701908111572,1.26850426197052
2024-02-27 00:00:00+00:00,1.2684237957000732,1.269551157951355,1.2675074338912964,1.269132137298584
2024-02-27 08:00:00+00:00,1.2689871788024902,1.2696800231933594,1.266127347946167,1.268343448638916
2024-02-27 16:00:00+00:00,1.268295168876648,1.269551157951355,1.2678771018981934,1.2680699825286865
2024-02-28 00:00:00+00:00,1.2681021690368652,1.2684078216552734,1.26455819606781,1.2658709287643433
2024-02-28 08:00:00+00:00,1.265934944152832,1.2659510374069214,1.262403130531311,1.2652782201766968
2024-02-28 16:00:00+00:00,1.2653743028640747,1.2672985792160034,1.2651981115341187,1.26603102684021
2024-02-29 00:00:00+00:00,1.266175389289856,1.26708984375,1.265358328819275,1.2653743028640747
2024-02-29 08:00:00+00:00,1.2656145095825195,1.2681021690368652,1.2636154890060425,1.2649260759353638
2024-02-29 16:00:00+00:00,1.2649421691894531,1.2650221586227417,1.2613998651504517,1.2625784873962402
2024-03-01 00:00:00+00:00,1.2627060413360596,1.2636793851852417,1.262403130531311,1.2633919715881348
2024-03-01 08:00:00+00:00,1.2630728483200073,1.2656145095825195,1.2601282596588135,1.265310287475586
2024-03-01 16:00:00+00:00,1.2654223442077637,1.2663837671279907,1.2635995149612427,1.2655344009399414
2024-03-02 00:00:00+00:00,,,,
2024-03-02 08:00:00+00:00,,,,
2024-03-02 16:00:00+00:00,,,,
2024-03-03 00:00:00+00:00,,,,
2024-03-03 08:00:00+00:00,,,,
2024-03-03 16:00:00+00:00,,,,
2024-03-04 00:00:00+00:00,1.266127347946167,1.267861008644104,1.2656625509262085,1.267861008644104
2024-03-04 08:00:00+00:00,1.2678449153900146,1.2700186967849731,1.2667046785354614,1.269857406616211
2024-03-04 16:00:00+00:00,1.269792914390564,1.2705351114273071,1.2686330080032349,1.2690194845199585
2024-03-05 00:00:00+00:00,1.2689228057861328,1.2694865465164185,1.2672985792160034,1.267603874206543
2024-03-05 08:00:00+00:00,1.2681021690368652,1.273414969444275,1.2672343254089355,1.273236632347107
2024-03-05 16:00:00+00:00,1.2732852697372437,1.2732852697372437,1.26966392993927,1.2703897953033447
2024-03-06 00:00:00+00:00,1.2704219818115234,1.2715365886688232,1.2690677642822266,1.2710356712341309
2024-03-06 08:00:00+00:00,1.2711488008499146,1.2747784852981567,1.2707610130310059,1.274632215499878
2024-03-06 16:00:00+00:00,1.274128794670105,1.276145100593567,1.2726694345474243,1.2735122442245483
2024-03-07 00:00:00+00:00,1.273658275604248,1.2744210958480835,1.2724913358688354,1.273658275604248
2024-03-07 08:00:00+00:00,1.273739218711853,1.2790504693984985,1.2729610204696655,1.2788867950439453
2024-03-07 16:00:00+00:00,1.278821349143982,1.2813777923583984,1.2784454822540283,1.2813777923583984
2024-03-08 00:00:00+00:00,1.281410574913025,1.2819691896438599,1.2801802158355713,1.2804096937179565
2024-03-08 08:00:00+00:00,1.2805081605911255,1.2888091802597046,1.2802785634994507,1.288195013999939
2024-03-08 16:00:00+00:00,1.2880290746688843,1.2880290746688843,1.284059762954712,1.2858924865722656
2024-03-09 00:00:00+00:00,,,,
2024-03-09 08:00:00+00:00,,,,
2024-03-09 16:00:00+00:00,,,,
2024-03-10 00:00:00+00:00,,,,
2024-03-10 08:00:00+00:00,,,,
2024-03-10 16:00:00+00:00,,,,
2024-03-11 00:00:00+00:00,1.2855618000030518,1.286190152168274,1.284406065940857,1.2847195863723755
2024-03-11 08:00:00+00:00,1.2843894958496094,1.2853965759277344,1.2795906066894531,1.2807213068008423
2024-03-11 16:00:00+00:00,1.2806228399276733,1.2819361686706543,1.279983639717102,1.2819361686706543
2024-03-12 00:00:00+00:00,1.2819197177886963,1.2824623584747314,1.2790013551712036,1.2791322469711304
2024-03-12 08:00:00+00:00,1.2791485786437988,1.2806884050369263,1.2746809720993042,1.2784780263900757
2024-03-12 16:00:00+00:00,1.2784944772720337,1.2796396017074585,1.2771555185317993,1.2795250415802002
2024-03-13 00:00:00+00:00,1.2795578241348267,1.2799180746078491,1.2777103185653687,1.2786415815353394
2024-03-13 08:00:00+00:00,1.2788867950439453,1.2809016704559326,1.2775144577026367,1.2798689603805542
2024-03-13 16:00:00+00:00,1.2797870635986328,1.281065821647644,1.2791650295257568,1.2801638841629028
2024-03-14 00:00:00+00:00,1.2801966667175293,1.2805572748184204,1.2787723541259766,1.280442476272583
2024-03-14 08:00:00+00:00,1.2803605794906616,1.2822813987731934,1.273220419883728,1.2747948169708252
2024-03-14 16:00:00+00:00,1.274827241897583,1.2758194208145142,1.2744373083114624,1.2745835781097412
2024-03-15 00:00:00+00:00,1.274632215499878,1.274632215499878,1.2730907201766968,1.273577094078064
2024-03-15 08:00:00+00:00,1.2737555503845215,1.2759170532226562,1.2732689380645752,1.2739989757537842
2024-03-15 16:00:00+00:00,1.2739989757537842,1.2740801572799683,1.2726207971572876,1.2737555503845215
2024-03-16 00:00:00+00:00,,,,
2024-03-16 08:00:00+00:00,,,,
2024-03-16 16:00:00+00:00,,,,
2024-03-17 00:00:00+00:00,,,,
2024-03-17 08:00:00+00:00,,,,
2024-03-17 16:00:00+00:00,,,,
2024-03-18 00:00:00+00:00,1.2731716632843018,1.2742424011230469,1.27273428440094,1.2741774320602417
2024-03-18 08:00:00+00:00,1.274015188217163,1.2747135162353516,1.2723455429077148,1.2732040882110596
2024-03-18 16:00:00+00:00,1.273220419883728,1.2734311819076538,1.2720056772232056,1.27273428440094
2024-03-19 00:00:00+00:00,1.2727503776550293,1.2728638648986816,1.2695671319961548,1.2698090076446533
2024-03-19 08:00:00+00:00,1.2700670957565308,1.2716821432113647,1.2668811082839966,1.2711971998214722
2024-03-19 16:00:00+00:00,1.2713426351547241,1.2731716632843018,1.2710356712341309,1.2719571590423584
2024-03-20 00:00:00+00:00,1.2718924283981323,1.2729448080062866,1.2711488008499146,1.2715204954147339
2024-03-20 08:00:00+00:00,1.2714558839797974,1.2714558839797974,1.2684882879257202,1.2709871530532837
2024-03-20 16:00:00+00:00,1.2709871530532837,1.2798854112625122,1.2709871530532837,1.279737949371338
2024-03-21 00:00:00+00:00,1.2796725034713745,1.2803276777267456,1.2784126996994019,1.278543472290039
2024-03-21 08:00:00+00:00,1.2783637046813965,1.2790340185165405,1.26603102684021,1.26675283908844
2024-03-21 16:00:00+00:00,1.2668169736862183,1.2672985792160034,1.2651501893997192,1.2660791873931885
2024-03-22 00:00:00+00:00,1.2660951614379883,1.2675235271453857,1.2599060535430908,1.2606525421142578
2024-03-22 08:00:00+00:00,1.2607160806655884,1.2623233795166016,1.2576876878738403,1.2603347301483154
2024-03-22 16:00:00+00:00,1.2602553367614746,1.260541319847107,1.2587482929229736,1.2599060535430908
2024-03-23 00:00:00+00:00,,,,
2024-03-23 08:00:00+00:00,,,,
2024-03-23 16:00:00+00:00,,,,
2024-03-24 00:00:00+00:00,,,,
2024-03-24 08:00:00+00:00,,,,
2024-03-24 16:00:00+00:00,,,,
2024-03-25 00:00:00+00:00,1.2597790956497192,1.261702299118042,1.2592555284500122,1.2604142427444458
2024-03-25 08:00:00+00:00,1.260159969329834,1.265262246131897,1.2596044540405273,1.2646220922470093
2024-03-25 16:00:00+00:00,1.2644782066345215,1.2644782066345215,1.2636314630508423,1.2636793851852417
2024-03-26 00:00:00+00:00,1.2636632919311523,1.2657747268676758,1.2634878158569336,1.2649260759353638
2024-03-26 08:00:00+00:00,1.2650861740112305,1.266800880432129,1.2625625133514404,1.26262629032135
2024-03-26 16:00:00+00:00,1.2627538442611694,1.2635036706924438,1.2622915506362915,1.262833595275879
2024-03-27 00:00:00+00:00,1.2628016471862793,1.2631206512451172,1.26101815700531,1.2629930973052979
2024-03-27 08:00:00+00:00,1.263136625289917,1.2638230323791504,1.260636568069458,1.2629293203353882
2024-03-27 16:00:00+00:00,1.2629451751708984,1.2641425132751465,1.261479377746582,1.261734127998352
2024-03-28 00:00:00+00:00,1.2617977857589722,1.2637431621551514,1.261193037033081,1.261765956878662
2024-03-28 08:00:00+00:00,1.261670470237732,1.2651821374893188,1.2586848735809326,1.2632802724838257
2024-03-28 16:00:00+00:00,1.2631845474243164,1.2645262479782104,1.2616386413574219,1.2625147104263306
2024-03-29 00:00:00+00:00,1.262148141860962,1.2631046772003174,1.2618615627288818,1.261877417564392
2024-03-29 08:00:00+00:00,1.2618615627288818,1.2645102739334106,1.2610021829605103,1.2633600234985352
2024-03-29 16:00:00+00:00,1.2634878158569336,1.2635036706924438,1.261702299118042,1.262450933456421
2024-03-30 00:00:00+00:00,,,,
2024-03-30 08:00:00+00:00,,,,
2024-03-30 16:00:00+00:00,,,,
2024-03-31 00:00:00+00:00,,,,
2024-03-31 08:00:00+00:00,,,,
2024-03-31 16:00:00+00:00,1.26262629032135,1.26385498046875,1.2625305652618408,1.2636953592300415
2024-04-01 00:00:00+00:00,1.2638230323791504,1.2642544507980347,1.2618296146392822,1.2620844841003418
2024-04-01 08:00:00+00:00,1.262100338935852,1.2627698183059692,1.2540757656097412,1.2543903589248657
2024-04-01 16:00:00+00:00,1.254327416419983,1.2556346654891968,1.2541857957839966,1.2546263933181763
2024-04-02 00:00:00+00:00,1.2545791864395142,1.2556346654891968,1.2540442943572998,1.2554454803466797
2024-04-02 08:00:00+00:00,1.2553666830062866,1.257735013961792,1.2549413442611694,1.2573238611221313
2024-04-02 16:00:00+00:00,1.2574503421783447,1.2581623792648315,1.2567076683044434,1.25767183303833
2024-04-03 00:00:00+00:00,1.2576559782028198,1.2583364248275757,1.2563602924346924,1.2566128969192505
2024-04-03 08:00:00+00:00,1.2565339803695679,1.2635196447372437,1.2565339803695679,1.2632323503494263
2024-04-03 16:00:00+00:00,1.2633121013641357,1.2655985355377197,1.262785792350769,1.2651821374893188
2024-04-04 00:00:00+00:00,1.2652462720870972,1.2669775485992432,1.2645741701126099,1.2662876844406128
2024-04-04 08:00:00+00:00,1.2662876844406128,1.2683273553848267,1.2649421691894531,1.2666724920272827
2024-04-04 16:00:00+00:00,1.2666724920272827,1.2673468589782715,1.2636154890060425,1.264014720916748
2024-04-05 00:00:00+00:00,1.2640467882156372,1.2648781538009644,1.2615749835968018,1.2629133462905884
2024-04-05 08:00:00+00:00,1.2625465393066406,1.2645102739334106,1.2576243877410889,1.2631524801254272
2024-04-05 16:00:00+00:00,1.2632323503494263,1.2640786170959473,1.2627698183059692,1.2637431621551514
2024-04-06 00:00:00+00:00,,,,
2024-04-06 08:00:00+00:00,,,,
2024-04-06 16:00:00+00:00,,,,
2024-04-07 00:00:00+00:00,,,,
2024-04-07 08:00:00+00:00,,,,
2024-04-07 16:00:00+00:00,1.2622278928756714,1.262785792350769,1.2622278928756714,1.2624191045761108
2024-04-08 00:00:00+00:00,1.2622755765914917,1.264014720916748,1.2616068124771118,1.2626581192016602
2024-04-08 08:00:00+00:00,1.2627698183059692,1.2656145095825195,1.2614636421203613,1.2654062509536743
2024-04-08 16:00:00+00:00,1.265310287475586,1.26639986038208,1.2643823623657227,1.2657747268676758
2024-04-09 00:00:00+00:00,1.2657747268676758,1.2664800882339478,1.2649900913238525,1.265390396118164
2024-04-09 08:00:00+00:00,1.2655184268951416,1.2709225416183472,1.2651501893997192,1.2672826051712036
2024-04-09 16:00:00+00:00,1.2671701908111572,1.2685364484786987,1.2664319276809692,1.267748475074768
2024-04-10 00:00:00+00:00,1.2677645683288574,1.2688745260238647,1.2670416831970215,1.2688745260238647
2024-04-10 08:00:00+00:00,1.2688745260238647,1.2705188989639282,1.2536827325820923,1.254091501235962
2024-04-10 16:00:00+00:00,1.2543588876724243,1.2552564144134521,1.2521756887435913,1.2536983489990234
2024-04-11 00:00:00+00:00,1.2535569667816162,1.2562499046325684,1.2532742023468018,1.2562499046325684
2024-04-11 08:00:00+00:00,1.2562183141708374,1.257703423500061,1.2511730194091797,1.2533998489379883
2024-04-11 16:00:00+00:00,1.2533683776855469,1.2563918828964233,1.2530229091644287,1.255508542060852
2024-04-12 00:00:00+00:00,1.2554770708084106,1.2559027671813965,1.2507191896438599,1.251846432685852
2024-04-12 08:00:00+00:00,1.252065896987915,1.2523324489593506,1.242915391921997,1.245733380317688
2024-04-12 16:00:00+00:00,1.245593786239624,1.246292233467102,1.2443537712097168,1.2451285123825073
2024-04-13 00:00:00+00:00,,,,
2024-04-13 08:00:00+00:00,,,,
2024-04-13 16:00:00+00:00,,,,
2024-04-14 00:00:00+00:00,,,,
2024-04-14 08:00:00+00:00,,,,
2024-04-14 16:00:00+00:00,1.246012806892395,1.246230125427246,1.2453609704971313,1.246137022972107
2024-04-15 00:00:00+00:00,1.2462146282196045,1.2476917505264282,1.2442762851715088,1.2474116086959839
2024-04-15 08:00:00+00:00,1.2477073669433594,1.2497344017028809,1.2446480989456177,1.2464475631713867
2024-04-15 16:00:00+00:00,1.246540904045105,1.2468360662460327,1.2436418533325195,1.2446324825286865
2024-04-16 00:00:00+00:00,1.2446324825286865,1.244771957397461,1.2411259412765503,1.2439976930618286
2024-04-16 08:00:00+00:00,1.243873953819275,1.2472249269485474,1.242992639541626,1.243549108505249
2024-04-16 16:00:00+00:00,1.2434253692626953,1.2449579238891602,1.2407563924789429,1.242992639541626
2024-04-17 00:00:00+00:00,1.243193507194519,1.2478163242340088,1.241757869720459,1.245609164237976
2024-04-17 08:00:00+00:00,1.245531678199768,1.2480343580245972,1.2440905570983887,1.2440905570983887
2024-04-17 16:00:00+00:00,1.2443846464157104,1.2464631795883179,1.24251389503479,1.2453144788742065
2024-04-18 00:00:00+00:00,1.245392084121704,1.2484861612319946,1.2448649406433105,1.2473959922790527
2024-04-18 08:00:00+00:00,1.2472405433654785,1.248236894607544,1.2437502145767212,1.2464475631713867
2024-04-18 16:00:00+00:00,1.2464165687561035,1.2465564012527466,1.243255376815796,1.2435646057128906
2024-04-19 00:00:00+00:00,1.243456244468689,1.2451905012130737,1.239111304283142,1.2449889183044434
2024-04-19 08:00:00+00:00,1.244926929473877,1.2468206882476807,1.2397719621658325,1.2398179769515991
2024-04-19 16:00:00+00:00,1.2398487329483032,1.240094780921936,1.2367513179779053,1.23704195022583
2024-04-20 00:00:00+00:00,,,,
2024-04-20 08:00:00+00:00,,,,
2024-04-20 16:00:00+00:00,,,,
2024-04-21 00:00:00+00:00,,,,
2024-04-21 08:00:00+00:00,,,,
2024-04-21 16:00:00+00:00,1.2372409105300903,1.2378689050674438,1.2372409105300903,1.237593173980713
2024-04-22 00:00:00+00:00,1.2376850843429565,1.239234209060669,1.235254168510437,1.236873745918274
2024-04-22 08:00:00+00:00,1.2367665767669678,1.2371184825897217,1.2300727367401123,1.23401939868927
2024-04-22 16:00:00+00:00,1.234095573425293,1.2362009286880493,1.23401939868927,1.234994888305664
2024-04-23 00:00:00+00:00,1.2350863218307495,1.2369654178619385,1.2332433462142944,1.2366900444030762
2024-04-23 08:00:00+00:00,1.2364760637283325,1.2457178831100464,1.2347203493118286,1.2430081367492676
2024-04-23 16:00:00+00:00,1.2433944940567017,1.245810866355896,1.2430853843688965,1.245392084121704
2024-04-24 00:00:00+00:00,1.2455161809921265,1.2464165687561035,1.2429462671279907,1.2430236339569092
2024-04-24 08:00:00+00:00,1.2430543899536133,1.2455471754074097,1.2423903942108154,1.243193507194519
2024-04-24 16:00:00+00:00,1.243193507194519,1.2469760179519653,1.2431625127792358,1.2459352016448975
2024-04-25 00:00:00+00:00,1.246074914932251,1.25101637840271,1.245593786239624,1.2507973909378052
2024-04-25 08:00:00+00:00,1.250734806060791,1.2524422407150269,1.245795488357544,1.249281644821167
2024-04-25 16:00:00+00:00,1.2492660284042358,1.2522697448730469,1.248907208442688,1.2507660388946533
2024-04-26 00:00:00+00:00,1.250687837600708,1.2515017986297607,1.249547004699707,1.2506722211837769
2024-04-26 08:00:00+00:00,1.2505940198898315,1.2540600299835205,1.2450199127197266,1.2472715377807617
2024-04-26 16:00:00+00:00,1.2471938133239746,1.2503437995910645,1.2471938133239746,1.2494221925735474
2024-04-27 00:00:00+00:00,,,,
2024-04-27 08:00:00+00:00,,,,
2024-04-27 16:00:00+00:00,,,,
2024-04-28 00:00:00+00:00,,,,
2024-04-28 08:00:00+00:00,,,,
2024-04-28 16:00:00+00:00,1.25014066696167,1.2510008811950684,1.2500780820846558,1.2510008811950684
2024-04-29 00:00:00+00:00,1.2511260509490967,1.2547996044158936,1.2508443593978882,1.2529758214950562
2024-04-29 08:00:00+00:00,1.2530386447906494,1.2554140090942383,1.2508443593978882,1.2552406787872314
2024-04-29 16:00:00+00:00,1.255098819732666,1.2569130659103394,1.255098819732666,1.2559658288955688
2024-04-30 00:00:00+00:00,1.2558711767196655,1.2561078071594238,1.2525677680969238,1.2541857957839966
2024-04-30 08:00:00+00:00,1.2541072368621826,1.2554926872253418,1.2506252527236938,1.251298189163208
2024-04-30 16:00:00+00:00,1.2511730194091797,1.2514861822128296,1.248860478401184,1.248953938484192
2024-05-01 00:00:00+00:00,1.248953938484192,1.249125599861145,1.2467273473739624,1.2483927011489868
2024-05-01 08:00:00+00:00,1.248626470565796,1.249843716621399,1.2476917505264282,1.2488292455673218
2024-05-01 16:00:00+00:00,1.248704433441162,1.2548940181732178,1.2479408979415894,1.253824234008789
2024-05-02 00:00:00+00:00,1.2535412311553955,1.2543588876724243,1.2519091367721558,1.252912998199463
2024-05-02 08:00:00+00:00,1.2527247667312622,1.2532269954681396,1.2473649978637695,1.2507035732269287
2024-05-02 16:00:00+00:00,1.2507504224777222,1.2541701793670654,1.2503125667572021,1.2539342641830444
2024-05-03 00:00:00+00:00,1.253855586051941,1.2556346654891968,1.2531485557556152,1.254689335823059
2024-05-03 08:00:00+00:00,1.254689335823059,1.2629451751708984,1.2530543804168701,1.25472092628479
2024-05-03 16:00:00+00:00,1.254531979560852,1.2554612159729004,1.2539657354354858,1.2546422481536865
2024-05-04 00:00:00+00:00,,,,
2024-05-04 08:00:00+00:00,,,,
2024-05-04 16:00:00+00:00,,,,
2024-05-05 00:00:00+00:00,,,,
2024-05-05 08:00:00+00:00,,,,
2024-05-05 16:00:00+00:00,1.2548940181732178,1.255350947380066,1.2541072368621826,1.2541228532791138
2024-05-06 00:00:00+00:00,1.254028558731079,1.2574187517166138,1.2539026737213135,1.2569762468338013
2024-05-06 08:00:00+00:00,1.2568340301513672,1.2593823671340942,1.2564550638198853,1.2573713064193726
2024-05-06 16:00:00+00:00,1.2573871612548828,1.257403016090393,1.2557923793792725,1.2559974193572998
2024-05-07 00:00:00+00:00,1.2560604810714722,1.2570394277572632,1.2535884380340576,1.253777027130127
2024-05-07 08:00:00+00:00,1.253855586051941,1.2563918828964233,1.2530701160430908,1.2533055543899536
2024-05-07 16:00:00+00:00,1.2532427310943604,1.253824234008789,1.249906301498413,1.250156283378601
2024-05-08 00:00:00+00:00,1.2502501010894775,1.2503751516342163,1.2472560405731201,1.2472871541976929
2024-05-08 08:00:00+00:00,1.2472405433654785,1.250500202178955,1.2468516826629639,1.2502813339233398
2024-05-08 16:00:00+00:00,1.2502655982971191,1.2502813339233398,1.2488292455673218,1.249390959739685
2024-05-09 00:00:00+00:00,1.2493597269058228,1.2501875162124634,1.2473493814468384,1.2478785514831543
2024-05-09 08:00:00+00:00,1.2477384805679321,1.2521599531173706,1.244849443435669,1.2504533529281616
2024-05-09 16:00:00+00:00,1.2504533529281616,1.2530543804168701,1.2504533529281616,1.2524266242980957
2024-05-10 00:00:00+00:00,1.2525207996368408,1.2541544437408447,1.2513139247894287,1.2529758214950562
2024-05-10 08:00:00+00:00,1.253007173538208,1.2538084983825684,1.2504063844680786,1.2526148557662964
2024-05-10 16:00:00+00:00,1.2526932954788208,1.2537455558776855,1.2523167133331299,1.2524735927581787
2024-05-11 00:00:00+00:00,,,,
2024-05-11 08:00:00+00:00,,,,
2024-05-11 16:00:00+00:00,,,,
2024-05-12 00:00:00+00:00,,,,
2024-05-12 08:00:00+00:00,,,,
2024-05-12 16:00:00+00:00,1.2525520324707031,1.252803087234497,1.252238392829895,1.2522854804992676
2024-05-13 00:00:00+00:00,1.2522854804992676,1.2535412311553955,1.2518621683120728,1.2524266242980957
2024-05-13 08:00:00+00:00,1.252238392829895,1.2568498849868774,1.2520816326141357,1.2559658288955688
2024-05-13 16:00:00+00:00,1.2560762166976929,1.2566760778427124,1.2553666830062866,1.2560920715332031
2024-05-14 00:00:00+00:00,1.2560604810714722,1.2563761472702026,1.2547523975372314,1.25520920753479
2024-05-14 08:00:00+00:00,1.255350947380066,1.2592872381210327,1.2510634660720825,1.2586848735809326
2024-05-14 16:00:00+00:00,1.2586848735809326,1.2592713832855225,1.2581465244293213,1.258447289466858
2024-05-15 00:00:00+00:00,1.2584155797958374,1.2600330114364624,1.2584155797958374,1.2594457864761353
2024-05-15 08:00:00+00:00,1.259525179862976,1.2672665119171143,1.259525179862976,1.2655664682388306
2024-05-15 16:00:00+00:00,1.2653743028640747,1.2693899869918823,1.2651821374893188,1.2689712047576904
2024-05-16 00:00:00+00:00,1.2689228057861328,1.2700024843215942,1.2674592733383179,1.2680699825286865
2024-05-16 08:00:00+00:00,1.2680699825286865,1.2682790756225586,1.2644623517990112,1.2679896354675293
2024-05-16 16:00:00+00:00,1.2679413557052612,1.2679413557052612,1.266688585281372,1.267186164855957
2024-05-17 00:00:00+00:00,1.2672022581100464,1.2672022581100464,1.2652943134307861,1.2657426595687866
2024-05-17 08:00:00+00:00,1.2657266855239868,1.2707449197769165,1.264606237411499,1.2699702978134155
2024-05-17 16:00:00+00:00,1.2702122926712036,1.2711002826690674,1.269921898841858,1.2705835103988647
2024-05-18 00:00:00+00:00,,,,
2024-05-18 08:00:00+00:00,,,,
2024-05-18 16:00:00+00:00,,,,
2024-05-19 00:00:00+00:00,,,,
2024-05-19 08:00:00+00:00,,,,
2024-05-19 16:00:00+00:00,1.2701315879821777,1.2708579301834106,1.2701315879821777,1.2706319093704224
2024-05-20 00:00:00+00:00,1.2706642150878906,1.2711163759231567,1.2690032720565796,1.2695671319961548
2024-05-20 08:00:00+00:00,1.2694865465164185,1.2711488008499146,1.2693737745285034,1.2705188989639282
2024-05-20 16:00:00+00:00,1.270599603652954,1.272394061088562,1.27029287815094,1.2710517644882202
2024-05-21 00:00:00+00:00,1.2711163759231567,1.2720866203308105,1.2698252201080322,1.2714072465896606
2024-05-21 08:00:00+00:00,1.271375060081482,1.2725884914398193,1.269261121749878,1.2708579301834106
2024-05-21 16:00:00+00:00,1.2708579301834106,1.2716174125671387,1.27029287815094,1.2711163759231567
2024-05-22 00:00:00+00:00,1.2710356712341309,1.2760961055755615,1.2708741426467896,1.2748597860336304
2024-05-22 08:00:00+00:00,1.2747784852981567,1.2747784852981567,1.270099401473999,1.2736257314682007
2024-05-22 16:00:00+00:00,1.2735446691513062,1.275071144104004,1.2711325883865356,1.2720866203308105
2024-05-23 00:00:00+00:00,1.2720704078674316,1.2732040882110596,1.271811604499817,1.2726856470108032
2024-05-23 08:00:00+00:00,1.2727018594741821,1.274616003036499,1.2706480026245117,1.271811604499817
2024-05-23 16:00:00+00:00,1.2716660499572754,1.2722322940826416,1.268617033958435,1.269357681274414
2024-05-24 00:00:00+00:00,1.2692770957946777,1.2702445983886719,1.2682629823684692,1.2698897123336792
2024-05-24 08:00:00+00:00,1.269857406616211,1.2750385999679565,1.2695671319961548,1.274323582649231
2024-05-24 16:00:00+00:00,1.2744210958480835,1.2749898433685303,1.2732689380645752,1.2739015817642212
2024-05-25 00:00:00+00:00,,,,
2024-05-25 08:00:00+00:00,,,,
2024-05-25 16:00:00+00:00,,,,
2024-05-26 00:00:00+00:00,,,,
2024-05-26 08:00:00+00:00,,,,
2024-05-26 16:00:00+00:00,1.2741613388061523,1.2741613388061523,1.273463487625122,1.273463487625122
2024-05-27 00:00:00+00:00,1.2734473943710327,1.2746973037719727,1.2734473943710327,1.2742424011230469
2024-05-27 08:00:00+00:00,1.2742263078689575,1.277759313583374,1.273463487625122,1.2772208452224731
2024-05-27 16:00:00+00:00,1.2773349285125732,1.2774981260299683,1.276796817779541,1.2772860527038574
2024-05-28 00:00:00+00:00,1.2772533893585205,1.278380036354065,1.2770413160324097,1.2773675918579102
2024-05-28 08:00:00+00:00,1.277432918548584,1.280032753944397,1.2763241529464722,1.2784290313720703
2024-05-28 16:00:00+00:00,1.2785271406173706,1.2785271406173706,1.275477647781372,1.275835633277893
2024-05-29 00:00:00+00:00,1.2758519649505615,1.2771881818771362,1.27472984790802,1.2762916088104248
2024-05-29 08:00:00+00:00,1.27611243724823,1.2765686511993408,1.2706480026245117,1.2713264226913452
2024-05-29 16:00:00+00:00,1.2710840702056885,1.271779179573059,1.2696478366851807,1.2697607278823853
2024-05-30 00:00:00+00:00,1.2697445154190063,1.2708579301834106,1.268166422843933,1.2708418369293213
2024-05-30 08:00:00+00:00,1.270809531211853,1.2746973037719727,1.269728422164917,1.2738691568374634
2024-05-30 16:00:00+00:00,1.2737717628479004,1.2744698524475098,1.272718071937561,1.2729772329330444
2024-05-31 00:00:00+00:00,1.2729448080062866,1.2733014822006226,1.2700831890106201,1.2707126140594482
2024-05-31 08:00:00+00:00,1.2706156969070435,1.276535987854004,1.2706156969070435,1.2736743688583374
2024-05-31 16:00:00+00:00,1.2734798192977905,1.274632215499878,1.2723132371902466,1.273836612701416
2024-06-01 00:00:00+00:00,,,,
2024-06-01 08:00:00+00:00,,,,
2024-06-01 16:00:00+00:00,,,,
2024-06-02 00:00:00+00:00,,,,
2024-06-02 08:00:00+00:00,,,,
2024-06-02 16:00:00+00:00,1.2743885517120361,1.274518609046936,1.2742749452590942,1.2744535207748413
2024-06-03 00:00:00+00:00,1.2743399143218994,1.2756078243255615,1.2715204954147339,1.2715204954147339
2024-06-03 08:00:00+00:00,1.2711971998214722,1.2794268131256104,1.269599437713623,1.2792631387710571
2024-06-03 16:00:00+00:00,1.279312252998352,1.281312108039856,1.277726650238037,1.281049370765686
2024-06-04 00:00:00+00:00,1.281295657157898,1.2817391157150269,1.2786742448806763,1.2791157960891724
2024-06-04 08:00:00+00:00,1.2790340185165405,1.2792466878890991,1.2744860649108887,1.2782983779907227
2024-06-04 16:00:00+00:00,1.278380036354065,1.2796725034713745,1.27681303024292,1.2772860527038574
2024-06-05 00:00:00+00:00,1.277106523513794,1.2782655954360962,1.2765686511993408,1.277269721031189
2024-06-05 08:00:00+00:00,1.2776614427566528,1.2794595956802368,1.2756891250610352,1.276959776878357
2024-06-05 16:00:00+00:00,1.276796817779541,1.2795250415802002,1.2763731479644775,1.279410481452942
2024-06-06 00:00:00+00:00,1.2795087099075317,1.2809345722198486,1.278756022453308,1.2792140245437622
2024-06-06 08:00:00+00:00,1.2790995836257935,1.2791650295257568,1.276535987854004,1.2784126996994019
2024-06-06 16:00:00+00:00,1.2781349420547485,1.2796560525894165,1.277726650238037,1.279312252998352
2024-06-07 00:00:00+00:00,1.2791485786437988,1.2802459001541138,1.2783145904541016,1.2800819873809814
2024-06-07 08:00:00+00:00,1.279983639717102,1.28109872341156,1.2717307806015015,1.2725237607955933
2024-06-07 16:00:00+00:00,1.2725237607955933,1.27304208278656,1.2718924283981323,1.2723617553710938
2024-06-08 00:00:00+00:00,,,,
2024-06-08 08:00:00+00:00,,,,
2024-06-08 16:00:00+00:00,,,,
2024-06-09 00:00:00+00:00,,,,
2024-06-09 08:00:00+00:00,,,,
2024-06-09 16:00:00+00:00,1.2726370096206665,1.2730096578598022,1.2725722789764404,1.27289617061615
2024-06-10 00:00:00+00:00,1.27289617061615,1.2730907201766968,1.270825743675232,1.272329330444336
2024-06-10 08:00:00+00:00,1.2723455429077148,1.2731393575668335,1.268842339515686,1.2731393575668335
2024-06-10 16:00:00+00:00,1.2732040882110596,1.273739218711853,1.2725075483322144,1.2726694345474243
2024-06-11 00:00:00+00:00,1.272718071937561,1.2739015817642212,1.271504282951355,1.2722808122634888
2024-06-11 08:00:00+00:00,1.2722160816192627,1.2748597860336304,1.2707449197769165,1.2722970247268677
2024-06-11 16:00:00+00:00,1.2722645998001099,1.2751686573028564,1.2718924283981323,1.2739989757537842
2024-06-12 00:00:00+00:00,1.273934006690979,1.275298833847046,1.2733986377716064,1.275136113166809
2024-06-12 08:00:00+00:00,1.2751524448394775,1.2860082387924194,1.274957299232483,1.2840760946273804
2024-06-12 16:00:00+00:00,1.2839607000350952,1.285000205039978,1.2792466878890991,1.2796887159347534
2024-06-13 00:00:00+00:00,1.2796560525894165,1.2799345254898071,1.2773675918579102,1.2788541316986084
2024-06-13 08:00:00+00:00,1.2788867950439453,1.2805408239364624,1.2753475904464722,1.2763731479644775
2024-06-13 16:00:00+00:00,1.2760961055755615,1.2767316102981567,1.2739664316177368,1.2754452228546143
2024-06-14 00:00:00+00:00,1.275363802909851,1.276356816291809,1.2723455429077148,1.2730096578598022
2024-06-14 08:00:00+00:00,1.273123025894165,1.2731878757476807,1.2657426595687866,1.2683594226837158
2024-06-14 16:00:00+00:00,1.268295168876648,1.269293189048767,1.2677645683288574,1.2685847282409668
2024-06-15 00:00:00+00:00,,,,
2024-06-15 08:00:00+00:00,,,,
2024-06-15 16:00:00+00:00,,,,
2024-06-16 00:00:00+00:00,,,,
2024-06-16 08:00:00+00:00,,,,
2024-06-16 16:00:00+00:00,1.2687618732452393,1.2687939405441284,1.2679413557052612,1.2682629823684692
2024-06-17 00:00:00+00:00,1.2684237957000732,1.2689067125320435,1.2662235498428345,1.2669614553451538
2024-06-17 08:00:00+00:00,1.2668169736862183,1.2690032720565796,1.2659990787506104,1.26874577999115
2024-06-17 16:00:00+00:00,1.2688262462615967,1.2714558839797974,1.2688262462615967,1.2714396715164185
2024-06-18 00:00:00+00:00,1.2714396715164185,1.2715365886688232,1.267812728881836,1.2678771018981934
2024-06-18 08:00:00+00:00,1.2678449153900146,1.2721189260482788,1.2669453620910645,1.2696478366851807
2024-06-18 16:00:00+00:00,1.2696316242218018,1.2712780237197876,1.269293189048767,1.270809531211853
2024-06-19 00:00:00+00:00,1.2707288265228271,1.2732852697372437,1.2701315879821777,1.2728638648986816
2024-06-19 08:00:00+00:00,1.2729772329330444,1.274031400680542,1.2716821432113647,1.2724264860153198
2024-06-19 16:00:00+00:00,1.2724264860153198,1.2726207971572876,1.271375060081482,1.2721351385116577
2024-06-20 00:00:00+00:00,1.2720866203308105,1.2720866203308105,1.2703735828399658,1.2707610130310059
2024-06-20 08:00:00+00:00,1.2706480026245117,1.2708741426467896,1.2668811082839966,1.2669293880462646
2024-06-20 16:00:00+00:00,1.2667046785354614,1.2682790756225586,1.2656304836273193,1.2660632133483887
2024-06-21 00:00:00+00:00,1.2660471200942993,1.2670094966888428,1.2637752294540405,1.264222502708435
2024-06-21 08:00:00+00:00,1.2641745805740356,1.2662074565887451,1.262482762336731,1.264222502708435
2024-06-21 16:00:00+00:00,1.2641425132751465,1.265214204788208,1.2636314630508423,1.2645102739334106
2024-06-22 00:00:00+00:00,,,,
2024-06-22 08:00:00+00:00,,,,
2024-06-22 16:00:00+00:00,,,,
2024-06-23 00:00:00+00:00,,,,
2024-06-23 08:00:00+00:00,,,,
2024-06-23 16:00:00+00:00,1.2644623517990112,1.2645741701126099,1.2637431621551514,1.2638391256332397
2024-06-24 00:00:00+00:00,1.2637752294540405,1.2656785249710083,1.2633440494537354,1.2654383182525635
2024-06-24 08:00:00+00:00,1.2655024528503418,1.2698252201080322,1.2655024528503418,1.268295168876648
2024-06-24 16:00:00+00:00,1.2683112621307373,1.269357681274414,1.2674111127853394,1.268295168876648
2024-06-25 00:00:00+00:00,1.268295168876648,1.269921898841858,1.268295168876648,1.2689388990402222
2024-06-25 08:00:00+00:00,1.268890619277954,1.2702605724334717,1.2671059370040894,1.2674431800842285
2024-06-25 16:00:00+00:00,1.2675557136535645,1.2696316242218018,1.2675557136535645,1.2684398889541626
2024-06-26 00:00:00+00:00,1.2683756351470947,1.269244909286499,1.266800880432129,1.2670577764511108
2024-06-26 08:00:00+00:00,1.267138123512268,1.2674431800842285,1.261957049369812,1.2622437477111816
2024-06-26 16:00:00+00:00,1.262148141860962,1.2637910842895508,1.2616068124771118,1.2621959447860718
2024-06-27 00:00:00+00:00,1.262068510055542,1.2647820711135864,1.2613521814346313,1.2633600234985352
2024-06-27 08:00:00+00:00,1.263296127319336,1.2670738697052002,1.2627378702163696,1.26511812210083
2024-06-27 16:00:00+00:00,1.265166163444519,1.2656465768814087,1.2638391256332397,1.2644143104553223
2024-06-28 00:00:00+00:00,1.2644462585449219,1.2649260759353638,1.2622755765914917,1.2644462585449219
2024-06-28 08:00:00+00:00,1.2643502950668335,1.265982985496521,1.262100338935852,1.2638230323791504
2024-06-28 16:00:00+00:00,1.2638070583343506,1.2654223442077637,1.2632323503494263,1.2647502422332764
2024-06-29 00:00:00+00:00,,,,
2024-06-29 08:00:00+00:00,,,,
2024-06-29 16:00:00+00:00,,,,
2024-06-30 00:00:00+00:00,,,,
2024-06-30 08:00:00+00:00,,,,
2024-06-30 16:00:00+00:00,1.2650221586227417,1.2651821374893188,1.2648460865020752,1.264910101890564
2024-07-01 00:00:00+00:00,1.264910101890564,1.2689549922943115,1.264734148979187,1.2663837671279907
2024-07-01 08:00:00+00:00,1.2663518190383911,1.2696478366851807,1.2637592554092407,1.2647181749343872
2024-07-01 16:00:00+00:00,1.2646702527999878,1.265806794166565,1.2634557485580444,1.2645102739334106
2024-07-02 00:00:00+00:00,1.2646220922470093,1.2647981643676758,1.261622667312622,1.2626103162765503
2024-07-02 08:00:00+00:00,1.26262629032135,1.26850426197052,1.2622915506362915,1.2676199674606323
2024-07-02 16:00:00+00:00,1.2675557136535645,1.269196629524231,1.2665281295776367,1.2688101530075073
2024-07-03 00:00:00+00:00,1.2689228057861328,1.2698252201080322,1.2678931951522827,1.2694060802459717
2024-07-03 08:00:00+00:00,1.269293189048767,1.277791976928711,1.2689549922943115,1.276487112045288
2024-07-03 16:00:00+00:00,1.2764055728912354,1.2766011953353882,1.273463487625122,1.274827241897583
2024-07-04 00:00:00+00:00,1.2748597860336304,1.2754288911819458,1.2741774320602417,1.2753312587738037
2024-07-04 08:00:00+00:00,1.27538001537323,1.2767316102981567,1.2747622728347778,1.2760635614395142
2024-07-04 16:00:00+00:00,1.275982141494751,1.2763241529464722,1.2754613161087036,1.2755590677261353
2024-07-05 00:00:00+00:00,1.2756240367889404,1.2780859470367432,1.2755916118621826,1.277971625328064
2024-07-05 08:00:00+00:00,1.277955174446106,1.281427025794983,1.2773839235305786,1.2807377576828003
2024-07-05 16:00:00+00:00,1.2807377576828003,1.2817555665969849,1.2797051668167114,1.28127920627594
2024-07-06 00:00:00+00:00,,,,
2024-07-06 08:00:00+00:00,,,,
2024-07-06 16:00:00+00:00,,,,
2024-07-07 00:00:00+00:00,,,,
2024-07-07 08:00:00+00:00,,,,
2024-07-07 16:00:00+00:00,1.2807542085647583,1.281065821647644,1.2806392908096313,1.2806392908096313
2024-07-08 00:00:00+00:00,1.2806228399276733,1.2818704843521118,1.2801802158355713,1.2813613414764404
2024-07-08 08:00:00+00:00,1.2814927101135254,1.2846039533615112,1.281410574913025,1.2825281620025635
2024-07-08 16:00:00+00:00,1.282577395439148,1.282577395439148,1.2805572748184204,1.2815583944320679
2024-07-09 00:00:00+00:00,1.2815583944320679,1.2817062139511108,1.2798689603805542,1.2798854112625122
2024-07-09 08:00:00+00:00,1.2797706127166748,1.2824294567108154,1.2778573036193848,1.2784454822540283
2024-07-09 16:00:00+00:00,1.2784944772720337,1.2790995836257935,1.2778899669647217,1.2789195775985718
2024-07-10 00:00:00+00:00,1.2788705825805664,1.2801802158355713,1.2785271406173706,1.2791322469711304
2024-07-10 08:00:00+00:00,1.2792140245437622,1.284703016281128,1.2790995836257935,1.284092664718628
2024-07-10 16:00:00+00:00,1.284224510192871,1.2853965759277344,1.2835158109664917,1.2853800058364868
2024-07-11 00:00:00+00:00,1.2854461669921875,1.2871172428131104,1.2850332260131836,1.2866700887680054
2024-07-11 08:00:00+00:00,1.2868191003799438,1.2948336601257324,1.286686658859253,1.2917894124984741
2024-07-11 16:00:00+00:00,1.291622519493103,1.292373776435852,1.2900062799453735,1.2923235893249512
2024-07-12 00:00:00+00:00,1.2923402786254883,1.2929751873016357,1.29027259349823,1.2929751873016357
2024-07-12 08:00:00+00:00,1.2929251194000244,1.2990893125534058,1.292875051498413,1.2983471155166626
2024-07-12 16:00:00+00:00,1.2984988689422607,1.2990893125534058,1.2981280088424683,1.2989881038665771
2024-07-13 00:00:00+00:00,,,,
2024-07-13 08:00:00+00:00,,,,
2024-07-13 16:00:00+00:00,,,,
2024-07-14 00:00:00+00:00,,,,
2024-07-14 08:00:00+00:00,,,,
2024-07-14 16:00:00+00:00,1.2968318462371826,1.2969495058059692,1.2964787483215332,1.296764612197876
2024-07-15 00:00:00+00:00,1.2967814207077026,1.2983304262161255,1.29629385471344,1.2982629537582397
2024-07-15 08:00:00+00:00,1.2983471155166626,1.2994606494903564,1.296815037727356,1.298296570777893
2024-07-15 16:00:00+00:00,1.2980101108551025,1.298296570777893,1.2962770462036133,1.2969664335250854
2024-07-16 00:00:00+00:00,1.296983242034912,1.2972524166107178,1.2952361106872559,1.296815037727356
2024-07-16 08:00:00+00:00,1.2969664335250854,1.2979596853256226,1.2939623594284058,1.2957228422164917
2024-07-16 16:00:00+00:00,1.295638918876648,1.297808051109314,1.294967770576477,1.297808051109314
2024-07-17 00:00:00+00:00,1.2975218296051025,1.3012869358062744,1.2966973781585693,1.3008129596710205
2024-07-17 08:00:00+00:00,1.300931453704834,1.3044441938400269,1.3000181913375854,1.3005084991455078
2024-07-17 16:00:00+00:00,1.3006099462509155,1.3012192249298096,1.3000351190567017,1.300931453704834
2024-07-18 00:00:00+00:00,1.300931453704834,1.3013039827346802,1.2987180948257446,1.2999675273895264
2024-07-18 08:00:00+00:00,1.3000519275665283,1.3003056049346924,1.296983242034912,1.2973365783691406
2024-07-18 16:00:00+00:00,1.2973029613494873,1.297774314880371,1.2940963506698608,1.2950180768966675
2024-07-19 00:00:00+00:00,1.2949342727661133,1.2949342727661133,1.292590856552124,1.2927746772766113
2024-07-19 08:00:00+00:00,1.2929418087005615,1.2930254936218262,1.2901561260223389,1.2921398878097534
2024-07-19 16:00:00+00:00,1.2921732664108276,1.2925406694412231,1.2907888889312744,1.290988802909851
2024-07-20 00:00:00+00:00,,,,
2024-07-20 08:00:00+00:00,,,,
2024-07-20 16:00:00+00:00,,,,
2024-07-21 00:00:00+00:00,,,,
2024-07-21 08:00:00+00:00,,,,
2024-07-21 16:00:00+00:00,1.2934770584106445,1.2939623594284058,1.2932428121566772,1.2933096885681152
2024-07-22 00:00:00+00:00,1.2932261228561401,1.2932261228561401,1.2910889387130737,1.2924906015396118
2024-07-22 08:00:00+00:00,1.2922735214233398,1.2942806482315063,1.2906889915466309,1.2908889055252075
2024-07-22 16:00:00+00:00,1.2910054922103882,1.29361093044281,1.2907222509384155,1.2931257486343384
2024-07-23 00:00:00+00:00,1.2932261228561401,1.2934770584106445,1.2912389039993286,1.2915891408920288
2024-07-23 08:00:00+00:00,1.2917560338974,1.2928582429885864,1.2889587879180908,1.2914557456970215
2024-07-23 16:00:00+00:00,1.291388988494873,1.2916558980941772,1.2900395393371582,1.2900562286376953
2024-07-24 00:00:00+00:00,1.2901561260223389,1.2902060747146606,1.288344383239746,1.288759469985962
2024-07-24 08:00:00+00:00,1.2887262105941772,1.2937111854553223,1.2878631353378296,1.2924071550369263
2024-07-24 16:00:00+00:00,1.292373776435852,1.2928582429885864,1.289823293685913,1.289823293685913
2024-07-25 00:00:00+00:00,1.2898398637771606,1.289889931678772,1.2875646352767944,1.2894740104675293
2024-07-25 08:00:00+00:00,1.289507269859314,1.2913390398025513,1.2862894535064697,1.2881451845169067
2024-07-25 16:00:00+00:00,1.2880953550338745,1.2889753580093384,1.2850332260131836,1.2855783700942993
2024-07-26 00:00:00+00:00,1.2856611013412476,1.2872000932693481,1.2854626178741455,1.2863225936889648
2024-07-26 08:00:00+00:00,1.286421775817871,1.2874155044555664,1.2850496768951416,1.2863225936889648
2024-07-26 16:00:00+00:00,1.2862398624420166,1.2878299951553345,1.2862067222595215,1.2872663736343384
2024-07-27 00:00:00+00:00,,,,
2024-07-27 08:00:00+00:00,,,,
2024-07-27 16:00:00+00:00,,,,
2024-07-28 00:00:00+00:00,,,,
2024-07-28 08:00:00+00:00,,,,
2024-07-28 16:00:00+00:00,1.2869184017181396,1.287166953086853,1.2867529392242432,1.2867529392242432
2024-07-29 00:00:00+00:00,1.286686658859253,1.2888258695602417,1.2831534147262573,1.283202886581421
2024-07-29 08:00:00+00:00,1.283285140991211,1.2856611013412476,1.2807705402374268,1.2851322889328003
2024-07-29 16:00:00+00:00,1.2850992679595947,1.2867693901062012,1.28468656539917,1.2859420776367188
2024-07-30 00:00:00+00:00,1.2857767343521118,1.2859586477279663,1.284505009651184,1.284934163093567
2024-07-30 08:00:00+00:00,1.2851322889328003,1.2864713668823242,1.2821499109268188,1.2828242778778076
2024-07-30 16:00:00+00:00,1.2828571796417236,1.2842081785202026,1.2826762199401855,1.2837135791778564
2024-07-31 00:00:00+00:00,1.2837958335876465,1.2852975130081177,1.2828078269958496,1.284224510192871
2024-07-31 08:00:00+00:00,1.2839772701263428,1.2854461669921875,1.282248616218567,1.2840431928634644
2024-07-31 16:00:00+00:00,1.283779501914978,1.286421775817871,1.2823307514190674,1.2853471040725708
2024-08-01 00:00:00+00:00,1.2854957580566406,1.2860909700393677,1.2790504693984985,1.2792466878890991
2024-08-01 08:00:00+00:00,1.2790831327438354,1.283812403678894,1.275477647781372,1.27681303024292
2024-08-01 16:00:00+00:00,1.2767478227615356,1.2776286602020264,1.272782802581787,1.2728476524353027
2024-08-02 00:00:00+00:00,1.2725560665130615,1.273934006690979,1.2708579301834106,1.2713426351547241
2024-08-02 08:00:00+00:00,1.2714558839797974,1.2839607000350952,1.2714558839797974,1.2797542810440063
2024-08-02 16:00:00+00:00,1.2795087099075317,1.2812299728393555,1.2785108089447021,1.2803113460540771
2024-08-03 00:00:00+00:00,,,,
2024-08-03 08:00:00+00:00,,,,
2024-08-03 16:00:00+00:00,,,,
2024-08-04 00:00:00+00:00,,,,
2024-08-04 08:00:00+00:00,,,,
2024-08-04 16:00:00+00:00,1.2794432640075684,1.2796396017074585,1.2783310413360596,1.27883780002594
2024-08-05 00:00:00+00:00,1.2786905765533447,1.281115174293518,1.2711163759231567,1.2792794704437256
2024-08-05 08:00:00+00:00,1.2794268131256104,1.2815748453140259,1.2730096578598022,1.2766826152801514
2024-08-05 16:00:00+00:00,1.2764544486999512,1.279344916343689,1.274518609046936,1.278756022453308
2024-08-06 00:00:00+00:00,1.2786579132080078,1.2803605794906616,1.2736095190048218,1.2742263078689575
2024-08-06 08:00:00+00:00,1.2742749452590942,1.2747784852981567,1.2675557136535645,1.2694382667541504
2024-08-06 16:00:00+00:00,1.269534945487976,1.2712295055389404,1.268182635307312,1.268295168876648
2024-08-07 00:00:00+00:00,1.2685847282409668,1.271811604499817,1.2682629823684692,1.269841194152832
2024-08-07 08:00:00+00:00,1.2699863910675049,1.2735933065414429,1.2695833444595337,1.2716983556747437
2024-08-07 16:00:00+00:00,1.2714881896972656,1.271504282951355,1.267909288406372,1.2679253816604614
2024-08-08 00:00:00+00:00,1.2683273553848267,1.271375060081482,1.2679413557052612,1.2701154947280884
2024-08-08 08:00:00+00:00,1.270099401473999,1.2742424011230469,1.266592264175415,1.2742424011230469
2024-08-08 16:00:00+00:00,1.274128794670105,1.2752337455749512,1.2732852697372437,1.2746809720993042
2024-08-09 00:00:00+00:00,1.2745835781097412,1.2771717309951782,1.2738529443740845,1.276242733001709
2024-08-09 08:00:00+00:00,1.276356816291809,1.277400255203247,1.27273428440094,1.2764055728912354
2024-08-09 16:00:00+00:00,1.276356816291809,1.276959776878357,1.2754939794540405,1.2759984731674194
2024-08-10 00:00:00+00:00,,,,
2024-08-10 08:00:00+00:00,,,,
2024-08-10 16:00:00+00:00,,,,
2024-08-11 00:00:00+00:00,,,,
2024-08-11 08:00:00+00:00,,,,
2024-08-11 16:00:00+00:00,1.275266170501709,1.275363802909851,1.274941086769104,1.274941086769104
2024-08-12 00:00:00+00:00,1.2749247550964355,1.2782655954360962,1.274827241897583,1.2769272327423096
2024-08-12 08:00:00+00:00,1.2769924402236938,1.279410481452942,1.2753963470458984,1.2773839235305786
2024-08-12 16:00:00+00:00,1.2772860527038574,1.277563452720642,1.2756078243255615,1.2771391868591309
2024-08-13 00:00:00+00:00,1.2770739793777466,1.281312108039856,1.2764544486999512,1.2809674739837646
2024-08-13 08:00:00+00:00,1.2807213068008423,1.2836475372314453,1.2781022787094116,1.28264319896698
2024-08-13 16:00:00+00:00,1.282774806022644,1.287282943725586,1.282774806022644,1.2866039276123047
2024-08-14 00:00:00+00:00,1.2865707874298096,1.2869019508361816,1.2822978496551514,1.2839113473892212
2024-08-14 08:00:00+00:00,1.2835816144943237,1.2862563133239746,1.2824459075927734,1.2848351001739502
2024-08-14 16:00:00+00:00,1.2848681211471558,1.2848681211471558,1.2821334600448608,1.2825117111206055
2024-08-15 00:00:00+00:00,1.2825939655303955,1.2857767343521118,1.2822155952453613,1.2851488590240479
2024-08-15 08:00:00+00:00,1.2851653099060059,1.2869846820831299,1.2800164222717285,1.2863060235977173
2024-08-15 16:00:00+00:00,1.286372184753418,1.2871006727218628,1.2849011421203613,1.2859750986099243
2024-08-16 00:00:00+00:00,1.2859586477279663,1.2885932922363281,1.2859586477279663,1.2880456447601318
2024-08-16 08:00:00+00:00,1.2880953550338745,1.2914390563964844,1.288078784942627,1.2904725074768066
2024-08-16 16:00:00+00:00,1.2905889749526978,1.2946492433547974,1.2905391454696655,1.2944146394729614
2024-08-17 00:00:00+00:00,,,,
2024-08-17 08:00:00+00:00,,,,
2024-08-17 16:00:00+00:00,,,,
2024-08-18 00:00:00+00:00,,,,
2024-08-18 08:00:00+00:00,,,,
2024-08-18 16:00:00+00:00,1.294247031211853,1.2946659326553345,1.2940963506698608,1.2946659326553345
2024-08-19 00:00:00+00:00,1.2945822477340698,1.2968822717666626,1.2944146394729614,1.2965459823608398
2024-08-19 08:00:00+00:00,1.2964956760406494,1.29962956905365,1.2939958572387695,1.2981618642807007
2024-08-19 16:00:00+00:00,1.2980775833129883,1.2996634244918823,1.2974207401275635,1.298971176147461
2024-08-20 00:00:00+00:00,1.2991230487823486,1.3004070520401,1.2975385189056396,1.30027174949646
2024-08-20 08:00:00+00:00,1.3002886772155762,1.3051763772964478,1.2993425130844116,1.3025243282318115
2024-08-20 16:00:00+00:00,1.3027448654174805,1.30376398563385,1.3019137382507324,1.3034241199493408
2024-08-21 00:00:00+00:00,1.3034241199493408,1.303865909576416,1.3012869358062744,1.301608681678772
2024-08-21 08:00:00+00:00,1.301574945449829,1.3078734874725342,1.3014055490493774,1.3078734874725342
2024-08-21 16:00:00+00:00,1.3077024221420288,1.3117506504058838,1.3072919845581055,1.3092089891433716
2024-08-22 00:00:00+00:00,1.3092775344848633,1.3099292516708374,1.3081128597259521,1.3096033334732056
2024-08-22 08:00:00+00:00,1.3098434209823608,1.3128355741500854,1.308249831199646,1.3093632459640503
2024-08-22 16:00:00+00:00,1.3093289136886597,1.310186743736267,1.3077365159988403,1.3096375465393066
2024-08-23 00:00:00+00:00,1.3095004558563232,1.3124909400939941,1.3092089891433716,1.311681866645813
2024-08-23 08:00:00+00:00,1.3118711709976196,1.322891354560852,1.3108737468719482,1.319383144378662
2024-08-23 16:00:00+00:00,1.3194352388381958,1.3220692873001099,1.3175578117370605,1.3216499090194702
2024-08-24 00:00:00+00:00,,,,
2024-08-24 08:00:00+00:00,,,,
2024-08-24 16:00:00+00:00,,,,
2024-08-25 00:00:00+00:00,,,,
2024-08-25 08:00:00+00:00,,,,
2024-08-25 16:00:00+00:00,1.3207945823669434,1.321457862854004,1.3206899166107178,1.321457862854004
2024-08-26 00:00:00+00:00,1.3212658166885376,1.3221917152404785,1.3191393613815308,1.319591999053955
2024-08-26 08:00:00+00:00,1.3194701671600342,1.320916771888733,1.318235158920288,1.3185480833053589
2024-08-26 16:00:00+00:00,1.3183393478393555,1.3206725120544434,1.3180961608886719,1.319191575050354
2024-08-27 00:00:00+00:00,1.3189654350280762,1.3215800523757935,1.3180961608886719,1.3200448751449585
2024-08-27 08:00:00+00:00,1.320027470588684,1.3245033025741577,1.320027470588684,1.3234516382217407
2024-08-27 16:00:00+00:00,1.3236267566680908,1.3266470432281494,1.3228563070297241,1.3256621360778809
2024-08-28 00:00:00+00:00,1.325574278831482,1.326066493988037,1.3217896223068237,1.323364019393921
2024-08-28 08:00:00+00:00,1.3232239484786987,1.3243629932403564,1.3191219568252563,1.3201842308044434
2024-08-28 16:00:00+00:00,1.3200798034667969,1.3200798034667969,1.3168984651565552,1.3193656206130981
2024-08-29 00:00:00+00:00,1.3194701671600342,1.3226288557052612,1.3194701671600342,1.3220692873001099
2024-08-29 08:00:00+00:00,1.3213181495666504,1.3213181495666504,1.3146132230758667,1.31851327419281
2024-08-29 16:00:00+00:00,1.3185480833053589,1.3190523386001587,1.3163783550262451,1.3165863752365112
2024-08-30 00:00:00+00:00,1.3164995908737183,1.3197661638259888,1.3161011934280396,1.3191568851470947
2024-08-30 08:00:00+00:00,1.3190175294876099,1.3200099468231201,1.312663197517395,1.313387393951416
2024-08-30 16:00:00+00:00,1.313111424446106,1.313628911972046,1.311131477355957,1.3126977682113647
2024-08-31 00:00:00+00:00,,,,
2024-08-31 08:00:00+00:00,,,,
2024-08-31 16:00:00+00:00,,,,
2024-09-01 00:00:00+00:00,,,,
2024-09-01 08:00:00+00:00,,,,
2024-09-01 16:00:00+00:00,1.3131458759307861,1.3133528232574463,1.3129562139511108,1.313042402267456
2024-09-02 00:00:00+00:00,1.3128873109817505,1.3144922256469727,1.3120776414871216,1.313490867614746
2024-09-02 08:00:00+00:00,1.3137669563293457,1.315477967262268,1.3128355741500854,1.314561367034912
2024-09-02 16:00:00+00:00,1.314509630203247,1.3150454759597778,1.3136117458343506,1.3140431642532349
2024-09-03 00:00:00+00:00,1.3140950202941895,1.3147515058517456,1.3109424114227295,1.312456488609314
2024-09-03 08:00:00+00:00,1.3121981620788574,1.3144922256469727,1.3089861869812012,1.3103927373886108
2024-09-03 16:00:00+00:00,1.3103240728378296,1.3118367195129395,1.308866262435913,1.311389446258545
2024-09-04 00:00:00+00:00,1.3113206624984741,1.3120949268341064,1.3101352453231812,1.3116130828857422
2024-09-04 08:00:00+00:00,1.3115097284317017,1.317314863204956,1.3107706308364868,1.3142850399017334
2024-09-04 16:00:00+00:00,1.3140604496002197,1.3153568506240845,1.3129045963287354,1.3144232034683228
2024-09-05 00:00:00+00:00,1.3144922256469727,1.3157029151916504,1.313974142074585,1.31483793258667
2024-09-05 08:00:00+00:00,1.3147169351577759,1.3180266618728638,1.3146305084228516,1.3165169954299927
2024-09-05 16:00:00+00:00,1.316551685333252,1.3185827732086182,1.3164477348327637,1.3177313804626465
2024-09-06 00:00:00+00:00,1.317627191543579,1.3193135261535645,1.3172626495361328,1.3182872533798218
2024-09-06 08:00:00+00:00,1.3182872533798218,1.323574185371399,1.3128700256347656,1.313094139099121
2024-09-06 16:00:00+00:00,1.313214898109436,1.313905119895935,1.3112174272537231,1.313042402267456
2024-09-07 00:00:00+00:00,,,,
2024-09-07 08:00:00+00:00,,,,
2024-09-07 16:00:00+00:00,,,,
2024-09-08 00:00:00+00:00,,,,
2024-09-08 08:00:00+00:00,,,,
2024-09-08 16:00:00+00:00,1.3135944604873657,1.3138015270233154,1.3131976127624512,1.3131976127624512
2024-09-09 00:00:00+00:00,1.3130769729614258,1.3143540620803833,1.309226155281067,1.3105645179748535
2024-09-09 08:00:00+00:00,1.3104442358016968,1.3108049631118774,1.3069674968719482,1.308249831199646
2024-09-09 16:00:00+00:00,1.308284044265747,1.3102725744247437,1.3068991899490356,1.3070015907287598
2024-09-10 00:00:00+00:00,1.3071041107177734,1.3107362985610962,1.305909276008606,1.309088945388794
2024-09-10 08:00:00+00:00,1.3091061115264893,1.3104785680770874,1.305193305015564,1.3066089153289795
2024-09-10 16:00:00+00:00,1.3063528537750244,1.3086607456207275,1.305721640586853,1.30804443359375
2024-09-11 00:00:00+00:00,1.3081128597259521,1.311079978942871,1.3070528507232666,1.3084039688110352
2024-09-11 08:00:00+00:00,1.308078646659851,1.3098605871200562,1.3003394603729248,1.302371621131897
2024-09-11 16:00:00+00:00,1.3021681308746338,1.3050230741500854,1.3021681308746338,1.3038829565048218
2024-09-12 00:00:00+00:00,1.3038829565048218,1.3057047128677368,1.303288221359253,1.3038320541381836
2024-09-12 08:00:00+00:00,1.3038320541381836,1.3083524703979492,1.3034580945968628,1.3080958127975464
2024-09-12 16:00:00+00:00,1.308215618133545,1.313232183456421,1.308215618133545,1.313232183456421
2024-09-13 00:00:00+00:00,1.3131630420684814,1.3150800466537476,1.3125253915786743,1.3147687911987305
2024-09-13 08:00:00+00:00,1.3146650791168213,1.3158068656921387,1.3116475343704224,1.3138878345489502
2024-09-13 16:00:00+00:00,1.3138360977172852,1.3138360977172852,1.3118367195129395,1.3124737739562988
2024-09-14 00:00:00+00:00,,,,
2024-09-14 08:00:00+00:00,,,,
2024-09-14 16:00:00+00:00,,,,
2024-09-15 00:00:00+00:00,,,,
2024-09-15 08:00:00+00:00,,,,
2024-09-15 16:00:00+00:00,1.3133183717727661,1.3137152194976807,1.3131630420684814,1.313559889793396
2024-09-16 00:00:00+00:00,1.3136979341506958,1.3173842430114746,1.3136979341506958,1.3171586990356445
2024-09-16 08:00:00+00:00,1.3171759843826294,1.3213181495666504,1.3171238899230957,1.3201494216918945
2024-09-16 16:00:00+00:00,1.3203237056732178,1.3218421936035156,1.3195570707321167,1.3211086988449097
2024-09-17 00:00:00+00:00,1.3210214376449585,1.3218071460723877,1.3200798034667969,1.3217023611068726
2024-09-17 08:00:00+00:00,1.3217023611068726,1.3230137825012207,1.3160492181777954,1.316326379776001
2024-09-17 16:00:00+00:00,1.3163090944290161,1.3168984651565552,1.314820647239685,1.3168463706970215
2024-09-18 00:00:00+00:00,1.3167423009872437,1.3199577331542969,1.3156336545944214,1.3196965456008911
2024-09-18 08:00:00+00:00,1.3198881149291992,1.3253283500671387,1.3196442127227783,1.3198881149291992
2024-09-18 16:00:00+00:00,1.3198533058166504,1.3296281099319458,1.3178355693817139,1.3203586339950562
2024-09-19 00:00:00+00:00,1.3203411102294922,1.3258203268051147,1.3154432773590088,1.324731469154358
2024-09-19 08:00:00+00:00,1.324731469154358,1.3311679363250732,1.3222615718841553,1.3278977870941162
2024-09-19 16:00:00+00:00,1.3279507160186768,1.3289920091629028,1.3275452852249146,1.3279860019683838
2024-09-20 00:00:00+00:00,1.328162431716919,1.3340448141098022,1.327404260635376,1.3312920331954956
2024-09-20 08:00:00+00:00,1.331611156463623,1.3323739767074585,1.3269462585449219,1.3304948806762695
2024-09-20 16:00:00+00:00,1.3308844566345215,1.333066701889038,1.3305480480194092,1.3323030471801758
2024-09-21 00:00:00+00:00,,,,
2024-09-21 08:00:00+00:00,,,,
2024-09-21 16:00:00+00:00,,,,
2024-09-22 00:00:00+00:00,,,,
2024-09-22 08:00:00+00:00,,,,
2024-09-22 16:00:00+00:00,1.3318594694137573,1.3320013284683228,1.3312742710113525,1.3313806056976318
2024-09-23 00:00:00+00:00,1.3313628435134888,1.3320900201797485,1.326189637184143,1.326435923576355
2024-09-23 08:00:00+00:00,1.3264886140823364,1.3359874486923218,1.324959635734558,1.335006594657898
2024-09-23 16:00:00+00:00,1.334899663925171,1.33539879322052,1.3338490724563599,1.3348639011383057
2024-09-24 00:00:00+00:00,1.3348639011383057,1.3367197513580322,1.3333333730697632,1.335042119026184
2024-09-24 08:00:00+00:00,1.3351491689682007,1.3398897647857666,1.3351491689682007,1.3376315832138062
2024-09-24 16:00:00+00:00,1.3377747535705566,1.3427504301071167,1.3377747535705566,1.3427504301071167
2024-09-25 00:00:00+00:00,1.3426783084869385,1.342930793762207,1.3384371995925903,1.3389031887054443
2024-09-25 08:00:00+00:00,1.3390285968780518,1.3412017822265625,1.333760142326355,1.3339024782180786
2024-09-25 16:00:00+00:00,1.3336889743804932,1.3342050313949585,1.3313452005386353,1.3314692974090576
2024-09-26 00:00:00+00:00,1.3313097953796387,1.3358089923858643,1.3313097953796387,1.3344898223876953
2024-09-26 08:00:00+00:00,1.3343652486801147,1.3434358835220337,1.3335645198822021,1.3430029153823853
2024-09-26 16:00:00+00:00,1.3428045511245728,1.3428045511245728,1.3405005931854248,1.3410038948059082
2024-09-27 00:00:00+00:00,1.3410398960113525,1.3410578966140747,1.3362374305725098,1.3367197513580322
2024-09-27 08:00:00+00:00,1.3367018699645996,1.3427865505218506,1.3360588550567627,1.3394949436187744
2024-09-27 16:00:00+00:00,1.3392976522445679,1.3395309448242188,1.337148666381836,1.33738112449646
2024-09-28 00:00:00+00:00,,,,
2024-09-28 08:00:00+00:00,,,,
2024-09-28 16:00:00+00:00,,,,
2024-09-29 00:00:00+00:00,,,,
2024-09-29 08:00:00+00:00,,,,
2024-09-29 16:00:00+00:00,1.3380253314971924,1.338401436805725,1.3379895687103271,1.338311791419983
2024-09-30 00:00:00+00:00,1.3383656740188599,1.339979648590088,1.3375064134597778,1.3399616479873657
2024-09-30 08:00:00+00:00,1.3399077653884888,1.3422999382019043,1.3362016677856445,1.3398001194000244
2024-09-30 16:00:00+00:00,1.340105414390564,1.3408241271972656,1.335594892501831,1.3377926349639893
2024-10-01 00:00:00+00:00,1.3377567529678345,1.3389928340911865,1.333742380142212,1.3338847160339355
2024-10-01 08:00:00+00:00,1.3335645198822021,1.3349530696868896,1.326470971107483,1.3280036449432373
2024-10-01 16:00:00+00:00,1.3281447887420654,1.3289920091629028,1.3238370418548584,1.327439546585083
2024-10-02 00:00:00+00:00,1.3278096914291382,1.329981803894043,1.326259970664978,1.3288507461547852
2024-10-02 08:00:00+00:00,1.3287800550460815,1.3304948806762695,1.3248192071914673,1.3270519971847534
2024-10-02 16:00:00+00:00,1.3272457122802734,1.3278096914291382,1.3259258270263672,1.326330304145813
2024-10-03 00:00:00+00:00,1.326576590538025,1.326576590538025,1.3149763345718384,1.3152875900268555
2024-10-03 08:00:00+00:00,1.315495252609253,1.315495252609253,1.3094489574432373,1.3112174272537231
2024-10-03 16:00:00+00:00,1.3112002611160278,1.313214898109436,1.3112002611160278,1.313042402267456
2024-10-04 00:00:00+00:00,1.3129045963287354,1.3167251348495483,1.312456488609314,1.316326379776001
2024-10-04 08:00:00+00:00,1.3159453868865967,1.3175057172775269,1.307257890701294,1.3104785680770874
2024-10-04 16:00:00+00:00,1.310701847076416,1.3129734992980957,1.3096719980239868,1.3129217624664307
2024-10-05 00:00:00+00:00,,,,
2024-10-05 08:00:00+00:00,,,,
2024-10-05 16:00:00+00:00,,,,
2024-10-06 00:00:00+00:00,,,,
2024-10-06 08:00:00+00:00,,,,
2024-10-06 16:00:00+00:00,1.3119399547576904,1.3124909400939941,1.3117506504058838,1.312404751777649
2024-10-07 00:00:00+00:00,1.3122498989105225,1.3134218454360962,1.3100494146347046,1.311234712600708
2024-10-07 08:00:00+00:00,1.310994029045105,1.3115957975387573,1.3060967922210693,1.3080615997314453
2024-10-07 16:00:00+00:00,1.3078904151916504,1.309706211090088,1.3071212768554688,1.3085066080093384
2024-10-08 00:00:00+00:00,1.3087120056152344,1.3103584051132202,1.3065404891967773,1.310186743736267
2024-10-08 08:00:00+00:00,1.3099807500839233,1.3112690448760986,1.3083182573318481,1.3092775344848633
2024-10-08 16:00:00+00:00,1.3090718984603882,1.3105130195617676,1.3077194690704346,1.3093804121017456
2024-10-09 00:00:00+00:00,1.3093632459640503,1.310341238975525,1.3058239221572876,1.3083012104034424
2024-10-09 08:00:00+00:00,1.308215618133545,1.3095518350601196,1.3067795038223267,1.3079075813293457
2024-10-09 16:00:00+00:00,1.3077194690704346,1.3078391551971436,1.3059945106506348,1.306557536125183
2024-10-10 00:00:00+00:00,1.3069674968719482,1.3088834285736084,1.3065917491912842,1.3083012104034424
2024-10-10 08:00:00+00:00,1.3082668781280518,1.3091918230056763,1.3029484748840332,1.3052444458007812
2024-10-10 16:00:00+00:00,1.3054147958755493,1.3064552545547485,1.3022867441177368,1.3060628175735474
2024-10-11 00:00:00+00:00,1.3062163591384888,1.3075141906738281,1.3043251037597656,1.3075141906738281
2024-10-11 08:00:00+00:00,1.307651162147522,1.3081814050674438,1.3052103519439697,1.306950330734253
2024-10-11 16:00:00+00:00,1.3067795038223267,1.3078734874725342,1.3063699007034302,1.3068478107452393
2024-10-12 00:00:00+00:00,,,,
2024-10-12 08:00:00+00:00,,,,
2024-10-12 16:00:00+00:00,,,,
2024-10-13 00:00:00+00:00,,,,
2024-10-13 08:00:00+00:00,,,,
2024-10-13 16:00:00+00:00,1.3053808212280273,1.3055000305175781,1.3047165870666504,1.304886817932129
2024-10-14 00:00:00+00:00,1.3049037456512451,1.307172417640686,1.3041380643844604,1.3061821460723877
2024-10-14 08:00:00+00:00,1.3063528537750244,1.306796669960022,1.303118348121643,1.3052616119384766
2024-10-14 16:00:00+00:00,1.3049037456512451,1.3068137168884277,1.3043761253356934,1.3067283630371094
2024-10-15 00:00:00+00:00,1.3066941499710083,1.3073433637619019,1.3036959171295166,1.3073433637619019
2024-10-15 08:00:00+00:00,1.3073946237564087,1.3102381229400635,1.306796669960022,1.3083012104034424
2024-10-15 16:00:00+00:00,1.308421015739441,1.3085237741470337,1.3061991930007935,1.3064382076263428
2024-10-16 00:00:00+00:00,1.3065063953399658,1.3077536821365356,1.298482060432434,1.3002040386199951
2024-10-16 08:00:00+00:00,1.3000012636184692,1.3037129640579224,1.299291968345642,1.299984335899353
2024-10-16 16:00:00+00:00,1.3000181913375854,1.3005930185317993,1.297808051109314,1.2990893125534058
2024-10-17 00:00:00+00:00,1.2991399765014648,1.3001196384429932,1.2975554466247559,1.298414707183838
2024-10-17 08:00:00+00:00,1.2985495328903198,1.3020495176315308,1.2975554466247559,1.3007622957229614
2024-10-17 16:00:00+00:00,1.3008298873901367,1.3017104864120483,1.299933671951294,1.301456332206726
2024-10-18 00:00:00+00:00,1.3015918731689453,1.3071041107177734,1.3010838031768799,1.305483102798462
2024-10-18 08:00:00+00:00,1.3053126335144043,1.306557536125183,1.3021172285079956,1.3021172285079956
2024-10-18 16:00:00+00:00,1.3022189140319824,1.3052444458007812,1.3020663261413574,1.305159330368042
2024-10-19 00:00:00+00:00,,,,
2024-10-19 08:00:00+00:00,,,,
2024-10-19 16:00:00+00:00,,,,
2024-10-20 00:00:00+00:00,,,,
2024-10-20 08:00:00+00:00,,,,
2024-10-20 16:00:00+00:00,1.3053126335144043,1.305585265159607,1.3048527240753174,1.3052785396575928
2024-10-21 00:00:00+00:00,1.3053637742996216,1.3053637742996216,1.3021003007888794,1.3021681308746338
2024-10-21 08:00:00+00:00,1.3022359609603882,1.3033901453018188,1.2981113195419312,1.2981113195419312
2024-10-21 16:00:00+00:00,1.2980101108551025,1.299156904220581,1.2978248596191406,1.298380970954895
2024-10-22 00:00:00+00:00,1.298246145248413,1.3015241622924805,1.2980270385742188,1.300931453704834
2024-10-22 08:00:00+00:00,1.3009822368621826,1.3010668754577637,1.2948168516159058,1.2968486547470093
2024-10-22 16:00:00+00:00,1.2968318462371826,1.2988194227218628,1.2966973781585693,1.2981449365615845
2024-10-23 00:00:00+00:00,1.2981280088424683,1.2994606494903564,1.2964283227920532,1.2966301441192627
2024-10-23 08:00:00+00:00,1.2963274717330933,1.2987687587738037,1.2937111854553223,1.294247031211853
2024-10-23 16:00:00+00:00,1.2944984436035156,1.2946995496749878,1.2909555435180664,1.2915891408920288
2024-10-24 00:00:00+00:00,1.2915056943893433,1.2968486547470093,1.2912555932998657,1.296075463294983
2024-10-24 08:00:00+00:00,1.2963778972625732,1.2987687587738037,1.2950347661972046,1.2964115142822266
2024-10-24 16:00:00+00:00,1.2963947057724,1.297808051109314,1.2948838472366333,1.2972692251205444
2024-10-25 00:00:00+00:00,1.2972019910812378,1.2975049018859863,1.2957731485366821,1.2972692251205444
2024-10-25 08:00:00+00:00,1.297774314880371,1.2998491525650024,1.2975722551345825,1.2978416681289673
2024-10-25 16:00:00+00:00,1.297706961631775,1.2980438470840454,1.2957228422164917,1.2957228422164917
2024-10-26 00:00:00+00:00,,,,
2024-10-26 08:00:00+00:00,,,,
2024-10-26 16:00:00+00:00,,,,
2024-10-27 00:00:00+00:00,,,,
2024-10-27 08:00:00+00:00,,,,
2024-10-27 16:00:00+00:00,,,,
2024-10-28 00:00:00+00:00,1.295823574066162,1.2971850633621216,1.29404616355896,1.2971009016036987
2024-10-28 08:00:00+00:00,1.2969495058059692,1.300102710723877,1.2961595058441162,1.2980775833129883
2024-10-28 16:00:00+00:00,1.2980438470840454,1.2988194227218628,1.296562910079956,1.2973533868789673
2024-10-29 00:00:00+00:00,1.2974207401275635,1.2977406978607178,1.2958570718765259,1.2972692251205444
2024-10-29 08:00:00+00:00,1.2972356081008911,1.3006945848464966,1.2967981100082397,1.3004070520401
2024-10-29 16:00:00+00:00,1.3004916906356812,1.3016934394836426,1.2990893125534058,1.3012192249298096
2024-10-30 00:00:00+00:00,1.3012700080871582,1.3020663261413574,1.2996971607208252,1.3009145259857178
2024-10-30 08:00:00+00:00,1.3012869358062744,1.3039679527282715,1.2937781810760498,1.3011176586151123
2024-10-30 16:00:00+00:00,1.3008638620376587,1.301608681678772,1.2955716848373413,1.2958908081054688
2024-10-31 00:00:00+00:00,1.2959076166152954,1.2997310161590576,1.2943978309631348,1.2996464967727661
2024-10-31 08:00:00+00:00,1.2997140884399414,1.2998322248458862,1.2848681211471558,1.2855783700942993
2024-10-31 16:00:00+00:00,1.2857271432876587,1.290355920791626,1.28564453125,1.2896569967269897
2024-11-01 00:00:00+00:00,1.2894573211669922,1.290289282798767,1.2884937524795532,1.289823293685913
2024-11-01 08:00:00+00:00,1.2894573211669922,1.2979427576065063,1.289008617401123,1.2959243059158325
2024-11-01 16:00:00+00:00,1.2959243059158325,1.2963443994522095,1.291605830192566,1.2920230627059937
2024-11-02 00:00:00+00:00,,,,
2024-11-02 08:00:00+00:00,,,,
2024-11-02 16:00:00+00:00,,,,
2024-11-03 00:00:00+00:00,,,,
2024-11-03 08:00:00+00:00,,,,
2024-11-03 16:00:00+00:00,,,,
2024-11-04 00:00:00+00:00,1.29537034034729,1.2998660802841187,1.295303225517273,1.2971009016036987
2024-11-04 08:00:00+00:00,1.2971009016036987,1.2992750406265259,1.2948001623153687,1.298094391822815
2024-11-04 16:00:00+00:00,1.298094391822815,1.298094391822815,1.2935941219329834,1.295470952987671
2024-11-05 00:00:00+00:00,1.2954542636871338,1.2981786727905273,1.2948503494262695,1.2977406978607178
2024-11-05 08:00:00+00:00,1.2978922128677368,1.3019477128982544,1.2972187995910645,1.3003056049346924
2024-11-05 16:00:00+00:00,1.30027174949646,1.3047336339950562,1.3001364469528198,1.3039849996566772
2024-11-06 00:00:00+00:00,1.303865909576416,1.3041549921035767,1.2849671840667725,1.2867363691329956
2024-11-06 08:00:00+00:00,1.2866203784942627,1.2922568321228027,1.2835652828216553,1.2889255285263062
2024-11-06 16:00:00+00:00,1.2889089584350586,1.2919062376022339,1.287133812904358,1.2882779836654663
2024-11-07 00:00:00+00:00,1.2882779836654663,1.2946995496749878,1.2877471446990967,1.2932093143463135
2024-11-07 08:00:00+00:00,1.2930755615234375,1.3006776571273804,1.2899564504623413,1.299899935722351
2024-11-07 16:00:00+00:00,1.2998660802841187,1.3000181913375854,1.2951858043670654,1.298380970954895
2024-11-08 00:00:00+00:00,1.2983640432357788,1.298380970954895,1.2962435483932495,1.2964619398117065
2024-11-08 08:00:00+00:00,1.2967478036880493,1.2976900339126587,1.2924071550369263,1.2939456701278687
2024-11-08 16:00:00+00:00,1.2940293550491333,1.294113039970398,1.2885268926620483,1.2921398878097534
2024-11-09 00:00:00+00:00,,,,
2024-11-09 08:00:00+00:00,,,,
2024-11-09 16:00:00+00:00,,,,
2024-11-10 00:00:00+00:00,,,,
2024-11-10 08:00:00+00:00,,,,
2024-11-10 16:00:00+00:00,,,,
2024-11-11 00:00:00+00:00,1.2915223836898804,1.292590856552124,1.2892411947250366,1.289706826210022
2024-11-11 08:00:00+00:00,1.289607048034668,1.2906889915466309,1.2856279611587524,1.2869349718093872
2024-11-11 16:00:00+00:00,1.2871006727218628,1.2875481843948364,1.285826325416565,1.2872995138168335
2024-11-12 00:00:00+00:00,1.2873492240905762,1.2873492240905762,1.2802950143814087,1.2814927101135254
2024-11-12 08:00:00+00:00,1.281295657157898,1.2831369638442993,1.2758194208145142,1.276356816291809
2024-11-12 16:00:00+00:00,1.2764382362365723,1.2765686511993408,1.2721675634384155,1.2737717628479004
2024-11-13 00:00:00+00:00,1.2737069129943848,1.2754939794540405,1.27304208278656,1.273820400238037
2024-11-13 08:00:00+00:00,1.2735933065414429,1.276617407798767,1.2688262462615967,1.2723617553710938
2024-11-13 16:00:00+00:00,1.2724913358688354,1.2725560665130615,1.270099401473999,1.2706964015960693
2024-11-14 00:00:00+00:00,1.270938754081726,1.2710517644882202,1.267603874206543,1.2686330080032349
2024-11-14 08:00:00+00:00,1.268842339515686,1.2710840702056885,1.262977123260498,1.2709063291549683
2024-11-14 16:00:00+00:00,1.270809531211853,1.271876335144043,1.2649260759353638,1.266447901725769
2024-11-15 00:00:00+00:00,1.2664319276809692,1.2690516710281372,1.2657105922698975,1.2670577764511108
2024-11-15 08:00:00+00:00,1.2666244506835938,1.2696961164474487,1.261702299118042,1.2629930973052979
2024-11-15 16:00:00+00:00,1.2629293203353882,1.264222502708435,1.2598425149917603,1.262179970741272
2024-11-16 00:00:00+00:00,,,,
2024-11-16 08:00:00+00:00,,,,
2024-11-16 16:00:00+00:00,,,,
2024-11-17 00:00:00+00:00,,,,
2024-11-17 08:00:00+00:00,,,,
2024-11-17 16:00:00+00:00,,,,
2024-11-18 00:00:00+00:00,1.261845588684082,1.2641905546188354,1.2616544961929321,1.2627698183059692
2024-11-18 08:00:00+00:00,1.2627378702163696,1.264302372932434,1.2614316940307617,1.2640626430511475
2024-11-18 16:00:00+00:00,1.2640786170959473,1.2686975002288818,1.2640626430511475,1.267909288406372
2024-11-19 00:00:00+00:00,1.267909288406372,1.268890619277954,1.2664639949798584,1.26739501953125
2024-11-19 08:00:00+00:00,1.2672183513641357,1.267909288406372,1.2615113258361816,1.2665764093399048
2024-11-19 16:00:00+00:00,1.2664800882339478,1.269422173500061,1.266255497932434,1.269422173500061
2024-11-20 00:00:00+00:00,1.2694865465164185,1.2714719772338867,1.2680217027664185,1.26966392993927
2024-11-20 08:00:00+00:00,1.269712209701538,1.269712209701538,1.2642065286636353,1.2652462720870972
2024-11-20 16:00:00+00:00,1.2654383182525635,1.2662074565887451,1.2632323503494263,1.2654703855514526
2024-11-21 00:00:00+00:00,1.2655985355377197,1.2660471200942993,1.2639987468719482,1.2648781538009644
2024-11-21 08:00:00+00:00,1.2648301124572754,1.2656785249710083,1.261765956878662,1.2619411945343018
2024-11-21 16:00:00+00:00,1.261765956878662,1.2621641159057617,1.257735013961792,1.2584155797958374
2024-11-22 00:00:00+00:00,1.2586374282836914,1.2594457864761353,1.2553036212921143,1.2573238611221313
2024-11-22 08:00:00+00:00,1.2573397159576416,1.2580515146255493,1.2488292455673218,1.2526775598526
2024-11-22 16:00:00+00:00,1.252787470817566,1.2535884380340576,1.2508912086486816,1.2535884380340576
2024-11-23 00:00:00+00:00,,,,
2024-11-23 08:00:00+00:00,,,,
2024-11-23 16:00:00+00:00,,,,
2024-11-24 00:00:00+00:00,,,,
2024-11-24 08:00:00+00:00,,,,
2024-11-24 16:00:00+00:00,,,,
2024-11-25 00:00:00+00:00,1.259176254272461,1.260668396949768,1.257403016090393,1.257403016090393
2024-11-25 08:00:00+00:00,1.257165789604187,1.261304497718811,1.2548468112945557,1.2548468112945557
2024-11-25 16:00:00+00:00,1.255177617073059,1.257830023765564,1.253085732460022,1.2542644739151
2024-11-26 00:00:00+00:00,1.253289818763733,1.2562813758850098,1.2508286237716675,1.2545477151870728
2024-11-26 08:00:00+00:00,1.2544218301773071,1.2615749835968018,1.2539657354354858,1.256502389907837
2024-11-26 16:00:00+00:00,1.2563602924346924,1.2574344873428345,1.252536416053772,1.2573871612548828
2024-11-27 00:00:00+00:00,1.2574344873428345,1.2596838474273682,1.2567235231399536,1.2593982219696045
2024-11-27 08:00:00+00:00,1.259049415588379,1.2685364484786987,1.259049415588379,1.2680377960205078
2024-11-27 16:00:00+00:00,1.267812728881836,1.2693254947662354,1.2665603160858154,1.267748475074768
2024-11-28 00:00:00+00:00,1.267812728881836,1.267812728881836,1.2647502422332764,1.2653743028640747
2024-11-28 08:00:00+00:00,1.2650221586227417,1.2683273553848267,1.2646220922470093,1.268134355545044
2024-11-28 16:00:00+00:00,1.2682147026062012,1.269615650177002,1.267539620399475,1.2695671319961548
2024-11-29 00:00:00+00:00,1.269599437713623,1.2748761177062988,1.269309401512146,1.2726045846939087
2024-11-29 08:00:00+00:00,1.2724751234054565,1.2724751234054565,1.2672985792160034,1.2711971998214722
2024-11-29 16:00:00+00:00,1.2708903551101685,1.2745997905731201,1.2692127227783203,1.2737555503845215
2024-11-30 00:00:00+00:00,,,,
2024-11-30 08:00:00+00:00,,,,
2024-11-30 16:00:00+00:00,,,,
2024-12-01 00:00:00+00:00,,,,
2024-12-01 08:00:00+00:00,,,,
2024-12-01 16:00:00+00:00,,,,
2024-12-02 00:00:00+00:00,1.2704381942749023,1.2708579301834106,1.2681182622909546,1.2683112621307373
2024-12-02 08:00:00+00:00,1.268182635307312,1.272248387336731,1.2619092464447021,1.2628016471862793
2024-12-02 16:00:00+00:00,1.2628813982009888,1.2670094966888428,1.2619092464447021,1.2657907009124756
2024-12-03 00:00:00+00:00,1.2657586336135864,1.2672183513641357,1.2639987468719482,1.2663036584854126
2024-12-03 08:00:00+00:00,1.266496181488037,1.2695188522338867,1.2639987468719482,1.2661913633346558
2024-12-03 16:00:00+00:00,1.2663837671279907,1.269921898841858,1.265358328819275,1.2674111127853394
2024-12-04 00:00:00+00:00,1.2674111127853394,1.2701154947280884,1.2652782201766968,1.268391728401184
2024-12-04 08:00:00+00:00,1.2685526609420776,1.2709063291549683,1.2635196447372437,1.270825743675232
2024-12-04 16:00:00+00:00,1.2707126140594482,1.2721675634384155,1.2687618732452393,1.270099401473999
2024-12-05 00:00:00+00:00,1.270099401473999,1.2730745077133179,1.2694543600082397,1.2729772329330444
2024-12-05 08:00:00+00:00,1.273382544517517,1.2769924402236938,1.2711809873580933,1.2756403684616089
2024-12-05 16:00:00+00:00,1.2756240367889404,1.2763078212738037,1.273317575454712,1.2758845090866089
2024-12-06 00:00:00+00:00,1.2759984731674194,1.2765523195266724,1.2740639448165894,1.2764544486999512
2024-12-06 08:00:00+00:00,1.2764544486999512,1.2809345722198486,1.2729772329330444,1.2744210958480835
2024-12-06 16:00:00+00:00,1.2743074893951416,1.2754288911819458,1.272410273551941,1.2748761177062988
2024-12-07 00:00:00+00:00,,,,
2024-12-07 08:00:00+00:00,,,,
2024-12-07 16:00:00+00:00,,,,
2024-12-08 00:00:00+00:00,,,,
2024-12-08 08:00:00+00:00,,,,
2024-12-08 16:00:00+00:00,,,,
2024-12-09 00:00:00+00:00,1.2746973037719727,1.2761775255203247,1.2717629671096802,1.2760635614395142
2024-12-09 08:00:00+00:00,1.2764055728912354,1.2797542810440063,1.275298833847046,1.2796887159347534
2024-12-09 16:00:00+00:00,1.27962327003479,1.2798361778259277,1.2743561267852783,1.2748922109603882
2024-12-10 00:00:00+00:00,1.2748761177062988,1.2763078212738037,1.2737555503845215,1.274112582206726
2024-12-10 08:00:00+00:00,1.2744048833847046,1.276519775390625,1.2723779678344727,1.2739989757537842
2024-12-10 16:00:00+00:00,1.273934006690979,1.277971625328064,1.273739218711853,1.2778409719467163
2024-12-11 00:00:00+00:00,1.2779879570007324,1.27811861038208,1.2731716632843018,1.2733663320541382
2024-12-11 08:00:00+00:00,1.273317575454712,1.2782002687454224,1.271375060081482,1.2743074893951416
2024-12-11 16:00:00+00:00,1.2744048833847046,1.2766337394714355,1.273382544517517,1.2765848636627197
2024-12-12 00:00:00+00:00,1.276487112045288,1.278821349143982,1.2761287689208984,1.2764382362365723
2024-12-12 08:00:00+00:00,1.2763241529464722,1.276764154434204,1.2674592733383179,1.2687618732452393
2024-12-12 16:00:00+00:00,1.2689712047576904,1.2719086408615112,1.2667688131332397,1.2677323818206787
2024-12-13 00:00:00+00:00,1.2676199674606323,1.267909288406372,1.262100338935852,1.2627698183059692
2024-12-13 08:00:00+00:00,1.262785792350769,1.2667688131332397,1.2609704732894897,1.2613521814346313
2024-12-13 16:00:00+00:00,1.2614476680755615,1.2635036706924438,1.2613840103149414,1.2621641159057617
2024-12-14 00:00:00+00:00,,,,
2024-12-14 08:00:00+00:00,,,,
2024-12-14 16:00:00+00:00,,,,
2024-12-15 00:00:00+00:00,,,,
2024-12-15 08:00:00+00:00,,,,
2024-12-15 16:00:00+00:00,,,,
2024-12-16 00:00:00+00:00,1.2628016471862793,1.2641745805740356,1.2628016471862793,1.2634717226028442
2024-12-16 08:00:00+00:00,1.2631685733795166,1.2691805362701416,1.263008952140808,1.2688584327697754
2024-12-16 16:00:00+00:00,1.269132137298584,1.269857406616211,1.2678449153900146,1.2690999507904053
2024-12-17 00:00:00+00:00,1.269083857536316,1.2705672979354858,1.266688585281372,1.2698897123336792
2024-12-17 08:00:00+00:00,1.2701154947280884,1.2716174125671387,1.2672826051712036,1.2710517644882202
2024-12-17 16:00:00+00:00,1.2711488008499146,1.272799015045166,1.2703253030776978,1.2711971998214722
2024-12-18 00:00:00+00:00,1.270938754081726,1.2714558839797974,1.2686330080032349,1.269261121749878
2024-12-18 08:00:00+00:00,1.269196629524231,1.2723132371902466,1.2682307958602905,1.2690677642822266
2024-12-18 16:00:00+00:00,1.269293189048767,1.2718439102172852,1.2563287019729614,1.2565497159957886
2024-12-19 00:00:00+00:00,1.256818175315857,1.2613521814346313,1.256818175315857,1.2613521814346313
2024-12-19 08:00:00+00:00,1.2613203525543213,1.2665281295776367,1.2546736001968384,1.2551933526992798
2024-12-19 16:00:00+00:00,1.2549885511398315,1.2562813758850098,1.2495627403259277,1.2497187852859497
2024-12-20 00:00:00+00:00,1.2497187852859497,1.2510321140289307,1.2475829124450684,1.2503437995910645
2024-12-20 08:00:00+00:00,1.2502501010894775,1.2559974193572998,1.2494065761566162,1.2541072368621826
2024-12-20 16:00:00+00:00,1.2540442943572998,1.2611771821975708,1.2539026737213135,1.256818175315857
2024-12-21 00:00:00+00:00,,,,
2024-12-21 08:00:00+00:00,,,,
2024-12-21 16:00:00+00:00,,,,
2024-12-22 00:00:00+00:00,,,,
2024-12-22 08:00:00+00:00,,,,
2024-12-22 16:00:00+00:00,,,,
2024-12-23 00:00:00+00:00,1.2572448253631592,1.2588274478912354,1.2556662559509277,1.2558554410934448
2024-12-23 08:00:00+00:00,1.2558395862579346,1.258352279663086,1.251392126083374,1.251877784729004
2024-12-23 16:00:00+00:00,1.2519874572753906,1.2546106576919556,1.2510477304458618,1.2533526420593262
2024-12-24 00:00:00+00:00,1.253289818763733,1.2541857957839966,1.2525677680969238,1.2532742023468018
2024-12-24 08:00:00+00:00,1.2534469366073608,1.2574344873428345,1.2527717351913452,1.2539026737213135
2024-12-24 16:00:00+00:00,1.2540757656097412,1.25520920753479,1.2520501613616943,1.253855586051941
2024-12-25 00:00:00+00:00,1.2539970874786377,1.2559185028076172,1.2536983489990234,1.2552878856658936
2024-12-25 08:00:00+00:00,1.2545949220657349,1.2553194761276245,1.2545949220657349,1.2553194761276245
2024-12-25 16:00:00+00:00,1.2559027671813965,1.2561393976211548,1.2538713216781616,1.2543588876724243
2024-12-26 00:00:00+00:00,1.2544533014297485,1.2548940181732178,1.2523795366287231,1.253085732460022
2024-12-26 08:00:00+00:00,1.2531328201293945,1.2535412311553955,1.2502187490463257,1.2511730194091797
2024-12-26 16:00:00+00:00,1.2512198686599731,1.2536669969558716,1.2510946989059448,1.252881646156311
2024-12-27 00:00:00+00:00,1.2529287338256836,1.2532269954681396,1.2518935203552246,1.2531328201293945
2024-12-27 08:00:00+00:00,1.253211259841919,1.2592872381210327,1.2506252527236938,1.2577824592590332
2024-12-27 16:00:00+00:00,1.2580357789993286,1.2591921091079712,1.2555558681488037,1.258352279663086
2024-12-28 00:00:00+00:00,,,,
2024-12-28 08:00:00+00:00,,,,
2024-12-28 16:00:00+00:00,,,,
2024-12-29 00:00:00+00:00,,,,
2024-12-29 08:00:00+00:00,,,,
2024-12-29 16:00:00+00:00,,,,
2024-12-30 00:00:00+00:00,1.2579882144927979,1.2589384317398071,1.2572448253631592,1.2580673694610596
2024-12-30 08:00:00+00:00,1.2578774690628052,1.260779619216919,1.2508912086486816,1.2513139247894287
2024-12-30 16:00:00+00:00,1.2511260509490967,1.2559185028076172,1.2509069442749023,1.2548940181732178
2024-12-31 00:00:00+00:00,1.254862666130066,1.256502389907837,1.2538713216781616,1.2560762166976929
2024-12-31 08:00:00+00:00,1.2561078071594238,1.2569130659103394,1.252112865447998,1.2526304721832275
2024-12-31 16:00:00+00:00,1.253179907798767,1.253179907798767,1.2507191896438599,1.251392126083374
2025-01-01 00:00:00+00:00,,,,
2025-01-01 08:00:00+00:00,,,,
2025-01-01 16:00:00+00:00,1.253085732460022,1.253085732460022,1.2507035732269287,1.2519404888153076
2025-01-02 00:00:00+00:00,1.2519874572753906,1.2540757656097412,1.2510634660720825,1.2521443367004395
2025-01-02 08:00:00+00:00,1.2521599531173706,1.2522540092468262,1.2371797561645508,1.2374706268310547
2025-01-02 16:00:00+00:00,1.237623691558838,1.2386201620101929,1.2358342409133911,1.237930178642273
2025-01-03 00:00:00+00:00,1.2379761934280396,1.240648627281189,1.237884283065796,1.2400178909301758
2025-01-03 08:00:00+00:00,1.2404332160949707,1.2416961193084717,1.2388043403625488,1.2402946949005127
2025-01-03 16:00:00+00:00,1.2403100728988647,1.2434872388839722,1.2403100728988647,1.2422360181808472
2025-01-04 00:00:00+00:00,,,,
2025-01-04 08:00:00+00:00,,,,
2025-01-04 16:00:00+00:00,,,,
2025-01-05 00:00:00+00:00,,,,
2025-01-05 08:00:00+00:00,,,,
2025-01-05 16:00:00+00:00,,,,
2025-01-06 00:00:00+00:00,1.24251389503479,1.2457022666931152,1.241896629333496,1.2454074621200562
2025-01-06 08:00:00+00:00,1.2453144788742065,1.255020022392273,1.2453144788742065,1.2509695291519165
2025-01-06 16:00:00+00:00,1.2508755922317505,1.2533998489379883,1.249890685081482,1.2510634660720825
2025-01-07 00:00:00+00:00,1.2510789632797241,1.2563287019729614,1.2504688501358032,1.2553666830062866
2025-01-07 08:00:00+00:00,1.2552878856658936,1.257576823234558,1.2484238147735596,1.2496250867843628
2025-01-07 16:00:00+00:00,1.249843716621399,1.250687837600708,1.2473959922790527,1.2477540969848633
2025-01-08 00:00:00+00:00,1.2476606369018555,1.2493752241134644,1.2465564012527466,1.246742844581604
2025-01-08 08:00:00+00:00,1.246867299079895,1.247115969657898,1.2322707176208496,1.2341108322143555
2025-01-08 16:00:00+00:00,1.2343392372131348,1.2377616167068481,1.2334866523742676,1.2359564304351807
2025-01-09 00:00:00+00:00,1.2359564304351807,1.2365219593048096,1.2256402969360352,1.2256402969360352
2025-01-09 08:00:00+00:00,1.225970983505249,1.2322858572006226,1.2245748043060303,1.2302846908569336
2025-01-09 16:00:00+00:00,1.2303603887557983,1.2315270900726318,1.2289994955062866,1.2298610210418701
2025-01-10 00:00:00+00:00,1.2299367189407349,1.2308146953582764,1.226963758468628,1.2289994955062866
2025-01-10 08:00:00+00:00,1.229044795036316,1.2321339845657349,1.2197948694229126,1.2232714891433716
2025-01-10 16:00:00+00:00,1.2229722738265991,1.2230769395828247,1.2196757793426514,1.2210012674331665
2025-01-11 00:00:00+00:00,,,,
2025-01-11 08:00:00+00:00,,,,
2025-01-11 16:00:00+00:00,,,,
2025-01-12 00:00:00+00:00,,,,
2025-01-12 08:00:00+00:00,,,,
2025-01-12 16:00:00+00:00,,,,
2025-01-13 00:00:00+00:00,1.2205392122268677,1.2207329273223877,1.2125474214553833,1.2138574123382568
2025-01-13 08:00:00+00:00,1.2142847776412964,1.2171225547790527,1.2101263999938965,1.2153031826019287
2025-01-13 16:00:00+00:00,1.2150520086288452,1.2247847318649292,1.214417576789856,1.2231967449188232
2025-01-14 00:00:00+00:00,1.223091959953308,1.223091959953308,1.2193188667297363,1.2210310697555542
2025-01-14 08:00:00+00:00,1.2209415435791016,1.2243348360061646,1.2140637636184692,1.2199585437774658
2025-01-14 16:00:00+00:00,1.219809651374817,1.2218217849731445,1.2169595956802368,1.2210906744003296
2025-01-15 00:00:00+00:00,1.2210310697555542,1.2239902019500732,1.217492938041687,1.2233014106750488
2025-01-15 08:00:00+00:00,1.2226582765579224,1.2303755283355713,1.220077633857727,1.2258657217025757
2025-01-15 16:00:00+00:00,1.2257004976272583,1.225805640220642,1.2201818227767944,1.2243199348449707
2025-01-16 00:00:00+00:00,1.2242149114608765,1.2247997522354126,1.2202414274215698,1.2219412326812744
2025-01-16 08:00:00+00:00,1.222030758857727,1.2236307859420776,1.2177894115447998,1.2234361171722412
2025-01-16 16:00:00+00:00,1.223645806312561,1.2260762453079224,1.2221204042434692,1.2234511375427246
2025-01-17 00:00:00+00:00,1.223466157913208,1.2243947982788086,1.216115951538086,1.2173447608947754
2025-01-17 08:00:00+00:00,1.2179675102233887,1.2225985527038574,1.2161602973937988,1.2200478315353394
2025-01-17 16:00:00+00:00,1.2198245525360107,1.2198394536972046,1.2166190147399902,1.2167226076126099
2025-01-18 00:00:00+00:00,,,,
2025-01-18 08:00:00+00:00,,,,
2025-01-18 16:00:00+00:00,,,,
2025-01-19 00:00:00+00:00,,,,
2025-01-19 08:00:00+00:00,,,,
2025-01-19 16:00:00+00:00,,,,
2025-01-20 00:00:00+00:00,1.2177894115447998,1.2221651077270508,1.2176560163497925,1.2215381860733032
2025-01-20 08:00:00+00:00,1.2214635610580444,1.2326807975769043,1.2167078256607056,1.2291958332061768
2025-01-20 16:00:00+00:00,1.2291203737258911,1.2344613075256348,1.2257004976272583,1.2331520318984985
2025-01-21 00:00:00+00:00,1.2333345413208008,1.2345069646835327,1.225174903869629,1.226858377456665
2025-01-21 08:00:00+00:00,1.2266477346420288,1.2312389612197876,1.2232714891433716,1.230193853378296
2025-01-21 16:00:00+00:00,1.2299820184707642,1.2359411716461182,1.2298005819320679,1.23350191116333
2025-01-22 00:00:00+00:00,1.2339280843734741,1.2352999448776245,1.2314057350158691,1.2317850589752197
2025-01-22 08:00:00+00:00,1.2319518327713013,1.2376084327697754,1.2313603162765503,1.2318304777145386
2025-01-22 16:00:00+00:00,1.2318304777145386,1.2331064939498901,1.2307995557785034,1.2314057350158691
2025-01-23 00:00:00+00:00,1.2315119504928589,1.2322858572006226,1.229906439781189,1.2306480407714844
2025-01-23 08:00:00+00:00,1.2304056882858276,1.2335628271102905,1.2294981479644775,1.232377052307129
2025-01-23 16:00:00+00:00,1.2323921918869019,1.2375624179840088,1.2312086820602417,1.235284686088562
2025-01-24 00:00:00+00:00,1.2351168394088745,1.241757869720459,1.2349185943603516,1.2387275695800781
2025-01-24 08:00:00+00:00,1.2387429475784302,1.2486108541488647,1.2386354207992554,1.2486108541488647
2025-01-24 16:00:00+00:00,1.248470664024353,1.25014066696167,1.2478785514831543,1.2485641241073608
2025-01-25 00:00:00+00:00,,,,
2025-01-25 08:00:00+00:00,,,,
2025-01-25 16:00:00+00:00,,,,
2025-01-26 00:00:00+00:00,,,,
2025-01-26 08:00:00+00:00,,,,
2025-01-26 16:00:00+00:00,,,,
2025-01-27 00:00:00+00:00,1.2459661960601807,1.2465097904205322,1.2432245016098022,1.2432245016098022
2025-01-27 08:00:00+00:00,1.2430698871612549,1.2523167133331299,1.242699146270752,1.2474582195281982
2025-01-27 16:00:00+00:00,1.2473959922790527,1.25014066696167,1.2437657117843628,1.246012806892395
2025-01-28 00:00:00+00:00,1.245392084121704,1.2465718984603882,1.242699146270752,1.2437965869903564
2025-01-28 08:00:00+00:00,1.2438584566116333,1.2455006837844849,1.2416036128997803,1.243255376815796
2025-01-28 16:00:00+00:00,1.2432245016098022,1.2445706129074097,1.2423286437988281,1.243982195854187
2025-01-29 00:00:00+00:00,1.2441060543060303,1.2463544607162476,1.2435799837112427,1.2448649406433105
2025-01-29 08:00:00+00:00,1.2449734210968018,1.2456867694854736,1.2394185066223145,1.243456244468689
2025-01-29 16:00:00+00:00,1.2435026168823242,1.2459195852279663,1.2417887449264526,1.245531678199768
2025-01-30 00:00:00+00:00,1.2455006837844849,1.2461059093475342,1.2433634996414185,1.2452834844589233
2025-01-30 08:00:00+00:00,1.2453300952911377,1.2474582195281982,1.2425601482391357,1.246665120124817
2025-01-30 16:00:00+00:00,1.2467894554138184,1.2471626996994019,1.240787148475647,1.2424057722091675
2025-01-31 00:00:00+00:00,1.2422668933868408,1.243966817855835,1.2414495944976807,1.2435336112976074
2025-01-31 08:00:00+00:00,1.2434253692626953,1.243812084197998,1.2388503551483154,1.2426527738571167
2025-01-31 16:00:00+00:00,1.2425601482391357,1.247053861618042,1.2388349771499634,1.2392494678497314
2025-02-01 00:00:00+00:00,,,,
2025-02-01 08:00:00+00:00,,,,
2025-02-01 16:00:00+00:00,,,,
2025-02-02 00:00:00+00:00,,,,
2025-02-02 08:00:00+00:00,,,,
2025-02-02 16:00:00+00:00,,,,
2025-02-03 00:00:00+00:00,1.2289540767669678,1.2309662103652954,1.2249797582626343,1.2285465002059937
2025-02-03 08:00:00+00:00,1.2282899618148804,1.2428845167160034,1.227475881576538,1.2409565448760986
2025-02-03 16:00:00+00:00,1.2410026788711548,1.2454850673675537,1.2384973764419556,1.2431007623672485
2025-02-04 00:00:00+00:00,1.243549108505249,1.2436728477478027,1.2383134365081787,1.2415419816970825
2025-02-04 08:00:00+00:00,1.2418811321258545,1.2483927011489868,1.2396950721740723,1.2477073669433594
2025-02-04 16:00:00+00:00,1.247676134109497,1.2493441104888916,1.2472715377807617,1.2476917505264282
2025-02-05 00:00:00+00:00,1.248018741607666,1.2505627870559692,1.2464786767959595,1.2500156164169312
2025-02-05 08:00:00+00:00,1.2504063844680786,1.2549570798873901,1.2490007877349854,1.2516897916793823
2025-02-05 16:00:00+00:00,1.2518621683120728,1.2522854804992676,1.249890685081482,1.2503125667572021
2025-02-06 00:00:00+00:00,1.2503437995910645,1.25101637840271,1.2471781969070435,1.247302770614624
2025-02-06 08:00:00+00:00,1.2473493814468384,1.2474428415298462,1.2367206811904907,1.2415112257003784
2025-02-06 16:00:00+00:00,1.2417116165161133,1.2455626726150513,1.2415112257003784,1.2435799837112427
2025-02-07 00:00:00+00:00,1.2435799837112427,1.2445706129074097,1.2420353889465332,1.2442607879638672
2025-02-07 08:00:00+00:00,1.2443382740020752,1.246867299079895,1.239618182182312,1.2423131465911865
2025-02-07 16:00:00+00:00,1.2419428825378418,1.242112636566162,1.237715721130371,1.240494728088379
2025-02-08 00:00:00+00:00,,,,
2025-02-08 08:00:00+00:00,,,,
2025-02-08 16:00:00+00:00,,,,
2025-02-09 00:00:00+00:00,,,,
2025-02-09 08:00:00+00:00,,,,
2025-02-09 16:00:00+00:00,,,,
2025-02-10 00:00:00+00:00,1.2390192747116089,1.241418719291687,1.2380527257919312,1.240417718887329
2025-02-10 08:00:00+00:00,1.240494728088379,1.2421897649765015,1.2372715473175049,1.2389425039291382
2025-02-10 16:00:00+00:00,1.2390806674957275,1.2391880750656128,1.2355289459228516,1.2360023260116577
2025-02-11 00:00:00+00:00,1.2359716892242432,1.236537218093872,1.2342326641082764,1.2342326641082764
2025-02-11 08:00:00+00:00,1.234095573425293,1.2416807413101196,1.2333801984786987,1.2405869960784912
2025-02-11 16:00:00+00:00,1.2405717372894287,1.2451750040054321,1.2405717372894287,1.2451285123825073
2025-02-12 00:00:00+00:00,1.2452058792114258,1.2459816932678223,1.2438584566116333,1.2456867694854736
2025-02-12 08:00:00+00:00,1.245531678199768,1.2463854551315308,1.2379608154296875,1.2433481216430664
2025-02-12 16:00:00+00:00,1.243456244468689,1.2483147382736206,1.2404638528823853,1.2450199127197266
2025-02-13 00:00:00+00:00,1.245159387588501,1.2517367601394653,1.244400143623352,1.2509382963180542
2025-02-13 08:00:00+00:00,1.2508755922317505,1.2525207996368408,1.2455161809921265,1.2523167133331299
2025-02-13 16:00:00+00:00,1.2523638010025024,1.256960391998291,1.248299241065979,1.2563287019729614
2025-02-14 00:00:00+00:00,1.2566128969192505,1.2574820518493652,1.2550673484802246,1.2565339803695679
2025-02-14 08:00:00+00:00,1.2566444873809814,1.262977123260498,1.2565182447433472,1.261957049369812
2025-02-14 16:00:00+00:00,1.261734127998352,1.2619729042053223,1.258510708808899,1.2587165832519531
2025-02-15 00:00:00+00:00,,,,
2025-02-15 08:00:00+00:00,,,,
2025-02-15 16:00:00+00:00,,,,
2025-02-16 00:00:00+00:00,,,,
2025-02-16 08:00:00+00:00,,,,
2025-02-16 16:00:00+00:00,,,,
2025-02-17 00:00:00+00:00,1.2584948539733887,1.2600805759429932,1.2580199241638184,1.2595093250274658
2025-02-17 08:00:00+00:00,1.2594457864761353,1.260811448097229,1.2584631443023682,1.2607479095458984
2025-02-17 16:00:00+00:00,1.2607479095458984,1.2643344402313232,1.260541319847107,1.2621641159057617
2025-02-18 00:00:00+00:00,1.262148141860962,1.262148141860962,1.2593666315078735,1.2613998651504517
2025-02-18 08:00:00+00:00,1.2616863250732422,1.2621959447860718,1.2584948539733887,1.261702299118042
2025-02-18 16:00:00+00:00,1.2617182731628418,1.2638709545135498,1.2593823671340942,1.2625147104263306
2025-02-19 00:00:00+00:00,1.2623871564865112,1.2630409002304077,1.2608431577682495,1.2619411945343018
2025-02-19 08:00:00+00:00,1.2619411945343018,1.2629930973052979,1.2576243877410889,1.2590811252593994
2025-02-19 16:00:00+00:00,1.2588908672332764,1.2590018510818481,1.256407618522644,1.2583364248275757
2025-02-20 00:00:00+00:00,1.2582889795303345,1.260191798210144,1.2581149339675903,1.2597472667694092
2025-02-20 08:00:00+00:00,1.2597790956497192,1.2642704248428345,1.2597790956497192,1.2640786170959473
2025-02-20 16:00:00+00:00,1.263982892036438,1.2674431800842285,1.263375997543335,1.2670255899429321
2025-02-21 00:00:00+00:00,1.2670255899429321,1.2677966356277466,1.2654223442077637,1.2669775485992432
2025-02-21 08:00:00+00:00,1.2669775485992432,1.2670577764511108,1.2630728483200073,1.2639508247375488
2025-02-21 16:00:00+00:00,1.2639508247375488,1.2648941278457642,1.2625465393066406,1.2635036706924438
2025-02-22 00:00:00+00:00,,,,
2025-02-22 08:00:00+00:00,,,,
2025-02-22 16:00:00+00:00,,,,
2025-02-23 00:00:00+00:00,,,,
2025-02-23 08:00:00+00:00,,,,
2025-02-23 16:00:00+00:00,,,,
2025-02-24 00:00:00+00:00,1.2648781538009644,1.2690355777740479,1.2638869285583496,1.2644782066345215
2025-02-24 08:00:00+00:00,1.26455819606781,1.2657907009124756,1.2612725496292114,1.262068510055542
2025-02-24 16:00:00+00:00,1.2620048522949219,1.2650861740112305,1.2615430355072021,1.261734127998352
2025-02-25 00:00:00+00:00,1.2618932723999023,1.2639029026031494,1.2612568140029907,1.2612568140029907
2025-02-25 08:00:00+00:00,1.260986328125,1.2678449153900146,1.2607319355010986,1.2654383182525635
2025-02-25 16:00:00+00:00,1.265390396118164,1.2677162885665894,1.2641745805740356,1.2673307657241821
2025-02-26 00:00:00+00:00,1.267138123512268,1.2677806615829468,1.2636793851852417,1.264958143234253
2025-02-26 08:00:00+00:00,1.2648621797561646,1.2697445154190063,1.2640786170959473,1.2695027589797974
2025-02-26 16:00:00+00:00,1.2695188522338867,1.2710033655166626,1.2670738697052002,1.2683594226837158
2025-02-27 00:00:00+00:00,1.2681021690368652,1.2681021690368652,1.2650861740112305,1.266800880432129
2025-02-27 08:00:00+00:00,1.2667688131332397,1.2688584327697754,1.2623871564865112,1.2627378702163696
2025-02-27 16:00:00+00:00,1.2628813982009888,1.2634557485580444,1.25982666015625,1.25982666015625
2025-02-28 00:00:00+00:00,1.2597472667694092,1.2611136436462402,1.257403016090393,1.259049415588379
2025-02-28 08:00:00+00:00,1.2588592767715454,1.262148141860962,1.2584789991378784,1.2593348026275635
2025-02-28 16:00:00+00:00,1.259239673614502,1.2604142427444458,1.2560920715332031,1.2575136423110962
2025-03-01 00:00:00+00:00,,,,
2025-03-01 08:00:00+00:00,,,,
2025-03-01 16:00:00+00:00,,,,
2025-03-02 00:00:00+00:00,,,,
2025-03-02 08:00:00+00:00,,,,
2025-03-02 16:00:00+00:00,,,,
2025-03-03 00:00:00+00:00,1.2601282596588135,1.2613998651504517,1.259176254272461,1.2601759433746338
2025-03-03 08:00:00+00:00,1.2599694728851318,1.2707772254943848,1.2584155797958374,1.2698897123336792
2025-03-03 16:00:00+00:00,1.269921898841858,1.2717468738555908,1.2681987285614014,1.270163893699646
2025-03-04 00:00:00+00:00,1.2707288265228271,1.270938754081726,1.268005609512329,1.2704381942749023
2025-03-04 08:00:00+00:00,1.2702605724334717,1.2753312587738037,1.2694382667541504,1.2716498374938965
2025-03-04 16:00:00+00:00,1.2716983556747437,1.2799345254898071,1.2706964015960693,1.279312252998352
2025-03-05 00:00:00+00:00,1.2792794704437256,1.2821334600448608,1.2769272327423096,1.2821005582809448
2025-03-05 08:00:00+00:00,1.2820019721984863,1.2870343923568726,1.2805900573730469,1.2867032289505005
2025-03-05 16:00:00+00:00,1.2863556146621704,1.2900896072387695,1.285809874534607,1.2891747951507568
2025-03-06 00:00:00+00:00,1.2890751361846924,1.292290210723877,1.2883775234222412,1.2908555269241333
2025-03-06 08:00:00+00:00,1.2906723022460938,1.2919062376022339,1.286719799041748,1.2890751361846924
2025-03-06 16:00:00+00:00,1.2890251874923706,1.2908055782318115,1.2872166633605957,1.2884107828140259
2025-03-07 00:00:00+00:00,1.2881286144256592,1.291122317314148,1.287713885307312,1.2904057502746582
2025-03-07 08:00:00+00:00,1.2904890775680542,1.2944481372833252,1.2902226448059082,1.2924405336380005
2025-03-07 16:00:00+00:00,1.2926075458526611,1.2930254936218262,1.2897733449935913,1.2924238443374634
2025-03-08 00:00:00+00:00,,,,
2025-03-08 08:00:00+00:00,,,,
2025-03-08 16:00:00+00:00,,,,
2025-03-09 00:00:00+00:00,,,,
2025-03-09 08:00:00+00:00,,,,
2025-03-09 16:00:00+00:00,,,,
2025-03-10 00:00:00+00:00,1.2932261228561401,1.2944984436035156,1.2891415357589722,1.2896236181259155
2025-03-10 08:00:00+00:00,1.289607048034668,1.2946157455444336,1.2876310348510742,1.2904224395751953
2025-03-10 16:00:00+00:00,1.2906556129455566,1.2907721996307373,1.2862067222595215,1.287581205368042
2025-03-11 00:00:00+00:00,1.2876144647598267,1.2916558980941772,1.2873989343643188,1.2911889553070068
2025-03-11 08:00:00+00:00,1.291122317314148,1.2955548763275146,1.2907556295394897,1.2945151329040527
2025-03-11 16:00:00+00:00,1.294431447982788,1.2965795993804932,1.2935272455215454,1.294481635093689
2025-03-12 00:00:00+00:00,1.294481635093689,1.294598937034607,1.2914891242980957,1.2930923700332642
2025-03-12 08:00:00+00:00,1.2927746772766113,1.298937439918518,1.2924906015396118,1.2967478036880493
2025-03-12 16:00:00+00:00,1.2968318462371826,1.2982629537582397,1.2959914207458496,1.2964115142822266
2025-03-13 00:00:00+00:00,1.2964619398117065,1.2973533868789673,1.294381022453308,1.295202612876892
2025-03-13 08:00:00+00:00,1.2953535318374634,1.2966468334197998,1.2921899557113647,1.2943308353424072
2025-03-13 16:00:00+00:00,1.2942638397216797,1.2958067655563354,1.2937111854553223,1.295756459236145
2025-03-14 00:00:00+00:00,1.295706033706665,1.2959076166152954,1.2918727397918701,1.2924739122390747
2025-03-14 08:00:00+00:00,1.2925574779510498,1.2952696084976196,1.291388988494873,1.2915725708007812
2025-03-14 16:00:00+00:00,1.2914724349975586,1.2938451766967773,1.2914724349975586,1.293426752090454
2025-03-15 00:00:00+00:00,,,,
2025-03-15 08:00:00+00:00,,,,
2025-03-15 16:00:00+00:00,,,,
2025-03-16 00:00:00+00:00,,,,
2025-03-16 08:00:00+00:00,,,,
2025-03-16 16:00:00+00:00,,,,
2025-03-17 00:00:00+00:00,1.2929751873016357,1.2944146394729614,1.2927913665771484,1.293727993965149
2025-03-17 08:00:00+00:00,1.2936275005340576,1.299545168876648,1.2932093143463135,1.2984652519226074
2025-03-17 16:00:00+00:00,1.2984483242034912,1.2999167442321777,1.298296570777893,1.298482060432434
2025-03-18 00:00:00+00:00,1.298515796661377,1.2989206314086914,1.2968655824661255,1.298667550086975
2025-03-18 08:00:00+00:00,1.2988699674606323,1.3004916906356812,1.2952864170074463,1.2986170053482056
2025-03-18 16:00:00+00:00,1.298296570777893,1.3009822368621826,1.2979090213775635,1.3000012636184692
2025-03-19 00:00:00+00:00,1.3000688552856445,1.3003056049346924,1.295873999595642,1.2971346378326416
2025-03-19 08:00:00+00:00,1.2973703145980835,1.2982122898101807,1.2956053018569946,1.2966132164001465
2025-03-19 16:00:00+00:00,1.296983242034912,1.3011853694915771,1.295638918876648,1.3010838031768799
2025-03-20 00:00:00+00:00,1.3010668754577637,1.3015241622924805,1.2963778972625732,1.297168254852295
2025-03-20 08:00:00+00:00,1.2972861528396606,1.2980270385742188,1.2937614917755127,1.2972187995910645
2025-03-20 16:00:00+00:00,1.2972356081008911,1.2974544763565063,1.2957228422164917,1.2966804504394531
2025-03-21 00:00:00+00:00,1.2964787483215332,1.2970842123031616,1.2925574779510498,1.2935439348220825
2025-03-21 08:00:00+00:00,1.293727993965149,1.2955213785171509,1.2897567749023438,1.2897567749023438
2025-03-21 16:00:00+00:00,1.2890584468841553,1.2930086851119995,1.2890584468841553,1.2912389039993286
2025-03-22 00:00:00+00:00,,,,
2025-03-22 08:00:00+00:00,,,,
2025-03-22 16:00:00+00:00,,,,
2025-03-23 00:00:00+00:00,,,,
2025-03-23 08:00:00+00:00,,,,
2025-03-23 16:00:00+00:00,,,,
2025-03-24 00:00:00+00:00,1.2924572229385376,1.295202612876892,1.291205644607544,1.2948001623153687
2025-03-24 08:00:00+00:00,1.2950347661972046,1.2973703145980835,1.2909388542175293,1.2911555767059326
2025-03-24 16:00:00+00:00,1.2912555932998657,1.2930420637130737,1.2896569967269897,1.2923402786254883
2025-03-25 00:00:00+00:00,1.292240023612976,1.2929418087005615,1.2905391454696655,1.2906389236450195
2025-03-25 08:00:00+00:00,1.2908722162246704,1.2960419654846191,1.2903891801834106,1.2946659326553345
2025-03-25 16:00:00+00:00,1.2948336601257324,1.296714186668396,1.2938618659973145,1.2944481372833252
2025-03-26 00:00:00+00:00,1.294481635093689,1.2946492433547974,1.2905889749526978,1.2912722826004028
2025-03-26 08:00:00+00:00,1.2912222146987915,1.291372299194336,1.2877471446990967,1.288759469985962
2025-03-26 16:00:00+00:00,1.2886265516281128,1.2902560234069824,1.2870841026306152,1.2877801656723022
2025-03-27 00:00:00+00:00,1.2877637147903442,1.2929751873016357,1.2877637147903442,1.2912555932998657
2025-03-27 08:00:00+00:00,1.291305661201477,1.2992074489593506,1.2903226613998413,1.2961426973342896
2025-03-27 16:00:00+00:00,1.2962770462036133,1.2972019910812378,1.2944481372833252,1.2952193021774292
2025-03-28 00:00:00+00:00,1.295068383216858,1.2966468334197998,1.2938284873962402,1.2949174642562866
2025-03-28 08:00:00+00:00,1.2953535318374634,1.2968655824661255,1.2922568321228027,1.2940963506698608
2025-03-28 16:00:00+00:00,1.2942136526107788,1.29490065574646,1.2930588722229004,1.2943308353424072
2025-03-29 00:00:00+00:00,,,,
2025-03-29 08:00:00+00:00,,,,
2025-03-29 16:00:00+00:00,,,,
2025-03-30 00:00:00+00:00,,,,
2025-03-30 08:00:00+00:00,,,,
2025-03-30 16:00:00+00:00,1.2931592464447021,1.29404616355896,1.2930420637130737,1.2938618659973145
2025-03-31 00:00:00+00:00,1.2939121723175049,1.2973029613494873,1.2937614917755127,1.295706033706665
2025-03-31 08:00:00+00:00,1.2959747314453125,1.2960586547851562,1.2891415357589722,1.2891415357589722
2025-03-31 16:00:00+00:00,1.2892411947250366,1.292574167251587,1.289008617401123,1.2919896841049194
2025-04-01 00:00:00+00:00,1.2920564413070679,1.2940795421600342,1.2904725074768066,1.2908389568328857
2025-04-01 08:00:00+00:00,1.2907888889312744,1.2938451766967773,1.2881286144256592,1.292290210723877
2025-04-01 16:00:00+00:00,1.2920230627059937,1.2932929992675781,1.2909221649169922,1.292290210723877
2025-04-02 00:00:00+00:00,1.292240023612976,1.2930588722229004,1.2902226448059082,1.291372299194336
2025-04-02 08:00:00+00:00,1.2913390398025513,1.297858476638794,1.2911056280136108,1.2976396083831787
2025-04-02 16:00:00+00:00,1.2973365783691406,1.3051252365112305,1.295706033706665,1.304648518562317
2025-04-03 00:00:00+00:00,1.3043931722640991,1.3138015270233154,1.302711009979248,1.313559889793396
2025-04-03 08:00:00+00:00,1.3142503499984741,1.3213878870010376,1.3107191324234009,1.311234712600708
2025-04-03 16:00:00+00:00,1.310994029045105,1.3121638298034668,1.3081642389297485,1.3089690208435059
2025-04-04 00:00:00+00:00,1.309088945388794,1.3113549947738647,1.3006607294082642,1.3006607294082642
2025-04-04 08:00:00+00:00,1.3006607294082642,1.3046314716339111,1.2919896841049194,1.2928582429885864
2025-04-04 16:00:00+00:00,1.2926744222640991,1.292741298675537,1.285479187965393,1.2900229692459106
2025-04-05 00:00:00+00:00,,,,
2025-04-05 08:00:00+00:00,,,,
2025-04-05 16:00:00+00:00,,,,
2025-04-06 00:00:00+00:00,,,,
2025-04-06 08:00:00+00:00,,,,
2025-04-06 16:00:00+00:00,1.287946105003357,1.2931926250457764,1.287946105003357,1.2913223505020142
2025-04-07 00:00:00+00:00,1.2907888889312744,1.2931759357452393,1.2853139638900757,1.2896735668182373
2025-04-07 08:00:00+00:00,1.2898398637771606,1.2911555767059326,1.2725722789764404,1.272718071937561
2025-04-07 16:00:00+00:00,1.2723132371902466,1.2777429819107056,1.2711002826690674,1.2734311819076538
2025-04-08 00:00:00+00:00,1.2736419439315796,1.2795413732528687,1.2736419439315796,1.2751035690307617
2025-04-08 08:00:00+00:00,1.2749247550964355,1.2795413732528687,1.2726207971572876,1.2765848636627197
2025-04-08 16:00:00+00:00,1.2765686511993408,1.2811479568481445,1.2756078243255615,1.278576135635376
2025-04-09 00:00:00+00:00,1.2788705825805664,1.2864052057266235,1.277791976928711,1.2797051668167114
2025-04-09 08:00:00+00:00,1.280032753944397,1.2836146354675293,1.2755752801895142,1.2771555185317993
2025-04-09 16:00:00+00:00,1.2769109010696411,1.283812403678894,1.274843454360962,1.2825281620025635
2025-04-10 00:00:00+00:00,1.282495141029358,1.2881120443344116,1.2822813987731934,1.2877471446990967
2025-04-10 08:00:00+00:00,1.2875316143035889,1.2977406978607178,1.2861074209213257,1.2939121723175049
2025-04-10 16:00:00+00:00,1.2938116788864136,1.2997310161590576,1.292657732963562,1.2993931770324707
2025-04-11 00:00:00+00:00,1.29962956905365,1.3075141906738281,1.2986170053482056,1.3070358037948608
2025-04-11 08:00:00+00:00,1.3058750629425049,1.314509630203247,1.3041210174560547,1.3047676086425781
2025-04-11 16:00:00+00:00,1.3044782876968384,1.3088492155075073,1.3033391237258911,1.3088492155075073
2025-04-12 00:00:00+00:00,,,,
2025-04-12 08:00:00+00:00,,,,
2025-04-12 16:00:00+00:00,,,,
2025-04-13 00:00:00+00:00,,,,
2025-04-13 08:00:00+00:00,,,,
2025-04-13 16:00:00+00:00,1.3083696365356445,1.309088945388794,1.3075485229492188,1.3085237741470337
2025-04-14 00:00:00+00:00,1.308746337890625,1.3172626495361328,1.3086093664169312,1.316603660583496
2025-04-14 08:00:00+00:00,1.3164477348327637,1.3200798034667969,1.3124220371246338,1.3174188137054443
2025-04-14 16:00:00+00:00,1.3173842430114746,1.3199577331542969,1.3167251348495483,1.3173668384552002
2025-04-15 00:00:00+00:00,1.3173668384552002,1.3225064277648926,1.3165863752365112,1.3222966194152832
2025-04-15 08:00:00+00:00,1.322383999824524,1.3249419927597046,1.3208119869232178,1.3220866918563843
2025-04-15 16:00:00+00:00,1.3222966194152832,1.3238896131515503,1.3207422494888306,1.3230313062667847
2025-04-16 00:00:00+00:00,1.323118805885315,1.3289566040039062,1.323118805885315,1.328303575515747
2025-04-16 08:00:00+00:00,1.3285152912139893,1.3292039632797241,1.3226988315582275,1.324591040611267
2025-04-16 16:00:00+00:00,1.3246963024139404,1.3253283500671387,1.3215277194976807,1.323311448097229
2025-04-17 00:00:00+00:00,1.323346495628357,1.3245209455490112,1.3204632997512817,1.324310302734375
2025-04-17 08:00:00+00:00,1.3244507312774658,1.3272457122802734,1.322226643562317,1.325398564338684
2025-04-17 16:00:00+00:00,1.3256094455718994,1.3277744054794312,1.3247489929199219,1.3267173767089844
2025-04-18 00:00:00+00:00,1.3268934488296509,1.3284975290298462,1.326470971107483,1.3268054723739624
2025-04-18 08:00:00+00:00,1.3267878293991089,1.3286211490631104,1.326136827468872,1.3277744054794312
2025-04-18 16:00:00+00:00,1.327651023864746,1.3298933506011963,1.3275628089904785,1.329681158065796
2025-04-19 00:00:00+00:00,,,,
2025-04-19 08:00:00+00:00,,,,
2025-04-19 16:00:00+00:00,,,,
2025-04-20 00:00:00+00:00,,,,
2025-04-20 08:00:00+00:00,,,,
2025-04-20 16:00:00+00:00,1.3304595947265625,1.3319835662841797,1.3303357362747192,1.3314515352249146
2025-04-21 00:00:00+00:00,1.331948161125183,1.3413276672363281,1.331948161125183,1.3413276672363281
2025-04-21 08:00:00+00:00,1.3412376642227173,1.34217369556427,1.3380074501037598,1.3381685018539429
2025-04-21 16:00:00+00:00,1.3380789756774902,1.3385268449783325,1.3365410566329956,1.338043212890625
2025-04-22 00:00:00+00:00,1.337882161140442,1.3423539400100708,1.3362730741500854,1.3378641605377197
2025-04-22 08:00:00+00:00,1.3379179239273071,1.339064598083496,1.3356484174728394,1.3375779390335083
2025-04-22 16:00:00+00:00,1.337470531463623,1.3377567529678345,1.323556661605835,1.327316164970398
2025-04-23 00:00:00+00:00,1.3272809982299805,1.3328180313110352,1.3272809982299805,1.3304595947265625
2025-04-23 08:00:00+00:00,1.331026315689087,1.3339558839797974,1.3255919218063354,1.3255919218063354
2025-04-23 16:00:00+00:00,1.3253810405731201,1.3277391195297241,1.3247840404510498,1.32650625705719
2025-04-24 00:00:00+00:00,1.326383113861084,1.3296104669570923,1.3261016607284546,1.3294336795806885
2025-04-24 08:00:00+00:00,1.3298048973083496,1.3330844640731812,1.3292568922042847,1.3304948806762695
2025-04-24 16:00:00+00:00,1.3305126428604126,1.334917426109314,1.3304064273834229,1.3328180313110352
2025-04-25 00:00:00+00:00,1.3326226472854614,1.3326226472854614,1.3275452852249146,1.3299640417099
2025-04-25 08:00:00+00:00,1.3299109935760498,1.3329423666000366,1.3290449380874634,1.3329423666000366
2025-04-25 16:00:00+00:00,1.332924485206604,1.333280086517334,1.3308314085006714,1.33159339427948
2025-04-26 00:00:00+00:00,,,,
2025-04-26 08:00:00+00:00,,,,
2025-04-26 16:00:00+00:00,,,,
2025-04-27 00:00:00+00:00,,,,
2025-04-27 08:00:00+00:00,,,,
2025-04-27 16:00:00+00:00,1.3300702571868896,1.3304948806762695,1.3290096521377563,1.3290096521377563
2025-04-28 00:00:00+00:00,1.3292922973632812,1.3327823877334595,1.3281093835830688,1.3306366205215454
2025-04-28 08:00:00+00:00,1.3306366205215454,1.3416156768798828,1.3306012153625488,1.33931565284729
2025-04-28 16:00:00+00:00,1.3394770622253418,1.3444112539291382,1.3394052982330322,1.3435983657836914
2025-04-29 00:00:00+00:00,1.343562364578247,1.3442305326461792,1.3395129442214966,1.342209815979004
2025-04-29 08:00:00+00:00,1.3421558141708374,1.3425521850585938,1.3381328582763672,1.33969247341156
2025-04-29 16:00:00+00:00,1.3397282361984253,1.3419216871261597,1.3394052982330322,1.3410218954086304
2025-04-30 00:00:00+00:00,1.3409678936004639,1.3413995504379272,1.3380969762802124,1.3385447263717651
2025-04-30 08:00:00+00:00,1.338258147239685,1.3386164903640747,1.3308844566345215,1.3339558839797974
2025-04-30 16:00:00+00:00,1.3340626955032349,1.3357375860214233,1.331894874572754,1.3320544958114624
2025-05-01 00:00:00+00:00,1.3321255445480347,1.3325159549713135,1.3275980949401855,1.3305126428604126
2025-05-01 08:00:00+00:00,1.3306366205215454,1.3343831300735474,1.32650625705719,1.327263355255127
2025-05-01 16:00:00+00:00,1.3270343542099,1.3286387920379639,1.3260489702224731,1.3284447193145752
2025-05-02 00:00:00+00:00,1.3289390802383423,1.3320190906524658,1.3274571895599365,1.3299463987350464
2025-05-02 08:00:00+00:00,1.329681158065796,1.332924485206604,1.3272457122802734,1.3280389308929443
2025-05-02 16:00:00+00:00,1.3280917406082153,1.3295220136642456,1.326383113861084,1.3266997337341309
2025-05-03 00:00:00+00:00,,,,
2025-05-03 08:00:00+00:00,,,,
2025-05-03 16:00:00+00:00,,,,
2025-05-04 00:00:00+00:00,,,,
2025-05-04 08:00:00+00:00,,,,
2025-05-04 16:00:00+00:00,1.326559066772461,1.327615737915039,1.3262248039245605,1.3270343542099
2025-05-05 00:00:00+00:00,1.3270343542099,1.3306896686553955,1.326259970664978,1.3281975984573364
2025-05-05 08:00:00+00:00,1.328233003616333,1.3336000442504883,1.3278801441192627,1.328233003616333
2025-05-05 16:00:00+00:00,1.3281093835830688,1.3301233053207397,1.327122449874878,1.329115629196167
2025-05-06 00:00:00+00:00,1.3290096521377563,1.3328713178634644,1.326207160949707,1.331894874572754
2025-05-06 08:00:00+00:00,1.3320368528366089,1.3402490615844727,1.330866813659668,1.336755394935608
2025-05-06 16:00:00+00:00,1.3367375135421753,1.3387060165405273,1.3344542980194092,1.3352917432785034
2025-05-07 00:00:00+00:00,1.33539879322052,1.3367197513580322,1.3334933519363403,1.3350956439971924
2025-05-07 08:00:00+00:00,1.335309624671936,1.337667465209961,1.332338571548462,1.3345433473587036
2025-05-07 16:00:00+00:00,1.334115982055664,1.3352025747299194,1.328233003616333,1.3292216062545776
2025-05-08 00:00:00+00:00,1.32908034324646,1.335666298866272,1.326981544494629,1.3291332721710205
2025-05-08 08:00:00+00:00,1.3290096521377563,1.3344720602035522,1.3258554935455322,1.3284093141555786
2025-05-08 16:00:00+00:00,1.3285682201385498,1.3285682201385498,1.323556661605835,1.323784351348877
2025-05-09 00:00:00+00:00,1.3241175413131714,1.3269639015197754,1.321283221244812,1.326189637184143
2025-05-09 08:00:00+00:00,1.326330304145813,1.331770658493042,1.3255919218063354,1.3314515352249146
2025-05-09 16:00:00+00:00,1.3316465616226196,1.3322675228118896,1.3297518491744995,1.3303887844085693
2025-05-10 00:00:00+00:00,,,,
2025-05-10 08:00:00+00:00,,,,
2025-05-10 16:00:00+00:00,,,,
2025-05-11 00:00:00+00:00,,,,
2025-05-11 08:00:00+00:00,,,,
2025-05-11 16:00:00+00:00,1.3287447690963745,1.3295220136642456,1.3284975290298462,1.3285682201385498
2025-05-12 00:00:00+00:00,1.3288682699203491,1.3299287557601929,1.3164303302764893,1.3169677257537842
2025-05-12 08:00:00+00:00,1.3171759843826294,1.3214752674102783,1.3142677545547485,1.3191393613815308
2025-05-12 16:00:00+00:00,1.3191393613815308,1.3196965456008911,1.3163437843322754,1.3178181648254395
2025-05-13 00:00:00+00:00,1.3180092573165894,1.3212308883666992,1.3175750970840454,1.3210563659667969
2025-05-13 08:00:00+00:00,1.321562647819519,1.3280211687088013,1.3200970888137817,1.3277567625045776
2025-05-13 16:00:00+00:00,1.3278096914291382,1.331416130065918,1.3273338079452515,1.330477237701416
2025-05-14 00:00:00+00:00,1.330477237701416,1.3330134153366089,1.3292039632797241,1.3330134153366089
2025-05-14 08:00:00+00:00,1.3329601287841797,1.3359161615371704,1.3289566040039062,1.3300172090530396
2025-05-14 16:00:00+00:00,1.3299994468688965,1.3309730291366577,1.325486421585083,1.326400637626648
2025-05-15 00:00:00+00:00,1.326435923576355,1.330477237701416,1.3259961605072021,1.3268407583236694
2025-05-15 08:00:00+00:00,1.3266997337341309,1.331912636756897,1.326559066772461,1.3291332721710205
2025-05-15 16:00:00+00:00,1.3293099403381348,1.331026315689087,1.3282681703567505,1.3303710222244263
2025-05-16 00:00:00+00:00,1.3303179740905762,1.3332089185714722,1.3303179740905762,1.3315224647521973
2025-05-16 08:00:00+00:00,1.3311856985092163,1.3316465616226196,1.325398564338684,1.325644612312317
2025-05-16 16:00:00+00:00,1.3258906602859497,1.3285682201385498,1.3251352310180664,1.3284269571304321
2025-05-17 00:00:00+00:00,,,,
2025-05-17 08:00:00+00:00,,,,
2025-05-17 16:00:00+00:00,,,,
2025-05-18 00:00:00+00:00,,,,
2025-05-18 08:00:00+00:00,,,,
2025-05-18 16:00:00+00:00,1.3299640417099,1.3305126428604126,1.3296281099319458,1.3304948806762695
2025-05-19 00:00:00+00:00,1.330654263496399,1.3371844291687012,1.3293806314468384,1.336755394935608
2025-05-19 08:00:00+00:00,1.3367911577224731,1.3404107093811035,1.3349530696868896,1.3353809118270874
2025-05-19 16:00:00+00:00,1.33539879322052,1.3364875316619873,1.3344542980194092,1.335951805114746
2025-05-20 00:00:00+00:00,1.3358447551727295,1.3395129442214966,1.3346680402755737,1.3393335342407227
2025-05-20 08:00:00+00:00,1.3393335342407227,1.3393335342407227,1.333653450012207,1.3373453617095947
2025-05-20 16:00:00+00:00,1.3372738361358643,1.3398001194000244,1.336023211479187,1.3397642374038696
2025-05-21 00:00:00+00:00,1.3398360013961792,1.3465837240219116,1.3394770622253418,1.3411656618118286
2025-05-21 08:00:00+00:00,1.3415075540542603,1.3449175357818604,1.339064598083496,1.3445920944213867
2025-05-21 16:00:00+00:00,1.3445378541946411,1.3452974557876587,1.3405005931854248,1.3421016931533813
2025-05-22 00:00:00+00:00,1.342209815979004,1.3440136909484863,1.3411476612091064,1.3432193994522095
2025-05-22 08:00:00+00:00,1.3433096408843994,1.3439414501190186,1.3392258882522583,1.3425161838531494
2025-05-22 16:00:00+00:00,1.3423179388046265,1.3435803651809692,1.3405184745788574,1.3419036865234375
2025-05-23 00:00:00+00:00,1.3419575691223145,1.3483266830444336,1.3419395685195923,1.3479633331298828
2025-05-23 08:00:00+00:00,1.3477634191513062,1.353234887123108,1.3477634191513062,1.3507671356201172
2025-05-23 16:00:00+00:00,1.350785493850708,1.3538762331008911,1.350584864616394,1.3537662029266357
2025-05-24 00:00:00+00:00,,,,
2025-05-24 08:00:00+00:00,,,,
2025-05-24 16:00:00+00:00,,,,
2025-05-25 00:00:00+00:00,,,,
2025-05-25 08:00:00+00:00,,,,
2025-05-25 16:00:00+00:00,1.3535280227661133,1.3542611598968506,1.3533813953399658,1.3537662029266357
2025-05-26 00:00:00+00:00,1.3540961742401123,1.3592866659164429,1.3536745309829712,1.3567416667938232
2025-05-26 08:00:00+00:00,1.3567785024642944,1.3570362329483032,1.355233907699585,1.3562631607055664
2025-05-26 16:00:00+00:00,1.35637366771698,1.3568705320358276,1.3558402061462402,1.3565576076507568
2025-05-27 00:00:00+00:00,1.35664963722229,1.3587325811386108,1.3523565530776978,1.3523565530776978
2025-05-27 08:00:00+00:00,1.3527954816818237,1.3565207719802856,1.3501653671264648,1.35023832321167
2025-05-27 16:00:00+00:00,1.350311279296875,1.3515704870224,1.350201964378357,1.3513696193695068
2025-05-28 00:00:00+00:00,1.351387858390808,1.3522101640701294,1.34645676612854,1.349800944328308
2025-05-28 08:00:00+00:00,1.350001335144043,1.3518993854522705,1.3451164960861206,1.3460218906402588
2025-05-28 16:00:00+00:00,1.3460580110549927,1.3479268550872803,1.3419036865234375,1.3427504301071167
2025-05-29 00:00:00+00:00,1.3422999382019043,1.3470371961593628,1.3420476913452148,1.3466562032699585
2025-05-29 08:00:00+00:00,1.3465473651885986,1.3506578207015991,1.345587134361267,1.3487813472747803
2025-05-29 16:00:00+00:00,1.348981499671936,1.350511908531189,1.3487813472747803,1.3499648571014404
2025-05-30 00:00:00+00:00,1.3499648571014404,1.35111403465271,1.3456594944000244,1.3476543426513672
2025-05-30 08:00:00+00:00,1.3479995727539062,1.3497827053070068,1.3451164960861206,1.34678316116333
2025-05-30 16:00:00+00:00,1.34689199924469,1.3477089405059814,1.3454241752624512,1.3454785346984863
2025-05-31 00:00:00+00:00,,,,
2025-05-31 08:00:00+00:00,,,,
2025-05-31 16:00:00+00:00,,,,
2025-06-01 00:00:00+00:00,,,,
2025-06-01 08:00:00+00:00,,,,
2025-06-01 16:00:00+00:00,1.3464205265045166,1.347400188446045,1.3463661670684814,1.34689199924469
2025-06-02 00:00:00+00:00,1.3470009565353394,1.3556748628616333,1.3470009565353394,1.3550686836242676
2025-06-02 08:00:00+00:00,1.3548849821090698,1.3559505939483643,1.3520090579986572,1.3548115491867065
2025-06-02 16:00:00+00:00,1.3548849821090698,1.3558955192565918,1.3517898321151733,1.355711579322815
2025-06-03 00:00:00+00:00,1.3557300567626953,1.3557851314544678,1.3513513803482056,1.3520090579986572
2025-06-03 08:00:00+00:00,1.3518263101577759,1.3533082008361816,1.349436640739441,1.3520456552505493
2025-06-03 16:00:00+00:00,1.3520638942718506,1.353179931640625,1.35111403465271,1.3531067371368408
2025-06-04 00:00:00+00:00,1.353271484375,1.3543895483016968,1.35023832321167,1.3529053926467896
2025-06-04 08:00:00+00:00,1.3529053926467896,1.3579576015472412,1.3514060974121094,1.3567968606948853
2025-06-04 16:00:00+00:00,1.3568521738052368,1.3574045896530151,1.354628086090088,1.3551052808761597
2025-06-05 00:00:00+00:00,1.3551788330078125,1.3572572469711304,1.354132890701294,1.356024146080017
2025-06-05 08:00:00+00:00,1.3562448024749756,1.3615630865097046,1.3561527729034424,1.358363389968872
2025-06-05 16:00:00+00:00,1.3581604957580566,1.358917236328125,1.3567785024642944,1.3580313920974731
2025-06-06 00:00:00+00:00,1.3579391241073608,1.3585295677185059,1.353637933731079,1.3545730113983154
2025-06-06 08:00:00+00:00,1.3545730113983154,1.3562264442443848,1.3508403301239014,1.353143334388733
2025-06-06 16:00:00+00:00,1.353179931640625,1.3535280227661133,1.351698398590088,1.3528504371643066
2025-06-07 00:00:00+00:00,,,,
2025-06-07 08:00:00+00:00,,,,
2025-06-07 16:00:00+00:00,,,,
2025-06-08 00:00:00+00:00,,,,
2025-06-08 08:00:00+00:00,,,,
2025-06-08 16:00:00+00:00,1.3537296056747437,1.3540045022964478,1.353417992591858,1.353747844696045
2025-06-09 00:00:00+00:00,1.3537845611572266,1.3572388887405396,1.3529237508773804,1.3564839363098145
2025-06-09 08:00:00+00:00,1.356704831123352,1.357994556427002,1.352594256401062,1.3563368320465088
2025-06-09 16:00:00+00:00,1.3562448024749756,1.356594443321228,1.354921817779541,1.3555278778076172
2025-06-10 00:00:00+00:00,1.3553440570831299,1.3564656972885132,1.3458044528961182,1.3473094701766968
2025-06-10 08:00:00+00:00,1.3474364280700684,1.3537112474441528,1.3474364280700684,1.3507490158081055
2025-06-10 16:00:00+00:00,1.3508403301239014,1.351022720336914,1.3490543365478516,1.3507307767868042
2025-06-11 00:00:00+00:00,1.3507671356201172,1.3507671356201172,1.3464930057525635,1.3483085632324219
2025-06-11 08:00:00+00:00,1.348199486732483,1.3557482957839966,1.348199486732483,1.3555645942687988
2025-06-11 16:00:00+00:00,1.3556565046310425,1.3573493957519531,1.3536561727523804,1.3567968606948853
2025-06-12 00:00:00+00:00,1.35694420337677,1.3593236207962036,1.3524662256240845,1.3545546531677246
2025-06-12 08:00:00+00:00,1.3541145324707031,1.3621565103530884,1.3538578748703003,1.3585480451583862
2025-06-12 16:00:00+00:00,1.3584926128387451,1.3629363775253296,1.3583818674087524,1.3629363775253296
2025-06-13 00:00:00+00:00,1.3629549741744995,1.3631221055984497,1.3523930311203003,1.3560609817504883
2025-06-13 08:00:00+00:00,1.355913758277893,1.36024808883667,1.3520090579986572,1.359342098236084
2025-06-13 16:00:00+00:00,1.359342098236084,1.3601185083389282,1.3558402061462402,1.3568521738052368
2025-06-14 00:00:00+00:00,,,,
2025-06-14 08:00:00+00:00,,,,
2025-06-14 16:00:00+00:00,,,,
2025-06-15 00:00:00+00:00,,,,
2025-06-15 08:00:00+00:00,,,,
2025-06-15 16:00:00+00:00,1.3557851314544678,1.3558770418167114,1.3542428016662598,1.354921817779541
2025-06-16 00:00:00+00:00,1.3546464443206787,1.3592311143875122,1.3535646200180054,1.3584003448486328
2025-06-16 08:00:00+00:00,1.3583265542984009,1.3621008396148682,1.357496738433838,1.3598597049713135
2025-06-16 16:00:00+00:00,1.3600445985794067,1.3611183166503906,1.356539249420166,1.3567968606948853
2025-06-17 00:00:00+00:00,1.3566312789916992,1.3579576015472412,1.3556381464004517,1.3567416667938232
2025-06-17 08:00:00+00:00,1.3564839363098145,1.357312560081482,1.3497644662857056,1.351387858390808
2025-06-17 16:00:00+00:00,1.3515887260437012,1.3516618013381958,1.3415615558624268,1.3425341844558716
2025-06-18 00:00:00+00:00,1.3433998823165894,1.3475998640060425,1.342822551727295,1.3460036516189575
2025-06-18 08:00:00+00:00,1.345913052558899,1.347400188446045,1.3436886072158813,1.3470553159713745
2025-06-18 16:00:00+00:00,1.3470735549926758,1.3475091457366943,1.3402130603790283,1.341489553451538
2025-06-19 00:00:00+00:00,1.341471552848816,1.3417235612869263,1.3383835554122925,1.3403208255767822
2025-06-19 08:00:00+00:00,1.3399077653884888,1.3448452949523926,1.3399077653884888,1.3430390357971191
2025-06-19 16:00:00+00:00,1.3428406715393066,1.3478542566299438,1.3423359394073486,1.3477270603179932
2025-06-20 00:00:00+00:00,1.3478542566299438,1.3500559329986572,1.3463661670684814,1.3477997779846191
2025-06-20 08:00:00+00:00,1.3477997779846191,1.3510043621063232,1.3455146551132202,1.3464930057525635
2025-06-20 16:00:00+00:00,1.3465112447738647,1.3479087352752686,1.344212532043457,1.3448090553283691
2025-06-21 00:00:00+00:00,,,,
2025-06-21 08:00:00+00:00,,,,
2025-06-21 16:00:00+00:00,,,,
2025-06-22 00:00:00+00:00,,,,
2025-06-22 08:00:00+00:00,,,,
2025-06-22 16:00:00+00:00,1.342822551727295,1.3441040515899658,1.3425521850585938,1.343508243560791
2025-06-23 00:00:00+00:00,1.3436164855957031,1.3448452949523926,1.3405005931854248,1.344085931777954
2025-06-23 08:00:00+00:00,1.3438150882720947,1.3503658771514893,1.3372023105621338,1.348945140838623
2025-06-23 16:00:00+00:00,1.348981499671936,1.3554726839065552,1.3472548723220825,1.3545180559158325
2025-06-24 00:00:00+00:00,1.3546831607818604,1.3594160079956055,1.3536745309829712,1.358105182647705
2025-06-24 08:00:00+00:00,1.3581973314285278,1.3647778034210205,1.3579576015472412,1.361581563949585
2025-06-24 16:00:00+00:00,1.3616001605987549,1.3639029264450073,1.3607479333877563,1.3615630865097046
2025-06-25 00:00:00+00:00,1.361488938331604,1.3633822202682495,1.3607664108276367,1.3614518642425537
2025-06-25 08:00:00+00:00,1.361748456954956,1.36273193359375,1.3592127561569214,1.362416386604309
2025-06-25 16:00:00+00:00,1.3630292415618896,1.3691691160202026,1.3630292415618896,1.3690565824508667
2025-06-26 00:00:00+00:00,1.3690941333770752,1.373984932899475,1.3678580522537231,1.373513102531433
2025-06-26 08:00:00+00:00,1.3735320568084717,1.3765003681182861,1.3700506687164307,1.3752509355545044
2025-06-26 16:00:00+00:00,1.3752131462097168,1.3770312070846558,1.3717796802520752,1.3725517988204956
2025-06-27 00:00:00+00:00,1.3727400302886963,1.3750051259994507,1.3721562623977661,1.3740037679672241
2025-06-27 08:00:00+00:00,1.374343752861023,1.3750996589660645,1.3704450130462646,1.3718550205230713
2025-06-27 16:00:00+00:00,1.3717796802520752,1.372438669204712,1.3685132265090942,1.3722879886627197
2025-06-28 00:00:00+00:00,,,,
2025-06-28 08:00:00+00:00,,,,
2025-06-28 16:00:00+00:00,,,,
2025-06-29 00:00:00+00:00,,,,
2025-06-29 08:00:00+00:00,,,,
2025-06-29 16:00:00+00:00,1.3724011182785034,1.3728721141815186,1.3718550205230713,1.3718550205230713
2025-06-30 00:00:00+00:00,1.372043251991272,1.3740605115890503,1.3704450130462646,1.3704450130462646
2025-06-30 08:00:00+00:00,1.3704450130462646,1.3723068237304688,1.36759614944458,1.372043251991272
2025-06-30 16:00:00+00:00,1.372062087059021,1.373682975769043,1.3699944019317627,1.3732680082321167
2025-07-01 00:00:00+00:00,1.373645305633545,1.3767846822738647,1.372589349746704,1.3767846822738647
2025-07-01 08:00:00+00:00,1.3767088651657104,1.3788729906082153,1.3705013990402222,1.3723821640014648
2025-07-01 16:00:00+00:00,1.372419834136963,1.3752131462097168,1.3713847398757935,1.374721646308899
2025-07-02 00:00:00+00:00,1.374721646308899,1.3752888441085815,1.3706891536712646,1.3706891536712646
2025-07-02 08:00:00+00:00,1.3704261779785156,1.3713659048080444,1.3565576076507568,1.362119436264038
2025-07-02 16:00:00+00:00,1.3621751070022583,1.3667737245559692,1.361488938331604,1.3649827241897583
2025-07-03 00:00:00+00:00,1.3651504516601562,1.3674465417861938,1.3625091314315796,1.3656165599822998
2025-07-03 08:00:00+00:00,1.3656724691390991,1.3675401210784912,1.3588802814483643,1.3652063608169556
2025-07-03 16:00:00+00:00,1.3653554916381836,1.3668110370635986,1.3636425733566284,1.3668110370635986
2025-07-04 00:00:00+00:00,1.3666056394577026,1.3681762218475342,1.3646661043167114,1.3659522533416748
2025-07-04 08:00:00+00:00,1.365877628326416,1.3667176961898804,1.3634008169174194,1.364498496055603
2025-07-04 16:00:00+00:00,1.364256501197815,1.365859031677246,1.364256501197815,1.3647778034210205
2025-07-05 00:00:00+00:00,,,,
2025-07-05 08:00:00+00:00,,,,
2025-07-05 16:00:00+00:00,,,,
2025-07-06 00:00:00+00:00,,,,
2025-07-06 08:00:00+00:00,,,,
2025-07-06 16:00:00+00:00,1.3653740882873535,1.3654860258102417,1.3647592067718506,1.365243673324585
2025-07-07 00:00:00+00:00,1.3651131391525269,1.3658217191696167,1.360322117805481,1.3609145879745483
2025-07-07 08:00:00+00:00,1.3605626821517944,1.3647592067718506,1.3576072454452515,1.3636239767074585
2025-07-07 16:00:00+00:00,1.3636983633041382,1.3639960289001465,1.3590834140777588,1.362434983253479
2025-07-08 00:00:00+00:00,1.3624906539916992,1.3646475076675415,1.3619710206985474,1.364126205444336
2025-07-08 08:00:00+00:00,1.3640704154968262,1.3640704154968262,1.3527040481567383,1.3572757244110107
2025-07-08 16:00:00+00:00,1.3572204113006592,1.359767198562622,1.3564839363098145,1.3585110902786255
2025-07-09 00:00:00+00:00,1.3585665225982666,1.3606553077697754,1.3565759658813477,1.3586771488189697
2025-07-09 08:00:00+00:00,1.3586218357086182,1.3618227243423462,1.3576072454452515,1.3584741353988647
2025-07-09 16:00:00+00:00,1.3583818674087524,1.3601555824279785,1.3580129146575928,1.359933614730835
2025-07-10 00:00:00+00:00,1.359767198562622,1.361952543258667,1.359767198562622,1.360970139503479
2025-07-10 08:00:00+00:00,1.3614332675933838,1.3616372346878052,1.3534363508224487,1.3567785024642944
2025-07-10 16:00:00+00:00,1.3567231893539429,1.3586403131484985,1.3561712503433228,1.3580683469772339
2025-07-11 00:00:00+00:00,1.3580129146575928,1.3580868244171143,1.3533082008361816,1.3543713092803955
2025-07-11 08:00:00+00:00,1.3542611598968506,1.3553073406219482,1.3483449220657349,1.350201964378357
2025-07-11 16:00:00+00:00,1.3501836061477661,1.3517167568206787,1.348508596420288,1.3490543365478516
2025-07-12 00:00:00+00:00,,,,
2025-07-12 08:00:00+00:00,,,,
2025-07-12 16:00:00+00:00,,,,
2025-07-13 00:00:00+00:00,,,,
2025-07-13 08:00:00+00:00,,,,
2025-07-13 16:00:00+00:00,1.3484721183776855,1.3495640754699707,1.3484176397323608,1.3495640754699707
2025-07-14 00:00:00+00:00,1.3497644662857056,1.3504570722579956,1.3453155755996704,1.3485995531082153
2025-07-14 08:00:00+00:00,1.3484721183776855,1.349400281906128,1.3433637619018555,1.343418002128601
2025-07-14 16:00:00+00:00,1.3433998823165894,1.3442847728729248,1.3421558141708374,1.3427685499191284
2025-07-15 00:00:00+00:00,1.3427865505218506,1.3453155755996704,1.3427144289016724,1.3453155755996704
2025-07-15 08:00:00+00:00,1.3450260162353516,1.346619963645935,1.3380789756774902,1.3395847082138062
2025-07-15 16:00:00+00:00,1.339943766593933,1.339943766593933,1.3379895687103271,1.33931565284729
2025-07-16 00:00:00+00:00,1.3393514156341553,1.3416695594787598,1.3384371995925903,1.3393514156341553
2025-07-16 08:00:00+00:00,1.3394949436187744,1.3481448888778687,1.3367018699645996,1.3417595624923706
2025-07-16 16:00:00+00:00,1.3419575691223145,1.3443208932876587,1.340572476387024,1.3410937786102295
2025-07-17 00:00:00+00:00,1.3410578966140747,1.3410578966140747,1.3375600576400757,1.3384909629821777
2025-07-17 08:00:00+00:00,1.3385984897613525,1.3419756889343262,1.338114857673645,1.3412556648254395
2025-07-17 16:00:00+00:00,1.3413636684417725,1.3434721231460571,1.3398360013961792,1.3431291580200195
2025-07-18 00:00:00+00:00,1.3432193994522095,1.3440136909484863,1.3411297798156738,1.3430570363998413
2025-07-18 08:00:00+00:00,1.343273639678955,1.3473820686340332,1.343273639678955,1.343742847442627
2025-07-18 16:00:00+00:00,1.3436164855957031,1.3438150882720947,1.3406982421875,1.342227816581726
2025-07-19 00:00:00+00:00,,,,
2025-07-19 08:00:00+00:00,,,,
2025-07-19 16:00:00+00:00,,,,
2025-07-20 00:00:00+00:00,,,,
2025-07-20 08:00:00+00:00,,,,
2025-07-20 16:00:00+00:00,1.3413456678390503,1.341795563697815,1.3411476612091064,1.3415435552597046
2025-07-21 00:00:00+00:00,1.3416515588760376,1.3447366952896118,1.3402849435806274,1.3445558547973633
2025-07-21 08:00:00+00:00,1.3446824550628662,1.3510409593582153,1.3441944122314453,1.3496551513671875
2025-07-21 16:00:00+00:00,1.3494731187820435,1.3500195741653442,1.3483812808990479,1.348945140838623
2025-07-22 00:00:00+00:00,1.3488540649414062,1.3488540649414062,1.3464205265045166,1.3467469215393066
2025-07-22 08:00:00+00:00,1.3465656042099,1.3519724607467651,1.3465656042099,1.3519724607467651
2025-07-22 16:00:00+00:00,1.3518263101577759,1.3534914255142212,1.3518263101577759,1.3521004915237427
2025-07-23 00:00:00+00:00,1.3521919250488281,1.354866623878479,1.3517167568206787,1.354316234588623
2025-07-23 08:00:00+00:00,1.3544262647628784,1.3575520515441895,1.3524662256240845,1.3570362329483032
2025-07-23 16:00:00+00:00,1.3564472198486328,1.35869562625885,1.3555278778076172,1.3579576015472412
2025-07-24 00:00:00+00:00,1.3578470945358276,1.3588248491287231,1.3557482957839966,1.356042504310608
2025-07-24 08:00:00+00:00,1.3563183546066284,1.356594443321228,1.3523746728897095,1.3524662256240845
2025-07-24 16:00:00+00:00,1.3522833585739136,1.3528138399124146,1.3493820428848267,1.3509132862091064
2025-07-25 00:00:00+00:00,1.3510775566101074,1.3512965440750122,1.3467469215393066,1.3469464778900146
2025-07-25 08:00:00+00:00,1.3470553159713745,1.3476543426513672,1.341687560081482,1.3427865505218506
2025-07-25 16:00:00+00:00,1.3427685499191284,1.3438512086868286,1.3417775630950928,1.3438512086868286
2025-07-26 00:00:00+00:00,,,,
2025-07-26 08:00:00+00:00,,,,
2025-07-26 16:00:00+00:00,,,,
2025-07-27 00:00:00+00:00,,,,
2025-07-27 08:00:00+00:00,,,,
2025-07-27 16:00:00+00:00,1.3434721231460571,1.3443571329116821,1.3433817625045776,1.343742847442627
2025-07-28 00:00:00+00:00,1.3439234495162964,1.3453155755996704,1.3407162427902222,1.3408241271972656
2025-07-28 08:00:00+00:00,1.3409138917922974,1.3438873291015625,1.3392258882522583,1.3392258882522583
2025-07-28 16:00:00+00:00,1.3391900062561035,1.3391900062561035,1.3351670503616333,1.3360588550567627
2025-07-29 00:00:00+00:00,1.3359695672988892,1.3359695672988892,1.3316643238067627,1.3332089185714722
2025-07-29 08:00:00+00:00,1.3332089185714722,1.3362016677856445,1.3308844566345215,1.3338490724563599
2025-07-29 16:00:00+00:00,1.3340091705322266,1.336290955543518,1.333653450012207,1.33539879322052
2025-07-30 00:00:00+00:00,1.335416555404663,1.3368983268737793,1.3342584371566772,1.3361839056015015
2025-07-30 08:00:00+00:00,1.3363444805145264,1.3384371995925903,1.327316164970398,1.3273338079452515
2025-07-30 16:00:00+00:00,1.3274219036102295,1.3309907913208008,1.3230488300323486,1.3257501125335693
2025-07-31 00:00:00+00:00,1.325574278831482,1.3281975984573364,1.3243454694747925,1.3259258270263672
2025-07-31 08:00:00+00:00,1.326084017753601,1.326084017753601,1.3188437223434448,1.322226643562317
2025-07-31 16:00:00+00:00,1.3219294548034668,1.3236618041992188,1.320027470588684,1.3208119869232178
2025-08-01 00:00:00+00:00,1.3207422494888306,1.3213706016540527,1.3187741041183472,1.319278597831726
2025-08-01 08:00:00+00:00,1.3194701671600342,1.3304948806762695,1.314198613166809,1.3263126611709595
2025-08-01 16:00:00+00:00,1.3256797790527344,1.329115629196167,1.3216499090194702,1.327386736869812
2025-08-02 00:00:00+00:00,,,,
2025-08-02 08:00:00+00:00,,,,
2025-08-02 16:00:00+00:00,,,,
2025-08-03 00:00:00+00:00,,,,
2025-08-03 08:00:00+00:00,,,,
2025-08-03 16:00:00+00:00,1.3279860019683838,1.3292393684387207,1.3277214765548706,1.3291332721710205
2025-08-04 00:00:00+00:00,1.3293452262878418,1.3293452262878418,1.325486421585083,1.3277567625045776
2025-08-04 08:00:00+00:00,1.327580451965332,1.333048939704895,1.326664686203003,1.328832983970642
2025-08-04 16:00:00+00:00,1.3292216062545776,1.330034852027893,1.327210545539856,1.3298048973083496
2025-08-05 00:00:00+00:00,1.3298755884170532,1.3303357362747192,1.3263654708862305,1.327316164970398
2025-08-05 08:00:00+00:00,1.3270167112350464,1.3309022188186646,1.3266997337341309,1.3307604789733887
2025-08-05 16:00:00+00:00,1.3309022188186646,1.3316289186477661,1.3290096521377563,1.3299287557601929
2025-08-06 00:00:00+00:00,1.3298933506011963,1.3314515352249146,1.329115629196167,1.3303357362747192
2025-08-06 08:00:00+00:00,1.3301409482955933,1.3358803987503052,1.328356385231018,1.3358803987503052
2025-08-06 16:00:00+00:00,1.3357912302017212,1.336844801902771,1.3344186544418335,1.3357912302017212
2025-08-07 00:00:00+00:00,1.335666298866272,1.3379716873168945,1.3347214460372925,1.3375064134597778
2025-08-07 08:00:00+00:00,1.337595820426941,1.3436164855957031,1.3364516496658325,1.3431833982467651
2025-08-07 16:00:00+00:00,1.343273639678955,1.3452974557876587,1.3404645919799805,1.3451164960861206
2025-08-08 00:00:00+00:00,1.3452250957489014,1.3452250957489014,1.3425521850585938,1.3442847728729248
2025-08-08 08:00:00+00:00,1.3443390130996704,1.345532774925232,1.3419036865234375,1.3443571329116821
2025-08-08 16:00:00+00:00,1.344248652458191,1.3458225727081299,1.3439054489135742,1.3450080156326294
2025-08-09 00:00:00+00:00,,,,
2025-08-09 08:00:00+00:00,,,,
2025-08-09 16:00:00+00:00,,,,
2025-08-10 00:00:00+00:00,,,,
2025-08-10 08:00:00+00:00,,,,
2025-08-10 16:00:00+00:00,1.3444474935531616,1.3447729349136353,1.3441944122314453,1.3443028926849365
2025-08-11 00:00:00+00:00,1.3443751335144043,1.3475817441940308,1.3437789678573608,1.345442295074463
2025-08-11 08:00:00+00:00,1.345442295074463,1.3468012809753418,1.3401591777801514,1.3415435552597046
2025-08-11 16:00:00+00:00,1.3415435552597046,1.3437608480453491,1.3415435552597046,1.3435442447662354
2025-08-12 00:00:00+00:00,1.3433998823165894,1.3460218906402588,1.34217369556427,1.3458225727081299
2025-08-12 08:00:00+00:00,1.3457682132720947,1.3523565530776978,1.3447366952896118,1.3507671356201172
2025-08-12 16:00:00+00:00,1.3508219718933105,1.3521188497543335,1.3489269018173218,1.3504389524459839
2025-08-13 00:00:00+00:00,1.3506578207015991,1.3548115491867065,1.3493820428848267,1.3545913696289062
2025-08-13 08:00:00+00:00,1.3546648025512695,1.3585295677185059,1.3544079065322876,1.357183575630188
2025-08-13 16:00:00+00:00,1.3570730686187744,1.3585665225982666,1.3564287424087524,1.3585480451583862
2025-08-14 00:00:00+00:00,1.3586403131484985,1.3591573238372803,1.3569625616073608,1.357367753982544
2025-08-14 08:00:00+00:00,1.3574230670928955,1.3594529628753662,1.3528504371643066,1.353143334388733
2025-08-14 16:00:00+00:00,1.3530151844024658,1.353986144065857,1.3522467613220215,1.353033423423767
2025-08-15 00:00:00+00:00,1.3528870344161987,1.356042504310608,1.3528138399124146,1.3556196689605713
2025-08-15 08:00:00+00:00,1.3556013107299805,1.3573309183120728,1.3546648025512695,1.3562631607055664
2025-08-15 16:00:00+00:00,1.3562631607055664,1.3563551902770996,1.3550870418548584,1.3554359674453735
2025-08-16 00:00:00+00:00,,,,
2025-08-16 08:00:00+00:00,,,,
2025-08-16 16:00:00+00:00,,,,
2025-08-17 00:00:00+00:00,,,,
2025-08-17 08:00:00+00:00,,,,
2025-08-17 16:00:00+00:00,1.356208086013794,1.3562631607055664,1.3554726839065552,1.3557851314544678
2025-08-18 00:00:00+00:00,1.3557482957839966,1.3565576076507568,1.3539679050445557,1.3540778160095215
2025-08-18 08:00:00+00:00,1.353986144065857,1.3554359674453735,1.3512235879898071,1.3519359827041626
2025-08-18 16:00:00+00:00,1.351862907409668,1.3528138399124146,1.3502200841903687,1.350858449935913
2025-08-19 00:00:00+00:00,1.3508037328720093,1.3523565530776978,1.3487995862960815,1.3521188497543335
2025-08-19 08:00:00+00:00,1.3521004915237427,1.3531067371368408,1.3491816520690918,1.3491816520690918
2025-08-19 16:00:00+00:00,1.349436640739441,1.3498737812042236,1.3478178977966309,1.3485448360443115
2025-08-20 00:00:00+00:00,1.3485448360443115,1.3508766889572144,1.3462574481964111,1.350694179534912
2025-08-20 08:00:00+00:00,1.3507490158081055,1.3508037328720093,1.344881296157837,1.345062255859375
2025-08-20 16:00:00+00:00,1.3450441360473633,1.3470735549926758,1.344971776008606,1.3464930057525635
2025-08-21 00:00:00+00:00,1.3464748859405518,1.3464748859405518,1.3435261249542236,1.3454241752624512
2025-08-21 08:00:00+00:00,1.3455146551132202,1.348199486732483,1.3411476612091064,1.3413995504379272
2025-08-21 16:00:00+00:00,1.3412197828292847,1.342624306678772,1.3406083583831787,1.3417775630950928
2025-08-22 00:00:00+00:00,1.3416156768798828,1.3421918153762817,1.339046597480774,1.340644359588623
2025-08-22 08:00:00+00:00,1.3405544757843018,1.3542977571487427,1.3405184745788574,1.352630853652954
2025-08-22 16:00:00+00:00,1.3525028228759766,1.3543713092803955,1.3516618013381958,1.3519724607467651
2025-08-23 00:00:00+00:00,,,,
2025-08-23 08:00:00+00:00,,,,
2025-08-23 16:00:00+00:00,,,,
2025-08-24 00:00:00+00:00,,,,
2025-08-24 08:00:00+00:00,,,,
2025-08-24 16:00:00+00:00,1.3517532348632812,1.3517532348632812,1.3508766889572144,1.3510043621063232
2025-08-25 00:00:00+00:00,1.3507671356201172,1.3527406454086304,1.3490906953811646,1.3503841161727905
2025-08-25 08:00:00+00:00,1.350511908531189,1.3521004915237427,1.348435878753662,1.348981499671936
2025-08-25 16:00:00+00:00,1.3487995862960815,1.3493455648422241,1.3447909355163574,1.3454604148864746
2025-08-26 00:00:00+00:00,1.3453338146209717,1.348981499671936,1.3435442447662354,1.3456233739852905
2025-08-26 08:00:00+00:00,1.3458044528961182,1.3492909669876099,1.3456414937973022,1.348235845565796
2025-08-26 16:00:00+00:00,1.3483449220657349,1.3492181301116943,1.3469102382659912,1.3477089405059814
2025-08-27 00:00:00+00:00,1.347636342048645,1.3478360176086426,1.3443208932876587,1.3453880548477173
2025-08-27 08:00:00+00:00,1.3453518152236938,1.3473457098007202,1.3419936895370483,1.3467106819152832
2025-08-27 16:00:00+00:00,1.346728801727295,1.3505666255950928,1.346728801727295,1.3504570722579956
2025-08-28 00:00:00+00:00,1.3504936695098877,1.3518811464309692,1.3488905429840088,1.3499467372894287
2025-08-28 08:00:00+00:00,1.3500559329986572,1.352685809135437,1.348435878753662,1.3514060974121094
2025-08-28 16:00:00+00:00,1.3515522480010986,1.3530701398849487,1.350694179534912,1.3509496450424194
2025-08-29 00:00:00+00:00,1.3509862422943115,1.351186990737915,1.3485630750656128,1.3492544889450073
2025-08-29 08:00:00+00:00,1.348981499671936,1.3514609336853027,1.3447909355163574,1.3508219718933105
2025-08-29 16:00:00+00:00,1.3508949279785156,1.351698398590088,1.3500559329986572,1.3501653671264648
2025-08-30 00:00:00+00:00,,,,
2025-08-30 08:00:00+00:00,,,,
2025-08-30 16:00:00+00:00,,,,
2025-08-31 00:00:00+00:00,,,,
2025-08-31 08:00:00+00:00,,,,
2025-08-31 16:00:00+00:00,1.350311279296875,1.3505666255950928,1.350201964378357,1.3503477573394775
2025-09-01 00:00:00+00:00,1.3502748012542725,1.3540594577789307,1.3502748012542725,1.3531067371368408
2025-09-01 08:00:00+00:00,1.3530884981155396,1.354976773262024,1.3523930311203003,1.3541878461837769
2025-09-01 16:00:00+00:00,1.3540961742401123,1.3550318479537964,1.3538211584091187,1.3547013998031616
2025-09-02 00:00:00+00:00,1.3546831607818604,1.3547931909561157,1.339566707611084,1.3401232957839966
2025-09-02 08:00:00+00:00,1.3405544757843018,1.3431291580200195,1.3342050313949585,1.3389748334884644
2025-09-02 16:00:00+00:00,1.3391900062561035,1.3406982421875,1.3375600576400757,1.3382940292358398
2025-09-03 00:00:00+00:00,1.338311791419983,1.3390824794769287,1.333653450012207,1.3366303443908691
2025-09-03 08:00:00+00:00,1.3372201919555664,1.3453699350357056,1.3369340896606445,1.3447909355163574
2025-09-03 16:00:00+00:00,1.3447909355163574,1.3458225727081299,1.3435803651809692,1.3441582918167114
2025-09-04 00:00:00+00:00,1.344031810760498,1.344881296157837,1.341705560684204,1.3427144289016724
2025-09-04 08:00:00+00:00,1.3428045511245728,1.3459855318069458,1.3417775630950928,1.3439054489135742
2025-09-04 16:00:00+00:00,1.3438873291015625,1.3445016145706177,1.341849684715271,1.3444474935531616
2025-09-05 00:00:00+00:00,1.344483494758606,1.3471460342407227,1.3442847728729248,1.3465837240219116
2025-09-05 08:00:00+00:00,1.3463480472564697,1.355380892753601,1.3457863330841064,1.3542428016662598
2025-09-05 16:00:00+00:00,1.3541145324707031,1.3542428016662598,1.3501471281051636,1.3506578207015991
2025-09-06 00:00:00+00:00,,,,
2025-09-06 08:00:00+00:00,,,,
2025-09-06 16:00:00+00:00,,,,
2025-09-07 00:00:00+00:00,,,,
2025-09-07 08:00:00+00:00,,,,
2025-09-07 16:00:00+00:00,1.3489633798599243,1.3496005535125732,1.348690390586853,1.3492181301116943
2025-09-08 00:00:00+00:00,1.34890878200531,1.352594256401062,1.3484539985656738,1.351698398590088
2025-09-08 08:00:00+00:00,1.3515522480010986,1.3555094003677368,1.3503295183181763,1.3545180559158325
2025-09-08 16:00:00+00:00,1.3547565937042236,1.355821967124939,1.3527954816818237,1.3552889823913574
2025-09-09 00:00:00+00:00,1.3551604747772217,1.3581973314285278,1.3551604747772217,1.356539249420166
2025-09-09 08:00:00+00:00,1.3565759658813477,1.3590095043182373,1.3523746728897095,1.353271484375
2025-09-09 16:00:00+00:00,1.353033423423767,1.3545913696289062,1.3518811464309692,1.3521188497543335
2025-09-10 00:00:00+00:00,1.3518811464309692,1.3543895483016968,1.351607084274292,1.3533997535705566
2025-09-10 08:00:00+00:00,1.353363037109375,1.356042504310608,1.352027416229248,1.3546831607818604
2025-09-10 16:00:00+00:00,1.3547931909561157,1.354921817779541,1.3522101640701294,1.3534914255142212
2025-09-11 00:00:00+00:00,1.3531982898712158,1.3534363508224487,1.3505300283432007,1.3515704870224
2025-09-11 08:00:00+00:00,1.3516253232955933,1.3579022884368896,1.3497644662857056,1.3566312789916992
2025-09-11 16:00:00+00:00,1.3566864728927612,1.3583080768585205,1.3566864728927612,1.3576257228851318
2025-09-12 00:00:00+00:00,1.357367753982544,1.3576072454452515,1.3545730113983154,1.3564103841781616
2025-09-12 08:00:00+00:00,1.3563183546066284,1.3568521738052368,1.3527222871780396,1.3545180559158325
2025-09-12 16:00:00+00:00,1.3546464443206787,1.3570730686187744,1.3541145324707031,1.3565759658813477
2025-09-13 00:00:00+00:00,,,,
2025-09-13 08:00:00+00:00,,,,
2025-09-13 16:00:00+00:00,,,,
2025-09-14 00:00:00+00:00,,,,
2025-09-14 08:00:00+00:00,,,,
2025-09-14 16:00:00+00:00,1.3557300567626953,1.3558770418167114,1.3552522659301758,1.3553073406219482
2025-09-15 00:00:00+00:00,1.3554911613464355,1.3594714403152466,1.354976773262024,1.3582895994186401
2025-09-15 08:00:00+00:00,1.3582342863082886,1.3619153499603271,1.3579760789871216,1.3606553077697754
2025-09-15 16:00:00+00:00,1.3608033657073975,1.3611738681793213,1.3595823049545288,1.3601741790771484
2025-09-16 00:00:00+00:00,1.360377550125122,1.3643680810928345,1.3598966598510742,1.3628805875778198
2025-09-16 08:00:00+00:00,1.3628805875778198,1.3670353889465332,1.362453579902649,1.3653554916381836
2025-09-16 16:00:00+00:00,1.365243673324585,1.367353081703186,1.3644425868988037,1.3652995824813843
2025-09-17 00:00:00+00:00,1.3655046224594116,1.3659336566925049,1.3631592988967896,1.3635309934616089
2025-09-17 08:00:00+00:00,1.3634566068649292,1.3669044971466064,1.3634008169174194,1.365877628326416
2025-09-17 16:00:00+00:00,1.3661015033721924,1.37247633934021,1.3620080947875977,1.3630106449127197
2025-09-18 00:00:00+00:00,1.36282479763031,1.363958716392517,1.35869562625885,1.3633079528808594
2025-09-18 08:00:00+00:00,1.3632335662841797,1.3655606508255005,1.3535462617874146,1.354719877243042
2025-09-18 16:00:00+00:00,1.354958415031433,1.3562631607055664,1.3542611598968506,1.3555278778076172
2025-09-19 00:00:00+00:00,1.355546236038208,1.3559322357177734,1.34865403175354,1.34916353225708
2025-09-19 08:00:00+00:00,1.3492727279663086,1.3510775566101074,1.3464748859405518,1.3483994007110596
2025-09-19 16:00:00+00:00,1.348508596420288,1.3485267162322998,1.3468012809753418,1.347400188446045
2025-09-20 00:00:00+00:00,,,,
2025-09-20 08:00:00+00:00,,,,
2025-09-20 16:00:00+00:00,,,,
2025-09-21 00:00:00+00:00,,,,
2025-09-21 08:00:00+00:00,,,,
2025-09-21 16:00:00+00:00,1.347218632698059,1.3472368717193604,1.3464205265045166,1.3464205265045166
2025-09-22 00:00:00+00:00,1.3462210893630981,1.3483085632324219,1.3454241752624512,1.3478904962539673
2025-09-22 08:00:00+00:00,1.348090410232544,1.3515704870224,1.348090410232544,1.3502748012542725
2025-09-22 16:00:00+00:00,1.3503658771514893,1.3520090579986572,1.350001335144043,1.3514609336853027
2025-09-23 00:00:00+00:00,1.3512600660324097,1.352649211883545,1.3503658771514893,1.3520822525024414
2025-09-23 08:00:00+00:00,1.3518263101577759,1.3536012172698975,1.3487813472747803,1.3516801595687866
2025-09-23 16:00:00+00:00,1.3517898321151733,1.3528321981430054,1.3509132862091064,1.3524113893508911
2025-09-24 00:00:00+00:00,1.3523746728897095,1.3523746728897095,1.3483266830444336,1.3485630750656128
2025-09-24 08:00:00+00:00,1.3479995727539062,1.3487449884414673,1.342822551727295,1.344700574874878
2025-09-24 16:00:00+00:00,1.3446824550628662,1.3456052541732788,1.343977689743042,1.344971776008606
2025-09-25 00:00:00+00:00,1.3450803756713867,1.346728801727295,1.3438150882720947,1.3438150882720947
2025-09-25 08:00:00+00:00,1.3438873291015625,1.3460036516189575,1.3342761993408203,1.3348817825317383
2025-09-25 16:00:00+00:00,1.3349887132644653,1.3357375860214233,1.332533836364746,1.3336000442504883
2025-09-26 00:00:00+00:00,1.3334400653839111,1.3369520902633667,1.333173394203186,1.335309624671936
2025-09-26 08:00:00+00:00,1.3352917432785034,1.3412376642227173,1.3342405557632446,1.3401591777801514
2025-09-26 16:00:00+00:00,1.3402130603790283,1.3411117792129517,1.3398360013961792,1.3401951789855957
2025-09-27 00:00:00+00:00,,,,
2025-09-27 08:00:00+00:00,,,,
2025-09-27 16:00:00+00:00,,,,
2025-09-28 00:00:00+00:00,,,,
2025-09-28 08:00:00+00:00,,,,
2025-09-28 16:00:00+00:00,1.3404825925827026,1.3411656618118286,1.3404825925827026,1.3407881259918213
2025-09-29 00:00:00+00:00,1.3409678936004639,1.3449536561965942,1.3409678936004639,1.3446824550628662
2025-09-29 08:00:00+00:00,1.3445197343826294,1.3456594944000244,1.341849684715271,1.3432193994522095
2025-09-29 16:00:00+00:00,1.3432193994522095,1.3439054489135742,1.3423539400100708,1.3435261249542236
2025-09-30 00:00:00+00:00,1.343111276626587,1.3451346158981323,1.3421016931533813,1.3447909355163574
2025-09-30 08:00:00+00:00,1.3447185754776,1.3467106819152832,1.3416156768798828,1.3443208932876587
2025-09-30 16:00:00+00:00,1.3445197343826294,1.3463118076324463,1.344031810760498,1.3443390130996704
2025-10-01 00:00:00+00:00,1.3441221714019775,1.3477451801300049,1.343562364578247,1.34678316116333
2025-10-01 08:00:00+00:00,1.34689199924469,1.3527222871780396,1.3459675312042236,1.347218632698059
2025-10-01 16:00:00+00:00,1.3466380834579468,1.3491452932357788,1.3466380834579468,1.3479268550872803
2025-10-02 00:00:00+00:00,1.3476907014846802,1.3500559329986572,1.346819519996643,1.3494548797607422
2025-10-02 08:00:00+00:00,1.349436640739441,1.3510409593582153,1.3402130603790283,1.3421378135681152
2025-10-02 16:00:00+00:00,1.3421558141708374,1.3451708555221558,1.3421558141708374,1.3446824550628662
2025-10-03 00:00:00+00:00,1.3446643352508545,1.3460580110549927,1.343075156211853,1.3459855318069458
2025-10-03 08:00:00+00:00,1.3464386463165283,1.3484903573989868,1.3438873291015625,1.3480178117752075
2025-10-03 16:00:00+00:00,1.348126769065857,1.3486357927322388,1.3464205265045166,1.348090410232544
2025-10-04 00:00:00+00:00,,,,
2025-10-04 08:00:00+00:00,,,,
2025-10-04 16:00:00+00:00,,,,
2025-10-05 00:00:00+00:00,,,,
2025-10-05 08:00:00+00:00,,,,
2025-10-05 16:00:00+00:00,1.3435442447662354,1.3437608480453491,1.3428045511245728,1.3433277606964111
2025-10-06 00:00:00+00:00,1.3433096408843994,1.3464205265045166,1.3428946733474731,1.3445558547973633
2025-10-06 08:00:00+00:00,1.344483494758606,1.3483994007110596,1.3417235612869263,1.3474364280700684
2025-10-06 16:00:00+00:00,1.3476725816726685,1.3490360975265503,1.346692442893982,1.3484721183776855
2025-10-07 00:00:00+00:00,1.3484176397323608,1.348435878753662,1.3433457612991333,1.3435261249542236
2025-10-07 08:00:00+00:00,1.3437248468399048,1.3453518152236938,1.3393514156341553,1.344212532043457
2025-10-07 16:00:00+00:00,1.3441402912139893,1.345188856124878,1.341705560684204,1.342065691947937
2025-10-08 00:00:00+00:00,1.3421016931533813,1.3421016931533813,1.3385089635849,1.3416515588760376
2025-10-08 08:00:00+00:00,1.3417235612869263,1.3438150882720947,1.3388315439224243,1.339172124862671
2025-10-08 16:00:00+00:00,1.3389031887054443,1.3408061265945435,1.3372201919555664,1.3401411771774292
2025-10-09 00:00:00+00:00,1.3400514125823975,1.3419216871261597,1.3351670503616333,1.3352917432785034
2025-10-09 08:00:00+00:00,1.3354523181915283,1.339261770248413,1.3292746543884277,1.3309022188186646
2025-10-09 16:00:00+00:00,1.33109712600708,1.3314870595932007,1.3280917406082153,1.3303532600402832
2025-10-10 00:00:00+00:00,1.3303710222244263,1.3314692974090576,1.3280917406082153,1.3302648067474365
2025-10-10 08:00:00+00:00,1.330247163772583,1.3359874486923218,1.326682209968567,1.3338847160339355
2025-10-10 16:00:00+00:00,1.3346501588821411,1.335862636566162,1.3332089185714722,1.33539879322052
2025-10-11 00:00:00+00:00,,,,
2025-10-11 08:00:00+00:00,,,,
2025-10-11 16:00:00+00:00,,,,
2025-10-12 00:00:00+00:00,,,,
2025-10-12 08:00:00+00:00,,,,
2025-10-12 16:00:00+00:00,1.3342584371566772,1.3347570896148682,1.3336178064346313,1.333653450012207
2025-10-13 00:00:00+00:00,1.3337246179580688,1.336594581604004,1.333066701889038,1.3336889743804932
2025-10-13 08:00:00+00:00,1.3334933519363403,1.3351491689682007,1.331611156463623,1.3329423666000366
2025-10-13 16:00:00+00:00,1.333048939704895,1.3340448141098022,1.3326047658920288,1.3332444429397583
2025-10-14 00:00:00+00:00,1.3333154916763306,1.3352738618850708,1.3255040645599365,1.3257851600646973
2025-10-14 08:00:00+00:00,1.3255391120910645,1.331912636756897,1.324959635734558,1.331912636756897
2025-10-14 16:00:00+00:00,1.3321077823638916,1.3332444429397583,1.3308136463165283,1.3322497606277466
2025-10-15 00:00:00+00:00,1.3321077823638916,1.3373095989227295,1.3321077823638916,1.3352560997009277
2025-10-15 08:00:00+00:00,1.3350956439971924,1.3401411771774292,1.3336355686187744,1.3394231796264648
2025-10-15 16:00:00+00:00,1.339172124862671,1.3407701253890991,1.3372559547424316,1.340356707572937
2025-10-16 00:00:00+00:00,1.3401771783828735,1.344212532043457,1.3401232957839966,1.342624306678772
2025-10-16 08:00:00+00:00,1.342426061630249,1.3454241752624512,1.341489553451538,1.3422818183898926
2025-10-16 16:00:00+00:00,1.3427504301071167,1.3448090553283691,1.3416695594787598,1.3444656133651733
2025-10-17 00:00:00+00:00,1.3444656133651733,1.3471460342407227,1.3425521850585938,1.343273639678955
2025-10-17 08:00:00+00:00,1.343706727027893,1.3443751335144043,1.3392080068588257,1.3421016931533813
2025-10-17 16:00:00+00:00,1.3420296907424927,1.3439054489135742,1.3411476612091064,1.342570185661316
2025-10-18 00:00:00+00:00,,,,
2025-10-18 08:00:00+00:00,,,,
2025-10-18 16:00:00+00:00,,,,
2025-10-19 00:00:00+00:00,,,,
2025-10-19 08:00:00+00:00,,,,
2025-10-19 16:00:00+00:00,1.342624306678772,1.343075156211853,1.3425161838531494,1.3425521850585938
2025-10-20 00:00:00+00:00,1.3426603078842163,1.3443208932876587,1.340644359588623,1.3417235612869263
2025-10-20 08:00:00+00:00,1.341579556465149,1.3438873291015625,1.3401232957839966,1.342065691947937
2025-10-20 16:00:00+00:00,1.3421016931533813,1.342624306678772,1.3400874137878418,1.3405184745788574
2025-10-21 00:00:00+00:00,1.3404465913772583,1.3416156768798828,1.337327480316162,1.3393694162368774
2025-10-21 08:00:00+00:00,1.3390108346939087,1.3394052982330322,1.3363267183303833,1.3389211893081665
2025-10-21 16:00:00+00:00,1.3392080068588257,1.3396027088165283,1.3364696502685547,1.3365589380264282
2025-10-22 00:00:00+00:00,1.336755394935608,1.3387597799301147,1.3320900201797485,1.3323208093643188
2025-10-22 08:00:00+00:00,1.3320190906524658,1.3374168872833252,1.3307074308395386,1.3371129035949707
2025-10-22 16:00:00+00:00,1.337238073348999,1.3375779390335083,1.335042119026184,1.3351134061813354
2025-10-23 00:00:00+00:00,1.335042119026184,1.3357198238372803,1.3330134153366089,1.3351491689682007
2025-10-23 08:00:00+00:00,1.3351848125457764,1.335594892501831,1.3311856985092163,1.3321433067321777
2025-10-23 16:00:00+00:00,1.3324627876281738,1.3330844640731812,1.330866813659668,1.332746982574463
2025-10-24 00:00:00+00:00,1.3326226472854614,1.3333688974380493,1.3312920331954956,1.331611156463623
2025-10-24 08:00:00+00:00,1.3315757513046265,1.335951805114746,1.3292568922042847,1.329681158065796
2025-10-24 16:00:00+00:00,1.329716444015503,1.331788420677185,1.3289036750793457,1.3313628435134888
2025-10-25 00:00:00+00:00,,,,
2025-10-25 08:00:00+00:00,,,,
2025-10-25 16:00:00+00:00,,,,
2025-10-26 00:00:00+00:00,,,,
2025-10-26 08:00:00+00:00,,,,
2025-10-26 16:00:00+00:00,,,,
2025-10-27 00:00:00+00:00,1.3323739767074585,1.3335822820663452,1.3311502933502197,1.3316643238067627
2025-10-27 08:00:00+00:00,1.331398367881775,1.3352917432785034,1.3311502933502197,1.3329423666000366
2025-10-27 16:00:00+00:00,1.3329778909683228,1.3344720602035522,1.332480549812317,1.334115982055664
2025-10-28 00:00:00+00:00,1.333991527557373,1.337005615234375,1.3332444429397583,1.3335645198822021
2025-10-28 08:00:00+00:00,1.3336000442504883,1.333653450012207,1.3248717784881592,1.327703833580017
2025-10-28 16:00:00+00:00,1.3277214765548706,1.32908034324646,1.3269991874694824,1.3276863098144531
2025-10-29 00:00:00+00:00,1.3277919292449951,1.3280742168426514,1.3223315477371216,1.322873830795288
2025-10-29 08:00:00+00:00,1.322873830795288,1.3244507312774658,1.3196442127227783,1.3242402076721191
2025-10-29 16:00:00+00:00,1.3241350650787354,1.324327826499939,1.3147860765457153,1.3195223808288574
2025-10-30 00:00:00+00:00,1.3194527626037598,1.3218421936035156,1.3188261985778809,1.3197487592697144
2025-10-30 08:00:00+00:00,1.3198533058166504,1.3210737705230713,1.3120088577270508,1.314699649810791
2025-10-30 16:00:00+00:00,1.31483793258667,1.3160319328308105,1.3138360977172852,1.3159106969833374
2025-10-31 00:00:00+00:00,1.3159799575805664,1.3164650201797485,1.3125942945480347,1.3146477937698364
2025-10-31 08:00:00+00:00,1.3143194913864136,1.31483793258667,1.309826374053955,1.3138188123703003
2025-10-31 16:00:00+00:00,1.31402587890625,1.315408706665039,1.3123531341552734,1.315408706665039
2025-11-01 00:00:00+00:00,,,,
2025-11-01 08:00:00+00:00,,,,
2025-11-01 16:00:00+00:00,,,,
2025-11-02 00:00:00+00:00,,,,
2025-11-02 08:00:00+00:00,,,,
2025-11-02 16:00:00+00:00,,,,
2025-11-03 00:00:00+00:00,1.313628911972046,1.314941644668579,1.313059687614441,1.3138360977172852
2025-11-03 08:00:00+00:00,1.313628911972046,1.3146650791168213,1.3110971450805664,1.3146650791168213
2025-11-03 16:00:00+00:00,1.314699649810791,1.316239833831787,1.313508152961731,1.313508152961731
2025-11-04 00:00:00+00:00,1.3131458759307861,1.3138878345489502,1.3117679357528687,1.312146544456482
2025-11-04 08:00:00+00:00,1.3120431900024414,1.3120431900024414,1.3034580945968628,1.3046144247055054
2025-11-04 16:00:00+00:00,1.3048186302185059,1.3052103519439697,1.3011176586151123,1.302151083946228
2025-11-05 00:00:00+00:00,1.3021341562271118,1.3031013011932373,1.3011176586151123,1.3027788400650024
2025-11-05 08:00:00+00:00,1.3028297424316406,1.305159330368042,1.301253080368042,1.3041890859603882
2025-11-05 16:00:00+00:00,1.3041720390319824,1.305483102798462,1.3032373189926147,1.3052273988723755
2025-11-06 00:00:00+00:00,1.3051763772964478,1.307172417640686,1.3051252365112305,1.306335687637329
2025-11-06 08:00:00+00:00,1.3063015937805176,1.3124393224716187,1.3060115575790405,1.3102554082870483
2025-11-06 16:00:00+00:00,1.3102209568023682,1.3142677545547485,1.3097920417785645,1.3140431642532349
2025-11-07 00:00:00+00:00,1.313974142074585,1.3141640424728394,1.311389446258545,1.3125426769256592
2025-11-07 08:00:00+00:00,1.3124737739562988,1.3173668384552002,1.3096033334732056,1.3152011632919312
2025-11-07 16:00:00+00:00,1.3153221607208252,1.3175057172775269,1.3153221607208252,1.3163610696792603
2025-11-08 00:00:00+00:00,,,,
2025-11-08 08:00:00+00:00,,,,
2025-11-08 16:00:00+00:00,,,,
2025-11-09 00:00:00+00:00,,,,
2025-11-09 08:00:00+00:00,,,,
2025-11-09 16:00:00+00:00,,,,
2025-11-10 00:00:00+00:00,1.3141813278198242,1.3166730403900146,1.3138188123703003,1.3159453868865967
2025-11-10 08:00:00+00:00,1.3157721757888794,1.3191219568252563,1.31483793258667,1.31483793258667
2025-11-10 16:00:00+00:00,1.3148552179336548,1.31851327419281,1.3148552179336548,1.3172974586486816
2025-11-11 00:00:00+00:00,1.3172800540924072,1.3175230026245117,1.3122154474258423,1.312508225440979
2025-11-11 08:00:00+00:00,1.312766671180725,1.3184436559677124,1.311785101890564,1.317644476890564
2025-11-11 16:00:00+00:00,1.3173668384552002,1.3179224729537964,1.314820647239685,1.3153221607208252
2025-11-12 00:00:00+00:00,1.3152875900268555,1.3153048753738403,1.3129217624664307,1.3144749402999878
2025-11-12 08:00:00+00:00,1.3147342205047607,1.3155298233032227,1.3085750341415405,1.3131458759307861
2025-11-12 16:00:00+00:00,1.3132493495941162,1.3144404888153076,1.3124737739562988,1.3128184080123901
2025-11-13 00:00:00+00:00,1.3128528594970703,1.314405918121338,1.3104957342147827,1.3143367767333984
2025-11-13 08:00:00+00:00,1.3141640424728394,1.3198881149291992,1.3131976127624512,1.3198881149291992
2025-11-13 16:00:00+00:00,1.3198533058166504,1.3214752674102783,1.3137497901916504,1.3151837587356567
2025-11-14 00:00:00+00:00,1.3153395652770996,1.316187858581543,1.3127493858337402,1.3149590492248535
2025-11-14 08:00:00+00:00,1.314457654953003,1.3190349340438843,1.310994029045105,1.3136979341506958
2025-11-14 16:00:00+00:00,1.314077615737915,1.317488431930542,1.3140604496002197,1.3171932697296143
2025-11-15 00:00:00+00:00,,,,
2025-11-15 08:00:00+00:00,,,,
2025-11-15 16:00:00+00:00,,,,
2025-11-16 00:00:00+00:00,,,,
2025-11-16 08:00:00+00:00,,,,
2025-11-16 16:00:00+00:00,,,,
2025-11-17 00:00:00+00:00,1.3159279823303223,1.3175925016403198,1.3137497901916504,1.3175230026245117
2025-11-17 08:00:00+00:00,1.3175404071807861,1.3192960023880005,1.3152357339859009,1.3178181648254395
2025-11-17 16:00:00+00:00,1.3177661895751953,1.3179919719696045,1.314578652381897,1.315495252609253
2025-11-18 00:00:00+00:00,1.315477967262268,1.3164650201797485,1.3145440816879272,1.3152011632919312
2025-11-18 08:00:00+00:00,1.3150626420974731,1.317627191543579,1.313559889793396,1.3144749402999878
2025-11-18 16:00:00+00:00,1.314509630203247,1.3157202005386353,1.3136979341506958,1.3147687911987305
2025-11-19 00:00:00+00:00,1.3147515058517456,1.3153914213180542,1.3129734992980957,1.3142850399017334
2025-11-19 08:00:00+00:00,1.3146305084228516,1.3147515058517456,1.307257890701294,1.3079760074615479
2025-11-19 16:00:00+00:00,1.308010220527649,1.3085408210754395,1.30451238155365,1.306045651435852
2025-11-20 00:00:00+00:00,1.3059604167938232,1.3069674968719482,1.3039510250091553,1.306950330734253
2025-11-20 08:00:00+00:00,1.3070528507232666,1.3123359680175781,1.305721640586853,1.3094146251678467
2025-11-20 16:00:00+00:00,1.3094489574432373,1.3103067874908447,1.3066600561141968,1.3083868026733398
2025-11-21 00:00:00+00:00,1.3083182573318481,1.3097233772277832,1.3072919845581055,1.308249831199646
2025-11-21 08:00:00+00:00,1.3078734874725342,1.3102725744247437,1.3040019273757935,1.3085066080093384
2025-11-21 16:00:00+00:00,1.308455228805542,1.3109767436981201,1.3075141906738281,1.3097747564315796
2025-11-22 00:00:00+00:00,,,,
2025-11-22 08:00:00+00:00,,,,
2025-11-22 16:00:00+00:00,,,,
2025-11-23 00:00:00+00:00,,,,
2025-11-23 08:00:00+00:00,,,,
2025-11-23 16:00:00+00:00,,,,
2025-11-24 00:00:00+00:00,1.3096375465393066,1.311079978942871,1.3086093664169312,1.3091061115264893
2025-11-24 08:00:00+00:00,1.3093289136886597,1.3117506504058838,1.3081471920013428,1.3097577095031738
2025-11-24 16:00:00+00:00,1.309826374053955,1.3116302490234375,1.3086777925491333,1.3105130195617676
2025-11-25 00:00:00+00:00,1.3105130195617676,1.3128873109817505,1.3096033334732056,1.312026023864746
2025-11-25 08:00:00+00:00,1.312026023864746,1.319400429725647,1.3109767436981201,1.317627191543579
2025-11-25 16:00:00+00:00,1.3176618814468384,1.3214229345321655,1.315495252609253,1.3158761262893677
2025-11-26 00:00:00+00:00,1.3160319328308105,1.3197487592697144,1.3160319328308105,1.3178355693817139
2025-11-26 08:00:00+00:00,1.3180266618728638,1.3232413530349731,1.313214898109436,1.3226288557052612
2025-11-26 16:00:00+00:00,1.322873830795288,1.324643611907959,1.3220168352127075,1.3245383501052856
2025-11-27 00:00:00+00:00,1.3245383501052856,1.3268407583236694,1.3230313062667847,1.3239071369171143
2025-11-27 08:00:00+00:00,1.323766827583313,1.3251352310180664,1.3210911750793457,1.3251352310180664
2025-11-27 16:00:00+00:00,1.3250473737716675,1.3255215883255005,1.323101282119751,1.3241175413131714
2025-11-28 00:00:00+00:00,1.3241175413131714,1.3245209455490112,1.3212482929229736,1.3212482929229736
2025-11-28 08:00:00+00:00,1.321300745010376,1.3255040645599365,1.320166826248169,1.3250298500061035
2025-11-28 16:00:00+00:00,1.3247840404510498,1.3249948024749756,1.3227688074111938,1.323258876800537
2025-11-29 00:00:00+00:00,,,,
2025-11-29 08:00:00+00:00,,,,
2025-11-29 16:00:00+00:00,,,,
2025-11-30 00:00:00+00:00,,,,
2025-11-30 08:00:00+00:00,,,,
2025-11-30 16:00:00+00:00,,,,
2025-12-01 00:00:00+00:00,1.324047327041626,1.3246963024139404,1.321126103401184,1.3222790956497192
2025-12-01 08:00:00+00:00,1.3216849565505981,1.3274219036102295,1.3207422494888306,1.3253810405731201
2025-12-01 16:00:00+00:00,1.3252581357955933,1.3252581357955933,1.3209515810012817,1.3209515810012817
2025-12-02 00:00:00+00:00,1.3209515810012817,1.322226643562317,1.3204457759857178,1.3216150999069214
2025-12-02 08:00:00+00:00,1.3216499090194702,1.3220692873001099,1.31816565990448,1.3203411102294922
2025-12-02 16:00:00+00:00,1.3202191591262817,1.3221392631530762,1.3180092573165894,1.3219120502471924
2025-12-03 00:00:00+00:00,1.3220692873001099,1.3252756595611572,1.3218421936035156,1.324327826499939
2025-12-03 08:00:00+00:00,1.3244155645370483,1.3331378698349,1.3238195180892944,1.3329601287841797
2025-12-03 16:00:00+00:00,1.3331378698349,1.335505723953247,1.3329956531524658,1.334810495376587
2025-12-04 00:00:00+00:00,1.3346322774887085,1.3346322774887085,1.3328180313110352,1.3336889743804932
2025-12-04 08:00:00+00:00,1.3337067365646362,1.338401436805725,1.3324627876281738,1.3373453617095947
2025-12-04 16:00:00+00:00,1.3366659879684448,1.3366659879684448,1.3321433067321777,1.3322675228118896
2025-12-05 00:00:00+00:00,1.3324627876281738,1.3362016677856445,1.3323030471801758,1.3353809118270874
2025-12-05 08:00:00+00:00,1.3348283767700195,1.3361660242080688,1.3329423666000366,1.334329605102539
2025-12-05 16:00:00+00:00,1.3343474864959717,1.3343474864959717,1.3318772315979004,1.333031177520752
2025-12-06 00:00:00+00:00,,,,
2025-12-06 08:00:00+00:00,,,,
2025-12-06 16:00:00+00:00,,,,
2025-12-07 00:00:00+00:00,,,,
2025-12-07 08:00:00+00:00,,,,
2025-12-07 16:00:00+00:00,,,,
2025-12-08 00:00:00+00:00,1.3326404094696045,1.3346322774887085,1.3322675228118896,1.3326226472854614
2025-12-08 08:00:00+00:00,1.332533836364746,1.3338313102722168,1.3307074308395386,1.331256628036499
2025-12-08 16:00:00+00:00,1.331238865852356,1.3332622051239014,1.3310085535049438,1.332675814628601
2025-12-09 00:00:00+00:00,1.3327823877334595,1.3337067365646362,1.331912636756897,1.333031177520752
2025-12-09 08:00:00+00:00,1.332924485206604,1.335505723953247,1.3289390802383423,1.3296633958816528
2025-12-09 16:00:00+00:00,1.329787254333496,1.3318594694137573,1.3292568922042847,1.330300211906433
2025-12-10 00:00:00+00:00,1.3303357362747192,1.3326047658920288,1.3297518491744995,1.3325515985488892
2025-12-10 08:00:00+00:00,1.332356333732605,1.33367121219635,1.330247163772583,1.3320368528366089
2025-12-10 16:00:00+00:00,1.3321077823638916,1.339172124862671,1.3317530155181885,1.3388673067092896
2025-12-11 00:00:00+00:00,1.3389389514923096,1.3392797708511353,1.3360053300857544,1.3370771408081055
2025-12-11 08:00:00+00:00,1.3370234966278076,1.3435261249542236,1.3356127738952637,1.3435261249542236
2025-12-11 16:00:00+00:00,1.3436164855957031,1.3437789678573608,1.3383835554122925,1.3391542434692383
2025-12-12 00:00:00+00:00,1.3393694162368774,1.339979648590088,1.3377747535705566,1.33865225315094
2025-12-12 08:00:00+00:00,1.338186502456665,1.3388851881027222,1.335309624671936,1.335416555404663
2025-12-12 16:00:00+00:00,1.3356484174728394,1.337685227394104,1.3343652486801147,1.337238073348999
2025-12-13 00:00:00+00:00,,,,
2025-12-13 08:00:00+00:00,,,,
2025-12-13 16:00:00+00:00,,,,
2025-12-14 00:00:00+00:00,,,,
2025-12-14 08:00:00+00:00,,,,
2025-12-14 16:00:00+00:00,,,,
2025-12-15 00:00:00+00:00,1.3368090391159058,1.3374168872833252,1.335594892501831,1.3364337682724
2025-12-15 08:00:00+00:00,1.3365052938461304,1.3401411771774292,1.3362016677856445,1.339261770248413
2025-12-15 16:00:00+00:00,1.3395129442214966,1.3395129442214966,1.3360588550567627,1.3379895687103271
2025-12-16 00:00:00+00:00,1.3380253314971924,1.3383835554122925,1.335666298866272,1.3374348878860474
2025-12-16 08:00:00+00:00,1.3375779390335083,1.3452612161636353,1.3375779390335083,1.3413276672363281
2025-12-16 16:00:00+00:00,1.341597557067871,1.344031810760498,1.3408780097961426,1.342480182647705
2025-12-17 00:00:00+00:00,1.3426063060760498,1.342624306678772,1.3316820859909058,1.3321610689163208
2025-12-17 08:00:00+00:00,1.3323917388916016,1.3399616479873657,1.3312920331954956,1.3399616479873657
2025-12-17 16:00:00+00:00,1.339979648590088,1.340572476387024,1.337327480316162,1.3374348878860474
2025-12-18 00:00:00+00:00,1.3374526500701904,1.3379358053207397,1.3362730741500854,1.3367197513580322
2025-12-18 08:00:00+00:00,1.3366482257843018,1.3445920944213867,1.3341871500015259,1.3394231796264648
2025-12-18 16:00:00+00:00,1.339441180229187,1.3404825925827026,1.3371665477752686,1.3384909629821777
2025-12-19 00:00:00+00:00,1.3383835554122925,1.3386701345443726,1.3365052938461304,1.3365768194198608
2025-12-19 08:00:00+00:00,1.3366659879684448,1.3388135433197021,1.3358089923858643,1.3362374305725098
2025-12-19 16:00:00+00:00,1.3362195491790771,1.3395129442214966,1.3361302614212036,1.3380253314971924
2025-12-20 00:00:00+00:00,,,,
2025-12-20 08:00:00+00:00,,,,
2025-12-20 16:00:00+00:00,,,,
2025-12-21 00:00:00+00:00,,,,
2025-12-21 08:00:00+00:00,,,,
2025-12-21 16:00:00+00:00,,,,
2025-12-22 00:00:00+00:00,1.3379716873168945,1.3419036865234375,1.3379716873168945,1.3414356708526611
2025-12-22 08:00:00+00:00,1.341381549835205,1.345913052558899,1.3410757780075073,1.3454241752624512
2025-12-22 16:00:00+00:00,1.345406174659729,1.3477815389633179,1.3448090553283691,1.3469464778900146
2025-12-23 00:00:00+00:00,1.34689199924469,1.3501653671264648,1.34689199924469,1.3501653671264648
2025-12-23 08:00:00+00:00,1.350201964378357,1.3519177436828613,1.3474183082580566,1.3485267162322998
2025-12-23 16:00:00+00:00,1.3483812808990479,1.3523930311203003,1.3472368717193604,1.3513513803482056
2025-12-24 00:00:00+00:00,1.3515522480010986,1.3534914255142212,1.3508037328720093,1.3512235879898071
2025-12-24 08:00:00+00:00,1.3514243364334106,1.3528138399124146,1.349400281906128,1.3508037328720093
2025-12-24 16:00:00+00:00,1.3505300283432007,1.3510956764221191,1.3488905429840088,1.3495094776153564
2025-12-25 00:00:00+00:00,1.35023832321167,1.3527222871780396,1.349127173423767,1.3524844646453857
2025-12-25 08:00:00+00:00,1.3521188497543335,1.3523930311203003,1.3521188497543335,1.352338194847107
2025-12-25 16:00:00+00:00,1.353179931640625,1.353179931640625,1.3502565622329712,1.3509314060211182
2025-12-26 00:00:00+00:00,1.3506760597229004,1.3522651195526123,1.348090410232544,1.3483449220657349
2025-12-26 08:00:00+00:00,1.3482176065444946,1.3527222871780396,1.3478360176086426,1.350712537765503
2025-12-26 16:00:00+00:00,1.3507307767868042,1.3507307767868042,1.348235845565796,1.3498555421829224
2025-12-27 00:00:00+00:00,,,,
2025-12-27 08:00:00+00:00,,,,
2025-12-27 16:00:00+00:00,,,,
2025-12-28 00:00:00+00:00,,,,
2025-12-28 08:00:00+00:00,,,,
2025-12-28 16:00:00+00:00,,,,
2025-12-29 00:00:00+00:00,1.350001335144043,1.3512052297592163,1.3482539653778076,1.3486357927322388
2025-12-29 08:00:00+00:00,1.3485448360443115,1.3511322736740112,1.3471097946166992,1.3499830961227417
2025-12-29 16:00:00+00:00,1.349800944328308,1.3515522480010986,1.3483994007110596,1.3509314060211182
2025-12-30 00:00:00+00:00,1.3509680032730103,1.3521369695663452,1.349892020225525,1.350621223449707
2025-12-30 08:00:00+00:00,1.3508949279785156,1.3530884981155396,1.3451164960861206,1.347400188446045
2025-12-30 16:00:00+00:00,1.347472906112671,1.3483085632324219,1.3462210893630981,1.3466744422912598
2025-12-31 00:00:00+00:00,1.346819519996643,1.346819519996643,1.345279335975647,1.3458225727081299
2025-12-31 08:00:00+00:00,1.3456957340240479,1.347636342048645,1.3402849435806274,1.3452250957489014
2025-12-31 16:00:00+00:00,1.3449898958206177,1.3483812808990479,1.3439595699310303,1.3474183082580566
2026-01-01 00:00:00+00:00,1.3474183082580566,1.3474183082580566,1.3474183082580566,1.3474183082580566
2026-01-01 08:00:00+00:00,1.3474183082580566,1.3474183082580566,1.3474183082580566,1.3474183082580566
2026-01-01 16:00:00+00:00,1.3456414937973022,1.3480722904205322,1.3456414937973022,1.3473275899887085
2026-01-02 00:00:00+00:00,1.3474546670913696,1.3491452932357788,1.3458588123321533,1.3466380834579468
2026-01-02 08:00:00+00:00,1.3464930057525635,1.3501471281051636,1.3434721231460571,1.3497462272644043
2026-01-02 16:00:00+00:00,1.3498190641403198,1.3498555421829224,1.3447185754776,1.346293568611145
2026-01-03 00:00:00+00:00,,,,
2026-01-03 08:00:00+00:00,,,,
2026-01-03 16:00:00+00:00,,,,
2026-01-04 00:00:00+00:00,,,,
2026-01-04 08:00:00+00:00,,,,
2026-01-04 16:00:00+00:00,,,,
2026-01-05 00:00:00+00:00,1.3443208932876587,1.3448994159698486,1.341525673866272,1.3423539400100708
2026-01-05 08:00:00+00:00,1.342426061630249,1.3504024744033813,1.342011570930481,1.350311279296875
2026-01-05 16:00:00+00:00,1.350511908531189,1.3548483848571777,1.3504207134246826,1.3532898426055908
2026-01-06 00:00:00+00:00,1.3535462617874146,1.3567785024642944,1.3529053926467896,1.3550318479537964
2026-01-06 08:00:00+00:00,1.3550136089324951,1.35664963722229,1.3495277166366577,1.3508037328720093
2026-01-06 16:00:00+00:00,1.3509314060211182,1.3512052297592163,1.3492909669876099,1.3500559329986572
2026-01-07 00:00:00+00:00,1.350311279296875,1.3517167568206787,1.3492363691329956,1.3493092060089111
2026-01-07 08:00:00+00:00,1.3490725755691528,1.350584864616394,1.347400188446045,1.3480722904205322
2026-01-07 16:00:00+00:00,1.3484176397323608,1.3485630750656128,1.3456052541732788,1.3458950519561768
2026-01-08 00:00:00+00:00,1.345876932144165,1.3466018438339233,1.3447185754776,1.3447185754776
2026-01-08 08:00:00+00:00,1.3443931341171265,1.3450803756713867,1.3416695594787598,1.3441762924194336
2026-01-08 16:00:00+00:00,1.3441040515899658,1.3445378541946411,1.3420476913452148,1.3436164855957031
2026-01-09 00:00:00+00:00,1.3436886072158813,1.3438150882720947,1.3415615558624268,1.3429489135742188
2026-01-09 08:00:00+00:00,1.3430390357971191,1.3451164960861206,1.3393514156341553,1.3419036865234375
2026-01-09 16:00:00+00:00,1.341849684715271,1.342209815979004,1.3397103548049927,1.3404465913772583
2026-01-10 00:00:00+00:00,,,,
2026-01-10 08:00:00+00:00,,,,
2026-01-10 16:00:00+00:00,,,,
2026-01-11 00:00:00+00:00,,,,
2026-01-11 08:00:00+00:00,,,,
2026-01-11 16:00:00+00:00,,,,
2026-01-12 00:00:00+00:00,1.3394591808319092,1.344700574874878,1.3392258882522583,1.344483494758606
2026-01-12 08:00:00+00:00,1.3444656133651733,1.348617672920227,1.3444656133651733,1.3475998640060425
2026-01-12 16:00:00+00:00,1.347636342048645,1.3476725816726685,1.345587134361267,1.3465473651885986
2026-01-13 00:00:00+00:00,1.3466562032699585,1.3478904962539673,1.3463118076324463,1.34689199924469
2026-01-13 08:00:00+00:00,1.346619963645935,1.3494548797607422,1.3435983657836914,1.3435983657836914
2026-01-13 16:00:00+00:00,1.3442305326461792,1.3443751335144043,1.3417595624923706,1.342624306678772
2026-01-14 00:00:00+00:00,1.342624306678772,1.344935655593872,1.342011570930481,1.3439414501190186
2026-01-14 08:00:00+00:00,1.3439595699310303,1.3463661670684814,1.3438150882720947,1.3456414937973022
2026-01-14 16:00:00+00:00,1.3456414937973022,1.3458588123321533,1.342588186264038,1.3441040515899658
2026-01-15 00:00:00+00:00,1.3440499305725098,1.3440499305725098,1.3424079418182373,1.3433998823165894
2026-01-15 08:00:00+00:00,1.3433998823165894,1.3445558547973633,1.3364516496658325,1.3385089635849
2026-01-15 16:00:00+00:00,1.33865225315094,1.339441180229187,1.3375064134597778,1.3381506204605103
2026-01-16 00:00:00+00:00,1.3381506204605103,1.339261770248413,1.3372201919555664,1.3389211893081665
2026-01-16 08:00:00+00:00,1.3391542434692383,1.3412556648254395,1.3368626832962036,1.3377747535705566
2026-01-16 16:00:00+00:00,1.337882161140442,1.3389748334884644,1.3374526500701904,1.3377747535705566
2026-01-17 00:00:00+00:00,,,,
2026-01-17 08:00:00+00:00,,,,
2026-01-17 16:00:00+00:00,,,,
2026-01-18 00:00:00+00:00,,,,
2026-01-18 08:00:00+00:00,,,,
2026-01-18 16:00:00+00:00,,,,
2026-01-19 00:00:00+00:00,1.3404107093811035,1.3410398960113525,1.338186502456665,1.3389569520950317
2026-01-19 08:00:00+00:00,1.3391183614730835,1.342984914779663,1.3389031887054443,1.3422459363937378
2026-01-19 16:00:00+00:00,1.342209815979004,1.3434358835220337,1.3417235612869263,1.3418315649032593
2026-01-20 00:00:00+00:00,1.3419395685195923,1.3483085632324219,1.3411117792129517,1.3475817441940308
2026-01-20 08:00:00+00:00,1.3478904962539673,1.3491816520690918,1.3441221714019775,1.3459312915802002
2026-01-20 16:00:00+00:00,1.3458044528961182,1.347527265548706,1.3426063060760498,1.344085931777954
2026-01-21 00:00:00+00:00,1.3438692092895508,1.3456957340240479,1.343111276626587,1.3442847728729248
2026-01-21 08:00:00+00:00,1.3443028926849365,1.3458225727081299,1.3402670621871948,1.3427685499191284
2026-01-21 16:00:00+00:00,1.3427324295043945,1.3441221714019775,1.3410578966140747,1.3418855667114258
2026-01-22 00:00:00+00:00,1.341849684715271,1.343977689743042,1.341849684715271,1.3434901237487793
2026-01-22 08:00:00+00:00,1.3431833982467651,1.3483085632324219,1.3403747081756592,1.3477634191513062
2026-01-22 16:00:00+00:00,1.3478360176086426,1.3507490158081055,1.3478360176086426,1.350001335144043
2026-01-23 00:00:00+00:00,1.3499830961227417,1.3507490158081055,1.3483812808990479,1.3493273258209229
2026-01-23 08:00:00+00:00,1.3495094776153564,1.3567416667938232,1.3484176397323608,1.3565576076507568
2026-01-23 16:00:00+00:00,1.3564472198486328,1.3645542860031128,1.3561527729034424,1.3645542860031128
2026-01-24 00:00:00+00:00,,,,
2026-01-24 08:00:00+00:00,,,,
2026-01-24 16:00:00+00:00,,,,
2026-01-25 00:00:00+00:00,,,,
2026-01-25 08:00:00+00:00,,,,
2026-01-25 16:00:00+00:00,,,,
2026-01-26 00:00:00+00:00,1.365691065788269,1.3679516315460205,1.3645356893539429,1.3647032976150513
2026-01-26 08:00:00+00:00,1.3651504516601562,1.3712530136108398,1.3644611835479736,1.3708207607269287
2026-01-26 16:00:00+00:00,1.3708019256591797,1.3711025714874268,1.367128849029541,1.3676897287368774
2026-01-27 00:00:00+00:00,1.3674839735031128,1.3701069355010986,1.367128849029541,1.367409110069275
2026-01-27 08:00:00+00:00,1.3675401210784912,1.3790440559387207,1.366493582725525,1.3752131462097168
2026-01-27 16:00:00+00:00,1.3754022121429443,1.3868663311004639,1.3754022121429443,1.3826286792755127
2026-01-28 00:00:00+00:00,1.3825522661209106,1.3831450939178467,1.3790440559387207,1.380071759223938
2026-01-28 08:00:00+00:00,1.3796528577804565,1.3809865713119507,1.3751943111419678,1.3790440559387207
2026-01-28 16:00:00+00:00,1.379120111465454,1.3830493688583374,1.375932216644287,1.3823802471160889
2026-01-29 00:00:00+00:00,1.382456660270691,1.3845813274383545,1.3795576095581055,1.3832597732543945
2026-01-29 08:00:00+00:00,1.383680820465088,1.3845813274383545,1.3743247985839844,1.3764245510101318
2026-01-29 16:00:00+00:00,1.3766709566116333,1.381425380706787,1.376348853111267,1.3806815147399902
2026-01-30 00:00:00+00:00,1.3808722496032715,1.3814635276794434,1.3732490539550781,1.3769363164901733
2026-01-30 08:00:00+00:00,1.3771828413009644,1.3787778615951538,1.3717044591903687,1.372137427330017
2026-01-30 16:00:00+00:00,1.3726646900177002,1.3728721141815186,1.3680264949798584,1.3685319423675537
2026-01-31 00:00:00+00:00,,,,
2026-01-31 08:00:00+00:00,,,,
2026-01-31 16:00:00+00:00,,,,
2026-02-01 00:00:00+00:00,,,,
2026-02-01 08:00:00+00:00,,,,
2026-02-01 16:00:00+00:00,,,,
2026-02-02 00:00:00+00:00,1.3679141998291016,1.3703886270523071,1.3662508726119995,1.3681762218475342
2026-02-02 08:00:00+00:00,1.3682698011398315,1.371478796005249,1.36275053024292,1.36275053024292
2026-02-02 16:00:00+00:00,1.36282479763031,1.367315649986267,1.362453579902649,1.367315649986267
2026-02-03 00:00:00+00:00,1.3672970533370972,1.3706516027450562,1.3672221899032593,1.3698443174362183
2026-02-03 08:00:00+00:00,1.3698254823684692,1.370369791984558,1.3652063608169556,1.370369791984558
2026-02-03 16:00:00+00:00,1.3703510761260986,1.3706891536712646,1.3674465417861938,1.3696566820144653
2026-02-04 00:00:00+00:00,1.3697316646575928,1.3721562623977661,1.36924409866333,1.3717608451843262
2026-02-04 08:00:00+00:00,1.3716856241226196,1.3732868432998657,1.3663069009780884,1.3664562702178955
2026-02-04 16:00:00+00:00,1.3664562702178955,1.3672596216201782,1.3643122911453247,1.3644425868988037
2026-02-05 00:00:00+00:00,1.3646847009658813,1.365411400794983,1.3608219623565674,1.3620266914367676
2026-02-05 08:00:00+00:00,1.3620638847351074,1.3632521629333496,1.3526124954223633,1.3527772426605225
2026-02-05 16:00:00+00:00,1.352960228919983,1.355766773223877,1.3520638942718506,1.352155327796936
2026-02-06 00:00:00+00:00,1.352155327796936,1.3577548265457153,1.3510043621063232,1.356815218925476
2026-02-06 08:00:00+00:00,1.356539249420166,1.3615260124206543,1.3559505939483643,1.3615260124206543
2026-02-06 16:00:00+00:00,1.3614704608917236,1.3622864484786987,1.3601926565170288,1.3610812425613403
2026-02-07 00:00:00+00:00,,,,
2026-02-07 08:00:00+00:00,,,,
2026-02-07 16:00:00+00:00,,,,
2026-02-08 00:00:00+00:00,,,,
2026-02-08 08:00:00+00:00,,,,
2026-02-08 16:00:00+00:00,,,,
2026-02-09 00:00:00+00:00,1.3610997200012207,1.3628062009811401,1.3590465784072876,1.3605072498321533
2026-02-09 08:00:00+00:00,1.360451579093933,1.3686630725860596,1.3587509393692017,1.3680264949798584
2026-02-09 16:00:00+00:00,1.3679141998291016,1.3700318336486816,1.3663254976272583,1.368288516998291
2026-02-10 00:00:00+00:00,1.3683072328567505,1.3696566820144653,1.3668484687805176,1.3669792413711548
2026-02-10 08:00:00+00:00,1.3672783374786377,1.369506597518921,1.3654487133026123,1.367633581161499
2026-02-10 16:00:00+00:00,1.3674652576446533,1.3674652576446533,1.3631964921951294,1.3634381294250488
2026-02-11 00:00:00+00:00,1.3633265495300293,1.3678019046783447,1.3631221055984497,1.3673343658447266
2026-02-11 08:00:00+00:00,1.3674652576446533,1.3712718486785889,1.3614332675933838,1.3632149696350098
2026-02-11 16:00:00+00:00,1.3633265495300293,1.3667362928390503,1.3619153499603271,1.3623050451278687
2026-02-12 00:00:00+00:00,1.362342119216919,1.3641448020935059,1.3605626821517944,1.3631964921951294
2026-02-12 08:00:00+00:00,1.363493800163269,1.367147445678711,1.3623607158660889,1.3655606508255005
2026-02-12 16:00:00+00:00,1.3654299974441528,1.3656724691390991,1.360618233680725,1.3618041276931763
2026-02-13 00:00:00+00:00,1.3619153499603271,1.362434983253479,1.3592497110366821,1.3614332675933838
2026-02-13 08:00:00+00:00,1.361488938331604,1.3647032976150513,1.360063076019287,1.3614704608917236
2026-02-13 16:00:00+00:00,1.3613591194152832,1.365859031677246,1.360970139503479,1.3656538724899292
2026-02-14 00:00:00+00:00,,,,
2026-02-14 08:00:00+00:00,,,,
2026-02-14 16:00:00+00:00,,,,
2026-02-15 00:00:00+00:00,,,,
2026-02-15 08:00:00+00:00,,,,
2026-02-15 16:00:00+00:00,,,,
2026-02-16 00:00:00+00:00,1.3647406101226807,1.3648709058761597,1.3636239767074585,1.3644053936004639
2026-02-16 08:00:00+00:00,1.3644611835479736,1.3661389350891113,1.3629549741744995,1.3633451461791992
2026-02-16 16:00:00+00:00,1.3633637428283691,1.3637913465499878,1.3620266914367676,1.3626948595046997
2026-02-17 00:00:00+00:00,1.3627877235412598,1.3629177808761597,1.3553440570831299,1.3561527729034424
2026-02-17 08:00:00+00:00,1.3561527729034424,1.3605072498321533,1.3498190641403198,1.3504024744033813
2026-02-17 16:00:00+00:00,1.3503658771514893,1.3572204113006592,1.3503658771514893,1.35637366771698
2026-02-18 00:00:00+00:00,1.3565207719802856,1.357478380203247,1.3550318479537964,1.3561345338821411
2026-02-18 08:00:00+00:00,1.3563551902770996,1.3582342863082886,1.3534914255142212,1.3546648025512695
2026-02-18 16:00:00+00:00,1.3545364141464233,1.3557300567626953,1.3489997386932373,1.349582314491272
2026-02-19 00:00:00+00:00,1.3496005535125732,1.3512235879898071,1.3481448888778687,1.35111403465271
2026-02-19 08:00:00+00:00,1.3510775566101074,1.3516253232955933,1.3435261249542236,1.345496654510498
2026-02-19 16:00:00+00:00,1.345406174659729,1.3473457098007202,1.3439595699310303,1.346166729927063
2026-02-20 00:00:00+00:00,1.3460580110549927,1.3466380834579468,1.3435803651809692,1.3447185754776
2026-02-20 08:00:00+00:00,1.3447909355163574,1.351387858390808,1.3437970876693726,1.350001335144043
2026-02-20 16:00:00+00:00,1.3501471281051636,1.3513696193695068,1.3476181030273438,1.348126769065857
2026-02-21 00:00:00+00:00,,,,
2026-02-21 08:00:00+00:00,,,,
2026-02-21 16:00:00+00:00,,,,
2026-02-22 00:00:00+00:00,,,,
2026-02-22 08:00:00+00:00,,,,
2026-02-22 16:00:00+00:00,,,,
2026-02-23 00:00:00+00:00,1.353179931640625,1.3535280227661133,1.35111403465271,1.352649211883545
2026-02-23 08:00:00+00:00,1.352649211883545,1.3528504371643066,1.3477270603179932,1.3496551513671875
2026-02-23 16:00:00+00:00,1.3495277166366577,1.3514060974121094,1.348199486732483,1.3496551513671875
2026-02-24 00:00:00+00:00,1.3496005535125732,1.3501107692718506,1.3474364280700684,1.3478360176086426
2026-02-24 08:00:00+00:00,1.3479087352752686,1.3523930311203003,1.347127914428711,1.3514792919158936
2026-02-24 16:00:00+00:00,1.3514243364334106,1.3536561727523804,1.348945140838623,1.3497098684310913
2026-02-25 00:00:00+00:00,1.3496370315551758,1.3529237508773804,1.349199891090393,1.3529237508773804
2026-02-25 08:00:00+00:00,1.3527772426605225,1.3535096645355225,1.3491816520690918,1.3533265590667725
2026-02-25 16:00:00+00:00,1.3535280227661133,1.3565024137496948,1.3532898426055908,1.3558034896850586
2026-02-26 00:00:00+00:00,1.3558770418167114,1.3574415445327759,1.3546648025512695,1.3549033403396606
2026-02-26 08:00:00+00:00,1.3547565937042236,1.3556381464004517,1.3498555421829224,1.3512235879898071
2026-02-26 16:00:00+00:00,1.3514792919158936,1.3515522480010986,1.344700574874878,1.3491089344024658
2026-02-27 00:00:00+00:00,1.3491816520690918,1.3500925302505493,1.3463118076324463,1.3488905429840088
2026-02-27 08:00:00+00:00,1.3488178253173828,1.3507307767868042,1.344212532043457,1.3445558547973633
2026-02-27 16:00:00+00:00,1.34442937374115,1.3490906953811646,1.3444112539291382,1.3483266830444336
2026-02-28 00:00:00+00:00,,,,
2026-02-28 08:00:00+00:00,,,,
2026-02-28 16:00:00+00:00,,,,
2026-03-01 00:00:00+00:00,,,,
2026-03-01 08:00:00+00:00,,,,
2026-03-01 16:00:00+00:00,,,,
2026-03-02 00:00:00+00:00,1.340572476387024,1.345587134361267,1.3347926139831543,1.336094617843628
2026-03-02 08:00:00+00:00,1.336362361907959,1.342480182647705,1.331788420677185,1.3372201919555664
2026-03-02 16:00:00+00:00,1.337148666381836,1.3431472778320312,1.336023211479187,1.3410038948059082
2026-03-03 00:00:00+00:00,1.3408061265945435,1.3425161838531494,1.3336178064346313,1.3336355686187744
2026-03-03 08:00:00+00:00,1.3334577083587646,1.3334577083587646,1.325398564338684,1.3300879001617432
2026-03-03 16:00:00+00:00,1.3302648067474365,1.3369877338409424,1.3299463987350464,1.3352917432785034
2026-03-04 00:00:00+00:00,1.3351491689682007,1.337327480316162,1.3304064273834229,1.3361660242080688
2026-03-04 08:00:00+00:00,1.3362195491790771,1.3402849435806274,1.3335645198822021,1.3365410566329956
2026-03-04 16:00:00+00:00,1.3367732763290405,1.3380789756774902,1.3347392082214355,1.3369877338409424
2026-03-05 00:00:00+00:00,1.3369340896606445,1.3386164903640747,1.330654263496399,1.3341338634490967
2026-03-05 08:00:00+00:00,1.3340091705322266,1.3372917175292969,1.3311679363250732,1.332338571548462
2026-03-05 16:00:00+00:00,1.3323030471801758,1.3364696502685547,1.3300172090530396,1.3358089923858643
2026-03-06 00:00:00+00:00,1.3356306552886963,1.3373095989227295,1.3352738618850708,1.336916208267212
2026-03-06 08:00:00+00:00,1.337005615234375,1.3380074501037598,1.3312920331954956,1.3359339237213135
2026-03-06 16:00:00+00:00,1.3361302614212036,1.3413636684417725,1.3361302614212036,1.3413636684417725
2026-03-07 00:00:00+00:00,,,,
2026-03-07 08:00:00+00:00,,,,
2026-03-07 16:00:00+00:00,,,,
2026-03-08 00:00:00+00:00,,,,
2026-03-08 08:00:00+00:00,,,,
2026-03-08 16:00:00+00:00,,,,
2026-03-09 00:00:00+00:00,1.3304064273834229,1.3347214460372925,1.3284623622894287,1.3343831300735474
2026-03-09 08:00:00+00:00,1.3346501588821411,1.3398720026016235,1.3303887844085693,1.3392258882522583
2026-03-09 16:00:00+00:00,1.3394231796264648,1.3448271751403809,1.3383476734161377,1.3423900604248047
2026-03-10 00:00:00+00:00,1.3424440622329712,1.3479633331298828,1.3414536714553833,1.3477997779846191
2026-03-10 08:00:00+00:00,1.3476725816726685,1.348126769065857,1.3431472778320312,1.3458406925201416
2026-03-10 16:00:00+00:00,1.3456957340240479,1.3479995727539062,1.3410398960113525,1.3419216871261597
2026-03-11 00:00:00+00:00,1.3422638177871704,1.345750093460083,1.3416515588760376,1.3435803651809692
2026-03-11 08:00:00+00:00,1.3433277606964111,1.3447366952896118,1.3395129442214966,1.3398001194000244
2026-03-11 16:00:00+00:00,1.3397103548049927,1.3422459363937378,1.3377567529678345,1.3382043838500977
2026-03-12 00:00:00+00:00,1.338186502456665,1.339674472808838,1.3361660242080688,1.3392976522445679
2026-03-12 08:00:00+00:00,1.3396027088165283,1.340985894203186,1.3340091705322266,1.334917426109314
2026-03-12 16:00:00+00:00,1.3349709510803223,1.3362553119659424,1.333866834640503,1.335220456123352
2026-03-13 00:00:00+00:00,1.335559368133545,1.337005615234375,1.327404260635376,1.3280036449432373
2026-03-13 08:00:00+00:00,1.3276863098144531,1.3289742469787598,1.3231889009475708,1.3239071369171143
2026-03-13 16:00:00+00:00,1.3237318992614746,1.3252756595611572,1.3220518827438354,1.3223490715026855
2026-03-14 00:00:00+00:00,,,,
2026-03-14 08:00:00+00:00,,,,
2026-03-14 16:00:00+00:00,,,,
2026-03-15 00:00:00+00:00,,,,
2026-03-15 08:00:00+00:00,,,,
2026-03-15 16:00:00+00:00,,,,
2026-03-16 00:00:00+00:00,1.3249526023864746,1.3265080451965332,1.3231346607208252,1.3243770599365234
2026-03-16 08:00:00+00:00,1.3245296478271484,1.3317228555679321,1.3234550952911377,1.3302083015441895
2026-03-16 16:00:00+00:00,1.3301427364349365,1.3338295221328735,1.3289902210235596,1.331354022026062
2026-03-17 00:00:00+00:00,1.3311573266983032,1.3315047025680542,1.3273937702178955,1.3305232524871826
2026-03-17 08:00:00+00:00,1.3306878805160522,1.3359358310699463,1.3299305438995361,1.334352731704712
2026-03-17 16:00:00+00:00,1.3339558839797974,1.3364553451538086,1.3335521221160889,1.3357608318328857
2026-03-18 00:00:00+00:00,1.33573579788208,1.3374526500701904,1.3349584341049194,1.335495114326477
2026-03-18 08:00:00+00:00,1.3352757692337036,1.337080717086792,1.3304224014282227,1.3321858644485474
2026-03-18 16:00:00+00:00,1.3321806192398071,1.334935188293457,1.3251984119415283,1.326439380645752
2026-03-19 00:00:00+00:00,1.326481580734253,1.3296881914138794,1.3252686262130737,1.326351523399353
2026-03-19 08:00:00+00:00,1.326235294342041,1.3387740850448608,1.3245770931243896,1.335971474647522
2026-03-19 16:00:00+00:00,1.3358144760131836,1.3464494943618774,1.335463047027588,1.3424782752990723
2026-03-20 00:00:00+00:00,1.3425017595291138,1.3430607318878174,1.3398197889328003,1.3427306413650513
2026-03-20 08:00:00+00:00,1.343091368675232,1.343589425086975,1.3300384283065796,1.3303550481796265
2026-03-20 16:00:00+00:00,1.3301939964294434,1.3351260423660278,1.3301939964294434,1.3344917297363281
2026-03-21 00:00:00+00:00,,,,
2026-03-21 08:00:00+00:00,,,,
2026-03-21 16:00:00+00:00,,,,
2026-03-22 00:00:00+00:00,,,,
2026-03-22 08:00:00+00:00,,,,
2026-03-22 16:00:00+00:00,,,,
2026-03-23 00:00:00+00:00,1.3334773778915405,1.3341996669769287,1.3282312154769897,1.328954815864563
2026-03-23 08:00:00+00:00,1.3292640447616577,1.3478995561599731,1.3258237838745117,1.3384963274002075
2026-03-23 16:00:00+00:00,1.3384497165679932,1.345699429512024,1.3379161357879639,1.342469334602356
2026-03-24 00:00:00+00:00,1.3425918817520142,1.344031810760498,1.3386683464050293,1.343098521232605
2026-03-24 08:00:00+00:00,1.3429741859436035,1.3429741859436035,1.3368394374847412,1.3381291627883911
2026-03-24 16:00:00+00:00,1.3378552198410034,1.3432012796401978,1.3353791236877441,1.3417127132415771
2026-03-25 00:00:00+00:00,1.3415039777755737,1.34348464012146,1.337136149406433,1.3389910459518433
2026-03-25 08:00:00+00:00,1.338799238204956,1.342620611190796,1.3360053300857544,1.3371683359146118
2026-03-25 16:00:00+00:00,1.3370860815048218,1.3390769958496094,1.3358519077301025,1.3362998962402344
2026-03-26 00:00:00+00:00,1.336212396621704,1.3367393016815186,1.3349512815475464,1.3349851369857788
2026-03-26 08:00:00+00:00,1.3347588777542114,1.3373435735702515,1.332356333732605,1.335106372833252
2026-03-26 16:00:00+00:00,1.335124135017395,1.3355878591537476,1.3310208320617676,1.3335503339767456
2026-03-27 00:00:00+00:00,1.3335093259811401,1.3346964120864868,1.3312228918075562,1.331238865852356
2026-03-27 08:00:00+00:00,1.3311856985092163,1.3331964015960693,1.3272844552993774,1.329223394393921
2026-03-27 16:00:00+00:00,1.3287782669067383,1.3296315670013428,1.3260453939437866,1.3260453939437866
2026-03-28 00:00:00+00:00,,,,
2026-03-28 08:00:00+00:00,,,,
2026-03-28 16:00:00+00:00,,,,
2026-03-29 00:00:00+00:00,,,,
2026-03-29 08:00:00+00:00,,,,
2026-03-29 16:00:00+00:00,1.3237301111221313,1.324505090713501,1.3234883546829224,1.3237055540084839
2026-03-30 00:00:00+00:00,1.3239421844482422,1.3280900716781616,1.3234007358551025,1.3245296478271484
2026-03-30 08:00:00+00:00,1.3243366479873657,1.3246190547943115,1.3175143003463745,1.3192229270935059
2026-03-30 16:00:00+00:00,1.318986177444458,1.3197975158691406,1.316980004310608,1.3171048164367676
2026-03-31 00:00:00+00:00,1.3171812295913696,1.3222109079360962,1.3161132335662842,1.3209271430969238
2026-03-31 08:00:00+00:00,1.3205503225326538,1.3262441158294678,1.3177974224090576,1.318389892578125
2026-03-31 16:00:00+00:00,1.3181952238082886,1.3246384859085083,1.3177331686019897,1.3243788480758667
2026-04-01 00:00:00+00:00,1.3242243528366089,1.329105019569397,1.3223035335540771,1.326640009880066
2026-04-01 08:00:00+00:00,1.326478123664856,1.3335075378417969,1.3262951374053955,1.333031177520752
2026-04-01 16:00:00+00:00,1.3329814672470093,1.334377646446228,1.3293381929397583,1.3302383422851562
2026-04-02 00:00:00+00:00,1.3301692008972168,1.3319356441497803,1.3202331066131592,1.321691870689392
2026-04-02 08:00:00+00:00,1.3217425346374512,1.3251246213912964,1.3183099031448364,1.323838710784912
2026-04-02 16:00:00+00:00,1.3239351511001587,1.3241524696350098,1.3217651844024658,1.3230226039886475
2026-04-03 00:00:00+00:00,1.3230137825012207,1.3242822885513306,1.32221257686615,1.3239105939865112
2026-04-03 08:00:00+00:00,1.3238511085510254,1.323991298675537,1.3196982145309448,1.3197574615478516
2026-04-03 16:00:00+00:00,1.3201251029968262,1.3211156129837036,1.319007158279419,1.3193846940994263
2026-04-04 00:00:00+00:00,,,,
2026-04-04 08:00:00+00:00,,,,
2026-04-04 16:00:00+00:00,,,,
2026-04-05 00:00:00+00:00,,,,
2026-04-05 08:00:00+00:00,,,,
2026-04-05 16:00:00+00:00,1.3192142248153687,1.3192925453186035,1.3186036348342896,1.3186036348342896
2026-04-06 00:00:00+00:00,1.3187880516052246,1.3258326053619385,1.3187880516052246,1.3252809047698975
2026-04-06 08:00:00+00:00,1.3256990909576416,1.3268142938613892,1.3225046396255493,1.3233728408813477
2026-04-06 16:00:00+00:00,1.3235198259353638,1.3243366479873657,1.3218858242034912,1.3233815431594849
2026-04-07 00:00:00+00:00,1.3233132362365723,1.324806809425354,1.3211644887924194,1.323290467262268
2026-04-07 08:00:00+00:00,1.3234025239944458,1.3284517526626587,1.3234025239944458,1.3240684270858765
2026-04-07 16:00:00+00:00,1.324012279510498,1.3405706882476807,1.324012279510498,1.3400837182998657
2026-04-08 00:00:00+00:00,1.3401340246200562,1.34438955783844,1.3380181789398193,1.342499852180481
2026-04-08 08:00:00+00:00,1.3424152135849,1.3483266830444336,1.3410181999206543,1.343903660774231
2026-04-08 16:00:00+00:00,1.3438060283660889,1.3438060283660889,1.3383190631866455,1.3392456769943237
2026-04-09 00:00:00+00:00,1.3393192291259766,1.340613842010498,1.3382025957107544,1.3394125699996948
2026-04-09 08:00:00+00:00,1.3391917943954468,1.3444005250930786,1.3384820222854614,1.3441890478134155
2026-04-09 16:00:00+00:00,1.3442450761795044,1.3457882404327393,1.3424477577209473,1.3428946733474731
2026-04-10 00:00:00+00:00,1.342782974243164,1.3431833982467651,1.3411064147949219,1.3411064147949219
2026-04-10 08:00:00+00:00,1.3412647247314453,1.3478161096572876,1.3412647247314453,1.345833420753479
2026-04-10 16:00:00+00:00,1.3457863330841064,1.3471479415893555,1.344912052154541,1.3460689783096313
2026-04-11 00:00:00+00:00,,,,
2026-04-11 08:00:00+00:00,,,,
2026-04-11 16:00:00+00:00,,,,
2026-04-12 00:00:00+00:00,,,,
2026-04-12 08:00:00+00:00,,,,
2026-04-12 16:00:00+00:00,1.339471697807312,1.3395757675170898,1.3381166458129883,1.3392904996871948
2026-04-13 00:00:00+00:00,1.3395147323608398,1.3432338237762451,1.33865225315094,1.3432338237762451
2026-04-13 08:00:00+00:00,1.343111276626587,1.3465492725372314,1.3416714668273926,1.3456885814666748
2026-04-13 16:00:00+00:00,1.3458913564682007,1.3516162633895874,1.3453119993209839,1.3515887260437012
2026-04-14 00:00:00+00:00,1.3515431880950928,1.353806495666504,1.350367784500122,1.3532239198684692
2026-04-14 08:00:00+00:00,1.3531140089035034,1.358821153640747,1.3527827262878418,1.356305480003357
2026-04-14 16:00:00+00:00,1.3561583757400513,1.3578046560287476,1.3558697700500488,1.3575206995010376
2026-04-15 00:00:00+00:00,1.357400894165039,1.3577622175216675,1.355639934539795,1.3556877374649048
2026-04-15 08:00:00+00:00,1.3559542894363403,1.357843279838562,1.3543821573257446,1.356879711151123
2026-04-15 16:00:00+00:00,1.3567453622817993,1.3576239347457886,1.355919361114502,1.3572958707809448
2026-04-16 00:00:00+00:00,1.3573769330978394,1.359445571899414,1.3558586835861206,1.3560259342193604
2026-04-16 08:00:00+00:00,1.3558458089828491,1.3560553789138794,1.3516929149627686,1.3536726236343384
2026-04-16 16:00:00+00:00,1.3538358211517334,1.3543694019317627,1.3521863222122192,1.3525997400283813
2026-04-17 00:00:00+00:00,1.352489948272705,1.3526619672775269,1.35056471824646,1.3524314165115356
2026-04-17 08:00:00+00:00,1.3524699211120605,1.3598837852478027,1.3517825603485107,1.355393648147583
2026-04-17 16:00:00+00:00,1.3554304838180542,1.355893611907959,1.351384162902832,1.351586937904358
2026-04-18 00:00:00+00:00,,,,
2026-04-18 08:00:00+00:00,,,,
2026-04-18 16:00:00+00:00,,,,
2026-04-19 00:00:00+00:00,,,,
2026-04-19 08:00:00+00:00,,,,
2026-04-19 16:00:00+00:00,1.348779559135437,1.3490980863571167,1.3478995561599731,1.3481757640838623
2026-04-20 00:00:00+00:00,1.347914218902588,1.3508602380752563,1.347914218902588,1.3486921787261963
2026-04-20 08:00:00+00:00,1.3501380681991577,1.3543914556503296,1.3499557971954346,1.3539843559265137
2026-04-20 16:00:00+00:00,1.3542464971542358,1.3543694019317627,1.3527590036392212,1.3530884981155396
2026-04-21 00:00:00+00:00,1.3531213998794556,1.3531213998794556,1.3507380485534668,1.3507380485534668
2026-04-21 08:00:00+00:00,1.3507472276687622,1.3523657321929932,1.3483339548110962,1.3512800931930542
