Datetime,Open,High,Low,Close
2023-07-04 16:00:00+00:00,144.46600341796875,144.4980010986328,144.3800048828125,144.4040069580078
2023-07-05 00:00:00+00:00,144.406005859375,144.73399353027344,144.3699951171875,144.4499969482422
2023-07-05 08:00:00+00:00,144.44700622558594,144.5970001220703,144.07000732421875,144.56100463867188
2023-07-05 16:00:00+00:00,144.55799865722656,144.697998046875,144.38800048828125,144.4949951171875
2023-07-06 00:00:00+00:00,144.49400329589844,144.51300048828125,143.552001953125,143.9149932861328
2023-07-06 08:00:00+00:00,143.91000366210938,144.6529998779297,143.6300048828125,144.0919952392578
2023-07-06 16:00:00+00:00,144.0919952392578,144.22900390625,143.8699951171875,143.9739990234375
2023-07-07 00:00:00+00:00,143.9720001220703,144.20199584960938,143.13400268554688,143.23300170898438
2023-07-07 08:00:00+00:00,143.2310028076172,143.41799926757812,142.08999633789062,142.218994140625
2023-07-07 16:00:00+00:00,142.2169952392578,142.23500061035156,142.05599975585938,142.11000061035156
2023-07-08 00:00:00+00:00,,,,
2023-07-08 08:00:00+00:00,,,,
2023-07-08 16:00:00+00:00,,,,
2023-07-09 00:00:00+00:00,,,,
2023-07-09 08:00:00+00:00,,,,
2023-07-09 16:00:00+00:00,142.18699645996094,142.28700256347656,142.1479949951172,142.2100067138672
2023-07-10 00:00:00+00:00,142.2100067138672,143.0050048828125,142.1179962158203,142.29400634765625
2023-07-10 08:00:00+00:00,142.29400634765625,142.60000610351562,141.50999450683594,141.56199645996094
2023-07-10 16:00:00+00:00,141.5590057373047,141.61099243164062,141.1999969482422,141.30599975585938
2023-07-11 00:00:00+00:00,141.30299377441406,141.45899963378906,140.41000366210938,140.5290069580078
2023-07-11 08:00:00+00:00,140.531005859375,140.95399475097656,140.13999938964844,140.5189971923828
2023-07-11 16:00:00+00:00,140.51800537109375,140.56399536132812,140.05999755859375,140.1179962158203
2023-07-12 00:00:00+00:00,140.12100219726562,140.16200256347656,139.3000030517578,139.5679931640625
2023-07-12 08:00:00+00:00,139.5679931640625,139.73399353027344,138.14999389648438,138.21400451660156
2023-07-12 16:00:00+00:00,138.21400451660156,138.5540008544922,138.19000244140625,138.322998046875
2023-07-13 00:00:00+00:00,138.32400512695312,138.83299255371094,138.0659942626953,138.37100219726562
2023-07-13 08:00:00+00:00,138.36900329589844,138.95599365234375,138.04800415039062,138.14300537109375
2023-07-13 16:00:00+00:00,138.13999938964844,138.18600463867188,137.88600158691406,138.06700134277344
2023-07-14 00:00:00+00:00,138.06399536132812,138.46400451660156,137.23699951171875,138.2259979248047
2023-07-14 08:00:00+00:00,138.22900390625,139.15699768066406,138.13999938964844,138.74000549316406
2023-07-14 16:00:00+00:00,138.7429962158203,138.9029998779297,138.57000732421875,138.7449951171875
2023-07-15 00:00:00+00:00,,,,
2023-07-15 08:00:00+00:00,,,,
2023-07-15 16:00:00+00:00,,,,
2023-07-16 00:00:00+00:00,,,,
2023-07-16 08:00:00+00:00,,,,
2023-07-16 16:00:00+00:00,138.75799560546875,138.80099487304688,138.65199279785156,138.68299865722656
2023-07-17 00:00:00+00:00,138.6840057373047,138.75599670410156,138.36399841308594,138.66400146484375
2023-07-17 08:00:00+00:00,138.66299438476562,139.40699768066406,137.99000549316406,138.9199981689453
2023-07-17 16:00:00+00:00,138.9239959716797,139.0279998779297,138.58999633789062,138.7169952392578
2023-07-18 00:00:00+00:00,138.71800231933594,138.92300415039062,138.1719970703125,138.22900390625
2023-07-18 08:00:00+00:00,138.2220001220703,138.9929962158203,137.6790008544922,138.94000244140625
2023-07-18 16:00:00+00:00,138.93800354003906,139.19000244140625,138.75,139.0189971923828
2023-07-19 00:00:00+00:00,139.0189971923828,139.68099975585938,138.8470001220703,139.49600219726562
2023-07-19 08:00:00+00:00,139.50100708007812,139.9929962158203,139.38099670410156,139.76699829101562
2023-07-19 16:00:00+00:00,139.76800537109375,139.8040008544922,139.51100158691406,139.61000061035156
2023-07-20 00:00:00+00:00,139.60400390625,139.7010040283203,139.10800170898438,139.62600708007812
2023-07-20 08:00:00+00:00,139.6219940185547,140.41600036621094,139.3300018310547,140.38900756835938
2023-07-20 16:00:00+00:00,140.38499450683594,140.4980010986328,139.76800537109375,139.84800720214844
2023-07-21 00:00:00+00:00,139.8470001220703,141.39999389648438,139.74400329589844,141.3679962158203
2023-07-21 08:00:00+00:00,141.36399841308594,141.95599365234375,141.1999969482422,141.74400329589844
2023-07-21 16:00:00+00:00,141.74200439453125,141.84800720214844,141.62100219726562,141.77000427246094
2023-07-22 00:00:00+00:00,,,,
2023-07-22 08:00:00+00:00,,,,
2023-07-22 16:00:00+00:00,,,,
2023-07-23 00:00:00+00:00,,,,
2023-07-23 08:00:00+00:00,,,,
2023-07-23 16:00:00+00:00,141.75,141.76499938964844,141.63600158691406,141.7530059814453
2023-07-24 00:00:00+00:00,141.7519989013672,141.81100463867188,141.2270050048828,141.41799926757812
2023-07-24 08:00:00+00:00,141.41299438476562,141.58599853515625,140.74000549316406,141.18899536132812
2023-07-24 16:00:00+00:00,141.18699645996094,141.59500122070312,141.17799377441406,141.53700256347656
2023-07-25 00:00:00+00:00,141.53799438476562,141.61700439453125,141.1999969482422,141.3679962158203
2023-07-25 08:00:00+00:00,141.3699951171875,141.73699951171875,140.906005859375,140.91299438476562
2023-07-25 16:00:00+00:00,140.91000366210938,141.1959991455078,140.83200073242188,140.9080047607422
2023-07-26 00:00:00+00:00,140.90899658203125,141.18600463867188,140.6020050048828,140.6580047607422
2023-07-26 08:00:00+00:00,140.65199279785156,140.7050018310547,140.1540069580078,140.41000366210938
2023-07-26 16:00:00+00:00,140.41400146484375,140.69700622558594,139.9199981689453,140.36599731445312
2023-07-27 00:00:00+00:00,140.36399841308594,140.48199462890625,139.3769989013672,139.97799682617188
2023-07-27 08:00:00+00:00,139.97900390625,141.32000732421875,139.83999633789062,141.03700256347656
2023-07-27 16:00:00+00:00,141.03700256347656,141.1540069580078,138.697998046875,138.86599731445312
2023-07-28 00:00:00+00:00,138.86700439453125,141.07899475097656,138.05799865722656,139.76699829101562
2023-07-28 08:00:00+00:00,139.76400756835938,140.77999877929688,138.8560028076172,140.72000122070312
2023-07-28 16:00:00+00:00,140.71600341796875,141.18299865722656,140.64999389648438,141.13999938964844
2023-07-29 00:00:00+00:00,,,,
2023-07-29 08:00:00+00:00,,,,
2023-07-29 16:00:00+00:00,,,,
2023-07-30 00:00:00+00:00,,,,
2023-07-30 08:00:00+00:00,,,,
2023-07-30 16:00:00+00:00,140.8249969482422,140.9429931640625,140.7449951171875,140.7550048828125
2023-07-31 00:00:00+00:00,140.7519989013672,142.2239990234375,140.68800354003906,142.16799926757812
2023-07-31 08:00:00+00:00,142.1719970703125,142.68899536132812,142.0,142.18600463867188
2023-07-31 16:00:00+00:00,142.1840057373047,142.41200256347656,142.02999877929688,142.32400512695312
2023-08-01 00:00:00+00:00,142.3260040283203,142.84500122070312,142.2480010986328,142.71400451660156
2023-08-01 08:00:00+00:00,142.7100067138672,143.4709930419922,142.61099243164062,143.33999633789062
2023-08-01 16:00:00+00:00,143.33900451660156,143.54600524902344,142.69700622558594,142.95799255371094
2023-08-02 00:00:00+00:00,142.9600067138672,143.3489990234375,142.52999877929688,142.63800048828125
2023-08-02 08:00:00+00:00,142.64100646972656,143.4759979248047,142.22799682617188,143.20599365234375
2023-08-02 16:00:00+00:00,143.2050018310547,143.4199981689453,143.0399932861328,143.35400390625
2023-08-03 00:00:00+00:00,143.35499572753906,143.89199829101562,142.84800720214844,142.90499877929688
2023-08-03 08:00:00+00:00,142.90499877929688,143.1540069580078,142.0590057373047,142.41600036621094
2023-08-03 16:00:00+00:00,142.4149932861328,142.74899291992188,142.35400390625,142.6060028076172
2023-08-04 00:00:00+00:00,142.6009979248047,142.88400268554688,142.31199645996094,142.656005859375
2023-08-04 08:00:00+00:00,142.6490020751953,142.9029998779297,141.54800415039062,141.79800415039062
2023-08-04 16:00:00+00:00,141.79800415039062,141.9029998779297,141.6840057373047,141.71400451660156
2023-08-05 00:00:00+00:00,,,,
2023-08-05 08:00:00+00:00,,,,
2023-08-05 16:00:00+00:00,,,,
2023-08-06 00:00:00+00:00,,,,
2023-08-06 08:00:00+00:00,,,,
2023-08-06 16:00:00+00:00,141.81900024414062,141.9409942626953,141.80999755859375,141.86900329589844
2023-08-07 00:00:00+00:00,141.8679962158203,142.35400390625,141.51100158691406,142.11399841308594
2023-08-07 08:00:00+00:00,142.11700439453125,142.47000122070312,141.7949981689453,142.447998046875
2023-08-07 16:00:00+00:00,142.4459991455078,142.58299255371094,142.3800048828125,142.53500366210938
2023-08-08 00:00:00+00:00,142.53599548339844,143.43699645996094,142.50999450683594,143.09300231933594
2023-08-08 08:00:00+00:00,143.08900451660156,143.33799743652344,142.85800170898438,143.1790008544922
2023-08-08 16:00:00+00:00,143.17599487304688,143.49200439453125,143.16000366210938,143.25399780273438
2023-08-09 00:00:00+00:00,143.25999450683594,143.3990020751953,143.0,143.24400329589844
2023-08-09 08:00:00+00:00,143.24400329589844,143.72999572753906,143.2100067138672,143.58700561523438
2023-08-09 16:00:00+00:00,143.58299255371094,143.75999450683594,143.39999389648438,143.7169952392578
2023-08-10 00:00:00+00:00,143.71800231933594,144.11000061035156,143.6820068359375,143.8070068359375
2023-08-10 08:00:00+00:00,143.8090057373047,144.48899841308594,143.2740020751953,144.40499877929688
2023-08-10 16:00:00+00:00,144.40499877929688,144.8730010986328,144.3800048828125,144.8520050048828
2023-08-11 00:00:00+00:00,144.85000610351562,144.89500427246094,144.5399932861328,144.6219940185547
2023-08-11 08:00:00+00:00,144.62399291992188,144.97000122070312,144.4149932861328,144.9409942626953
2023-08-11 16:00:00+00:00,144.94400024414062,145.0,144.81199645996094,144.92999267578125
2023-08-12 00:00:00+00:00,,,,
2023-08-12 08:00:00+00:00,,,,
2023-08-12 16:00:00+00:00,,,,
2023-08-13 00:00:00+00:00,,,,
2023-08-13 08:00:00+00:00,,,,
2023-08-13 16:00:00+00:00,144.91900634765625,144.93899536132812,144.81700134277344,144.85299682617188
2023-08-14 00:00:00+00:00,144.85299682617188,145.22500610351562,144.6490020751953,144.7949981689453
2023-08-14 08:00:00+00:00,144.79400634765625,145.5800018310547,144.74000549316406,145.2989959716797
2023-08-14 16:00:00+00:00,145.3000030517578,145.56399536132812,145.17799377441406,145.43699645996094
2023-08-15 00:00:00+00:00,145.43299865722656,145.84100341796875,145.32000732421875,145.79800415039062
2023-08-15 08:00:00+00:00,145.79800415039062,145.86500549316406,145.10000610351562,145.39700317382812
2023-08-15 16:00:00+00:00,145.39700317382812,145.6699981689453,145.38800048828125,145.6199951171875
2023-08-16 00:00:00+00:00,145.61700439453125,145.69200134277344,145.302001953125,145.3679962158203
2023-08-16 08:00:00+00:00,145.3679962158203,145.93600463867188,145.36000061035156,145.8179931640625
2023-08-16 16:00:00+00:00,145.8179931640625,146.40699768066406,145.79800415039062,146.3280029296875
2023-08-17 00:00:00+00:00,146.33299255371094,146.56100463867188,146.197998046875,146.218994140625
2023-08-17 08:00:00+00:00,146.22000122070312,146.2989959716797,145.61500549316406,146.16400146484375
2023-08-17 16:00:00+00:00,146.1649932861328,146.3000030517578,145.57000732421875,145.71299743652344
2023-08-18 00:00:00+00:00,145.70700073242188,145.79600524902344,145.14999389648438,145.29800415039062
2023-08-18 08:00:00+00:00,145.2949981689453,145.76699829101562,145.10699462890625,145.1479949951172
2023-08-18 16:00:00+00:00,145.1529998779297,145.40199279785156,144.92300415039062,145.3800048828125
2023-08-19 00:00:00+00:00,,,,
2023-08-19 08:00:00+00:00,,,,
2023-08-19 16:00:00+00:00,,,,
2023-08-20 00:00:00+00:00,,,,
2023-08-20 08:00:00+00:00,,,,
2023-08-20 16:00:00+00:00,145.29600524902344,145.3509979248047,145.2760009765625,145.322998046875
2023-08-21 00:00:00+00:00,145.32200622558594,145.62600708007812,145.13999938964844,145.4530029296875
2023-08-21 08:00:00+00:00,145.45599365234375,146.4040069580078,145.42799377441406,146.26300048828125
2023-08-21 16:00:00+00:00,146.26300048828125,146.28399658203125,146.06399536132812,146.25100708007812
2023-08-22 00:00:00+00:00,146.24400329589844,146.4010009765625,145.74000549316406,145.76600646972656
2023-08-22 08:00:00+00:00,145.76499938964844,146.13400268554688,145.49099731445312,145.7899932861328
2023-08-22 16:00:00+00:00,145.7949981689453,145.9320068359375,145.7050018310547,145.7760009765625
2023-08-23 00:00:00+00:00,145.77499389648438,145.81500244140625,145.35000610351562,145.3990020751953
2023-08-23 08:00:00+00:00,145.39599609375,145.593994140625,144.55999755859375,144.6269989013672
2023-08-23 16:00:00+00:00,144.625,144.91700744628906,144.52999877929688,144.6739959716797
2023-08-24 00:00:00+00:00,144.67799377441406,145.35499572753906,144.60000610351562,145.32400512695312
2023-08-24 08:00:00+00:00,145.32899475097656,145.95799255371094,145.17999267578125,145.7519989013672
2023-08-24 16:00:00+00:00,145.75,146.0780029296875,145.72999572753906,146.0540008544922
2023-08-25 00:00:00+00:00,146.04800415039062,146.25900268554688,145.8800048828125,146.052001953125
2023-08-25 08:00:00+00:00,146.04800415039062,146.63499450683594,145.718994140625,146.3800048828125
2023-08-25 16:00:00+00:00,146.38099670410156,146.46600341796875,146.1999969482422,146.3820037841797
2023-08-26 00:00:00+00:00,,,,
2023-08-26 08:00:00+00:00,,,,
2023-08-26 16:00:00+00:00,,,,
2023-08-27 00:00:00+00:00,,,,
2023-08-27 08:00:00+00:00,,,,
2023-08-27 16:00:00+00:00,146.54299926757812,146.61700439453125,146.50399780273438,146.54600524902344
2023-08-28 00:00:00+00:00,146.54400634765625,146.58700561523438,146.26800537109375,146.54600524902344
2023-08-28 08:00:00+00:00,146.5449981689453,146.74600219726562,146.36000061035156,146.40199279785156
2023-08-28 16:00:00+00:00,146.40499877929688,146.5800018310547,146.36599731445312,146.46299743652344
2023-08-29 00:00:00+00:00,146.4600067138672,146.56100463867188,146.3040008544922,146.45700073242188
2023-08-29 08:00:00+00:00,146.45199584960938,147.37399291992188,145.85000610351562,146.01100158691406
2023-08-29 16:00:00+00:00,146.01100158691406,146.10299682617188,145.66400146484375,145.98199462890625
2023-08-30 00:00:00+00:00,145.97799682617188,146.51100158691406,145.85000610351562,146.3939971923828
2023-08-30 08:00:00+00:00,146.3939971923828,146.53700256347656,145.5540008544922,145.9429931640625
2023-08-30 16:00:00+00:00,145.94400024414062,146.29400634765625,145.9320068359375,146.08200073242188
2023-08-31 00:00:00+00:00,146.08399963378906,146.12399291992188,145.7169952392578,145.91200256347656
2023-08-31 08:00:00+00:00,145.90899658203125,146.22799682617188,145.45599365234375,145.68899536132812
2023-08-31 16:00:00+00:00,145.68499755859375,145.68899536132812,145.34500122070312,145.48599243164062
2023-09-01 00:00:00+00:00,145.48599243164062,145.7010040283203,145.23599243164062,145.41900634765625
2023-09-01 08:00:00+00:00,145.41700744628906,146.2239990234375,144.43899536132812,146.1999969482422
2023-09-01 16:00:00+00:00,146.2030029296875,146.29400634765625,146.0679931640625,146.1929931640625
2023-09-02 00:00:00+00:00,,,,
2023-09-02 08:00:00+00:00,,,,
2023-09-02 16:00:00+00:00,,,,
2023-09-03 00:00:00+00:00,,,,
2023-09-03 08:00:00+00:00,,,,
2023-09-03 16:00:00+00:00,146.15699768066406,146.16799926757812,146.01800537109375,146.06399536132812
2023-09-04 00:00:00+00:00,146.06399536132812,146.45599365234375,146.0330047607422,146.406005859375
2023-09-04 08:00:00+00:00,146.41000366210938,146.49200439453125,146.29800415039062,146.45700073242188
2023-09-04 16:00:00+00:00,146.45199584960938,146.55499267578125,146.36500549316406,146.54100036621094
2023-09-05 00:00:00+00:00,146.53399658203125,147.08299255371094,146.48300170898438,146.91000366210938
2023-09-05 08:00:00+00:00,146.90699768066406,147.73300170898438,146.83399963378906,147.62899780273438
2023-09-05 16:00:00+00:00,147.62899780273438,147.802001953125,147.3560028076172,147.45399475097656
2023-09-06 00:00:00+00:00,147.4550018310547,147.8179931640625,147.01199340820312,147.3679962158203
2023-09-06 08:00:00+00:00,147.3699951171875,147.70799255371094,147.1280059814453,147.6479949951172
2023-09-06 16:00:00+00:00,147.6490020751953,147.74099731445312,147.48300170898438,147.7169952392578
2023-09-07 00:00:00+00:00,147.7100067138672,147.87399291992188,147.4080047607422,147.43099975585938
2023-09-07 08:00:00+00:00,147.43699645996094,147.61500549316406,147.04200744628906,147.13099670410156
2023-09-07 16:00:00+00:00,147.13299560546875,147.38499450683594,147.03799438476562,147.3350067138672
2023-09-08 00:00:00+00:00,147.33200073242188,147.44400024414062,146.58299255371094,147.39500427246094
2023-09-08 08:00:00+00:00,147.3990020751953,147.74400329589844,147.23800659179688,147.6999969482422
2023-09-08 16:00:00+00:00,147.6999969482422,147.8699951171875,147.6580047607422,147.80999755859375
2023-09-09 00:00:00+00:00,,,,
2023-09-09 08:00:00+00:00,,,,
2023-09-09 16:00:00+00:00,,,,
2023-09-10 00:00:00+00:00,,,,
2023-09-10 08:00:00+00:00,,,,
2023-09-10 16:00:00+00:00,147.11000061035156,147.26100158691406,147.01800537109375,147.12399291992188
2023-09-11 00:00:00+00:00,147.12600708007812,147.14599609375,145.8990020751953,146.177001953125
2023-09-11 08:00:00+00:00,146.17599487304688,146.98599243164062,146.1300048828125,146.4709930419922
2023-09-11 16:00:00+00:00,146.46499633789062,146.6840057373047,146.32899475097656,146.67100524902344
2023-09-12 00:00:00+00:00,146.6719970703125,146.94500732421875,146.4499969482422,146.81100463867188
2023-09-12 08:00:00+00:00,146.81100463867188,147.2570037841797,146.656005859375,147.12399291992188
2023-09-12 16:00:00+00:00,147.1230010986328,147.22500610351562,146.97900390625,147.15699768066406
2023-09-13 00:00:00+00:00,147.156005859375,147.44700622558594,147.09100341796875,147.26199340820312
2023-09-13 08:00:00+00:00,147.26499938964844,147.68899536132812,147.20399475097656,147.45700073242188
2023-09-13 16:00:00+00:00,147.45700073242188,147.50799560546875,147.16200256347656,147.3280029296875
2023-09-14 00:00:00+00:00,147.33099365234375,147.38999938964844,147.01600646972656,147.27699279785156
2023-09-14 08:00:00+00:00,147.27699279785156,147.5659942626953,147.01199340820312,147.17300415039062
2023-09-14 16:00:00+00:00,147.1719970703125,147.50799560546875,147.04800415039062,147.4600067138672
2023-09-15 00:00:00+00:00,147.4600067138672,147.80099487304688,147.33399963378906,147.7530059814453
2023-09-15 08:00:00+00:00,147.75399780273438,147.9499969482422,147.58999633789062,147.83299255371094
2023-09-15 16:00:00+00:00,147.83099365234375,147.89300537109375,147.71800231933594,147.81900024414062
2023-09-16 00:00:00+00:00,,,,
2023-09-16 08:00:00+00:00,,,,
2023-09-16 16:00:00+00:00,,,,
2023-09-17 00:00:00+00:00,,,,
2023-09-17 08:00:00+00:00,,,,
2023-09-17 16:00:00+00:00,147.81900024414062,147.87899780273438,147.81199645996094,147.86199951171875
2023-09-18 00:00:00+00:00,147.86900329589844,147.875,147.5540008544922,147.71299743652344
2023-09-18 08:00:00+00:00,147.7169952392578,147.77200317382812,147.55999755859375,147.6280059814453
2023-09-18 16:00:00+00:00,147.6280059814453,147.75799560546875,147.5290069580078,147.61099243164062
2023-09-19 00:00:00+00:00,147.61000061035156,147.8939971923828,147.49000549316406,147.6479949951172
2023-09-19 08:00:00+00:00,147.6510009765625,147.83599853515625,147.56300354003906,147.8000030517578
2023-09-19 16:00:00+00:00,147.80099487304688,147.92100524902344,147.6699981689453,147.76199340820312
2023-09-20 00:00:00+00:00,147.75599670410156,148.16700744628906,147.69000244140625,148.14100646972656
2023-09-20 08:00:00+00:00,148.13600158691406,148.1490020751953,147.60000610351562,147.73500061035156
2023-09-20 16:00:00+00:00,147.73199462890625,148.35800170898438,147.4600067138672,148.31900024414062
2023-09-21 00:00:00+00:00,148.3179931640625,148.45799255371094,148.18800354003906,148.2530059814453
2023-09-21 08:00:00+00:00,148.2530059814453,148.26800537109375,147.3179931640625,147.42300415039062
2023-09-21 16:00:00+00:00,147.41900634765625,147.66099548339844,147.38800048828125,147.64599609375
2023-09-22 00:00:00+00:00,147.6479949951172,148.41900634765625,147.50399780273438,148.26699829101562
2023-09-22 08:00:00+00:00,148.26699829101562,148.375,147.95599365234375,148.23500061035156
2023-09-22 16:00:00+00:00,148.23199462890625,148.41299438476562,148.2259979248047,148.36000061035156
2023-09-23 00:00:00+00:00,,,,
2023-09-23 08:00:00+00:00,,,,
2023-09-23 16:00:00+00:00,,,,
2023-09-24 00:00:00+00:00,,,,
2023-09-24 08:00:00+00:00,,,,
2023-09-24 16:00:00+00:00,148.3800048828125,148.44700622558594,148.322998046875,148.4320068359375
2023-09-25 00:00:00+00:00,148.4320068359375,148.48300170898438,148.28799438476562,148.43499755859375
2023-09-25 08:00:00+00:00,148.43699645996094,148.96499633789062,148.42799377441406,148.7429962158203
2023-09-25 16:00:00+00:00,148.74099731445312,148.89500427246094,148.71400451660156,148.82000732421875
2023-09-26 00:00:00+00:00,148.82200622558594,149.18600463867188,148.7010040283203,148.87399291992188
2023-09-26 08:00:00+00:00,148.87899780273438,148.99200439453125,148.75399780273438,148.9040069580078
2023-09-26 16:00:00+00:00,148.90199279785156,149.09800720214844,148.85899353027344,149.0540008544922
2023-09-27 00:00:00+00:00,149.05499267578125,149.1510009765625,148.8560028076172,149.02699279785156
2023-09-27 08:00:00+00:00,149.02499389648438,149.50100708007812,148.96800231933594,149.48300170898438
2023-09-27 16:00:00+00:00,149.48199462890625,149.70799255371094,149.3300018310547,149.49400329589844
2023-09-28 00:00:00+00:00,149.49400329589844,149.5540008544922,149.20399475097656,149.31500244140625
2023-09-28 08:00:00+00:00,149.31399536132812,149.5019989013672,149.14300537109375,149.18499755859375
2023-09-28 16:00:00+00:00,149.18600463867188,149.38299560546875,149.16000366210938,149.3350067138672
2023-09-29 00:00:00+00:00,149.33399963378906,149.50599670410156,148.5240020751953,148.76699829101562
2023-09-29 08:00:00+00:00,148.76800537109375,149.44000244140625,148.76400756835938,149.41600036621094
2023-09-29 16:00:00+00:00,149.41299438476562,149.48800659179688,149.30499267578125,149.3300018310547
2023-09-30 00:00:00+00:00,,,,
2023-09-30 08:00:00+00:00,,,,
2023-09-30 16:00:00+00:00,,,,
2023-10-01 00:00:00+00:00,,,,
2023-10-01 08:00:00+00:00,,,,
2023-10-01 16:00:00+00:00,149.57899475097656,149.6320037841797,149.48599243164062,149.5290069580078
2023-10-02 00:00:00+00:00,149.5240020751953,149.822998046875,149.45199584960938,149.7480010986328
2023-10-02 08:00:00+00:00,149.7480010986328,149.8780059814453,149.6280059814453,149.80499267578125
2023-10-02 16:00:00+00:00,149.80499267578125,149.8730010986328,149.7050018310547,149.85699462890625
2023-10-03 00:00:00+00:00,149.86000061035156,149.93299865722656,149.64999389648438,149.7899932861328
2023-10-03 08:00:00+00:00,149.79400634765625,150.16000366210938,147.27699279785156,149.16600036621094
2023-10-03 16:00:00+00:00,149.16900634765625,149.20799255371094,148.70399475097656,149.17599487304688
2023-10-04 00:00:00+00:00,149.17799377441406,149.3179931640625,148.72999572753906,148.8470001220703
2023-10-04 08:00:00+00:00,148.84300231933594,149.21299743652344,148.75799560546875,148.8300018310547
2023-10-04 16:00:00+00:00,148.8350067138672,149.1320037841797,148.81199645996094,148.97999572753906
2023-10-05 00:00:00+00:00,148.98300170898438,149.0959930419922,148.2550048828125,149.05299377441406
2023-10-05 08:00:00+00:00,149.05599975585938,149.11599731445312,148.43099975585938,148.49099731445312
2023-10-05 16:00:00+00:00,148.48800659179688,148.52699279785156,148.302001953125,148.468994140625
2023-10-06 00:00:00+00:00,148.468994140625,148.98899841308594,148.4600067138672,148.88600158691406
2023-10-06 08:00:00+00:00,148.88299560546875,149.53599548339844,148.83799743652344,149.08599853515625
2023-10-06 16:00:00+00:00,149.08099365234375,149.35899353027344,149.05799865722656,149.2740020751953
2023-10-07 00:00:00+00:00,,,,
2023-10-07 08:00:00+00:00,,,,
2023-10-07 16:00:00+00:00,,,,
2023-10-08 00:00:00+00:00,,,,
2023-10-08 08:00:00+00:00,,,,
2023-10-08 16:00:00+00:00,149.1649932861328,149.20899963378906,149.1300048828125,149.1510009765625
2023-10-09 00:00:00+00:00,149.14700317382812,149.2239990234375,149.07400512695312,149.16799926757812
2023-10-09 08:00:00+00:00,149.16600036621094,149.1820068359375,148.51199340820312,148.7030029296875
2023-10-09 16:00:00+00:00,148.697998046875,148.78199768066406,148.28700256347656,148.33200073242188
2023-10-10 00:00:00+00:00,148.32899475097656,149.0709991455078,148.1580047607422,148.95899963378906
2023-10-10 08:00:00+00:00,148.95899963378906,149.0970001220703,148.5709991455078,148.62399291992188
2023-10-10 16:00:00+00:00,148.6219940185547,148.7760009765625,148.5399932861328,148.62600708007812
2023-10-11 00:00:00+00:00,148.6280059814453,148.9720001220703,148.4199981689453,148.75999450683594
2023-10-11 08:00:00+00:00,148.75900268554688,149.18600463867188,148.6020050048828,149.0019989013672
2023-10-11 16:00:00+00:00,149.0019989013672,149.32400512695312,148.9720001220703,149.0290069580078
2023-10-12 00:00:00+00:00,149.03399658203125,149.2729949951172,148.9510040283203,149.17999267578125
2023-10-12 08:00:00+00:00,149.1790008544922,149.7949981689453,149.01699829101562,149.71600341796875
2023-10-12 16:00:00+00:00,149.71200561523438,149.82899475097656,149.656005859375,149.78799438476562
2023-10-13 00:00:00+00:00,149.78500366210938,149.8280029296875,149.5659942626953,149.65499877929688
2023-10-13 08:00:00+00:00,149.6540069580078,149.7779998779297,149.447998046875,149.61900329589844
2023-10-13 16:00:00+00:00,149.61399841308594,149.62399291992188,149.46499633789062,149.49899291992188
2023-10-14 00:00:00+00:00,,,,
2023-10-14 08:00:00+00:00,,,,
2023-10-14 16:00:00+00:00,,,,
2023-10-15 00:00:00+00:00,,,,
2023-10-15 08:00:00+00:00,,,,
2023-10-15 16:00:00+00:00,149.58200073242188,149.6320037841797,149.54800415039062,149.56199645996094
2023-10-16 00:00:00+00:00,149.56100463867188,149.61399841308594,149.37100219726562,149.56700134277344
2023-10-16 08:00:00+00:00,149.57200622558594,149.76400756835938,149.4040069580078,149.572998046875
2023-10-16 16:00:00+00:00,149.57000732421875,149.625,149.4759979248047,149.5800018310547
2023-10-17 00:00:00+00:00,149.57899475097656,149.6580047607422,149.47500610351562,149.5989990234375
2023-10-17 08:00:00+00:00,149.5959930419922,149.79400634765625,148.73899841308594,149.71400451660156
2023-10-17 16:00:00+00:00,149.71499633789062,149.85000610351562,149.68499755859375,149.75799560546875
2023-10-18 00:00:00+00:00,149.75900268554688,149.79100036621094,149.4810028076172,149.74600219726562
2023-10-18 08:00:00+00:00,149.74400329589844,149.88600158691406,149.60800170898438,149.86099243164062
2023-10-18 16:00:00+00:00,149.86500549316406,149.93600463867188,149.72999572753906,149.77000427246094
2023-10-19 00:00:00+00:00,149.77000427246094,149.84100341796875,149.66200256347656,149.7989959716797
2023-10-19 08:00:00+00:00,149.8000030517578,149.93499755859375,149.76199340820312,149.9199981689453
2023-10-19 16:00:00+00:00,149.91900634765625,149.96299743652344,149.6719970703125,149.8000030517578
2023-10-20 00:00:00+00:00,149.8000030517578,149.97999572753906,149.78900146484375,149.9669952392578
2023-10-20 08:00:00+00:00,149.96299743652344,149.9929962158203,149.63900756835938,149.8459930419922
2023-10-20 16:00:00+00:00,149.8489990234375,149.88800048828125,149.77200317382812,149.80299377441406
2023-10-21 00:00:00+00:00,,,,
2023-10-21 08:00:00+00:00,,,,
2023-10-21 16:00:00+00:00,,,,
2023-10-22 00:00:00+00:00,,,,
2023-10-22 08:00:00+00:00,,,,
2023-10-22 16:00:00+00:00,149.85800170898438,149.8939971923828,149.84500122070312,149.88600158691406
2023-10-23 00:00:00+00:00,149.88400268554688,149.96299743652344,149.7740020751953,149.89999389648438
2023-10-23 08:00:00+00:00,149.8979949951172,149.99000549316406,149.72999572753906,149.7899932861328
2023-10-23 16:00:00+00:00,149.78900146484375,149.81500244140625,149.5469970703125,149.77200317382812
2023-10-24 00:00:00+00:00,149.7729949951172,149.78700256347656,149.3179931640625,149.48300170898438
2023-10-24 08:00:00+00:00,149.48800659179688,149.9290008544922,149.32699584960938,149.83900451660156
2023-10-24 16:00:00+00:00,149.84100341796875,149.91900634765625,149.7429962158203,149.85499572753906
2023-10-25 00:00:00+00:00,149.8520050048828,149.9250030517578,149.78799438476562,149.9010009765625
2023-10-25 08:00:00+00:00,149.89999389648438,149.96499633789062,149.86199951171875,149.93600463867188
2023-10-25 16:00:00+00:00,149.93499755859375,150.31500244140625,149.86199951171875,150.0919952392578
2023-10-26 00:00:00+00:00,150.0919952392578,150.7779998779297,149.8300018310547,150.47300720214844
2023-10-26 08:00:00+00:00,150.4720001220703,150.5229949951172,150.0800018310547,150.44200134277344
2023-10-26 16:00:00+00:00,150.44500732421875,150.45899963378906,150.2310028076172,150.36099243164062
2023-10-27 00:00:00+00:00,150.36000061035156,150.41099548339844,150.0749969482422,150.1510009765625
2023-10-27 08:00:00+00:00,150.15699768066406,150.17999267578125,149.5449981689453,149.60899353027344
2023-10-27 16:00:00+00:00,149.60499572753906,149.74000549316406,149.45599365234375,149.62600708007812
2023-10-28 00:00:00+00:00,,,,
2023-10-28 08:00:00+00:00,,,,
2023-10-28 16:00:00+00:00,,,,
2023-10-29 00:00:00+00:00,,,,
2023-10-29 08:00:00+00:00,,,,
2023-10-29 16:00:00+00:00,,,,
2023-10-30 00:00:00+00:00,149.73199462890625,149.81399536132812,149.27999877929688,149.5240020751953
2023-10-30 08:00:00+00:00,149.51800537109375,149.85400390625,148.8000030517578,149.00999450683594
2023-10-30 16:00:00+00:00,149.00799560546875,149.16299438476562,148.9499969482422,149.09300231933594
2023-10-31 00:00:00+00:00,149.0959930419922,150.31500244140625,149.08799743652344,150.2760009765625
2023-10-31 08:00:00+00:00,150.27999877929688,151.5570068359375,150.06300354003906,151.45700073242188
2023-10-31 16:00:00+00:00,151.45399475097656,151.7270050048828,151.03900146484375,151.29400634765625
2023-11-01 00:00:00+00:00,151.31700134277344,151.44400024414062,151.13800048828125,151.37399291992188
2023-11-01 08:00:00+00:00,151.3719940185547,151.3780059814453,150.81100463867188,150.96200561523438
2023-11-01 16:00:00+00:00,150.96499633789062,151.23899841308594,150.5749969482422,150.58700561523438
2023-11-02 00:00:00+00:00,150.57699584960938,150.5989990234375,150.14599609375,150.38299560546875
2023-11-02 08:00:00+00:00,150.38299560546875,150.5780029296875,149.83999633789062,150.48300170898438
2023-11-02 16:00:00+00:00,150.48399353027344,150.54400634765625,150.3699951171875,150.49099731445312
2023-11-03 00:00:00+00:00,150.4929962158203,150.4969940185547,150.2310028076172,150.33999633789062
2023-11-03 08:00:00+00:00,150.34100341796875,150.42599487304688,149.18099975585938,149.36599731445312
2023-11-03 16:00:00+00:00,149.36700439453125,149.4770050048828,149.24000549316406,149.33999633789062
2023-11-04 00:00:00+00:00,,,,
2023-11-04 08:00:00+00:00,,,,
2023-11-04 16:00:00+00:00,,,,
2023-11-05 00:00:00+00:00,,,,
2023-11-05 08:00:00+00:00,,,,
2023-11-05 16:00:00+00:00,,,,
2023-11-06 00:00:00+00:00,149.44900512695312,149.73500061035156,149.43499755859375,149.72300720214844
2023-11-06 08:00:00+00:00,149.72500610351562,149.83799743652344,149.3719940185547,149.72900390625
2023-11-06 16:00:00+00:00,149.7310028076172,150.08099365234375,149.67599487304688,149.98199462890625
2023-11-07 00:00:00+00:00,149.98500061035156,150.49200439453125,149.95599365234375,150.47999572753906
2023-11-07 08:00:00+00:00,150.4720001220703,150.6909942626953,150.24000549316406,150.4969940185547
2023-11-07 16:00:00+00:00,150.4969940185547,150.6199951171875,150.29600524902344,150.39100646972656
2023-11-08 00:00:00+00:00,150.39599609375,150.75599670410156,150.343994140625,150.67799377441406
2023-11-08 08:00:00+00:00,150.67599487304688,150.98699951171875,150.5919952392578,150.8489990234375
2023-11-08 16:00:00+00:00,150.8459930419922,151.05599975585938,150.7259979248047,150.85800170898438
2023-11-09 00:00:00+00:00,150.84800720214844,151.09100341796875,150.76600646972656,150.91600036621094
2023-11-09 08:00:00+00:00,150.91600036621094,151.18600463867188,150.8280029296875,150.94700622558594
2023-11-09 16:00:00+00:00,150.947998046875,151.38699340820312,150.92999267578125,151.34300231933594
2023-11-10 00:00:00+00:00,151.343994140625,151.4530029296875,151.21800231933594,151.3730010986328
2023-11-10 08:00:00+00:00,151.37100219726562,151.55099487304688,151.3179931640625,151.4720001220703
2023-11-10 16:00:00+00:00,151.4739990234375,151.6020050048828,151.4429931640625,151.4720001220703
2023-11-11 00:00:00+00:00,,,,
2023-11-11 08:00:00+00:00,,,,
2023-11-11 16:00:00+00:00,,,,
2023-11-12 00:00:00+00:00,,,,
2023-11-12 08:00:00+00:00,,,,
2023-11-12 16:00:00+00:00,,,,
2023-11-13 00:00:00+00:00,151.46099853515625,151.80099487304688,151.43800354003906,151.7449951171875
2023-11-13 08:00:00+00:00,151.74200439453125,151.9080047607422,151.20199584960938,151.68699645996094
2023-11-13 16:00:00+00:00,151.68499755859375,151.72799682617188,151.49099731445312,151.64599609375
2023-11-14 00:00:00+00:00,151.64599609375,151.78199768066406,151.57000732421875,151.6269989013672
2023-11-14 08:00:00+00:00,151.62899780273438,151.75399780273438,150.677001953125,150.8159942626953
2023-11-14 16:00:00+00:00,150.82000732421875,150.86599731445312,150.1510009765625,150.4759979248047
2023-11-15 00:00:00+00:00,150.4810028076172,150.79200744628906,150.43600463867188,150.68899536132812
2023-11-15 08:00:00+00:00,150.68899536132812,151.24200439453125,150.0399932861328,150.90199279785156
2023-11-15 16:00:00+00:00,150.89999389648438,151.4219970703125,150.85699462890625,151.21800231933594
2023-11-16 00:00:00+00:00,151.2030029296875,151.42799377441406,151.11199951171875,151.3699951171875
2023-11-16 08:00:00+00:00,151.375,151.42999267578125,150.27999877929688,150.40699768066406
2023-11-16 16:00:00+00:00,150.4080047607422,150.7729949951172,150.2969970703125,150.6999969482422
2023-11-17 00:00:00+00:00,150.70399475097656,150.7740020751953,150.41600036621094,150.4429931640625
2023-11-17 08:00:00+00:00,150.44200134277344,150.4530029296875,149.1959991455078,149.56300354003906
2023-11-17 16:00:00+00:00,149.56100463867188,149.8730010986328,149.50599670410156,149.56199645996094
2023-11-18 00:00:00+00:00,,,,
2023-11-18 08:00:00+00:00,,,,
2023-11-18 16:00:00+00:00,,,,
2023-11-19 00:00:00+00:00,,,,
2023-11-19 08:00:00+00:00,,,,
2023-11-19 16:00:00+00:00,,,,
2023-11-20 00:00:00+00:00,149.95599365234375,149.98599243164062,148.68699645996094,148.906005859375
2023-11-20 08:00:00+00:00,148.8979949951172,148.97000122070312,148.09800720214844,148.3719940185547
2023-11-20 16:00:00+00:00,148.3699951171875,148.45399475097656,148.13600158691406,148.36900329589844
2023-11-21 00:00:00+00:00,148.38299560546875,148.41700744628906,147.24200439453125,147.51300048828125
2023-11-21 08:00:00+00:00,147.51499938964844,147.80999755859375,147.15199279785156,147.79200744628906
2023-11-21 16:00:00+00:00,147.78900146484375,148.593994140625,147.72999572753906,148.15699768066406
2023-11-22 00:00:00+00:00,148.14599609375,149.0540008544922,148.0469970703125,148.95899963378906
2023-11-22 08:00:00+00:00,148.9600067138672,149.7480010986328,148.58399963378906,149.68099975585938
2023-11-22 16:00:00+00:00,149.68099975585938,149.7480010986328,149.45199584960938,149.45899963378906
2023-11-23 00:00:00+00:00,149.45899963378906,149.4600067138672,148.88299560546875,149.14300537109375
2023-11-23 08:00:00+00:00,149.14100646972656,149.6909942626953,149.0399932861328,149.4969940185547
2023-11-23 16:00:00+00:00,149.4929962158203,149.64199829101562,149.44700622558594,149.6320037841797
2023-11-24 00:00:00+00:00,149.63400268554688,149.70899963378906,149.19200134277344,149.4219970703125
2023-11-24 08:00:00+00:00,149.4250030517578,149.6699981689453,149.36700439453125,149.49600219726562
2023-11-24 16:00:00+00:00,149.49899291992188,149.6269989013672,149.3800048828125,149.41000366210938
2023-11-25 00:00:00+00:00,,,,
2023-11-25 08:00:00+00:00,,,,
2023-11-25 16:00:00+00:00,,,,
2023-11-26 00:00:00+00:00,,,,
2023-11-26 08:00:00+00:00,,,,
2023-11-26 16:00:00+00:00,,,,
2023-11-27 00:00:00+00:00,149.5760040283203,149.67599487304688,148.77000427246094,149.0189971923828
2023-11-27 08:00:00+00:00,149.02099609375,149.3280029296875,148.64999389648438,148.91799926757812
2023-11-27 16:00:00+00:00,148.91799926757812,149.0780029296875,148.35800170898438,148.43099975585938
2023-11-28 00:00:00+00:00,148.41400146484375,148.5449981689453,147.96499633789062,148.5050048828125
2023-11-28 08:00:00+00:00,148.50900268554688,148.8300018310547,147.6999969482422,147.8699951171875
2023-11-28 16:00:00+00:00,147.8719940185547,147.91299438476562,147.01300048828125,147.06199645996094
2023-11-29 00:00:00+00:00,147.06300354003906,147.36599731445312,146.6649932861328,147.3489990234375
2023-11-29 08:00:00+00:00,147.34500122070312,147.90499877929688,147.11599731445312,147.39100646972656
2023-11-29 16:00:00+00:00,147.38800048828125,147.47300720214844,146.83200073242188,147.03900146484375
2023-11-30 00:00:00+00:00,147.05099487304688,147.26499938964844,146.86000061035156,147.05999755859375
2023-11-30 08:00:00+00:00,147.06199645996094,148.52000427246094,146.9510040283203,147.83200073242188
2023-11-30 16:00:00+00:00,147.8300018310547,148.30099487304688,147.71299743652344,147.99600219726562
2023-12-01 00:00:00+00:00,147.99400329589844,148.31500244140625,147.59800720214844,148.30099487304688
2023-12-01 08:00:00+00:00,148.29800415039062,148.3470001220703,147.33399963378906,147.58700561523438
2023-12-01 16:00:00+00:00,147.58399963378906,147.8470001220703,146.65699768066406,146.76100158691406
2023-12-02 00:00:00+00:00,,,,
2023-12-02 08:00:00+00:00,,,,
2023-12-02 16:00:00+00:00,,,,
2023-12-03 00:00:00+00:00,,,,
2023-12-03 08:00:00+00:00,,,,
2023-12-03 16:00:00+00:00,,,,
2023-12-04 00:00:00+00:00,146.36099243164062,146.9770050048828,146.22000122070312,146.96800231933594
2023-12-04 08:00:00+00:00,146.96200561523438,147.16299438476562,146.45599365234375,147.10000610351562
2023-12-04 16:00:00+00:00,147.10299682617188,147.4510040283203,146.947998046875,147.33299255371094
2023-12-05 00:00:00+00:00,147.30099487304688,147.38099670410156,146.74200439453125,146.8350067138672
2023-12-05 08:00:00+00:00,146.83299255371094,147.2760009765625,146.5570068359375,147.10299682617188
2023-12-05 16:00:00+00:00,147.10499572753906,147.38999938964844,146.97799682617188,147.1790008544922
2023-12-06 00:00:00+00:00,147.18299865722656,147.39700317382812,146.92799377441406,146.96400451660156
2023-12-06 08:00:00+00:00,146.96400451660156,147.49899291992188,146.89100646972656,147.218994140625
2023-12-06 16:00:00+00:00,147.218994140625,147.41200256347656,147.093994140625,147.14100646972656
2023-12-07 00:00:00+00:00,147.17599487304688,147.2100067138672,145.51600646972656,145.71200561523438
2023-12-07 08:00:00+00:00,145.70799255371094,145.71600341796875,143.93600463867188,144.03199768066406
2023-12-07 16:00:00+00:00,144.02999877929688,144.31900024414062,141.61500549316406,144.28399658203125
2023-12-08 00:00:00+00:00,144.23599243164062,144.39500427246094,142.49200439453125,144.09100341796875
2023-12-08 08:00:00+00:00,144.09100341796875,145.21600341796875,143.71600341796875,144.50399780273438
2023-12-08 16:00:00+00:00,144.50599670410156,145.0,144.38600158691406,144.91799926757812
2023-12-09 00:00:00+00:00,,,,
2023-12-09 08:00:00+00:00,,,,
2023-12-09 16:00:00+00:00,,,,
2023-12-10 00:00:00+00:00,,,,
2023-12-10 08:00:00+00:00,,,,
2023-12-10 16:00:00+00:00,,,,
2023-12-11 00:00:00+00:00,144.98500061035156,146.45399475097656,144.86399841308594,146.3800048828125
2023-12-11 08:00:00+00:00,146.3769989013672,146.50100708007812,145.96800231933594,146.41900634765625
2023-12-11 16:00:00+00:00,146.4149932861328,146.58900451660156,146.0679931640625,146.07899475097656
2023-12-12 00:00:00+00:00,146.04400634765625,146.1230010986328,145.21800231933594,145.44400024414062
2023-12-12 08:00:00+00:00,145.44000244140625,145.8520050048828,144.7270050048828,145.64599609375
2023-12-12 16:00:00+00:00,145.64199829101562,145.7310028076172,145.17599487304688,145.29600524902344
2023-12-13 00:00:00+00:00,145.29299926757812,145.9929962158203,145.26100158691406,145.81300354003906
2023-12-13 08:00:00+00:00,145.80799865722656,145.95399475097656,145.03599548339844,145.156005859375
2023-12-13 16:00:00+00:00,145.1529998779297,145.2740020751953,142.07000732421875,142.82000732421875
2023-12-14 00:00:00+00:00,142.78399658203125,142.90899658203125,140.95399475097656,142.00999450683594
2023-12-14 08:00:00+00:00,142.00799560546875,142.28399658203125,141.2270050048828,141.6790008544922
2023-12-14 16:00:00+00:00,141.67999267578125,142.30799865722656,141.39500427246094,142.2899932861328
2023-12-15 00:00:00+00:00,142.27699279785156,142.46400451660156,141.56199645996094,141.96800231933594
2023-12-15 08:00:00+00:00,141.97000122070312,142.45199584960938,141.42599487304688,141.74099731445312
2023-12-15 16:00:00+00:00,141.74400329589844,142.30999755859375,141.656005859375,142.14599609375
2023-12-16 00:00:00+00:00,,,,
2023-12-16 08:00:00+00:00,,,,
2023-12-16 16:00:00+00:00,,,,
2023-12-17 00:00:00+00:00,,,,
2023-12-17 08:00:00+00:00,,,,
2023-12-17 16:00:00+00:00,,,,
2023-12-18 00:00:00+00:00,142.32400512695312,142.46099853515625,142.0679931640625,142.38499450683594
2023-12-18 08:00:00+00:00,142.37899780273438,143.1580047607422,142.23599243164062,143.11500549316406
2023-12-18 16:00:00+00:00,143.11199951171875,143.11599731445312,142.64100646972656,142.66299438476562
2023-12-19 00:00:00+00:00,142.68800354003906,144.26499938964844,142.24200439453125,144.15499877929688
2023-12-19 08:00:00+00:00,144.156005859375,144.9550018310547,143.6820068359375,143.80599975585938
2023-12-19 16:00:00+00:00,143.8040008544922,143.9669952392578,143.5260009765625,143.88900756835938
2023-12-20 00:00:00+00:00,143.9219970703125,144.0989990234375,143.3040008544922,143.54299926757812
2023-12-20 08:00:00+00:00,143.54200744628906,143.71299743652344,143.25799560546875,143.67999267578125
2023-12-20 16:00:00+00:00,143.68299865722656,143.93800354003906,143.3780059814453,143.4980010986328
2023-12-21 00:00:00+00:00,143.52499389648438,143.5679931640625,142.802001953125,143.2570037841797
2023-12-21 08:00:00+00:00,143.2570037841797,143.39599609375,142.07200622558594,142.16400146484375
2023-12-21 16:00:00+00:00,142.16400146484375,142.43800354003906,142.0070037841797,142.0500030517578
2023-12-22 00:00:00+00:00,142.07000732421875,142.55799865722656,141.85899353027344,142.23199462890625
2023-12-22 08:00:00+00:00,142.2310028076172,142.4709930419922,141.88499450683594,142.36300659179688
2023-12-22 16:00:00+00:00,142.36599731445312,142.66200256347656,142.32699584960938,142.4550018310547
2023-12-23 00:00:00+00:00,,,,
2023-12-23 08:00:00+00:00,,,,
2023-12-23 16:00:00+00:00,,,,
2023-12-24 00:00:00+00:00,,,,
2023-12-24 08:00:00+00:00,,,,
2023-12-24 16:00:00+00:00,,,,
2023-12-25 00:00:00+00:00,142.44700622558594,142.5189971923828,142.08700561523438,142.41299438476562
2023-12-25 08:00:00+00:00,142.35400390625,142.38600158691406,142.31100463867188,142.36099243164062
2023-12-25 16:00:00+00:00,142.36399841308594,142.4250030517578,142.1300048828125,142.24000549316406
2023-12-26 00:00:00+00:00,142.23800659179688,142.39700317382812,142.08399963378906,142.3260040283203
2023-12-26 08:00:00+00:00,142.32699584960938,142.60299682617188,142.23300170898438,142.59500122070312
2023-12-26 16:00:00+00:00,142.5989990234375,142.63400268554688,142.29400634765625,142.46800231933594
2023-12-27 00:00:00+00:00,142.48599243164062,142.84800720214844,142.43099975585938,142.78500366210938
2023-12-27 08:00:00+00:00,142.77999877929688,142.80799865722656,142.19500732421875,142.2050018310547
2023-12-27 16:00:00+00:00,142.20700073242188,142.23899841308594,141.37600708007812,141.41200256347656
2023-12-28 00:00:00+00:00,141.43600463867188,141.67300415039062,140.70599365234375,140.81700134277344
2023-12-28 08:00:00+00:00,140.8159942626953,141.13800048828125,140.24400329589844,140.8820037841797
2023-12-28 16:00:00+00:00,140.8800048828125,141.58399963378906,140.8560028076172,141.43499755859375
2023-12-29 00:00:00+00:00,141.4340057373047,141.66600036621094,141.13400268554688,141.41099548339844
2023-12-29 08:00:00+00:00,141.4080047607422,141.91299438476562,140.8939971923828,140.99400329589844
2023-12-29 16:00:00+00:00,140.9949951171875,141.11300659179688,140.79400634765625,140.97999572753906
2023-12-30 00:00:00+00:00,,,,
2023-12-30 08:00:00+00:00,,,,
2023-12-30 16:00:00+00:00,,,,
2023-12-31 00:00:00+00:00,,,,
2023-12-31 08:00:00+00:00,,,,
2023-12-31 16:00:00+00:00,,,,
2024-01-01 00:00:00+00:00,,,,
2024-01-01 08:00:00+00:00,,,,
2024-01-01 16:00:00+00:00,140.83999633789062,141.1280059814453,140.7790069580078,141.11900329589844
2024-01-02 00:00:00+00:00,141.10899353027344,141.6699981689453,141.09300231933594,141.5449981689453
2024-01-02 08:00:00+00:00,141.54100036621094,142.21600341796875,141.28799438476562,141.9250030517578
2024-01-02 16:00:00+00:00,141.927001953125,142.16900634765625,141.70899963378906,142.16400146484375
2024-01-03 00:00:00+00:00,142.1739959716797,142.46800231933594,141.85400390625,142.41799926757812
2024-01-03 08:00:00+00:00,142.41799926757812,143.72799682617188,142.3939971923828,143.6009979248047
2024-01-03 16:00:00+00:00,143.5959930419922,143.73599243164062,142.9459991455078,142.98800659179688
2024-01-04 00:00:00+00:00,142.99200439453125,143.90199279785156,142.85000610351562,143.37399291992188
2024-01-04 08:00:00+00:00,143.3730010986328,144.85000610351562,143.35800170898438,144.65699768066406
2024-01-04 16:00:00+00:00,144.66299438476562,144.77499389648438,144.45700073242188,144.75999450683594
2024-01-05 00:00:00+00:00,144.77200317382812,145.3679962158203,144.65499877929688,145.07200622558594
2024-01-05 08:00:00+00:00,145.0760040283203,145.9759979248047,143.80099487304688,144.125
2024-01-05 16:00:00+00:00,144.1269989013672,144.8939971923828,144.06199645996094,144.60299682617188
2024-01-06 00:00:00+00:00,,,,
2024-01-06 08:00:00+00:00,,,,
2024-01-06 16:00:00+00:00,,,,
2024-01-07 00:00:00+00:00,,,,
2024-01-07 08:00:00+00:00,,,,
2024-01-07 16:00:00+00:00,,,,
2024-01-08 00:00:00+00:00,144.71800231933594,144.7969970703125,144.0850067138672,144.4149932861328
2024-01-08 08:00:00+00:00,144.41700744628906,144.68299865722656,143.85000610351562,143.93099975585938
2024-01-08 16:00:00+00:00,143.93499755859375,144.27999877929688,143.656005859375,144.1999969482422
2024-01-09 00:00:00+00:00,144.2239990234375,144.25799560546875,143.41600036621094,144.05799865722656
2024-01-09 08:00:00+00:00,144.06300354003906,144.36300659179688,143.6479949951172,144.3090057373047
2024-01-09 16:00:00+00:00,144.30999755859375,144.6230010986328,144.23899841308594,144.43699645996094
2024-01-10 00:00:00+00:00,144.42799377441406,145.1510009765625,144.41299438476562,144.93600463867188
2024-01-10 08:00:00+00:00,144.9409942626953,145.67599487304688,144.75799560546875,145.60899353027344
2024-01-10 16:00:00+00:00,145.61300659179688,145.83299255371094,145.50999450683594,145.75399780273438
2024-01-11 00:00:00+00:00,145.7239990234375,145.8040008544922,145.2740020751953,145.40699768066406
2024-01-11 08:00:00+00:00,145.406005859375,146.4149932861328,144.96800231933594,145.947998046875
2024-01-11 16:00:00+00:00,145.9499969482422,146.18899536132812,144.9340057373047,145.0850067138672
2024-01-12 00:00:00+00:00,145.0959930419922,145.40499877929688,144.83900451660156,145.1479949951172
2024-01-12 08:00:00+00:00,145.14599609375,145.5260009765625,144.3489990234375,144.70899963378906
2024-01-12 16:00:00+00:00,144.70799255371094,145.02000427246094,144.55999755859375,144.9040069580078
2024-01-13 00:00:00+00:00,,,,
2024-01-13 08:00:00+00:00,,,,
2024-01-13 16:00:00+00:00,,,,
2024-01-14 00:00:00+00:00,,,,
2024-01-14 08:00:00+00:00,,,,
2024-01-14 16:00:00+00:00,,,,
2024-01-15 00:00:00+00:00,145.14599609375,145.5540008544922,144.9290008544922,145.44400024414062
2024-01-15 08:00:00+00:00,145.44900512695312,145.9409942626953,145.31199645996094,145.79100036621094
2024-01-15 16:00:00+00:00,145.78900146484375,145.8679962158203,145.66900634765625,145.78399658203125
2024-01-16 00:00:00+00:00,145.7899932861328,146.27200317382812,145.5800018310547,146.15699768066406
2024-01-16 08:00:00+00:00,146.1580047607422,146.7949981689453,146.0,146.70399475097656
2024-01-16 16:00:00+00:00,146.6999969482422,147.31100463867188,146.69200134277344,147.2429962158203
2024-01-17 00:00:00+00:00,147.24200439453125,147.9669952392578,147.0919952392578,147.8719940185547
2024-01-17 08:00:00+00:00,147.8679962158203,148.5240020751953,147.55999755859375,148.44200134277344
2024-01-17 16:00:00+00:00,148.447998046875,148.52000427246094,148.0229949951172,148.13400268554688
2024-01-18 00:00:00+00:00,148.13400268554688,148.2519989013672,147.68299865722656,147.78700256347656
2024-01-18 08:00:00+00:00,147.78399658203125,148.3000030517578,147.64999389648438,148.1750030517578
2024-01-18 16:00:00+00:00,148.17599487304688,148.27699279785156,147.9980010986328,148.13800048828125
2024-01-19 00:00:00+00:00,148.1219940185547,148.8040008544922,147.93499755859375,148.27200317382812
2024-01-19 08:00:00+00:00,148.27099609375,148.53199768066406,147.83399963378906,148.1009979248047
2024-01-19 16:00:00+00:00,148.10000610351562,148.3090057373047,148.01699829101562,148.1280059814453
2024-01-20 00:00:00+00:00,,,,
2024-01-20 08:00:00+00:00,,,,
2024-01-20 16:00:00+00:00,,,,
2024-01-21 00:00:00+00:00,,,,
2024-01-21 08:00:00+00:00,,,,
2024-01-21 16:00:00+00:00,,,,
2024-01-22 00:00:00+00:00,148.12399291992188,148.22999572753906,147.72799682617188,148.0330047607422
2024-01-22 08:00:00+00:00,148.03599548339844,148.3040008544922,147.61399841308594,147.843994140625
2024-01-22 16:00:00+00:00,147.84500122070312,148.14999389648438,147.84100341796875,148.1320037841797
2024-01-23 00:00:00+00:00,148.13999938964844,148.552001953125,146.9669952392578,147.58299255371094
2024-01-23 08:00:00+00:00,147.58200073242188,148.54100036621094,147.25,148.47999572753906
2024-01-23 16:00:00+00:00,148.4759979248047,148.6959991455078,148.20599365234375,148.2519989013672
2024-01-24 00:00:00+00:00,148.2480010986328,148.25999450683594,147.697998046875,147.7899932861328
2024-01-24 08:00:00+00:00,147.7899932861328,147.7949981689453,146.6439971923828,146.9409942626953
2024-01-24 16:00:00+00:00,146.94200134277344,147.63900756835938,146.88299560546875,147.5780029296875
2024-01-25 00:00:00+00:00,147.58299255371094,147.8800048828125,147.52999877929688,147.66900634765625
2024-01-25 08:00:00+00:00,147.6699981689453,147.95799255371094,147.07699584960938,147.5780029296875
2024-01-25 16:00:00+00:00,147.5760040283203,147.9010009765625,147.4949951171875,147.72900390625
2024-01-26 00:00:00+00:00,147.71600341796875,147.8820037841797,147.4759979248047,147.77099609375
2024-01-26 08:00:00+00:00,147.76600646972656,148.1649932861328,147.39300537109375,148.07699584960938
2024-01-26 16:00:00+00:00,148.0760040283203,148.20899963378906,147.87899780273438,148.13999938964844
2024-01-27 00:00:00+00:00,,,,
2024-01-27 08:00:00+00:00,,,,
2024-01-27 16:00:00+00:00,,,,
2024-01-28 00:00:00+00:00,,,,
2024-01-28 08:00:00+00:00,,,,
2024-01-28 16:00:00+00:00,,,,
2024-01-29 00:00:00+00:00,148.17799377441406,148.33299255371094,147.7469940185547,147.80099487304688
2024-01-29 08:00:00+00:00,147.79800415039062,148.09100341796875,147.6179962158203,147.66400146484375
2024-01-29 16:00:00+00:00,147.66299438476562,147.74000549316406,147.2480010986328,147.49099731445312
2024-01-30 00:00:00+00:00,147.48500061035156,147.48899841308594,147.156005859375,147.22000122070312
2024-01-30 08:00:00+00:00,147.2239990234375,147.89100646972656,147.093994140625,147.84500122070312
2024-01-30 16:00:00+00:00,147.8470001220703,147.927001953125,147.35499572753906,147.36000061035156
2024-01-31 00:00:00+00:00,147.33299255371094,147.8979949951172,147.18600463867188,147.65699768066406
2024-01-31 08:00:00+00:00,147.6529998779297,147.88499450683594,146.13499450683594,146.17799377441406
2024-01-31 16:00:00+00:00,146.1790008544922,147.44500732421875,146.0050048828125,147.03500366210938
2024-02-01 00:00:00+00:00,147.00799560546875,147.08099365234375,146.47000122070312,146.802001953125
2024-02-01 08:00:00+00:00,146.80599975585938,147.11399841308594,146.24400329589844,146.30999755859375
2024-02-01 16:00:00+00:00,146.31100463867188,146.51300048828125,145.89100646972656,146.447998046875
2024-02-02 00:00:00+00:00,146.45899963378906,146.63800048828125,146.23699951171875,146.6230010986328
2024-02-02 08:00:00+00:00,146.6219940185547,148.343994140625,146.45899963378906,148.27699279785156
2024-02-02 16:00:00+00:00,148.27699279785156,148.58399963378906,148.19200134277344,148.3350067138672
2024-02-03 00:00:00+00:00,,,,
2024-02-03 08:00:00+00:00,,,,
2024-02-03 16:00:00+00:00,,,,
2024-02-04 00:00:00+00:00,,,,
2024-02-04 08:00:00+00:00,,,,
2024-02-04 16:00:00+00:00,,,,
2024-02-05 00:00:00+00:00,148.5070037841797,148.8209991455078,148.26199340820312,148.4770050048828
2024-02-05 08:00:00+00:00,148.47799682617188,148.87600708007812,148.3040008544922,148.87399291992188
2024-02-05 16:00:00+00:00,148.8719940185547,148.89500427246094,148.5,148.6510009765625
2024-02-06 00:00:00+00:00,148.66000366210938,148.6719970703125,148.35499572753906,148.50999450683594
2024-02-06 08:00:00+00:00,148.50900268554688,148.78900146484375,147.99600219726562,148.09300231933594
2024-02-06 16:00:00+00:00,148.08999633789062,148.18899536132812,147.73399353027344,147.81700134277344
2024-02-07 00:00:00+00:00,147.8179931640625,148.06199645996094,147.70599365234375,147.8209991455078
2024-02-07 08:00:00+00:00,147.81900024414062,148.25799560546875,147.6179962158203,147.9429931640625
2024-02-07 16:00:00+00:00,147.94200134277344,148.19900512695312,147.8699951171875,148.0800018310547
2024-02-08 00:00:00+00:00,148.08200073242188,148.80999755859375,147.9250030517578,148.73399353027344
2024-02-08 08:00:00+00:00,148.72799682617188,149.47900390625,148.64100646972656,149.43099975585938
2024-02-08 16:00:00+00:00,149.43099975585938,149.45599365234375,149.1179962158203,149.27099609375
2024-02-09 00:00:00+00:00,149.25599670410156,149.49000549316406,149.21200561523438,149.39599609375
2024-02-09 08:00:00+00:00,149.39700317382812,149.5749969482422,149.0019989013672,149.322998046875
2024-02-09 16:00:00+00:00,149.3179931640625,149.4149932861328,149.23699951171875,149.25799560546875
2024-02-10 00:00:00+00:00,,,,
2024-02-10 08:00:00+00:00,,,,
2024-02-10 16:00:00+00:00,,,,
2024-02-11 00:00:00+00:00,,,,
2024-02-11 08:00:00+00:00,,,,
2024-02-11 16:00:00+00:00,,,,
2024-02-12 00:00:00+00:00,149.1790008544922,149.2530059814453,149.04200744628906,149.0970001220703
2024-02-12 08:00:00+00:00,149.09300231933594,149.4759979248047,148.9219970703125,149.45899963378906
2024-02-12 16:00:00+00:00,149.45599365234375,149.4810028076172,149.23500061035156,149.39999389648438
2024-02-13 00:00:00+00:00,149.4040069580078,149.6510009765625,149.2779998779297,149.58799743652344
2024-02-13 08:00:00+00:00,149.58599853515625,150.60800170898438,149.2239990234375,150.59100341796875
2024-02-13 16:00:00+00:00,150.58799743652344,150.88499450683594,150.51800537109375,150.72799682617188
2024-02-14 00:00:00+00:00,150.7209930419922,150.7760009765625,150.33900451660156,150.44900512695312
2024-02-14 08:00:00+00:00,150.4510040283203,150.75100708007812,150.39199829101562,150.61300659179688
2024-02-14 16:00:00+00:00,150.61700439453125,150.625,150.3459930419922,150.56399536132812
2024-02-15 00:00:00+00:00,150.5540008544922,150.5590057373047,150.0500030517578,150.20199584960938
2024-02-15 08:00:00+00:00,150.20399475097656,150.21800231933594,149.52200317382812,150.052001953125
2024-02-15 16:00:00+00:00,150.0500030517578,150.2480010986328,149.8179931640625,149.9459991455078
2024-02-16 00:00:00+00:00,149.95799255371094,150.36599731445312,149.9219970703125,150.23300170898438
2024-02-16 08:00:00+00:00,150.23500061035156,150.64599609375,150.10699462890625,150.2429962158203
2024-02-16 16:00:00+00:00,150.24000549316406,150.3939971923828,150.08200073242188,150.1750030517578
2024-02-17 00:00:00+00:00,,,,
2024-02-17 08:00:00+00:00,,,,
2024-02-17 16:00:00+00:00,,,,
2024-02-18 00:00:00+00:00,,,,
2024-02-18 08:00:00+00:00,,,,
2024-02-18 16:00:00+00:00,,,,
2024-02-19 00:00:00+00:00,150.14599609375,150.15199279785156,149.8730010986328,149.9720001220703
2024-02-19 08:00:00+00:00,149.9770050048828,150.16299438476562,149.88800048828125,150.15699768066406
2024-02-19 16:00:00+00:00,150.16200256347656,150.302001953125,150.07400512695312,150.25799560546875
2024-02-20 00:00:00+00:00,150.27099609375,150.43699645996094,150.18800354003906,150.3560028076172
2024-02-20 08:00:00+00:00,150.35899353027344,150.38800048828125,149.6790008544922,149.78500366210938
2024-02-20 16:00:00+00:00,149.78599548339844,150.0709991455078,149.73800659179688,149.95899963378906
2024-02-21 00:00:00+00:00,149.96299743652344,150.14999389648438,149.84800720214844,150.14599609375
2024-02-21 08:00:00+00:00,150.14199829101562,150.26300048828125,149.92799377441406,150.2480010986328
2024-02-21 16:00:00+00:00,150.2480010986328,150.39300537109375,150.12100219726562,150.34300231933594
2024-02-22 00:00:00+00:00,150.33700561523438,150.4600067138672,150.0780029296875,150.1320037841797
2024-02-22 08:00:00+00:00,150.13299560546875,150.64599609375,150.01199340820312,150.50599670410156
2024-02-22 16:00:00+00:00,150.5030059814453,150.68899536132812,150.4429931640625,150.4739990234375
2024-02-23 00:00:00+00:00,150.47000122070312,150.6510009765625,150.3679962158203,150.5570068359375
2024-02-23 08:00:00+00:00,150.55599975585938,150.77000427246094,150.31500244140625,150.52499389648438
2024-02-23 16:00:00+00:00,150.5240020751953,150.5449981689453,150.2899932861328,150.44000244140625
2024-02-24 00:00:00+00:00,,,,
2024-02-24 08:00:00+00:00,,,,
2024-02-24 16:00:00+00:00,,,,
2024-02-25 00:00:00+00:00,,,,
2024-02-25 08:00:00+00:00,,,,
2024-02-25 16:00:00+00:00,,,,
2024-02-26 00:00:00+00:00,150.50100708007812,150.5189971923828,150.28799438476562,150.4550018310547
2024-02-26 08:00:00+00:00,150.447998046875,150.80799865722656,150.40199279785156,150.7449951171875
2024-02-26 16:00:00+00:00,150.74400329589844,150.83799743652344,150.4980010986328,150.5570068359375
2024-02-27 00:00:00+00:00,150.57000732421875,150.60899353027344,150.3179931640625,150.35299682617188
2024-02-27 08:00:00+00:00,150.35000610351562,150.54800415039062,150.0679931640625,150.43499755859375
2024-02-27 16:00:00+00:00,150.43299865722656,150.58299255371094,150.29600524902344,150.5019989013672
2024-02-28 00:00:00+00:00,150.51100158691406,150.75100708007812,150.3679962158203,150.73899841308594
2024-02-28 08:00:00+00:00,150.74099731445312,150.843994140625,150.52200317382812,150.81199645996094
2024-02-28 16:00:00+00:00,150.80799865722656,150.81700134277344,150.52699279785156,150.65199279785156
2024-02-29 00:00:00+00:00,150.656005859375,150.656005859375,149.6199951171875,149.66600036621094
2024-02-29 08:00:00+00:00,149.66400146484375,150.14999389648438,149.20399475097656,149.64300537109375
2024-02-29 16:00:00+00:00,149.64500427246094,150.1790008544922,149.63400268554688,150.08799743652344
2024-03-01 00:00:00+00:00,150.06399536132812,150.49899291992188,150.05499267578125,150.49400329589844
2024-03-01 08:00:00+00:00,150.4980010986328,150.72000122070312,150.08099365234375,150.1219940185547
2024-03-01 16:00:00+00:00,150.1219940185547,150.26800537109375,150.04800415039062,150.06399536132812
2024-03-02 00:00:00+00:00,,,,
2024-03-02 08:00:00+00:00,,,,
2024-03-02 16:00:00+00:00,,,,
2024-03-03 00:00:00+00:00,,,,
2024-03-03 08:00:00+00:00,,,,
2024-03-03 16:00:00+00:00,,,,
2024-03-04 00:00:00+00:00,150.12600708007812,150.39999389648438,149.83599853515625,150.30799865722656
2024-03-04 08:00:00+00:00,150.30799865722656,150.57000732421875,150.16900634765625,150.48500061035156
2024-03-04 16:00:00+00:00,150.47999572753906,150.56300354003906,150.3780059814453,150.46400451660156
2024-03-05 00:00:00+00:00,150.4530029296875,150.54600524902344,150.3459930419922,150.42100524902344
2024-03-05 08:00:00+00:00,150.41799926757812,150.48500061035156,149.6999969482422,149.97999572753906
2024-03-05 16:00:00+00:00,149.98199462890625,150.2259979248047,149.81100463867188,150.0279998779297
2024-03-06 00:00:00+00:00,150.04800415039062,150.08399963378906,149.32200622558594,149.53399658203125
2024-03-06 08:00:00+00:00,149.53500366210938,149.86500549316406,149.25799560546875,149.36500549316406
2024-03-06 16:00:00+00:00,149.36199951171875,149.4720001220703,149.08900451660156,149.26100158691406
2024-03-07 00:00:00+00:00,149.26100158691406,149.26100158691406,147.9320068359375,147.93499755859375
2024-03-07 08:00:00+00:00,147.9409942626953,148.2989959716797,147.58200073242188,148.13400268554688
2024-03-07 16:00:00+00:00,148.13999938964844,148.23399353027344,147.8209991455078,147.85800170898438
2024-03-08 00:00:00+00:00,147.86399841308594,148.11700439453125,147.51800537109375,147.8820037841797
2024-03-08 08:00:00+00:00,147.8800048828125,147.968994140625,146.47799682617188,147.0290069580078
2024-03-08 16:00:00+00:00,147.0279998779297,147.25799560546875,146.98599243164062,147.02000427246094
2024-03-09 00:00:00+00:00,,,,
2024-03-09 08:00:00+00:00,,,,
2024-03-09 16:00:00+00:00,,,,
2024-03-10 00:00:00+00:00,,,,
2024-03-10 08:00:00+00:00,,,,
2024-03-10 16:00:00+00:00,,,,
2024-03-11 00:00:00+00:00,146.79200744628906,147.08799743652344,146.52999877929688,146.7469940185547
2024-03-11 08:00:00+00:00,146.74600219726562,147.14700317382812,146.48300170898438,146.85699462890625
2024-03-11 16:00:00+00:00,146.86000061035156,147.0540008544922,146.7100067138672,146.7310028076172
2024-03-12 00:00:00+00:00,146.73699951171875,147.593994140625,146.61300659179688,147.33399963378906
2024-03-12 08:00:00+00:00,147.33299255371094,148.18600463867188,147.06300354003906,147.697998046875
2024-03-12 16:00:00+00:00,147.69200134277344,147.79600524902344,147.54200744628906,147.63900756835938
2024-03-13 00:00:00+00:00,147.61599731445312,147.7899932861328,147.22799682617188,147.67799377441406
2024-03-13 08:00:00+00:00,147.677001953125,148.0469970703125,147.63600158691406,147.73399353027344
2024-03-13 16:00:00+00:00,147.73699951171875,147.8560028076172,147.45799255371094,147.63600158691406
2024-03-14 00:00:00+00:00,147.58900451660156,147.9720001220703,147.52499389648438,147.86599731445312
2024-03-14 08:00:00+00:00,147.86300659179688,148.32000732421875,147.42799377441406,148.18899536132812
2024-03-14 16:00:00+00:00,148.18899536132812,148.35800170898438,148.09800720214844,148.29800415039062
2024-03-15 00:00:00+00:00,148.2989959716797,148.65899658203125,148.0279998779297,148.5709991455078
2024-03-15 08:00:00+00:00,148.56700134277344,149.14199829101562,148.56700134277344,149.13600158691406
2024-03-15 16:00:00+00:00,149.13600158691406,149.16400146484375,148.97000122070312,149.0330047607422
2024-03-16 00:00:00+00:00,,,,
2024-03-16 08:00:00+00:00,,,,
2024-03-16 16:00:00+00:00,,,,
2024-03-17 00:00:00+00:00,,,,
2024-03-17 08:00:00+00:00,,,,
2024-03-17 16:00:00+00:00,,,,
2024-03-18 00:00:00+00:00,148.9550018310547,149.3300018310547,148.9040069580078,149.1179962158203
2024-03-18 08:00:00+00:00,149.12100219726562,149.30099487304688,149.0070037841797,149.13099670410156
2024-03-18 16:00:00+00:00,149.13299560546875,149.21099853515625,148.9530029296875,149.156005859375
2024-03-19 00:00:00+00:00,149.14999389648438,150.48599243164062,148.98800659179688,150.25799560546875
2024-03-19 08:00:00+00:00,150.2570037841797,150.85299682617188,150.1929931640625,150.73199462890625
2024-03-19 16:00:00+00:00,150.72900390625,151.06500244140625,150.70799255371094,151.04600524902344
2024-03-20 00:00:00+00:00,151.0189971923828,151.5850067138672,150.9980010986328,151.48699951171875
2024-03-20 08:00:00+00:00,151.48300170898438,151.81700134277344,151.41799926757812,151.66099548339844
2024-03-20 16:00:00+00:00,151.656005859375,151.70899963378906,150.67599487304688,150.73199462890625
2024-03-21 00:00:00+00:00,150.73599243164062,151.2270050048828,150.25900268554688,151.218994140625
2024-03-21 08:00:00+00:00,151.22000122070312,151.6699981689453,150.86700439453125,151.59300231933594
2024-03-21 16:00:00+00:00,151.5919952392578,151.7530059814453,151.5399932861328,151.64500427246094
2024-03-22 00:00:00+00:00,151.63299560546875,151.86199951171875,151.25399780273438,151.41799926757812
2024-03-22 08:00:00+00:00,151.41799926757812,151.65199279785156,150.9980010986328,151.343994140625
2024-03-22 16:00:00+00:00,151.3489990234375,151.48399353027344,151.3280029296875,151.4290008544922
2024-03-23 00:00:00+00:00,,,,
2024-03-23 08:00:00+00:00,,,,
2024-03-23 16:00:00+00:00,,,,
2024-03-24 00:00:00+00:00,,,,
2024-03-24 08:00:00+00:00,,,,
2024-03-24 16:00:00+00:00,,,,
2024-03-25 00:00:00+00:00,151.31199645996094,151.4239959716797,151.04800415039062,151.322998046875
2024-03-25 08:00:00+00:00,151.322998046875,151.44000244140625,151.1219940185547,151.41900634765625
2024-03-25 16:00:00+00:00,151.41900634765625,151.5449981689453,151.35299682617188,151.3699951171875
2024-03-26 00:00:00+00:00,151.3769989013672,151.44400024414062,151.21499633789062,151.31900024414062
2024-03-26 08:00:00+00:00,151.31700134277344,151.60299682617188,151.20199584960938,151.58299255371094
2024-03-26 16:00:00+00:00,151.5800018310547,151.58599853515625,151.43800354003906,151.53199768066406
2024-03-27 00:00:00+00:00,151.51699829101562,151.9709930419922,151.44200134277344,151.7050018310547
2024-03-27 08:00:00+00:00,151.7050018310547,151.83900451660156,151.02200317382812,151.34300231933594
2024-03-27 16:00:00+00:00,151.34300231933594,151.4250030517578,151.21099853515625,151.2899932861328
2024-03-28 00:00:00+00:00,151.2899932861328,151.54400634765625,151.2480010986328,151.43499755859375
2024-03-28 08:00:00+00:00,151.43600463867188,151.5019989013672,151.1439971923828,151.33599853515625
2024-03-28 16:00:00+00:00,151.33900451660156,151.47000122070312,151.23899841308594,151.4459991455078
2024-03-29 00:00:00+00:00,151.44000244140625,151.49600219726562,151.16900634765625,151.3419952392578
2024-03-29 08:00:00+00:00,151.3419952392578,151.36700439453125,151.16000366210938,151.2259979248047
2024-03-29 16:00:00+00:00,151.2209930419922,151.39100646972656,151.20399475097656,151.30299377441406
2024-03-30 00:00:00+00:00,,,,
2024-03-30 08:00:00+00:00,,,,
2024-03-30 16:00:00+00:00,,,,
2024-03-31 00:00:00+00:00,,,,
2024-03-31 08:00:00+00:00,,,,
2024-03-31 16:00:00+00:00,151.35299682617188,151.42799377441406,151.32000732421875,151.40899658203125
2024-04-01 00:00:00+00:00,151.40499877929688,151.42999267578125,151.24600219726562,151.33999633789062
2024-04-01 08:00:00+00:00,151.33900451660156,151.77200317382812,151.3209991455078,151.7220001220703
2024-04-01 16:00:00+00:00,151.71800231933594,151.74200439453125,151.56700134277344,151.5919952392578
2024-04-02 00:00:00+00:00,151.5919952392578,151.80099487304688,151.4969940185547,151.6739959716797
2024-04-02 08:00:00+00:00,151.67100524902344,151.71600341796875,151.4600067138672,151.5469970703125
2024-04-02 16:00:00+00:00,151.5489959716797,151.61500549316406,151.48500061035156,151.54299926757812
2024-04-03 00:00:00+00:00,151.54400634765625,151.73599243164062,151.43699645996094,151.67799377441406
2024-04-03 08:00:00+00:00,151.67799377441406,151.9530029296875,151.64300537109375,151.677001953125
2024-04-03 16:00:00+00:00,151.67799377441406,151.76300048828125,151.55799865722656,151.58099365234375
2024-04-04 00:00:00+00:00,151.58099365234375,151.75599670410156,151.53399658203125,151.68899536132812
2024-04-04 08:00:00+00:00,151.6840057373047,151.77000427246094,151.5,151.66299438476562
2024-04-04 16:00:00+00:00,151.66200256347656,151.68600463867188,151.11599731445312,151.29299926757812
2024-04-05 00:00:00+00:00,151.29200744628906,151.35400390625,150.8070068359375,151.33799743652344
2024-04-05 08:00:00+00:00,151.33200073242188,151.75,151.26199340820312,151.58900451660156
2024-04-05 16:00:00+00:00,151.58700561523438,151.6490020751953,151.5240020751953,151.60899353027344
2024-04-06 00:00:00+00:00,,,,
2024-04-06 08:00:00+00:00,,,,
2024-04-06 16:00:00+00:00,,,,
2024-04-07 00:00:00+00:00,,,,
2024-04-07 08:00:00+00:00,,,,
2024-04-07 16:00:00+00:00,151.68899536132812,151.69400024414062,151.64100646972656,151.67999267578125
2024-04-08 00:00:00+00:00,151.6790008544922,151.8769989013672,151.66700744628906,151.86599731445312
2024-04-08 08:00:00+00:00,151.8679962158203,151.94400024414062,151.71600341796875,151.78500366210938
2024-04-08 16:00:00+00:00,151.78199768066406,151.87899780273438,151.71400451660156,151.86599731445312
2024-04-09 00:00:00+00:00,151.83299255371094,151.93600463867188,151.78500366210938,151.9040069580078
2024-04-09 08:00:00+00:00,151.90499877929688,151.91299438476562,151.56399536132812,151.72799682617188
2024-04-09 16:00:00+00:00,151.7239990234375,151.78799438476562,151.64999389648438,151.7760009765625
2024-04-10 00:00:00+00:00,151.77499389648438,151.843994140625,151.67799377441406,151.83900451660156
2024-04-10 08:00:00+00:00,151.83700561523438,152.9429931640625,151.76800537109375,152.89999389648438
2024-04-10 16:00:00+00:00,152.9010009765625,153.23800659179688,152.63699340820312,152.9510040283203
2024-04-11 00:00:00+00:00,152.947998046875,153.2050018310547,152.7530059814453,153.1300048828125
2024-04-11 08:00:00+00:00,153.13800048828125,153.3179931640625,152.79200744628906,153.1929931640625
2024-04-11 16:00:00+00:00,153.1929931640625,153.30299377441406,153.08399963378906,153.197998046875
2024-04-12 00:00:00+00:00,153.18800354003906,153.38600158691406,152.9600067138672,153.2469940185547
2024-04-12 08:00:00+00:00,153.24200439453125,153.3509979248047,152.58799743652344,153.1219940185547
2024-04-12 16:00:00+00:00,153.1199951171875,153.32699584960938,153.0449981689453,153.2429962158203
2024-04-13 00:00:00+00:00,,,,
2024-04-13 08:00:00+00:00,,,,
2024-04-13 16:00:00+00:00,,,,
2024-04-14 00:00:00+00:00,,,,
2024-04-14 08:00:00+00:00,,,,
2024-04-14 16:00:00+00:00,153.2779998779297,153.32000732421875,153.2239990234375,153.30799865722656
2024-04-15 00:00:00+00:00,153.2989959716797,153.97000122070312,153.2740020751953,153.90499877929688
2024-04-15 08:00:00+00:00,153.9040069580078,154.44500732421875,153.6929931640625,154.25399780273438
2024-04-15 16:00:00+00:00,154.2570037841797,154.322998046875,154.11000061035156,154.21299743652344
2024-04-16 00:00:00+00:00,154.20799255371094,154.60499572753906,154.1280059814453,154.38900756835938
2024-04-16 08:00:00+00:00,154.38999938964844,154.76699829101562,153.88999938964844,154.57200622558594
2024-04-16 16:00:00+00:00,154.5679931640625,154.78399658203125,154.53399658203125,154.69400024414062
2024-04-17 00:00:00+00:00,154.697998046875,154.76300048828125,154.4499969482422,154.61000061035156
2024-04-17 08:00:00+00:00,154.61099243164062,154.71099853515625,154.4669952392578,154.61099243164062
2024-04-17 16:00:00+00:00,154.61000061035156,154.61199951171875,154.1540069580078,154.34100341796875
2024-04-18 00:00:00+00:00,154.3350067138672,154.4080047607422,153.9510040283203,154.26400756835938
2024-04-18 08:00:00+00:00,154.26199340820312,154.64700317382812,154.25100708007812,154.61300659179688
2024-04-18 16:00:00+00:00,154.61000061035156,154.67999267578125,154.53199768066406,154.61099243164062
2024-04-19 00:00:00+00:00,154.61000061035156,154.67300415039062,153.58399963378906,154.46800231933594
2024-04-19 08:00:00+00:00,154.47000122070312,154.63299560546875,154.33799743652344,154.5449981689453
2024-04-19 16:00:00+00:00,154.54600524902344,154.6540069580078,154.53799438476562,154.56199645996094
2024-04-20 00:00:00+00:00,,,,
2024-04-20 08:00:00+00:00,,,,
2024-04-20 16:00:00+00:00,,,,
2024-04-21 00:00:00+00:00,,,,
2024-04-21 08:00:00+00:00,,,,
2024-04-21 16:00:00+00:00,154.6280059814453,154.65199279785156,154.53599548339844,154.63499450683594
2024-04-22 00:00:00+00:00,154.63299560546875,154.75999450683594,154.58200073242188,154.64999389648438
2024-04-22 08:00:00+00:00,154.65199279785156,154.78799438476562,154.6230010986328,154.7729949951172
2024-04-22 16:00:00+00:00,154.76800537109375,154.8489990234375,154.7519989013672,154.80799865722656
2024-04-23 00:00:00+00:00,154.81300354003906,154.86000061035156,154.65199279785156,154.8209991455078
2024-04-23 08:00:00+00:00,154.82200622558594,154.875,154.5679931640625,154.81300354003906
2024-04-23 16:00:00+00:00,154.8159942626953,154.83599853515625,154.5500030517578,154.7449951171875
2024-04-24 00:00:00+00:00,154.74400329589844,154.9709930419922,154.73500061035156,154.90199279785156
2024-04-24 08:00:00+00:00,154.8979949951172,155.1719970703125,154.75999450683594,155.11599731445312
2024-04-24 16:00:00+00:00,155.11199951171875,155.3719940185547,155.05799865722656,155.26300048828125
2024-04-25 00:00:00+00:00,155.26400756835938,155.74099731445312,155.24000549316406,155.6269989013672
2024-04-25 08:00:00+00:00,155.62600708007812,155.7469940185547,155.30099487304688,155.51600646972656
2024-04-25 16:00:00+00:00,155.5189971923828,155.656005859375,155.468994140625,155.61700439453125
2024-04-26 00:00:00+00:00,155.62100219726562,156.82200622558594,155.4080047607422,156.697998046875
2024-04-26 08:00:00+00:00,156.7030029296875,157.67300415039062,154.96200561523438,157.62100219726562
2024-04-26 16:00:00+00:00,157.61599731445312,158.43899536132812,157.5749969482422,158.29600524902344
2024-04-27 00:00:00+00:00,,,,
2024-04-27 08:00:00+00:00,,,,
2024-04-27 16:00:00+00:00,,,,
2024-04-28 00:00:00+00:00,,,,
2024-04-28 08:00:00+00:00,,,,
2024-04-28 16:00:00+00:00,158.21800231933594,158.3350067138672,158.1840057373047,158.19900512695312
2024-04-29 00:00:00+00:00,158.197998046875,160.21600341796875,154.48699951171875,155.5590057373047
2024-04-29 08:00:00+00:00,155.55599975585938,156.89199829101562,155.06199645996094,156.71499633789062
2024-04-29 16:00:00+00:00,156.71200561523438,156.73300170898438,155.0780029296875,156.33099365234375
2024-04-30 00:00:00+00:00,156.33099365234375,157.0,156.16000366210938,156.86199951171875
2024-04-30 08:00:00+00:00,156.86199951171875,157.572998046875,156.81199645996094,157.5449981689453
2024-04-30 16:00:00+00:00,157.54600524902344,157.8470001220703,157.4290008544922,157.7469940185547
2024-05-01 00:00:00+00:00,157.73699951171875,157.98699951171875,157.67799377441406,157.8800048828125
2024-05-01 08:00:00+00:00,157.8769989013672,157.98300170898438,157.38099670410156,157.64599609375
2024-05-01 16:00:00+00:00,157.64199829101562,157.75599670410156,152.98599243164062,155.7270050048828
2024-05-02 00:00:00+00:00,155.7270050048828,156.2830047607422,155.1580047607422,155.5
2024-05-02 08:00:00+00:00,155.4980010986328,155.55299377441406,153.4720001220703,153.781005859375
2024-05-02 16:00:00+00:00,153.781005859375,153.9239959716797,152.8719940185547,153.13600158691406
2024-05-03 00:00:00+00:00,153.14599609375,153.4459991455078,152.7480010986328,153.29299926757812
2024-05-03 08:00:00+00:00,153.29600524902344,153.33200073242188,151.85299682617188,152.85899353027344
2024-05-03 16:00:00+00:00,152.85699462890625,153.00799560546875,152.7449951171875,152.94900512695312
2024-05-04 00:00:00+00:00,,,,
2024-05-04 08:00:00+00:00,,,,
2024-05-04 16:00:00+00:00,,,,
2024-05-05 00:00:00+00:00,,,,
2024-05-05 08:00:00+00:00,,,,
2024-05-05 16:00:00+00:00,153.2259979248047,153.7030029296875,153.11599731445312,153.6529998779297
2024-05-06 00:00:00+00:00,153.65499877929688,154.0050048828125,153.31500244140625,153.802001953125
2024-05-06 08:00:00+00:00,153.7989959716797,154.00100708007812,153.4080047607422,153.85299682617188
2024-05-06 16:00:00+00:00,153.85299682617188,154.28199768066406,153.81199645996094,154.23899841308594
2024-05-07 00:00:00+00:00,154.23899841308594,154.64999389648438,153.87399291992188,154.11199951171875
2024-05-07 08:00:00+00:00,154.11300659179688,154.63099670410156,153.9720001220703,154.5919952392578
2024-05-07 16:00:00+00:00,154.5919952392578,154.83999633789062,154.4530029296875,154.76800537109375
2024-05-08 00:00:00+00:00,154.77000427246094,155.36000061035156,154.6820068359375,155.3249969482422
2024-05-08 08:00:00+00:00,155.32699584960938,155.68600463867188,155.20399475097656,155.4239959716797
2024-05-08 16:00:00+00:00,155.42300415039062,155.6580047607422,155.33900451660156,155.3719940185547
2024-05-09 00:00:00+00:00,155.3730010986328,155.8459930419922,155.1439971923828,155.8350067138672
2024-05-09 08:00:00+00:00,155.8350067138672,155.9510040283203,155.4239959716797,155.6820068359375
2024-05-09 16:00:00+00:00,155.67999267578125,155.70899963378906,155.2570037841797,155.38600158691406
2024-05-10 00:00:00+00:00,155.39199829101562,155.7790069580078,155.35299682617188,155.68699645996094
2024-05-10 08:00:00+00:00,155.68499755859375,155.9029998779297,155.5970001220703,155.85000610351562
2024-05-10 16:00:00+00:00,155.85299682617188,155.89500427246094,155.7030029296875,155.7030029296875
2024-05-11 00:00:00+00:00,,,,
2024-05-11 08:00:00+00:00,,,,
2024-05-11 16:00:00+00:00,,,,
2024-05-12 00:00:00+00:00,,,,
2024-05-12 08:00:00+00:00,,,,
2024-05-12 16:00:00+00:00,155.77699279785156,155.8350067138672,155.7519989013672,155.8280029296875
2024-05-13 00:00:00+00:00,155.8300018310547,155.9600067138672,155.4929962158203,155.88099670410156
2024-05-13 08:00:00+00:00,155.8780059814453,156.2220001220703,155.67799377441406,156.1719970703125
2024-05-13 16:00:00+00:00,156.1750030517578,156.25100708007812,156.093994140625,156.22799682617188
2024-05-14 00:00:00+00:00,156.22799682617188,156.54299926757812,156.21800231933594,156.46200561523438
2024-05-14 08:00:00+00:00,156.46099853515625,156.78500366210938,156.2239990234375,156.5019989013672
2024-05-14 16:00:00+00:00,156.5,156.54400634765625,156.37600708007812,156.52099609375
2024-05-15 00:00:00+00:00,156.51600646972656,156.55999755859375,155.95799255371094,156.0919952392578
2024-05-15 08:00:00+00:00,156.09500122070312,156.12100219726562,154.73599243164062,155.0240020751953
2024-05-15 16:00:00+00:00,155.01800537109375,155.1300048828125,154.14500427246094,154.29600524902344
2024-05-16 00:00:00+00:00,154.3000030517578,154.53500366210938,153.593994140625,154.41099548339844
2024-05-16 08:00:00+00:00,154.41299438476562,155.53700256347656,154.33200073242188,155.2550048828125
2024-05-16 16:00:00+00:00,155.2519989013672,155.45399475097656,155.20700073242188,155.39599609375
2024-05-17 00:00:00+00:00,155.39300537109375,155.927001953125,155.33799743652344,155.8179931640625
2024-05-17 08:00:00+00:00,155.822998046875,155.9770050048828,155.2449951171875,155.57200622558594
2024-05-17 16:00:00+00:00,155.5760040283203,155.7220001220703,155.46200561523438,155.63600158691406
2024-05-18 00:00:00+00:00,,,,
2024-05-18 08:00:00+00:00,,,,
2024-05-18 16:00:00+00:00,,,,
2024-05-19 00:00:00+00:00,,,,
2024-05-19 08:00:00+00:00,,,,
2024-05-19 16:00:00+00:00,155.697998046875,155.82000732421875,155.6790008544922,155.75599670410156
2024-05-20 00:00:00+00:00,155.76300048828125,155.93499755859375,155.49200439453125,155.72900390625
2024-05-20 08:00:00+00:00,155.73300170898438,156.2310028076172,155.6199951171875,156.09100341796875
2024-05-20 16:00:00+00:00,156.093994140625,156.40199279785156,156.04400634765625,156.4010009765625
2024-05-21 00:00:00+00:00,156.39700317382812,156.5449981689453,156.02000427246094,156.23199462890625
2024-05-21 08:00:00+00:00,156.23199462890625,156.43299865722656,155.83799743652344,156.0800018310547
2024-05-21 16:00:00+00:00,156.08399963378906,156.28799438476562,156.05999755859375,156.26600646972656
2024-05-22 00:00:00+00:00,156.27099609375,156.4709930419922,156.13400268554688,156.3990020751953
2024-05-22 08:00:00+00:00,156.39700317382812,156.61500549316406,156.3300018310547,156.50100708007812
2024-05-22 16:00:00+00:00,156.49600219726562,156.8419952392578,156.44200134277344,156.73399353027344
2024-05-23 00:00:00+00:00,156.73399353027344,156.90199279785156,156.5540008544922,156.7570037841797
2024-05-23 08:00:00+00:00,156.75799560546875,157.19400024414062,156.52000427246094,157.05299377441406
2024-05-23 16:00:00+00:00,157.05299377441406,157.0709991455078,156.822998046875,156.99099731445312
2024-05-24 00:00:00+00:00,156.98899841308594,157.14599609375,156.91400146484375,157.04800415039062
2024-05-24 08:00:00+00:00,157.052001953125,157.1269989013672,156.843994140625,156.9010009765625
2024-05-24 16:00:00+00:00,156.9029998779297,156.9980010986328,156.8179931640625,156.9429931640625
2024-05-25 00:00:00+00:00,,,,
2024-05-25 08:00:00+00:00,,,,
2024-05-25 16:00:00+00:00,,,,
2024-05-26 00:00:00+00:00,,,,
2024-05-26 08:00:00+00:00,,,,
2024-05-26 16:00:00+00:00,156.85699462890625,156.91400146484375,156.8159942626953,156.86399841308594
2024-05-27 00:00:00+00:00,156.86500549316406,156.95899963378906,156.65699768066406,156.9040069580078
2024-05-27 08:00:00+00:00,156.9040069580078,156.94900512695312,156.70199584960938,156.8679962158203
2024-05-27 16:00:00+00:00,156.86700439453125,156.94900512695312,156.78900146484375,156.83200073242188
2024-05-28 00:00:00+00:00,156.8280029296875,156.92799377441406,156.61599731445312,156.89300537109375
2024-05-28 08:00:00+00:00,156.88900756835938,156.99200439453125,156.5760040283203,156.9029998779297
2024-05-28 16:00:00+00:00,156.906005859375,157.28599548339844,156.87100219726562,157.26699829101562
2024-05-29 00:00:00+00:00,157.26499938964844,157.40499877929688,156.89199829101562,157.1510009765625
2024-05-29 08:00:00+00:00,157.1439971923828,157.64100646972656,157.06199645996094,157.6219940185547
2024-05-29 16:00:00+00:00,157.6269989013672,157.70799255371094,157.5399932861328,157.62899780273438
2024-05-30 00:00:00+00:00,157.6280059814453,157.62899780273438,156.53199768066406,156.968994140625
2024-05-30 08:00:00+00:00,156.96800231933594,157.11199951171875,156.36900329589844,156.63600158691406
2024-05-30 16:00:00+00:00,156.63600158691406,156.9949951171875,156.6280059814453,156.99200439453125
2024-05-31 00:00:00+00:00,156.98599243164062,157.1510009765625,156.5679931640625,157.14100646972656
2024-05-31 08:00:00+00:00,157.14199829101562,157.36399841308594,156.55599975585938,157.19000244140625
2024-05-31 16:00:00+00:00,157.18899536132812,157.34800720214844,157.1439971923828,157.29100036621094
2024-06-01 00:00:00+00:00,,,,
2024-06-01 08:00:00+00:00,,,,
2024-06-01 16:00:00+00:00,,,,
2024-06-02 00:00:00+00:00,,,,
2024-06-02 08:00:00+00:00,,,,
2024-06-02 16:00:00+00:00,157.28599548339844,157.3000030517578,157.12399291992188,157.1790008544922
2024-06-03 00:00:00+00:00,157.1820068359375,157.47500610351562,156.99000549316406,157.13499450683594
2024-06-03 08:00:00+00:00,157.13400268554688,157.14599609375,155.94700622558594,156.0330047607422
2024-06-03 16:00:00+00:00,156.03500366210938,156.28700256347656,155.98300170898438,156.08700561523438
2024-06-04 00:00:00+00:00,156.08900451660156,156.48399353027344,155.35699462890625,155.38699340820312
2024-06-04 08:00:00+00:00,155.38499450683594,155.47000122070312,154.54100036621094,154.8679962158203
2024-06-04 16:00:00+00:00,154.87100219726562,155.17999267578125,154.54100036621094,155.11199951171875
2024-06-05 00:00:00+00:00,155.11199951171875,156.18699645996094,155.08999633789062,156.14199829101562
2024-06-05 08:00:00+00:00,156.14100646972656,156.48500061035156,155.6840057373047,156.20899963378906
2024-06-05 16:00:00+00:00,156.20899963378906,156.24400329589844,155.79600524902344,155.91600036621094
2024-06-06 00:00:00+00:00,155.9080047607422,156.3090057373047,155.3489990234375,156.281005859375
2024-06-06 08:00:00+00:00,156.2760009765625,156.44500732421875,155.8719940185547,155.97799682617188
2024-06-06 16:00:00+00:00,155.97900390625,156.06900024414062,155.45700073242188,155.67300415039062
2024-06-07 00:00:00+00:00,155.67999267578125,155.93699645996094,155.11599731445312,155.4149932861328
2024-06-07 08:00:00+00:00,155.41700744628906,157.0760040283203,155.30799865722656,156.5919952392578
2024-06-07 16:00:00+00:00,156.58999633789062,156.76699829101562,156.50999450683594,156.7519989013672
2024-06-08 00:00:00+00:00,,,,
2024-06-08 08:00:00+00:00,,,,
2024-06-08 16:00:00+00:00,,,,
2024-06-09 00:00:00+00:00,,,,
2024-06-09 08:00:00+00:00,,,,
2024-06-09 16:00:00+00:00,156.89599609375,156.91200256347656,156.8000030517578,156.82200622558594
2024-06-10 00:00:00+00:00,156.82000732421875,157.1929931640625,156.7169952392578,157.00100708007812
2024-06-10 08:00:00+00:00,156.9980010986328,157.03900146484375,156.74000549316406,156.9340057373047
2024-06-10 16:00:00+00:00,156.93299865722656,157.09500122070312,156.9080047607422,157.0399932861328
2024-06-11 00:00:00+00:00,157.0399932861328,157.36599731445312,157.0279998779297,157.33700561523438
2024-06-11 08:00:00+00:00,157.34100341796875,157.39300537109375,156.802001953125,157.3249969482422
2024-06-11 16:00:00+00:00,157.32000732421875,157.40199279785156,156.92799377441406,157.11000061035156
2024-06-12 00:00:00+00:00,157.11199951171875,157.35499572753906,157.0399932861328,157.26600646972656
2024-06-12 08:00:00+00:00,157.26600646972656,157.3800048828125,155.7100067138672,155.88099670410156
2024-06-12 16:00:00+00:00,155.8780059814453,156.9010009765625,155.71400451660156,156.7969970703125
2024-06-13 00:00:00+00:00,156.7969970703125,157.3070068359375,156.69000244140625,157.27499389648438
2024-06-13 08:00:00+00:00,157.27200317382812,157.31100463867188,156.57000732421875,156.76800537109375
2024-06-13 16:00:00+00:00,156.7729949951172,157.14300537109375,156.69000244140625,157.12100219726562
2024-06-14 00:00:00+00:00,157.12100219726562,158.2570037841797,156.7949981689453,157.6699981689453
2024-06-14 08:00:00+00:00,157.66900634765625,157.78700256347656,156.8800048828125,157.28500366210938
2024-06-14 16:00:00+00:00,157.2830047607422,157.45799255371094,157.22000122070312,157.322998046875
2024-06-15 00:00:00+00:00,,,,
2024-06-15 08:00:00+00:00,,,,
2024-06-15 16:00:00+00:00,,,,
2024-06-16 00:00:00+00:00,,,,
2024-06-16 08:00:00+00:00,,,,
2024-06-16 16:00:00+00:00,157.51699829101562,157.66200256347656,157.48800659179688,157.552001953125
2024-06-17 00:00:00+00:00,157.55299377441406,157.55999755859375,157.14999389648438,157.5469970703125
2024-06-17 08:00:00+00:00,157.55099487304688,157.9600067138672,157.53599548339844,157.80799865722656
2024-06-17 16:00:00+00:00,157.80599975585938,157.81399536132812,157.6280059814453,157.69400024414062
2024-06-18 00:00:00+00:00,157.69400024414062,158.13600158691406,157.51199340820312,158.12899780273438
2024-06-18 08:00:00+00:00,158.12399291992188,158.22900390625,157.6199951171875,157.81500244140625
2024-06-18 16:00:00+00:00,157.81199645996094,157.8979949951172,157.63499450683594,157.85699462890625
2024-06-19 00:00:00+00:00,157.86199951171875,157.92300415039062,157.59500122070312,157.74400329589844
2024-06-19 08:00:00+00:00,157.74099731445312,157.9510040283203,157.7310028076172,157.93099975585938
2024-06-19 16:00:00+00:00,157.927001953125,158.13099670410156,157.78900146484375,157.95700073242188
2024-06-20 00:00:00+00:00,157.9550018310547,158.2790069580078,157.9499969482422,158.2729949951172
2024-06-20 08:00:00+00:00,158.27000427246094,158.781005859375,158.23500061035156,158.77499389648438
2024-06-20 16:00:00+00:00,158.77000427246094,158.9499969482422,158.68699645996094,158.93600463867188
2024-06-21 00:00:00+00:00,158.93600463867188,159.125,158.66400146484375,158.77000427246094
2024-06-21 08:00:00+00:00,158.77099609375,159.6300048828125,158.67100524902344,159.4499969482422
2024-06-21 16:00:00+00:00,159.447998046875,159.8350067138672,159.40699768066406,159.77499389648438
2024-06-22 00:00:00+00:00,,,,
2024-06-22 08:00:00+00:00,,,,
2024-06-22 16:00:00+00:00,,,,
2024-06-23 00:00:00+00:00,,,,
2024-06-23 08:00:00+00:00,,,,
2024-06-23 16:00:00+00:00,159.7100067138672,159.90499877929688,159.67300415039062,159.89500427246094
2024-06-24 00:00:00+00:00,159.8939971923828,159.9340057373047,159.61599731445312,159.68899536132812
2024-06-24 08:00:00+00:00,159.68499755859375,159.8090057373047,158.74000549316406,159.70700073242188
2024-06-24 16:00:00+00:00,159.70799255371094,159.75799560546875,159.53399658203125,159.6929931640625
2024-06-25 00:00:00+00:00,159.69400024414062,159.7010040283203,159.18600463867188,159.48800659179688
2024-06-25 08:00:00+00:00,159.49000549316406,159.7570037841797,159.28799438476562,159.67799377441406
2024-06-25 16:00:00+00:00,159.67300415039062,159.74899291992188,159.58599853515625,159.69900512695312
2024-06-26 00:00:00+00:00,159.697998046875,159.9290008544922,159.66200256347656,159.89700317382812
2024-06-26 08:00:00+00:00,159.89599609375,160.82400512695312,159.85400390625,160.68099975585938
2024-06-26 16:00:00+00:00,160.68099975585938,160.86500549316406,160.5780029296875,160.6269989013672
2024-06-27 00:00:00+00:00,160.6269989013672,160.71600341796875,160.30099487304688,160.5449981689453
2024-06-27 08:00:00+00:00,160.54299926757812,160.72900390625,160.2760009765625,160.697998046875
2024-06-27 16:00:00+00:00,160.7010040283203,160.8260040283203,160.6280059814453,160.7030029296875
2024-06-28 00:00:00+00:00,160.69700622558594,161.28199768066406,160.64500427246094,160.9250030517578
2024-06-28 08:00:00+00:00,160.92599487304688,160.96800231933594,160.25799560546875,160.8820037841797
2024-06-28 16:00:00+00:00,160.8820037841797,160.94400024414062,160.69900512695312,160.8350067138672
2024-06-29 00:00:00+00:00,,,,
2024-06-29 08:00:00+00:00,,,,
2024-06-29 16:00:00+00:00,,,,
2024-06-30 00:00:00+00:00,,,,
2024-06-30 08:00:00+00:00,,,,
2024-06-30 16:00:00+00:00,160.81700134277344,160.9340057373047,160.76800537109375,160.9250030517578
2024-07-01 00:00:00+00:00,160.9219970703125,161.18600463867188,160.7310028076172,161.00799560546875
2024-07-01 08:00:00+00:00,161.01300048828125,161.72799682617188,160.9459991455078,161.5570068359375
2024-07-01 16:00:00+00:00,161.5540008544922,161.5989990234375,161.38400268554688,161.51199340820312
2024-07-02 00:00:00+00:00,161.51300048828125,161.7429962158203,161.45599365234375,161.6529998779297
2024-07-02 08:00:00+00:00,161.65199279785156,161.6959991455078,161.26400756835938,161.53399658203125
2024-07-02 16:00:00+00:00,161.53199768066406,161.60299682617188,161.3560028076172,161.48800659179688
2024-07-03 00:00:00+00:00,161.48599243164062,161.93899536132812,161.43800354003906,161.77000427246094
2024-07-03 08:00:00+00:00,161.76699829101562,161.95199584960938,160.76800537109375,161.4759979248047
2024-07-03 16:00:00+00:00,161.4810028076172,161.75,161.39700317382812,161.5850067138672
2024-07-04 00:00:00+00:00,161.5850067138672,161.6009979248047,161.1320037841797,161.281005859375
2024-07-04 08:00:00+00:00,161.28399658203125,161.3249969482422,160.94200134277344,161.14199829101562
2024-07-04 16:00:00+00:00,161.14100646972656,161.3990020751953,161.10400390625,161.35400390625
2024-07-05 00:00:00+00:00,161.35800170898438,161.3939971923828,160.52200317382812,160.77000427246094
2024-07-05 08:00:00+00:00,160.77000427246094,161.33200073242188,160.3260040283203,160.72900390625
2024-07-05 16:00:00+00:00,160.7270050048828,160.94900512695312,160.6999969482422,160.76199340820312
2024-07-06 00:00:00+00:00,,,,
2024-07-06 08:00:00+00:00,,,,
2024-07-06 16:00:00+00:00,,,,
2024-07-07 00:00:00+00:00,,,,
2024-07-07 08:00:00+00:00,,,,
2024-07-07 16:00:00+00:00,160.76199340820312,160.81300354003906,160.56900024414062,160.6320037841797
2024-07-08 00:00:00+00:00,160.63800048828125,160.95599365234375,160.25799560546875,160.8990020751953
2024-07-08 08:00:00+00:00,160.8939971923828,161.1199951171875,160.4720001220703,160.7740020751953
2024-07-08 16:00:00+00:00,160.77699279785156,160.8730010986328,160.6840057373047,160.85899353027344
2024-07-09 00:00:00+00:00,160.8560028076172,161.13099670410156,160.7310028076172,160.92300415039062
2024-07-09 08:00:00+00:00,160.9239959716797,161.51699829101562,160.8800048828125,161.3939971923828
2024-07-09 16:00:00+00:00,161.3979949951172,161.406005859375,161.20599365234375,161.32699584960938
2024-07-10 00:00:00+00:00,161.32699584960938,161.59100341796875,161.29800415039062,161.49200439453125
2024-07-10 08:00:00+00:00,161.4949951171875,161.7449951171875,161.4199981689453,161.73800659179688
2024-07-10 16:00:00+00:00,161.73500061035156,161.80499267578125,161.54299926757812,161.58900451660156
2024-07-11 00:00:00+00:00,161.58900451660156,161.75900268554688,161.47000122070312,161.63299560546875
2024-07-11 08:00:00+00:00,161.63299560546875,161.63299560546875,157.40899658203125,158.58200073242188
2024-07-11 16:00:00+00:00,158.58200073242188,159.44500732421875,157.72799682617188,158.2729949951172
2024-07-12 00:00:00+00:00,158.2729949951172,159.38800048828125,157.96800231933594,159.21600341796875
2024-07-12 08:00:00+00:00,159.2169952392578,159.26600646972656,157.35899353027344,157.8939971923828
2024-07-12 16:00:00+00:00,157.9010009765625,158.0229949951172,157.7830047607422,157.84800720214844
2024-07-13 00:00:00+00:00,,,,
2024-07-13 08:00:00+00:00,,,,
2024-07-13 16:00:00+00:00,,,,
2024-07-14 00:00:00+00:00,,,,
2024-07-14 08:00:00+00:00,,,,
2024-07-14 16:00:00+00:00,158.33599853515625,158.41900634765625,158.1649932861328,158.2830047607422
2024-07-15 00:00:00+00:00,158.28199768066406,158.36500549316406,157.82699584960938,157.92799377441406
2024-07-15 08:00:00+00:00,157.9219970703125,158.17300415039062,157.7429962158203,157.88999938964844
2024-07-15 16:00:00+00:00,157.88800048828125,158.25100708007812,157.1510009765625,158.14999389648438
2024-07-16 00:00:00+00:00,158.1479949951172,158.78900146484375,158.09800720214844,158.49400329589844
2024-07-16 08:00:00+00:00,158.4929962158203,158.86000061035156,158.23800659179688,158.5679931640625
2024-07-16 16:00:00+00:00,158.57200622558594,158.63299560546875,158.2570037841797,158.35899353027344
2024-07-17 00:00:00+00:00,158.35800170898438,158.62399291992188,157.0030059814453,157.07200622558594
2024-07-17 08:00:00+00:00,157.07200622558594,157.1020050048828,156.0959930419922,156.56500244140625
2024-07-17 16:00:00+00:00,156.5659942626953,156.593994140625,155.36399841308594,155.6750030517578
2024-07-18 00:00:00+00:00,155.66799926757812,156.57200622558594,155.45199584960938,156.2480010986328
2024-07-18 08:00:00+00:00,156.24400329589844,156.98399353027344,156.1699981689453,156.97000122070312
2024-07-18 16:00:00+00:00,156.9709930419922,157.39999389648438,156.86900329589844,157.17300415039062
2024-07-19 00:00:00+00:00,157.1699981689453,157.86199951171875,156.95199584960938,157.32000732421875
2024-07-19 08:00:00+00:00,157.31500244140625,157.697998046875,157.13999938964844,157.38900756835938
2024-07-19 16:00:00+00:00,157.38499450683594,157.5279998779297,157.33799743652344,157.42599487304688
2024-07-20 00:00:00+00:00,,,,
2024-07-20 08:00:00+00:00,,,,
2024-07-20 16:00:00+00:00,,,,
2024-07-21 00:00:00+00:00,,,,
2024-07-21 08:00:00+00:00,,,,
2024-07-21 16:00:00+00:00,157.26499938964844,157.42799377441406,157.14999389648438,157.42300415039062
2024-07-22 00:00:00+00:00,157.4199981689453,157.61300659179688,156.27999877929688,156.80499267578125
2024-07-22 08:00:00+00:00,156.8090057373047,157.14700317382812,156.5540008544922,157.08599853515625
2024-07-22 16:00:00+00:00,157.08200073242188,157.17100524902344,156.86399841308594,156.9010009765625
2024-07-23 00:00:00+00:00,156.89999389648438,156.927001953125,155.92799377441406,156.03799438476562
2024-07-23 08:00:00+00:00,156.0399932861328,156.26600646972656,155.8179931640625,156.01800537109375
2024-07-23 16:00:00+00:00,156.01600646972656,156.05499267578125,155.50900268554688,155.76100158691406
2024-07-24 00:00:00+00:00,155.76300048828125,155.99099731445312,154.3509979248047,154.59100341796875
2024-07-24 08:00:00+00:00,154.58999633789062,154.94500732421875,153.10000610351562,153.3780059814453
2024-07-24 16:00:00+00:00,153.37899780273438,154.10000610351562,153.33799743652344,153.91700744628906
2024-07-25 00:00:00+00:00,153.9239959716797,153.96800231933594,152.0500030517578,152.1929931640625
2024-07-25 08:00:00+00:00,152.1929931640625,154.1929931640625,151.93499755859375,153.97799682617188
2024-07-25 16:00:00+00:00,153.9770050048828,154.3179931640625,153.3730010986328,153.69700622558594
2024-07-26 00:00:00+00:00,153.6999969482422,154.1699981689453,153.36599731445312,153.91200256347656
2024-07-26 08:00:00+00:00,153.91700744628906,154.73800659179688,153.08799743652344,153.875
2024-07-26 16:00:00+00:00,153.86900329589844,153.8769989013672,153.67100524902344,153.71800231933594
2024-07-27 00:00:00+00:00,,,,
2024-07-27 08:00:00+00:00,,,,
2024-07-27 16:00:00+00:00,,,,
2024-07-28 00:00:00+00:00,,,,
2024-07-28 08:00:00+00:00,,,,
2024-07-28 16:00:00+00:00,154.01600646972656,154.21200561523438,153.97799682617188,154.14199829101562
2024-07-29 00:00:00+00:00,154.13999938964844,154.3509979248047,153.00900268554688,153.61700439453125
2024-07-29 08:00:00+00:00,153.62399291992188,154.21099853515625,153.57699584960938,153.9600067138672
2024-07-29 16:00:00+00:00,153.96299743652344,154.09100341796875,153.75999450683594,153.83599853515625
2024-07-30 00:00:00+00:00,153.83299255371094,155.218994140625,153.61199951171875,154.8939971923828
2024-07-30 08:00:00+00:00,154.89700317382812,155.02200317382812,153.64300537109375,153.718994140625
2024-07-30 16:00:00+00:00,153.72000122070312,153.8560028076172,152.40499877929688,152.6580047607422
2024-07-31 00:00:00+00:00,152.6540069580078,153.8939971923828,150.6020050048828,150.92100524902344
2024-07-31 08:00:00+00:00,150.92100524902344,150.98500061035156,149.625,150.3800048828125
2024-07-31 16:00:00+00:00,150.38099670410156,151.26100158691406,149.6020050048828,149.78199768066406
2024-08-01 00:00:00+00:00,149.78500366210938,150.33700561523438,148.50599670410156,149.86199951171875
2024-08-01 08:00:00+00:00,149.86099243164062,150.88999938964844,149.42100524902344,150.05599975585938
2024-08-01 16:00:00+00:00,150.05999755859375,150.13699340820312,148.86300659179688,149.20799255371094
2024-08-02 00:00:00+00:00,149.2050018310547,149.7740020751953,148.6179962158203,149.20799255371094
2024-08-02 08:00:00+00:00,149.20899963378906,149.3260040283203,146.41200256347656,146.97300720214844
2024-08-02 16:00:00+00:00,146.9810028076172,147.4600067138672,146.43299865722656,146.5189971923828
2024-08-03 00:00:00+00:00,,,,
2024-08-03 08:00:00+00:00,,,,
2024-08-03 16:00:00+00:00,,,,
2024-08-04 00:00:00+00:00,,,,
2024-08-04 08:00:00+00:00,,,,
2024-08-04 16:00:00+00:00,146.31700134277344,146.34300231933594,145.27099609375,145.58700561523438
2024-08-05 00:00:00+00:00,145.58900451660156,145.9409942626953,141.68099975585938,143.4739990234375
2024-08-05 08:00:00+00:00,143.47500610351562,143.99099731445312,141.74000549316406,143.9530029296875
2024-08-05 16:00:00+00:00,143.96200561523438,145.8260040283203,143.38499450683594,145.79400634765625
2024-08-06 00:00:00+00:00,145.7989959716797,146.36900329589844,144.29600524902344,145.28799438476562
2024-08-06 08:00:00+00:00,145.29299926757812,145.45899963378906,144.0399932861328,145.11399841308594
2024-08-06 16:00:00+00:00,145.10699462890625,145.4199981689453,144.13699340820312,144.73899841308594
2024-08-07 00:00:00+00:00,144.73399353027344,147.9010009765625,144.54200744628906,146.67999267578125
2024-08-07 08:00:00+00:00,146.68699645996094,147.69000244140625,146.61599731445312,147.41600036621094
2024-08-07 16:00:00+00:00,147.41700744628906,147.4980010986328,145.56399536132812,146.2760009765625
2024-08-08 00:00:00+00:00,146.28399658203125,146.87100219726562,145.4149932861328,145.86599731445312
2024-08-08 08:00:00+00:00,145.8679962158203,147.5469970703125,145.75,147.0919952392578
2024-08-08 16:00:00+00:00,147.0919952392578,147.81300354003906,147.06900024414062,147.69400024414062
2024-08-09 00:00:00+00:00,147.68899536132812,147.77499389648438,146.7100067138672,147.19900512695312
2024-08-09 08:00:00+00:00,147.20399475097656,147.3090057373047,146.26499938964844,146.4949951171875
2024-08-09 16:00:00+00:00,146.4929962158203,146.76199340820312,146.4739990234375,146.6230010986328
2024-08-10 00:00:00+00:00,,,,
2024-08-10 08:00:00+00:00,,,,
2024-08-10 16:00:00+00:00,,,,
2024-08-11 00:00:00+00:00,,,,
2024-08-11 08:00:00+00:00,,,,
2024-08-11 16:00:00+00:00,146.98899841308594,147.1280059814453,146.91299438476562,147.06900024414062
2024-08-12 00:00:00+00:00,147.07200622558594,147.32000732421875,146.6909942626953,147.21800231933594
2024-08-12 08:00:00+00:00,147.21400451660156,148.2220001220703,147.18499755859375,147.54400634765625
2024-08-12 16:00:00+00:00,147.5399932861328,147.57400512695312,146.90899658203125,147.02099609375
2024-08-13 00:00:00+00:00,147.02200317382812,147.9459991455078,147.0,147.85400390625
2024-08-13 08:00:00+00:00,147.85400390625,147.91900634765625,146.843994140625,146.9739990234375
2024-08-13 16:00:00+00:00,146.96499633789062,147.01300048828125,146.58900451660156,146.9409942626953
2024-08-14 00:00:00+00:00,146.9429931640625,147.42300415039062,146.06700134277344,147.40699768066406
2024-08-14 08:00:00+00:00,147.40699768066406,147.5800018310547,146.50799560546875,146.86199951171875
2024-08-14 16:00:00+00:00,146.86700439453125,147.44000244140625,146.8159942626953,147.2689971923828
2024-08-15 00:00:00+00:00,147.26800537109375,147.61399841308594,147.0489959716797,147.21299743652344
2024-08-15 08:00:00+00:00,147.20799255371094,149.3249969482422,147.1739959716797,148.91400146484375
2024-08-15 16:00:00+00:00,148.91299438476562,149.3679962158203,148.84300231933594,149.2270050048828
2024-08-16 00:00:00+00:00,149.22799682617188,149.26800537109375,148.73500061035156,149.01499938964844
2024-08-16 08:00:00+00:00,149.01100158691406,149.0540008544922,147.61300659179688,148.1269989013672
2024-08-16 16:00:00+00:00,148.12899780273438,148.19200134277344,147.56100463867188,147.58900451660156
2024-08-17 00:00:00+00:00,,,,
2024-08-17 08:00:00+00:00,,,,
2024-08-17 16:00:00+00:00,,,,
2024-08-18 00:00:00+00:00,,,,
2024-08-18 08:00:00+00:00,,,,
2024-08-18 16:00:00+00:00,147.85699462890625,148.052001953125,147.82200622558594,147.96200561523438
2024-08-19 00:00:00+00:00,147.95700073242188,148.0019989013672,145.17999267578125,146.10299682617188
2024-08-19 08:00:00+00:00,146.10000610351562,146.71200561523438,145.8990020751953,146.4239959716797
2024-08-19 16:00:00+00:00,146.42300415039062,146.86599731445312,146.38600158691406,146.7050018310547
2024-08-20 00:00:00+00:00,146.7050018310547,147.34500122070312,145.8419952392578,146.55599975585938
2024-08-20 08:00:00+00:00,146.55099487304688,146.58399963378906,145.51400756835938,145.6929931640625
2024-08-20 16:00:00+00:00,145.69200134277344,145.74400329589844,144.94000244140625,145.32000732421875
2024-08-21 00:00:00+00:00,145.3179931640625,146.2259979248047,144.927001953125,146.14199829101562
2024-08-21 08:00:00+00:00,146.14199829101562,146.89500427246094,145.0260009765625,145.19500732421875
2024-08-21 16:00:00+00:00,145.1999969482422,145.29299926757812,144.4499969482422,145.1230010986328
2024-08-22 00:00:00+00:00,145.1230010986328,145.64100646972656,144.93800354003906,145.24099731445312
2024-08-22 08:00:00+00:00,145.24400329589844,146.52499389648438,145.23800659179688,145.96400451660156
2024-08-22 16:00:00+00:00,145.9759979248047,146.49099731445312,145.96099853515625,146.20700073242188
2024-08-23 00:00:00+00:00,146.20700073242188,146.33399963378906,145.28500366210938,145.8209991455078
2024-08-23 08:00:00+00:00,145.8249969482422,146.48300170898438,144.59300231933594,144.86599731445312
2024-08-23 16:00:00+00:00,144.86500549316406,144.97900390625,144.04200744628906,144.36700439453125
2024-08-24 00:00:00+00:00,,,,
2024-08-24 08:00:00+00:00,,,,
2024-08-24 16:00:00+00:00,,,,
2024-08-25 00:00:00+00:00,,,,
2024-08-25 08:00:00+00:00,,,,
2024-08-25 16:00:00+00:00,143.89199829101562,144.02200317382812,143.5500030517578,143.91900634765625
2024-08-26 00:00:00+00:00,143.91799926757812,144.21600341796875,143.44000244140625,143.88999938964844
2024-08-26 08:00:00+00:00,143.88499450683594,144.60499572753906,143.7740020751953,144.50799560546875
2024-08-26 16:00:00+00:00,144.50399780273438,144.6540069580078,144.22799682617188,144.5019989013672
2024-08-27 00:00:00+00:00,144.50900268554688,145.1750030517578,144.44700622558594,144.9969940185547
2024-08-27 08:00:00+00:00,144.9969940185547,145.1490020751953,144.1479949951172,144.26199340820312
2024-08-27 16:00:00+00:00,144.26300048828125,144.29100036621094,143.677001953125,143.96200561523438
2024-08-28 00:00:00+00:00,143.9600067138672,144.60299682617188,143.90499877929688,144.56100463867188
2024-08-28 08:00:00+00:00,144.5590057373047,145.03900146484375,144.05599975585938,144.47300720214844
2024-08-28 16:00:00+00:00,144.468994140625,144.8090057373047,144.21499633789062,144.43499755859375
2024-08-29 00:00:00+00:00,144.43499755859375,144.86199951171875,144.26199340820312,144.72799682617188
2024-08-29 08:00:00+00:00,144.7259979248047,145.55299377441406,144.44000244140625,144.98300170898438
2024-08-29 16:00:00+00:00,144.98300170898438,145.07200622558594,144.72300720214844,144.88600158691406
2024-08-30 00:00:00+00:00,144.88499450683594,145.0919952392578,144.64700317382812,144.92799377441406
2024-08-30 08:00:00+00:00,144.92999267578125,145.9709930419922,144.84500122070312,145.9530029296875
2024-08-30 16:00:00+00:00,145.95399475097656,146.2469940185547,145.90499877929688,146.17599487304688
2024-08-31 00:00:00+00:00,,,,
2024-08-31 08:00:00+00:00,,,,
2024-08-31 16:00:00+00:00,,,,
2024-09-01 00:00:00+00:00,,,,
2024-09-01 08:00:00+00:00,,,,
2024-09-01 16:00:00+00:00,146.4429931640625,146.5970001220703,146.35400390625,146.3990020751953
2024-09-02 00:00:00+00:00,146.3990020751953,146.54400634765625,145.76800537109375,146.4720001220703
2024-09-02 08:00:00+00:00,146.468994140625,147.1750030517578,146.42799377441406,146.9499969482422
2024-09-02 16:00:00+00:00,146.9499969482422,146.98599243164062,146.70799255371094,146.7480010986328
2024-09-03 00:00:00+00:00,146.7449951171875,147.2100067138672,145.88400268554688,145.94700622558594
2024-09-03 08:00:00+00:00,145.94500732421875,146.28900146484375,145.09800720214844,145.82000732421875
2024-09-03 16:00:00+00:00,145.8209991455078,145.9219970703125,145.0850067138672,145.36300659179688
2024-09-04 00:00:00+00:00,145.36099243164062,145.552001953125,144.75900268554688,144.9810028076172
2024-09-04 08:00:00+00:00,144.97900390625,145.2689971923828,143.99600219726562,144.3070068359375
2024-09-04 16:00:00+00:00,144.30299377441406,144.3699951171875,143.1790008544922,143.33299255371094
2024-09-05 00:00:00+00:00,143.33200073242188,143.9029998779297,143.04400634765625,143.60899353027344
2024-09-05 08:00:00+00:00,143.61099243164062,144.22999572753906,142.84100341796875,143.43299865722656
2024-09-05 16:00:00+00:00,143.42799377441406,143.54299926757812,143.18600463867188,143.38800048828125
2024-09-06 00:00:00+00:00,143.38499450683594,143.4199981689453,142.05299377441406,142.51800537109375
2024-09-06 08:00:00+00:00,142.52099609375,144.04100036621094,141.76499938964844,142.13699340820312
2024-09-06 16:00:00+00:00,142.1300048828125,142.69000244140625,142.0709991455078,142.25100708007812
2024-09-07 00:00:00+00:00,,,,
2024-09-07 08:00:00+00:00,,,,
2024-09-07 16:00:00+00:00,,,,
2024-09-08 00:00:00+00:00,,,,
2024-09-08 08:00:00+00:00,,,,
2024-09-08 16:00:00+00:00,142.14100646972656,142.5279998779297,142.08200073242188,142.48699951171875
2024-09-09 00:00:00+00:00,142.48699951171875,143.35800170898438,142.41400146484375,143.15699768066406
2024-09-09 08:00:00+00:00,143.1540069580078,143.8000030517578,142.64999389648438,142.92100524902344
2024-09-09 16:00:00+00:00,142.9250030517578,143.2949981689453,142.70899963378906,143.18099975585938
2024-09-10 00:00:00+00:00,143.17799377441406,143.61399841308594,143.031005859375,143.6009979248047
2024-09-10 08:00:00+00:00,143.6020050048828,143.71099853515625,142.2530059814453,142.28799438476562
2024-09-10 16:00:00+00:00,142.28700256347656,142.56900024414062,142.19200134277344,142.2270050048828
2024-09-11 00:00:00+00:00,142.2220001220703,142.4250030517578,140.70399475097656,141.38600158691406
2024-09-11 08:00:00+00:00,141.3820037841797,142.54600524902344,141.24400329589844,141.7220001220703
2024-09-11 16:00:00+00:00,141.7259979248047,142.6739959716797,141.72300720214844,142.63600158691406
2024-09-12 00:00:00+00:00,142.63699340820312,143.04400634765625,142.25399780273438,142.76499938964844
2024-09-12 08:00:00+00:00,142.76400756835938,142.7760009765625,141.90699768066406,142.24000549316406
2024-09-12 16:00:00+00:00,142.24000549316406,142.65499877929688,141.42100524902344,141.5030059814453
2024-09-13 00:00:00+00:00,141.50900268554688,141.5570068359375,140.63900756835938,140.91200256347656
2024-09-13 08:00:00+00:00,140.91299438476562,141.02000427246094,140.2779998779297,140.66099548339844
2024-09-13 16:00:00+00:00,140.6649932861328,141.0070037841797,140.58599853515625,140.76400756835938
2024-09-14 00:00:00+00:00,,,,
2024-09-14 08:00:00+00:00,,,,
2024-09-14 16:00:00+00:00,,,,
2024-09-15 00:00:00+00:00,,,,
2024-09-15 08:00:00+00:00,,,,
2024-09-15 16:00:00+00:00,140.68600463867188,140.89700317382812,140.677001953125,140.843994140625
2024-09-16 00:00:00+00:00,140.843994140625,140.8489990234375,139.57200622558594,139.875
2024-09-16 08:00:00+00:00,139.8719940185547,140.91200256347656,139.72799682617188,140.7969970703125
2024-09-16 16:00:00+00:00,140.8000030517578,141.24099731445312,140.5449981689453,140.79299926757812
2024-09-17 00:00:00+00:00,140.79200744628906,140.84500122070312,140.31500244140625,140.60000610351562
2024-09-17 08:00:00+00:00,140.60000610351562,141.9010009765625,140.4340057373047,141.7740020751953
2024-09-17 16:00:00+00:00,141.76800537109375,142.46499633789062,141.68600463867188,142.0019989013672
2024-09-18 00:00:00+00:00,142.00799560546875,142.02000427246094,141.21800231933594,141.8769989013672
2024-09-18 08:00:00+00:00,141.875,142.0659942626953,141.5449981689453,141.92999267578125
2024-09-18 16:00:00+00:00,141.9340057373047,142.76300048828125,140.43299865722656,142.6999969482422
2024-09-19 00:00:00+00:00,142.69900512695312,143.94400024414062,142.03500366210938,142.50799560546875
2024-09-19 08:00:00+00:00,142.50599670410156,143.76800537109375,142.4499969482422,142.88099670410156
2024-09-19 16:00:00+00:00,142.8780059814453,143.13400268554688,142.51400756835938,142.86099243164062
2024-09-20 00:00:00+00:00,142.86199951171875,143.64599609375,141.73300170898438,143.6280059814453
2024-09-20 08:00:00+00:00,143.6219940185547,144.4949951171875,143.46299743652344,143.906005859375
2024-09-20 16:00:00+00:00,143.90699768066406,144.1510009765625,143.64199829101562,143.80799865722656
2024-09-21 00:00:00+00:00,,,,
2024-09-21 08:00:00+00:00,,,,
2024-09-21 16:00:00+00:00,,,,
2024-09-22 00:00:00+00:00,,,,
2024-09-22 08:00:00+00:00,,,,
2024-09-22 16:00:00+00:00,143.92300415039062,144.08900451660156,143.802001953125,144.07899475097656
2024-09-23 00:00:00+00:00,144.06500244140625,144.45899963378906,143.54600524902344,143.6649932861328
2024-09-23 08:00:00+00:00,143.6020050048828,144.34500122070312,143.16000366210938,143.58999633789062
2024-09-23 16:00:00+00:00,143.59300231933594,143.77999877929688,143.2480010986328,143.6280059814453
2024-09-24 00:00:00+00:00,143.6320037841797,144.6790008544922,143.3699951171875,144.45199584960938
2024-09-24 08:00:00+00:00,144.4510040283203,144.63499450683594,143.42599487304688,143.7760009765625
2024-09-24 16:00:00+00:00,143.7760009765625,143.79400634765625,142.88400268554688,142.9459991455078
2024-09-25 00:00:00+00:00,142.94400024414062,143.90699768066406,142.9040069580078,143.87899780273438
2024-09-25 08:00:00+00:00,143.87899780273438,144.60299682617188,143.85400390625,144.3979949951172
2024-09-25 16:00:00+00:00,144.4010009765625,144.8419952392578,144.3699951171875,144.71400451660156
2024-09-26 00:00:00+00:00,144.71400451660156,145.1719970703125,144.43800354003906,145.02499389648438
2024-09-26 08:00:00+00:00,145.0240020751953,145.22000122070312,144.10400390625,144.6739959716797
2024-09-26 16:00:00+00:00,144.677001953125,145.14199829101562,144.50399780273438,145.08200073242188
2024-09-27 00:00:00+00:00,145.0780029296875,146.49099731445312,142.77000427246094,143.1929931640625
2024-09-27 08:00:00+00:00,143.18699645996094,143.7689971923828,142.3800048828125,142.5959930419922
2024-09-27 16:00:00+00:00,142.5989990234375,142.70199584960938,142.06199645996094,142.14999389648438
2024-09-28 00:00:00+00:00,,,,
2024-09-28 08:00:00+00:00,,,,
2024-09-28 16:00:00+00:00,,,,
2024-09-29 00:00:00+00:00,,,,
2024-09-29 08:00:00+00:00,,,,
2024-09-29 16:00:00+00:00,142.6699981689453,142.95199584960938,142.5780029296875,142.7899932861328
2024-09-30 00:00:00+00:00,142.7899932861328,142.84300231933594,141.63800048828125,142.36599731445312
2024-09-30 08:00:00+00:00,142.36300659179688,143.3679962158203,142.33700561523438,143.26199340820312
2024-09-30 16:00:00+00:00,143.25599670410156,143.9149932861328,142.92300415039062,143.71099853515625
2024-10-01 00:00:00+00:00,143.71400451660156,144.52999877929688,143.6540069580078,144.17300415039062
2024-10-01 08:00:00+00:00,144.16799926757812,144.22500610351562,142.96400451660156,143.67300415039062
2024-10-01 16:00:00+00:00,143.67300415039062,143.91900634765625,143.2570037841797,143.72300720214844
2024-10-02 00:00:00+00:00,143.7239990234375,144.18600463867188,143.5240020751953,144.06500244140625
2024-10-02 08:00:00+00:00,144.05999755859375,146.26499938964844,143.94400024414062,146.0449981689453
2024-10-02 16:00:00+00:00,146.04600524902344,146.91600036621094,145.90699768066406,146.5749969482422
2024-10-03 00:00:00+00:00,146.57699584960938,147.23899841308594,146.29600524902344,146.4499969482422
2024-10-03 08:00:00+00:00,146.44700622558594,147.17999267578125,146.38699340820312,146.8260040283203
2024-10-03 16:00:00+00:00,146.82899475097656,146.9669952392578,146.57400512695312,146.8419952392578
2024-10-04 00:00:00+00:00,146.83999633789062,146.9320068359375,145.91200256347656,146.3040008544922
2024-10-04 08:00:00+00:00,146.2989959716797,148.80599975585938,146.2429962158203,148.6959991455078
2024-10-04 16:00:00+00:00,148.6959991455078,149.0050048828125,148.6280059814453,148.6790008544922
2024-10-05 00:00:00+00:00,,,,
2024-10-05 08:00:00+00:00,,,,
2024-10-05 16:00:00+00:00,,,,
2024-10-06 00:00:00+00:00,,,,
2024-10-06 08:00:00+00:00,,,,
2024-10-06 16:00:00+00:00,148.93600463867188,149.11300659179688,148.76800537109375,148.79400634765625
2024-10-07 00:00:00+00:00,148.79200744628906,148.79600524902344,148.14700317382812,148.2729949951172
2024-10-07 08:00:00+00:00,148.2740020751953,148.68499755859375,147.8300018310547,148.125
2024-10-07 16:00:00+00:00,148.12600708007812,148.22900390625,147.67799377441406,148.12600708007812
2024-10-08 00:00:00+00:00,148.1300048828125,148.1909942626953,147.34100341796875,147.59100341796875
2024-10-08 08:00:00+00:00,147.58299255371094,148.36199951171875,147.5260009765625,148.2259979248047
2024-10-08 16:00:00+00:00,148.22300720214844,148.3820037841797,148.03599548339844,148.13699340820312
2024-10-09 00:00:00+00:00,148.13999938964844,148.6529998779297,148.00599670410156,148.54200744628906
2024-10-09 08:00:00+00:00,148.54100036621094,149.26600646972656,148.4739990234375,149.197998046875
2024-10-09 16:00:00+00:00,149.1929931640625,149.36500549316406,149.03799438476562,149.1580047607422
2024-10-10 00:00:00+00:00,149.1580047607422,149.54400634765625,148.89999389648438,149.01400756835938
2024-10-10 08:00:00+00:00,149.01400756835938,149.57200622558594,148.2259979248047,148.56700134277344
2024-10-10 16:00:00+00:00,148.5659942626953,149.08399963378906,148.43699645996094,148.7030029296875
2024-10-11 00:00:00+00:00,148.7010040283203,148.85699462890625,148.39599609375,148.7729949951172
2024-10-11 08:00:00+00:00,148.7740020751953,149.2830047607422,148.6649932861328,149.1219940185547
2024-10-11 16:00:00+00:00,149.12100219726562,149.17599487304688,148.9499969482422,149.08999633789062
2024-10-12 00:00:00+00:00,,,,
2024-10-12 08:00:00+00:00,,,,
2024-10-12 16:00:00+00:00,,,,
2024-10-13 00:00:00+00:00,,,,
2024-10-13 08:00:00+00:00,,,,
2024-10-13 16:00:00+00:00,149.33299255371094,149.39100646972656,149.2239990234375,149.30499267578125
2024-10-14 00:00:00+00:00,149.30599975585938,149.39700317382812,149.13699340820312,149.35299682617188
2024-10-14 08:00:00+00:00,149.35800170898438,149.9600067138672,149.32000732421875,149.822998046875
2024-10-14 16:00:00+00:00,149.82200622558594,149.9810028076172,149.66299438476562,149.71499633789062
2024-10-15 00:00:00+00:00,149.71400451660156,149.75799560546875,149.1649932861328,149.23399353027344
2024-10-15 08:00:00+00:00,149.22799682617188,149.41799926757812,148.84500122070312,149.2169952392578
2024-10-15 16:00:00+00:00,149.2209930419922,149.54400634765625,149.0659942626953,149.08700561523438
2024-10-16 00:00:00+00:00,149.08799743652344,149.48800659179688,148.86000061035156,149.4510040283203
2024-10-16 08:00:00+00:00,149.44700622558594,149.74600219726562,149.13900756835938,149.7169952392578
2024-10-16 16:00:00+00:00,149.71499633789062,149.8070068359375,149.51600646972656,149.56199645996094
2024-10-17 00:00:00+00:00,149.56199645996094,149.79400634765625,149.23800659179688,149.7729949951172
2024-10-17 08:00:00+00:00,149.7760009765625,150.15199279785156,149.45899963378906,150.1280059814453
2024-10-17 16:00:00+00:00,150.1280059814453,150.32200622558594,150.06700134277344,150.1009979248047
2024-10-18 00:00:00+00:00,150.10299682617188,150.14999389648438,149.76400756835938,150.09500122070312
2024-10-18 08:00:00+00:00,150.093994140625,150.156005859375,149.50999450683594,149.5800018310547
2024-10-18 16:00:00+00:00,149.5800018310547,149.6510009765625,149.35800170898438,149.48500061035156
2024-10-19 00:00:00+00:00,,,,
2024-10-19 08:00:00+00:00,,,,
2024-10-19 16:00:00+00:00,,,,
2024-10-20 00:00:00+00:00,,,,
2024-10-20 08:00:00+00:00,,,,
2024-10-20 16:00:00+00:00,149.56399536132812,149.62600708007812,149.47500610351562,149.60400390625
2024-10-21 00:00:00+00:00,149.60400390625,149.85499572753906,149.0850067138672,149.83099365234375
2024-10-21 08:00:00+00:00,149.83599853515625,150.48500061035156,149.74200439453125,150.468994140625
2024-10-21 16:00:00+00:00,150.47300720214844,150.88699340820312,150.43499755859375,150.62100219726562
2024-10-22 00:00:00+00:00,150.61599731445312,151.10299682617188,150.49000549316406,151.0
2024-10-22 08:00:00+00:00,151.0030059814453,151.14599609375,150.60000610351562,151.10899353027344
2024-10-22 16:00:00+00:00,151.10400390625,151.1959991455078,150.89100646972656,151.1479949951172
2024-10-23 00:00:00+00:00,151.1510009765625,152.5570068359375,151.1320037841797,152.36900329589844
2024-10-23 08:00:00+00:00,152.36900329589844,153.18699645996094,152.31399536132812,152.81900024414062
2024-10-23 16:00:00+00:00,152.8209991455078,152.9340057373047,152.46200561523438,152.76699829101562
2024-10-24 00:00:00+00:00,152.76400756835938,152.79200744628906,152.0229949951172,152.1269989013672
2024-10-24 08:00:00+00:00,152.13600158691406,152.33299255371094,151.75999450683594,151.8719940185547
2024-10-24 16:00:00+00:00,151.86900329589844,151.90199279785156,151.54600524902344,151.78799438476562
2024-10-25 00:00:00+00:00,151.78399658203125,152.1060028076172,151.45199584960938,151.93600463867188
2024-10-25 08:00:00+00:00,151.99600219726562,152.16200256347656,151.69200134277344,152.07899475097656
2024-10-25 16:00:00+00:00,152.08200073242188,152.3800048828125,152.0500030517578,152.24400329589844
2024-10-26 00:00:00+00:00,,,,
2024-10-26 08:00:00+00:00,,,,
2024-10-26 16:00:00+00:00,,,,
2024-10-27 00:00:00+00:00,,,,
2024-10-27 08:00:00+00:00,,,,
2024-10-27 16:00:00+00:00,,,,
2024-10-28 00:00:00+00:00,152.9550018310547,153.8820037841797,152.76499938964844,153.3280029296875
2024-10-28 08:00:00+00:00,153.32899475097656,153.406005859375,152.4029998779297,153.21299743652344
2024-10-28 16:00:00+00:00,153.20599365234375,153.3769989013672,153.1269989013672,153.177001953125
2024-10-29 00:00:00+00:00,153.13900756835938,153.2779998779297,152.75,153.16600036621094
2024-10-29 08:00:00+00:00,153.16200256347656,153.86599731445312,152.93600463867188,153.49400329589844
2024-10-29 16:00:00+00:00,153.48899841308594,153.59800720214844,153.1510009765625,153.28500366210938
2024-10-30 00:00:00+00:00,153.25900268554688,153.46299743652344,153.0679931640625,153.32899475097656
2024-10-30 08:00:00+00:00,153.32400512695312,153.4949951171875,152.77499389648438,153.1529998779297
2024-10-30 16:00:00+00:00,153.1510009765625,153.4320068359375,152.9980010986328,153.24099731445312
2024-10-31 00:00:00+00:00,153.23399353027344,153.61599731445312,152.04800415039062,152.24899291992188
2024-10-31 08:00:00+00:00,152.25100708007812,153.0500030517578,151.91600036621094,152.3560028076172
2024-10-31 16:00:00+00:00,152.3560028076172,152.50999450683594,151.7779998779297,151.92799377441406
2024-11-01 00:00:00+00:00,151.9810028076172,152.65199279785156,151.86900329589844,152.54200744628906
2024-11-01 08:00:00+00:00,152.5449981689453,153.0679931640625,151.78700256347656,152.94400024414062
2024-11-01 16:00:00+00:00,152.93800354003906,153.093994140625,152.82400512695312,152.9459991455078
2024-11-02 00:00:00+00:00,,,,
2024-11-02 08:00:00+00:00,,,,
2024-11-02 16:00:00+00:00,,,,
2024-11-03 00:00:00+00:00,,,,
2024-11-03 08:00:00+00:00,,,,
2024-11-03 16:00:00+00:00,,,,
2024-11-04 00:00:00+00:00,152.28700256347656,152.28799438476562,151.593994140625,152.177001953125
2024-11-04 08:00:00+00:00,152.1719970703125,152.22799682617188,151.5279998779297,151.98800659179688
2024-11-04 16:00:00+00:00,151.99099731445312,152.26499938964844,151.88699340820312,152.2469940185547
2024-11-05 00:00:00+00:00,152.2729949951172,152.54400634765625,152.10699462890625,152.26699829101562
2024-11-05 08:00:00+00:00,152.27099609375,152.38600158691406,151.76800537109375,152.04200744628906
2024-11-05 16:00:00+00:00,152.04200744628906,152.0959930419922,151.33200073242188,151.46099853515625
2024-11-06 00:00:00+00:00,151.44200134277344,154.38099670410156,151.28199768066406,153.94000244140625
2024-11-06 08:00:00+00:00,153.93699645996094,154.47799682617188,153.79299926757812,154.3470001220703
2024-11-06 16:00:00+00:00,154.35400390625,154.697998046875,154.20399475097656,154.30799865722656
2024-11-07 00:00:00+00:00,154.3070068359375,154.71299743652344,153.6479949951172,154.00100708007812
2024-11-07 08:00:00+00:00,154.0,154.13400268554688,152.84800720214844,152.96099853515625
2024-11-07 16:00:00+00:00,152.96099853515625,153.4720001220703,152.68699645996094,153.15199279785156
2024-11-08 00:00:00+00:00,153.1699981689453,153.36599731445312,152.5469970703125,152.63699340820312
2024-11-08 08:00:00+00:00,152.63800048828125,152.85899353027344,152.13600158691406,152.42100524902344
2024-11-08 16:00:00+00:00,152.4219970703125,152.8159942626953,152.40499877929688,152.6199951171875
2024-11-09 00:00:00+00:00,,,,
2024-11-09 08:00:00+00:00,,,,
2024-11-09 16:00:00+00:00,,,,
2024-11-10 00:00:00+00:00,,,,
2024-11-10 08:00:00+00:00,,,,
2024-11-10 16:00:00+00:00,,,,
2024-11-11 00:00:00+00:00,152.90699768066406,153.67100524902344,152.86500549316406,153.63299560546875
2024-11-11 08:00:00+00:00,153.63800048828125,153.95199584960938,153.5500030517578,153.85899353027344
2024-11-11 16:00:00+00:00,153.85800170898438,153.91099548339844,153.46499633789062,153.47300720214844
2024-11-12 00:00:00+00:00,153.51800537109375,154.06100463867188,153.4029998779297,153.822998046875
2024-11-12 08:00:00+00:00,153.822998046875,154.5500030517578,153.7010040283203,154.51699829101562
2024-11-12 16:00:00+00:00,154.52000427246094,154.9250030517578,154.45599365234375,154.66099548339844
2024-11-13 00:00:00+00:00,154.6529998779297,155.15499877929688,154.5330047607422,155.11399841308594
2024-11-13 08:00:00+00:00,155.11199951171875,155.23800659179688,154.3350067138672,154.98300170898438
2024-11-13 16:00:00+00:00,154.98800659179688,155.6280059814453,154.97799682617188,155.41900634765625
2024-11-14 00:00:00+00:00,155.41000366210938,156.13499450683594,155.3979949951172,155.83999633789062
2024-11-14 08:00:00+00:00,155.83200073242188,156.24200439453125,155.51499938964844,155.95199584960938
2024-11-14 16:00:00+00:00,155.947998046875,156.53500366210938,155.6699981689453,156.50100708007812
2024-11-15 00:00:00+00:00,156.4810028076172,156.7480010986328,155.75599670410156,155.77999877929688
2024-11-15 08:00:00+00:00,155.7790069580078,155.781005859375,154.8350067138672,154.94900512695312
2024-11-15 16:00:00+00:00,154.94900512695312,155.01699829101562,153.85699462890625,154.31199645996094
2024-11-16 00:00:00+00:00,,,,
2024-11-16 08:00:00+00:00,,,,
2024-11-16 16:00:00+00:00,,,,
2024-11-17 00:00:00+00:00,,,,
2024-11-17 08:00:00+00:00,,,,
2024-11-17 16:00:00+00:00,,,,
2024-11-18 00:00:00+00:00,154.63600158691406,155.13800048828125,153.83399963378906,154.5659942626953
2024-11-18 08:00:00+00:00,154.56700134277344,155.35899353027344,154.4980010986328,154.99200439453125
2024-11-18 16:00:00+00:00,154.99200439453125,155.07000732421875,154.41600036621094,154.61199951171875
2024-11-19 00:00:00+00:00,154.61000061035156,154.656005859375,153.94700622558594,154.5260009765625
2024-11-19 08:00:00+00:00,154.52699279785156,154.57400512695312,153.27200317382812,153.96299743652344
2024-11-19 16:00:00+00:00,153.95700073242188,154.79400634765625,153.91200256347656,154.71499633789062
2024-11-20 00:00:00+00:00,154.7169952392578,155.6820068359375,154.58099365234375,155.656005859375
2024-11-20 08:00:00+00:00,155.6580047607422,155.88600158691406,155.052001953125,155.52999877929688
2024-11-20 16:00:00+00:00,155.52200317382812,155.61099243164062,155.17799377441406,155.2949981689453
2024-11-21 00:00:00+00:00,155.2740020751953,155.2989959716797,154.552001953125,154.9010009765625
2024-11-21 08:00:00+00:00,154.90499877929688,155.03700256347656,153.90199279785156,154.31900024414062
2024-11-21 16:00:00+00:00,154.32000732421875,154.6999969482422,154.1009979248047,154.1490020751953
2024-11-22 00:00:00+00:00,154.15499877929688,154.95700073242188,153.9600067138672,154.72500610351562
2024-11-22 08:00:00+00:00,154.7270050048828,155.02499389648438,154.18600463867188,154.89199829101562
2024-11-22 16:00:00+00:00,154.8979949951172,154.9239959716797,154.6580047607422,154.72999572753906
2024-11-23 00:00:00+00:00,,,,
2024-11-23 08:00:00+00:00,,,,
2024-11-23 16:00:00+00:00,,,,
2024-11-24 00:00:00+00:00,,,,
2024-11-24 08:00:00+00:00,,,,
2024-11-24 16:00:00+00:00,,,,
2024-11-25 00:00:00+00:00,154.15199279785156,154.55799865722656,153.5449981689453,154.53799438476562
2024-11-25 08:00:00+00:00,154.53799438476562,154.72300720214844,153.62399291992188,154.3719940185547
2024-11-25 16:00:00+00:00,154.36300659179688,154.51699829101562,153.87600708007812,154.36000061035156
2024-11-26 00:00:00+00:00,154.3800048828125,154.4149932861328,153.5399932861328,154.02999877929688
2024-11-26 08:00:00+00:00,154.03599548339844,154.12100219726562,152.98300170898438,153.46200561523438
2024-11-26 16:00:00+00:00,153.46600341796875,153.68299865722656,152.94200134277344,152.96400451660156
2024-11-27 00:00:00+00:00,152.92599487304688,153.03199768066406,151.83700561523438,151.95199584960938
2024-11-27 08:00:00+00:00,151.94700622558594,151.95700073242188,150.927001953125,151.0989990234375
2024-11-27 16:00:00+00:00,151.1009979248047,151.37899780273438,150.44900512695312,151.3730010986328
2024-11-28 00:00:00+00:00,151.33399963378906,151.77699279785156,151.27699279785156,151.75100708007812
2024-11-28 08:00:00+00:00,151.7530059814453,151.9499969482422,151.39599609375,151.51600646972656
2024-11-28 16:00:00+00:00,151.51800537109375,151.5709991455078,150.9759979248047,151.20799255371094
2024-11-29 00:00:00+00:00,151.1790008544922,151.20599365234375,149.5290069580078,149.98800659179688
2024-11-29 08:00:00+00:00,149.98699951171875,150.36300659179688,149.8249969482422,150.18099975585938
2024-11-29 16:00:00+00:00,150.1790008544922,150.531005859375,149.4600067138672,149.72999572753906
2024-11-30 00:00:00+00:00,,,,
2024-11-30 08:00:00+00:00,,,,
2024-11-30 16:00:00+00:00,,,,
2024-12-01 00:00:00+00:00,,,,
2024-12-01 08:00:00+00:00,,,,
2024-12-01 16:00:00+00:00,,,,
2024-12-02 00:00:00+00:00,149.86099243164062,150.75,149.8000030517578,150.2480010986328
2024-12-02 08:00:00+00:00,150.24899291992188,150.44200134277344,149.7169952392578,149.8800048828125
2024-12-02 16:00:00+00:00,149.86700439453125,149.947998046875,149.0760040283203,149.50799560546875
2024-12-03 00:00:00+00:00,149.50799560546875,150.23599243164062,149.49400329589844,150.00599670410156
2024-12-03 08:00:00+00:00,150.00399780273438,150.1840057373047,148.64100646972656,149.14999389648438
2024-12-03 16:00:00+00:00,149.14999389648438,149.697998046875,148.95899963378906,149.6490020751953
2024-12-04 00:00:00+00:00,149.61300659179688,150.43699645996094,149.51499938964844,150.3769989013672
2024-12-04 08:00:00+00:00,150.3769989013672,151.2310028076172,150.27699279785156,150.40499877929688
2024-12-04 16:00:00+00:00,150.4029998779297,150.7740020751953,149.99000549316406,150.572998046875
2024-12-05 00:00:00+00:00,150.5469970703125,150.67999267578125,149.656005859375,149.781005859375
2024-12-05 08:00:00+00:00,149.78500366210938,150.6959991455078,149.64999389648438,150.2469940185547
2024-12-05 16:00:00+00:00,150.2480010986328,150.3489990234375,149.9149932861328,150.197998046875
2024-12-06 00:00:00+00:00,150.1199951171875,150.27200317382812,149.76199340820312,150.09100341796875
2024-12-06 08:00:00+00:00,150.0919952392578,150.69900512695312,149.3560028076172,149.86199951171875
2024-12-06 16:00:00+00:00,149.86700439453125,150.13400268554688,149.6739959716797,149.98899841308594
2024-12-07 00:00:00+00:00,,,,
2024-12-07 08:00:00+00:00,,,,
2024-12-07 16:00:00+00:00,,,,
2024-12-08 00:00:00+00:00,,,,
2024-12-08 08:00:00+00:00,,,,
2024-12-08 16:00:00+00:00,,,,
2024-12-09 00:00:00+00:00,149.88699340820312,150.3489990234375,149.6840057373047,150.3419952392578
2024-12-09 08:00:00+00:00,150.343994140625,151.2429962158203,150.3090057373047,151.02000427246094
2024-12-09 16:00:00+00:00,151.02099609375,151.43299865722656,150.96400451660156,151.41799926757812
2024-12-10 00:00:00+00:00,151.39100646972656,151.58399963378906,150.89300537109375,151.56500244140625
2024-12-10 08:00:00+00:00,151.55499267578125,152.1699981689453,151.40899658203125,152.1219940185547
2024-12-10 16:00:00+00:00,152.125,152.18099975585938,151.7740020751953,151.83200073242188
2024-12-11 00:00:00+00:00,151.8419952392578,151.87399291992188,151.41000366210938,151.6540069580078
2024-12-11 08:00:00+00:00,151.6479949951172,152.86399841308594,151.0,152.45700073242188
2024-12-11 16:00:00+00:00,152.45799255371094,152.718994140625,152.22999572753906,152.25799560546875
2024-12-12 00:00:00+00:00,152.26199340820312,152.7740020751953,151.94700622558594,152.56900024414062
2024-12-12 08:00:00+00:00,152.5709991455078,152.66000366210938,151.8159942626953,152.28900146484375
2024-12-12 16:00:00+00:00,152.27999877929688,152.6909942626953,152.03599548339844,152.58099365234375
2024-12-13 00:00:00+00:00,152.58900451660156,153.08799743652344,152.5500030517578,152.79400634765625
2024-12-13 08:00:00+00:00,152.79400634765625,153.68899536132812,152.7899932861328,153.66400146484375
2024-12-13 16:00:00+00:00,153.6649932861328,153.802001953125,153.54800415039062,153.7449951171875
2024-12-14 00:00:00+00:00,,,,
2024-12-14 08:00:00+00:00,,,,
2024-12-14 16:00:00+00:00,,,,
2024-12-15 00:00:00+00:00,,,,
2024-12-15 08:00:00+00:00,,,,
2024-12-15 16:00:00+00:00,,,,
2024-12-16 00:00:00+00:00,153.4499969482422,153.9709930419922,153.32000732421875,153.5260009765625
2024-12-16 08:00:00+00:00,153.5260009765625,154.47799682617188,153.44000244140625,154.23300170898438
2024-12-16 16:00:00+00:00,154.23399353027344,154.31199645996094,154.0019989013672,154.0800018310547
2024-12-17 00:00:00+00:00,154.093994140625,154.33999633789062,153.7949981689453,154.06399536132812
2024-12-17 08:00:00+00:00,154.0659942626953,154.16799926757812,153.41700744628906,153.51199340820312
2024-12-17 16:00:00+00:00,153.5030059814453,153.64199829101562,153.15499877929688,153.57899475097656
2024-12-18 00:00:00+00:00,153.5679931640625,153.78500366210938,153.3300018310547,153.57400512695312
2024-12-18 08:00:00+00:00,153.57400512695312,154.0540008544922,153.51600646972656,154.02099609375
2024-12-18 16:00:00+00:00,154.02099609375,154.8699951171875,153.7030029296875,154.69900512695312
2024-12-19 00:00:00+00:00,154.6649932861328,156.78199768066406,154.46200561523438,156.47000122070312
2024-12-19 08:00:00+00:00,156.4720001220703,157.73500061035156,156.39100646972656,157.71200561523438
2024-12-19 16:00:00+00:00,157.71299743652344,157.8070068359375,157.30099487304688,157.6479949951172
2024-12-20 00:00:00+00:00,157.64599609375,157.9250030517578,156.75999450683594,156.8280029296875
2024-12-20 08:00:00+00:00,156.83099365234375,156.9669952392578,156.31500244140625,156.5019989013672
2024-12-20 16:00:00+00:00,156.5030059814453,156.58200073242188,155.94700622558594,156.40699768066406
2024-12-21 00:00:00+00:00,,,,
2024-12-21 08:00:00+00:00,,,,
2024-12-21 16:00:00+00:00,,,,
2024-12-22 00:00:00+00:00,,,,
2024-12-22 08:00:00+00:00,,,,
2024-12-22 16:00:00+00:00,,,,
2024-12-23 00:00:00+00:00,156.5590057373047,156.80999755859375,156.32899475097656,156.79299926757812
2024-12-23 08:00:00+00:00,156.7949981689453,157.26699829101562,156.45799255371094,157.1280059814453
2024-12-23 16:00:00+00:00,157.1300048828125,157.23800659179688,156.97500610351562,157.16900634765625
2024-12-24 00:00:00+00:00,157.17599487304688,157.39300537109375,156.88400268554688,157.14100646972656
2024-12-24 08:00:00+00:00,157.14100646972656,157.34800720214844,156.97999572753906,157.3350067138672
2024-12-24 16:00:00+00:00,157.3300018310547,157.37899780273438,157.0229949951172,157.09100341796875
2024-12-25 00:00:00+00:00,157.05599975585938,157.35400390625,156.9600067138672,157.01600646972656
2024-12-25 08:00:00+00:00,,,,
2024-12-25 16:00:00+00:00,157.1929931640625,157.31100463867188,157.0489959716797,157.14300537109375
2024-12-26 00:00:00+00:00,157.12100219726562,157.47799682617188,157.06100463867188,157.3730010986328
2024-12-26 08:00:00+00:00,157.3730010986328,158.07200622558594,157.302001953125,158.0659942626953
2024-12-26 16:00:00+00:00,158.0679931640625,158.08399963378906,157.66600036621094,157.73899841308594
2024-12-27 00:00:00+00:00,157.76300048828125,157.9530029296875,157.5019989013672,157.80999755859375
2024-12-27 08:00:00+00:00,157.81399536132812,157.91700744628906,157.5279998779297,157.57200622558594
2024-12-27 16:00:00+00:00,157.56900024414062,157.94500732421875,157.343994140625,157.77200317382812
2024-12-28 00:00:00+00:00,,,,
2024-12-28 08:00:00+00:00,,,,
2024-12-28 16:00:00+00:00,,,,
2024-12-29 00:00:00+00:00,,,,
2024-12-29 08:00:00+00:00,,,,
2024-12-29 16:00:00+00:00,,,,
2024-12-30 00:00:00+00:00,157.89700317382812,158.0749969482422,157.68800354003906,157.88600158691406
2024-12-30 08:00:00+00:00,157.88800048828125,157.98699951171875,156.66600036621094,157.1699981689453
2024-12-30 16:00:00+00:00,157.17599487304688,157.3560028076172,156.75100708007812,156.98899841308594
2024-12-31 00:00:00+00:00,157.00399780273438,157.0449981689453,156.0590057373047,156.20199584960938
2024-12-31 08:00:00+00:00,156.20399475097656,157.19400024414062,156.01400756835938,157.16000366210938
2024-12-31 16:00:00+00:00,157.15899658203125,157.5489959716797,157.09800720214844,157.2100067138672
2025-01-01 00:00:00+00:00,,,,
2025-01-01 08:00:00+00:00,,,,
2025-01-01 16:00:00+00:00,157.26699829101562,157.76499938964844,157.0800018310547,157.75100708007812
2025-01-02 00:00:00+00:00,157.7010040283203,157.7740020751953,156.42999267578125,156.6699981689453
2025-01-02 08:00:00+00:00,156.66600036621094,157.28500366210938,156.45799255371094,157.1490020751953
2025-01-02 16:00:00+00:00,157.14500427246094,157.8520050048828,157.1300048828125,157.35400390625
2025-01-03 00:00:00+00:00,157.35000610351562,157.4600067138672,157.03199768066406,157.13499450683594
2025-01-03 08:00:00+00:00,157.13600158691406,157.49099731445312,157.02000427246094,157.39500427246094
2025-01-03 16:00:00+00:00,157.39300537109375,157.40199279785156,156.8699951171875,157.23599243164062
2025-01-04 00:00:00+00:00,,,,
2025-01-04 08:00:00+00:00,,,,
2025-01-04 16:00:00+00:00,,,,
2025-01-05 00:00:00+00:00,,,,
2025-01-05 08:00:00+00:00,,,,
2025-01-05 16:00:00+00:00,,,,
2025-01-06 00:00:00+00:00,157.50399780273438,157.8300018310547,157.47999572753906,157.65899658203125
2025-01-06 08:00:00+00:00,157.66400146484375,157.96099853515625,156.23599243164062,157.53399658203125
2025-01-06 16:00:00+00:00,157.53199768066406,157.81100463867188,157.3419952392578,157.7480010986328
2025-01-07 00:00:00+00:00,157.73399353027344,158.41600036621094,157.45199584960938,157.4929962158203
2025-01-07 08:00:00+00:00,157.4949951171875,158.427001953125,157.36199951171875,157.9409942626953
2025-01-07 16:00:00+00:00,157.9429931640625,158.2449951171875,157.58099365234375,158.21499633789062
2025-01-08 00:00:00+00:00,158.22300720214844,158.2689971923828,157.8979949951172,158.11199951171875
2025-01-08 08:00:00+00:00,158.11399841308594,158.5540008544922,158.0469970703125,158.37100219726562
2025-01-08 16:00:00+00:00,158.37100219726562,158.5189971923828,158.17999267578125,158.18699645996094
2025-01-09 00:00:00+00:00,158.18800354003906,158.32699584960938,157.75599670410156,158.18800354003906
2025-01-09 08:00:00+00:00,158.19700622558594,158.28599548339844,157.57200622558594,157.968994140625
2025-01-09 16:00:00+00:00,157.97300720214844,158.1840057373047,157.91799926757812,158.04100036621094
2025-01-10 00:00:00+00:00,158.0399932861328,158.4459991455078,157.9239959716797,158.38400268554688
2025-01-10 08:00:00+00:00,158.3820037841797,158.87899780273438,157.2209930419922,157.5540008544922
2025-01-10 16:00:00+00:00,157.55499267578125,157.98399353027344,157.53799438476562,157.65699768066406
2025-01-11 00:00:00+00:00,,,,
2025-01-11 08:00:00+00:00,,,,
2025-01-11 16:00:00+00:00,,,,
2025-01-12 00:00:00+00:00,,,,
2025-01-12 08:00:00+00:00,,,,
2025-01-12 16:00:00+00:00,,,,
2025-01-13 00:00:00+00:00,157.9029998779297,157.96400451660156,157.24200439453125,157.45799255371094
2025-01-13 08:00:00+00:00,157.45599365234375,157.6699981689453,156.9080047607422,157.51400756835938
2025-01-13 16:00:00+00:00,157.51600646972656,157.82000732421875,157.11199951171875,157.343994140625
2025-01-14 00:00:00+00:00,157.30499267578125,158.0279998779297,157.03199768066406,157.52499389648438
2025-01-14 08:00:00+00:00,157.52000427246094,158.15199279785156,157.3820037841797,157.96200561523438
2025-01-14 16:00:00+00:00,157.96299743652344,158.197998046875,157.82699584960938,158.04100036621094
2025-01-15 00:00:00+00:00,158.0469970703125,158.08200073242188,156.83700561523438,156.88099670410156
2025-01-15 08:00:00+00:00,156.88099670410156,157.21499633789062,155.93499755859375,156.29100036621094
2025-01-15 16:00:00+00:00,156.28900146484375,156.73399353027344,156.20899963378906,156.23300170898438
2025-01-16 00:00:00+00:00,156.2169952392578,156.5279998779297,155.20199584960938,156.18299865722656
2025-01-16 08:00:00+00:00,156.1840057373047,156.36399841308594,155.38499450683594,155.42799377441406
2025-01-16 16:00:00+00:00,155.427001953125,155.5540008544922,155.04299926757812,155.3769989013672
2025-01-17 00:00:00+00:00,155.3699951171875,155.77200317382812,154.97300720214844,155.60800170898438
2025-01-17 08:00:00+00:00,155.61500549316406,156.19400024414062,155.4029998779297,156.10400390625
2025-01-17 16:00:00+00:00,156.10499572753906,156.37399291992188,156.09800720214844,156.26600646972656
2025-01-18 00:00:00+00:00,,,,
2025-01-18 08:00:00+00:00,,,,
2025-01-18 16:00:00+00:00,,,,
2025-01-19 00:00:00+00:00,,,,
2025-01-19 08:00:00+00:00,,,,
2025-01-19 16:00:00+00:00,,,,
2025-01-20 00:00:00+00:00,156.3040008544922,156.35800170898438,155.6999969482422,155.99000549316406
2025-01-20 08:00:00+00:00,155.99099731445312,156.468994140625,155.40499877929688,155.68499755859375
2025-01-20 16:00:00+00:00,155.68699645996094,156.06199645996094,155.156005859375,155.27200317382812
2025-01-21 00:00:00+00:00,155.27200317382812,156.23500061035156,154.77000427246094,155.6750030517578
2025-01-21 08:00:00+00:00,155.6750030517578,156.05299377441406,155.2469940185547,155.33099365234375
2025-01-21 16:00:00+00:00,155.3260040283203,155.8280029296875,155.30299377441406,155.76800537109375
2025-01-22 00:00:00+00:00,155.73899841308594,156.07400512695312,155.35000610351562,156.0469970703125
2025-01-22 08:00:00+00:00,156.0469970703125,156.4239959716797,155.5469970703125,156.406005859375
2025-01-22 16:00:00+00:00,156.4080047607422,156.70799255371094,156.36599731445312,156.4320068359375
2025-01-23 00:00:00+00:00,156.43299865722656,156.75100708007812,156.27999877929688,156.61000061035156
2025-01-23 08:00:00+00:00,156.61099243164062,156.63299560546875,156.10000610351562,156.16299438476562
2025-01-23 16:00:00+00:00,156.16799926757812,156.3209991455078,155.73800659179688,156.14999389648438
2025-01-24 00:00:00+00:00,156.13299560546875,156.41200256347656,154.83399963378906,155.38299560546875
2025-01-24 08:00:00+00:00,155.38400268554688,156.57699584960938,154.9340057373047,155.7259979248047
2025-01-24 16:00:00+00:00,155.7259979248047,156.02200317382812,155.50999450683594,155.9199981689453
2025-01-25 00:00:00+00:00,,,,
2025-01-25 08:00:00+00:00,,,,
2025-01-25 16:00:00+00:00,,,,
2025-01-26 00:00:00+00:00,,,,
2025-01-26 08:00:00+00:00,,,,
2025-01-26 16:00:00+00:00,,,,
2025-01-27 00:00:00+00:00,155.71800231933594,156.2480010986328,155.28399658203125,155.87600708007812
2025-01-27 08:00:00+00:00,155.8800048828125,155.91000366210938,153.70799255371094,154.3419952392578
2025-01-27 16:00:00+00:00,154.33900451660156,154.98500061035156,154.0970001220703,154.91000366210938
2025-01-28 00:00:00+00:00,154.91200256347656,155.97799682617188,154.79200744628906,155.86500549316406
2025-01-28 08:00:00+00:00,155.86399841308594,155.93299865722656,155.04400634765625,155.71400451660156
2025-01-28 16:00:00+00:00,155.7209930419922,155.75999450683594,155.4770050048828,155.5540008544922
2025-01-29 00:00:00+00:00,155.55599975585938,155.79200744628906,154.99600219726562,155.28599548339844
2025-01-29 08:00:00+00:00,155.28199768066406,155.52000427246094,154.9340057373047,155.0050048828125
2025-01-29 16:00:00+00:00,155.0050048828125,155.61099243164062,154.9669952392578,155.18299865722656
2025-01-30 00:00:00+00:00,155.1699981689453,155.2030029296875,154.27699279785156,154.4929962158203
2025-01-30 08:00:00+00:00,154.4949951171875,154.6479949951172,153.78500366210938,154.13400268554688
2025-01-30 16:00:00+00:00,154.1320037841797,154.49899291992188,153.99200439453125,154.08999633789062
2025-01-31 00:00:00+00:00,154.0850067138672,154.93600463867188,153.91000366210938,154.6510009765625
2025-01-31 08:00:00+00:00,154.64999389648438,155.02000427246094,154.47999572753906,154.82000732421875
2025-01-31 16:00:00+00:00,154.8300018310547,155.2209930419922,154.65499877929688,155.1820068359375
2025-02-01 00:00:00+00:00,,,,
2025-02-01 08:00:00+00:00,,,,
2025-02-01 16:00:00+00:00,,,,
2025-02-02 00:00:00+00:00,,,,
2025-02-02 08:00:00+00:00,,,,
2025-02-02 16:00:00+00:00,,,,
2025-02-03 00:00:00+00:00,155.3520050048828,155.88699340820312,155.27699279785156,155.625
2025-02-03 08:00:00+00:00,155.6179962158203,155.7169952392578,154.00399780273438,154.72300720214844
2025-02-03 16:00:00+00:00,154.7239990234375,155.29600524902344,154.51600646972656,155.28500366210938
2025-02-04 00:00:00+00:00,155.26300048828125,155.4029998779297,154.81900024414062,155.32699584960938
2025-02-04 08:00:00+00:00,155.32200622558594,155.48800659179688,154.5330047607422,154.6719970703125
2025-02-04 16:00:00+00:00,154.67300415039062,154.6750030517578,154.02699279785156,154.14999389648438
2025-02-05 00:00:00+00:00,154.13999938964844,154.35899353027344,153.06199645996094,153.30299377441406
2025-02-05 08:00:00+00:00,153.30099487304688,153.39199829101562,152.10899353027344,152.13800048828125
2025-02-05 16:00:00+00:00,152.13900756835938,152.7689971923828,152.11000061035156,152.64199829101562
2025-02-06 00:00:00+00:00,152.64999389648438,152.6840057373047,151.80799865722656,152.5749969482422
2025-02-06 08:00:00+00:00,152.57699584960938,152.89700317382812,151.656005859375,151.68699645996094
2025-02-06 16:00:00+00:00,151.68899536132812,152.06300354003906,151.15699768066406,151.21400451660156
2025-02-07 00:00:00+00:00,151.16600036621094,151.88800048828125,150.95199584960938,151.8209991455078
2025-02-07 08:00:00+00:00,151.822998046875,152.4250030517578,151.27200317382812,151.38800048828125
2025-02-07 16:00:00+00:00,151.38800048828125,151.8520050048828,150.9239959716797,151.38499450683594
2025-02-08 00:00:00+00:00,,,,
2025-02-08 08:00:00+00:00,,,,
2025-02-08 16:00:00+00:00,,,,
2025-02-09 00:00:00+00:00,,,,
2025-02-09 08:00:00+00:00,,,,
2025-02-09 16:00:00+00:00,,,,
2025-02-10 00:00:00+00:00,151.87399291992188,152.21099853515625,151.61900329589844,152.16700744628906
2025-02-10 08:00:00+00:00,152.1649932861328,152.53799438476562,151.5590057373047,151.60899353027344
2025-02-10 16:00:00+00:00,151.60699462890625,152.072998046875,151.5679931640625,151.78700256347656
2025-02-11 00:00:00+00:00,151.78500366210938,152.05999755859375,151.68099975585938,151.9499969482422
2025-02-11 08:00:00+00:00,151.9499969482422,152.5970001220703,151.64500427246094,152.49000549316406
2025-02-11 16:00:00+00:00,152.49600219726562,152.76699829101562,152.24600219726562,152.73800659179688
2025-02-12 00:00:00+00:00,152.76499938964844,153.73300170898438,152.7220001220703,153.6790008544922
2025-02-12 08:00:00+00:00,153.677001953125,154.6179962158203,153.26199340820312,154.43899536132812
2025-02-12 16:00:00+00:00,154.43699645996094,154.80299377441406,154.17999267578125,154.26400756835938
2025-02-13 00:00:00+00:00,154.23199462890625,154.66900634765625,153.95199584960938,154.27200317382812
2025-02-13 08:00:00+00:00,154.27999877929688,154.33999633789062,153.0709991455078,153.13499450683594
2025-02-13 16:00:00+00:00,153.13299560546875,153.3470001220703,152.69700622558594,152.9759979248047
2025-02-14 00:00:00+00:00,152.98300170898438,153.1009979248047,152.3800048828125,152.7259979248047
2025-02-14 08:00:00+00:00,152.7239990234375,152.83999633789062,152.0590057373047,152.13499450683594
2025-02-14 16:00:00+00:00,152.13900756835938,152.39199829101562,152.02099609375,152.27099609375
2025-02-15 00:00:00+00:00,,,,
2025-02-15 08:00:00+00:00,,,,
2025-02-15 16:00:00+00:00,,,,
2025-02-16 00:00:00+00:00,,,,
2025-02-16 08:00:00+00:00,,,,
2025-02-16 16:00:00+00:00,,,,
2025-02-17 00:00:00+00:00,152.00399780273438,152.11300659179688,151.47000122070312,151.86599731445312
2025-02-17 08:00:00+00:00,151.86399841308594,151.94400024414062,151.33200073242188,151.36199951171875
2025-02-17 16:00:00+00:00,151.36399841308594,151.6219940185547,151.2259979248047,151.4219970703125
2025-02-18 00:00:00+00:00,151.43499755859375,152.2209930419922,151.41200256347656,152.05499267578125
2025-02-18 08:00:00+00:00,152.052001953125,152.10299682617188,151.5260009765625,151.6529998779297
2025-02-18 16:00:00+00:00,151.65699768066406,152.1280059814453,151.64199829101562,151.9340057373047
2025-02-19 00:00:00+00:00,151.91799926757812,152.31300354003906,151.58399963378906,151.66200256347656
2025-02-19 08:00:00+00:00,151.65899658203125,151.9550018310547,151.24200439453125,151.41700744628906
2025-02-19 16:00:00+00:00,151.41799926757812,151.83099365234375,151.11599731445312,151.22000122070312
2025-02-20 00:00:00+00:00,151.2209930419922,151.23199462890625,149.94500732421875,150.17100524902344
2025-02-20 08:00:00+00:00,150.1699981689453,150.43299865722656,149.46499633789062,149.51100158691406
2025-02-20 16:00:00+00:00,149.51100158691406,149.82699584960938,149.26100158691406,149.43600463867188
2025-02-21 00:00:00+00:00,149.47500610351562,150.73599243164062,149.46600341796875,150.54600524902344
2025-02-21 08:00:00+00:00,150.54600524902344,150.6179962158203,149.50399780273438,149.55099487304688
2025-02-21 16:00:00+00:00,149.5500030517578,149.62100219726562,148.9219970703125,149.26499938964844
2025-02-22 00:00:00+00:00,,,,
2025-02-22 08:00:00+00:00,,,,
2025-02-22 16:00:00+00:00,,,,
2025-02-23 00:00:00+00:00,,,,
2025-02-23 08:00:00+00:00,,,,
2025-02-23 16:00:00+00:00,,,,
2025-02-24 00:00:00+00:00,149.40499877929688,149.5449981689453,148.83900451660156,149.4550018310547
2025-02-24 08:00:00+00:00,149.4550018310547,149.875,149.18499755859375,149.29800415039062
2025-02-24 16:00:00+00:00,149.2949981689453,149.91000366210938,149.2949981689453,149.87100219726562
2025-02-25 00:00:00+00:00,149.90899658203125,150.30099487304688,149.18600463867188,149.27999877929688
2025-02-25 08:00:00+00:00,149.2779998779297,149.9550018310547,148.56199645996094,149.0709991455078
2025-02-25 16:00:00+00:00,149.0709991455078,149.2550048828125,148.77200317382812,149.0679931640625
2025-02-26 00:00:00+00:00,149.0489959716797,149.6320037841797,148.61500549316406,149.5260009765625
2025-02-26 08:00:00+00:00,149.5279998779297,149.88699340820312,149.218994140625,149.48800659179688
2025-02-26 16:00:00+00:00,149.48800659179688,149.531005859375,148.74099731445312,148.82899475097656
2025-02-27 00:00:00+00:00,148.87399291992188,149.4239959716797,148.7779998779297,149.26199340820312
2025-02-27 08:00:00+00:00,149.26499938964844,150.13999938964844,149.1540069580078,149.9429931640625
2025-02-27 16:00:00+00:00,149.94200134277344,150.16299438476562,149.52999877929688,150.0469970703125
2025-02-28 00:00:00+00:00,150.07699584960938,150.57000732421875,149.093994140625,150.42999267578125
2025-02-28 08:00:00+00:00,150.43099975585938,150.99000549316406,150.1840057373047,150.677001953125
2025-02-28 16:00:00+00:00,150.67599487304688,150.79299926757812,150.23199462890625,150.59100341796875
2025-03-01 00:00:00+00:00,,,,
2025-03-01 08:00:00+00:00,,,,
2025-03-01 16:00:00+00:00,,,,
2025-03-02 00:00:00+00:00,,,,
2025-03-02 08:00:00+00:00,,,,
2025-03-02 16:00:00+00:00,,,,
2025-03-03 00:00:00+00:00,150.80599975585938,150.9499969482422,150.1479949951172,150.16799926757812
2025-03-03 08:00:00+00:00,150.17100524902344,151.30299377441406,149.94200134277344,150.2310028076172
2025-03-03 16:00:00+00:00,150.23699951171875,150.3730010986328,149.0959930419922,149.3090057373047
2025-03-04 00:00:00+00:00,149.3090057373047,149.57699584960938,148.5919952392578,149.34500122070312
2025-03-04 08:00:00+00:00,149.343994140625,149.45399475097656,148.09300231933594,148.35000610351562
2025-03-04 16:00:00+00:00,148.3520050048828,149.97000122070312,148.3000030517578,149.72999572753906
2025-03-05 00:00:00+00:00,149.83099365234375,150.1840057373047,149.41000366210938,149.44200134277344
2025-03-05 08:00:00+00:00,149.4459991455078,149.73899841308594,148.3820037841797,148.91299438476562
2025-03-05 16:00:00+00:00,148.91400146484375,149.14300537109375,148.47000122070312,148.8939971923828
2025-03-06 00:00:00+00:00,148.87899780273438,149.33099365234375,148.26199340820312,148.3719940185547
2025-03-06 08:00:00+00:00,148.375,148.4149932861328,147.30799865722656,148.23800659179688
2025-03-06 16:00:00+00:00,148.23800659179688,148.39199829101562,147.56300354003906,148.093994140625
2025-03-07 00:00:00+00:00,148.14500427246094,148.16200256347656,147.38400268554688,147.6510009765625
2025-03-07 08:00:00+00:00,147.6510009765625,147.97300720214844,147.00799560546875,147.51699829101562
2025-03-07 16:00:00+00:00,147.5189971923828,148.1999969482422,146.95599365234375,148.01800537109375
2025-03-08 00:00:00+00:00,,,,
2025-03-08 08:00:00+00:00,,,,
2025-03-08 16:00:00+00:00,,,,
2025-03-09 00:00:00+00:00,,,,
2025-03-09 08:00:00+00:00,,,,
2025-03-09 16:00:00+00:00,,,,
2025-03-10 00:00:00+00:00,147.58599853515625,147.79299926757812,147.08799743652344,147.56399536132812
2025-03-10 08:00:00+00:00,147.56700134277344,147.63999938964844,146.6280059814453,147.1510009765625
2025-03-10 16:00:00+00:00,147.14999389648438,147.4669952392578,146.77000427246094,147.0679931640625
2025-03-11 00:00:00+00:00,147.0749969482422,147.4040069580078,146.53799438476562,146.94200134277344
2025-03-11 08:00:00+00:00,146.93699645996094,148.11399841308594,146.8730010986328,147.49600219726562
2025-03-11 16:00:00+00:00,147.4949951171875,148.0659942626953,147.01800537109375,148.0399932861328
2025-03-12 00:00:00+00:00,148.05099487304688,148.6020050048828,147.84100341796875,148.5919952392578
2025-03-12 08:00:00+00:00,148.59300231933594,149.1820068359375,148.072998046875,148.31700134277344
2025-03-12 16:00:00+00:00,148.3209991455078,148.4340057373047,148.08299255371094,148.27999877929688
2025-03-13 00:00:00+00:00,148.29299926757812,148.37600708007812,147.57400512695312,147.7899932861328
2025-03-13 08:00:00+00:00,147.78500366210938,148.3560028076172,147.63999938964844,147.70199584960938
2025-03-13 16:00:00+00:00,147.70599365234375,147.98599243164062,147.41000366210938,147.92300415039062
2025-03-14 00:00:00+00:00,147.93800354003906,149.0240020751953,147.8419952392578,148.75100708007812
2025-03-14 08:00:00+00:00,148.75100708007812,149.0050048828125,148.343994140625,148.51800537109375
2025-03-14 16:00:00+00:00,148.51800537109375,148.6750030517578,148.25599670410156,148.61000061035156
2025-03-15 00:00:00+00:00,,,,
2025-03-15 08:00:00+00:00,,,,
2025-03-15 16:00:00+00:00,,,,
2025-03-16 00:00:00+00:00,,,,
2025-03-16 08:00:00+00:00,,,,
2025-03-16 16:00:00+00:00,,,,
2025-03-17 00:00:00+00:00,148.5989990234375,149.09800720214844,148.45899963378906,148.83399963378906
2025-03-17 08:00:00+00:00,148.83700561523438,149.0540008544922,148.26100158691406,148.55499267578125
2025-03-17 16:00:00+00:00,148.55499267578125,149.39999389648438,148.51600646972656,149.3780059814453
2025-03-18 00:00:00+00:00,149.39500427246094,149.87899780273438,149.25399780273438,149.82899475097656
2025-03-18 08:00:00+00:00,149.8300018310547,149.93600463867188,149.41299438476562,149.49099731445312
2025-03-18 16:00:00+00:00,149.49200439453125,149.63800048828125,149.093994140625,149.46299743652344
2025-03-19 00:00:00+00:00,149.43899536132812,150.02099609375,149.13600158691406,149.2740020751953
2025-03-19 08:00:00+00:00,149.27200317382812,150.14700317382812,149.27200317382812,150.02699279785156
2025-03-19 16:00:00+00:00,150.02999877929688,150.03199768066406,148.4720001220703,148.48599243164062
2025-03-20 00:00:00+00:00,148.46299743652344,148.64500427246094,148.1750030517578,148.5850067138672
2025-03-20 08:00:00+00:00,148.58599853515625,148.96099853515625,148.39199829101562,148.8489990234375
2025-03-20 16:00:00+00:00,148.8470001220703,148.95899963378906,148.57699584960938,148.61700439453125
2025-03-21 00:00:00+00:00,148.61900329589844,149.66200256347656,148.58700561523438,149.30999755859375
2025-03-21 08:00:00+00:00,149.31100463867188,149.53599548339844,148.60000610351562,148.98300170898438
2025-03-21 16:00:00+00:00,148.98199462890625,149.36500549316406,148.9320068359375,149.27499389648438
2025-03-22 00:00:00+00:00,,,,
2025-03-22 08:00:00+00:00,,,,
2025-03-22 16:00:00+00:00,,,,
2025-03-23 00:00:00+00:00,,,,
2025-03-23 08:00:00+00:00,,,,
2025-03-23 16:00:00+00:00,,,,
2025-03-24 00:00:00+00:00,149.66200256347656,149.9530029296875,149.45399475097656,149.64500427246094
2025-03-24 08:00:00+00:00,149.6479949951172,150.7570037841797,149.48800659179688,150.73899841308594
2025-03-24 16:00:00+00:00,150.73800659179688,150.86399841308594,150.47799682617188,150.79100036621094
2025-03-25 00:00:00+00:00,150.7760009765625,150.9429931640625,150.41099548339844,150.72300720214844
2025-03-25 08:00:00+00:00,150.7209930419922,150.76699829101562,149.54400634765625,149.76300048828125
2025-03-25 16:00:00+00:00,149.76199340820312,150.00999450683594,149.70199584960938,149.94200134277344
2025-03-26 00:00:00+00:00,149.94400024414062,150.625,149.83799743652344,150.39700317382812
2025-03-26 08:00:00+00:00,150.39300537109375,150.7449951171875,150.01300048828125,150.67799377441406
2025-03-26 16:00:00+00:00,150.68299865722656,150.718994140625,150.27999877929688,150.4530029296875
2025-03-27 00:00:00+00:00,150.47000122070312,150.6199951171875,150.05599975585938,150.52999877929688
2025-03-27 08:00:00+00:00,150.53500366210938,151.0919952392578,150.49000549316406,150.9709930419922
2025-03-27 16:00:00+00:00,150.9669952392578,151.156005859375,150.75999450683594,150.86399841308594
2025-03-28 00:00:00+00:00,150.8459930419922,151.20799255371094,150.38099670410156,150.39300537109375
2025-03-28 08:00:00+00:00,150.39300537109375,150.93299865722656,149.90499877929688,150.25900268554688
2025-03-28 16:00:00+00:00,150.2550048828125,150.2969970703125,149.67999267578125,149.8300018310547
2025-03-29 00:00:00+00:00,,,,
2025-03-29 08:00:00+00:00,,,,
2025-03-29 16:00:00+00:00,,,,
2025-03-30 00:00:00+00:00,,,,
2025-03-30 08:00:00+00:00,,,,
2025-03-30 16:00:00+00:00,149.5,149.6269989013672,149.29100036621094,149.6199951171875
2025-03-31 00:00:00+00:00,149.61199951171875,149.63800048828125,148.69700622558594,149.1439971923828
2025-03-31 08:00:00+00:00,149.13800048828125,149.95799255371094,148.95599365234375,149.90699768066406
2025-03-31 16:00:00+00:00,149.90899658203125,150.26699829101562,149.7949981689453,149.9409942626953
2025-04-01 00:00:00+00:00,149.9459991455078,149.99099731445312,149.52699279785156,149.6179962158203
2025-04-01 08:00:00+00:00,149.61399841308594,149.7220001220703,148.97000122070312,149.40499877929688
2025-04-01 16:00:00+00:00,149.40499877929688,149.88800048828125,149.23199462890625,149.75100708007812
2025-04-02 00:00:00+00:00,149.7469940185547,150.00100708007812,149.64300537109375,149.67100524902344
2025-04-02 08:00:00+00:00,149.66900634765625,150.09100341796875,149.09800720214844,149.98699951171875
2025-04-02 16:00:00+00:00,149.98899841308594,150.49099731445312,147.68099975585938,147.88099670410156
2025-04-03 00:00:00+00:00,147.88099670410156,148.3350067138672,146.80299377441406,147.25999450683594
2025-04-03 08:00:00+00:00,147.26600646972656,147.36399841308594,145.1820068359375,146.04400634765625
2025-04-03 16:00:00+00:00,146.04400634765625,146.5189971923828,145.53199768066406,146.2530059814453
2025-04-04 00:00:00+00:00,146.25599670410156,146.4080047607422,145.29400634765625,146.2760009765625
2025-04-04 08:00:00+00:00,146.2689971923828,146.55099487304688,144.54400634765625,145.92300415039062
2025-04-04 16:00:00+00:00,145.92100524902344,147.4320068359375,145.85400390625,146.96499633789062
2025-04-05 00:00:00+00:00,,,,
2025-04-05 08:00:00+00:00,,,,
2025-04-05 16:00:00+00:00,,,,
2025-04-06 00:00:00+00:00,,,,
2025-04-06 08:00:00+00:00,,,,
2025-04-06 16:00:00+00:00,145.15899658203125,145.43899536132812,144.81300354003906,145.43299865722656
2025-04-07 00:00:00+00:00,145.4320068359375,146.8520050048828,145.06900024414062,145.78799438476562
2025-04-07 08:00:00+00:00,145.7899932861328,147.98300170898438,145.69700622558594,147.96400451660156
2025-04-07 16:00:00+00:00,147.96200561523438,148.1490020751953,147.52099609375,147.79200744628906
2025-04-08 00:00:00+00:00,147.7899932861328,147.9709930419922,146.96400451660156,147.39300537109375
2025-04-08 08:00:00+00:00,147.39300537109375,147.66799926757812,146.65899658203125,147.02099609375
2025-04-08 16:00:00+00:00,147.02000427246094,147.0970001220703,145.5959930419922,145.85400390625
2025-04-09 00:00:00+00:00,145.8489990234375,145.94200134277344,144.57400512695312,145.52099609375
2025-04-09 08:00:00+00:00,145.5229949951172,145.78199768066406,144.03199768066406,145.0959930419922
2025-04-09 16:00:00+00:00,145.0959930419922,148.281005859375,144.56700134277344,147.40199279785156
2025-04-10 00:00:00+00:00,147.4029998779297,147.4600067138672,146.23399353027344,146.26600646972656
2025-04-10 08:00:00+00:00,146.27000427246094,146.42799377441406,144.00399780273438,144.34800720214844
2025-04-10 16:00:00+00:00,144.34800720214844,145.13400268554688,143.71099853515625,143.7570037841797
2025-04-11 00:00:00+00:00,143.74899291992188,144.14300537109375,142.7969970703125,142.82899475097656
2025-04-11 08:00:00+00:00,142.8300018310547,143.7209930419922,142.05999755859375,143.57200622558594
2025-04-11 16:00:00+00:00,143.5800018310547,144.19900512695312,143.4239959716797,143.49000549316406
2025-04-12 00:00:00+00:00,,,,
2025-04-12 08:00:00+00:00,,,,
2025-04-12 16:00:00+00:00,,,,
2025-04-13 00:00:00+00:00,,,,
2025-04-13 08:00:00+00:00,,,,
2025-04-13 16:00:00+00:00,143.64999389648438,143.8979949951172,143.56399536132812,143.68800354003906
2025-04-14 00:00:00+00:00,143.6909942626953,143.7449951171875,142.2469940185547,143.0760040283203
2025-04-14 08:00:00+00:00,143.0800018310547,144.0800018310547,142.75599670410156,142.9709930419922
2025-04-14 16:00:00+00:00,142.9709930419922,143.35299682617188,142.7790069580078,143.21299743652344
2025-04-15 00:00:00+00:00,143.21099853515625,143.593994140625,142.84100341796875,143.30099487304688
2025-04-15 08:00:00+00:00,143.2989959716797,143.30599975585938,142.59300231933594,143.10000610351562
2025-04-15 16:00:00+00:00,143.0970001220703,143.28199768066406,142.89999389648438,143.15899658203125
2025-04-16 00:00:00+00:00,143.15699768066406,143.17300415039062,142.0399932861328,142.09500122070312
2025-04-16 08:00:00+00:00,142.0970001220703,142.9550018310547,142.06399536132812,142.57699584960938
2025-04-16 16:00:00+00:00,142.5709991455078,142.6959991455078,141.60899353027344,141.92799377441406
2025-04-17 00:00:00+00:00,141.9250030517578,142.91299438476562,141.84500122070312,142.89199829101562
2025-04-17 08:00:00+00:00,142.89100646972656,143.08700561523438,141.89500427246094,142.33299255371094
2025-04-17 16:00:00+00:00,142.33299255371094,142.71800231933594,142.18600463867188,142.33299255371094
2025-04-18 00:00:00+00:00,142.34800720214844,142.4429931640625,142.15499877929688,142.38900756835938
2025-04-18 08:00:00+00:00,142.38800048828125,142.39700317382812,142.19500732421875,142.24600219726562
2025-04-18 16:00:00+00:00,142.23800659179688,142.29400634765625,142.09800720214844,142.1510009765625
2025-04-19 00:00:00+00:00,,,,
2025-04-19 08:00:00+00:00,,,,
2025-04-19 16:00:00+00:00,,,,
2025-04-20 00:00:00+00:00,,,,
2025-04-20 08:00:00+00:00,,,,
2025-04-20 16:00:00+00:00,141.73399353027344,141.76600646972656,141.4929962158203,141.58999633789062
2025-04-21 00:00:00+00:00,141.58799743652344,141.593994140625,140.54200744628906,140.55499267578125
2025-04-21 08:00:00+00:00,140.5489959716797,141.0760040283203,140.4669952392578,140.81399536132812
2025-04-21 16:00:00+00:00,140.81399536132812,140.97999572753906,140.5469970703125,140.86900329589844
2025-04-22 00:00:00+00:00,140.87399291992188,141.1719970703125,139.8820037841797,140.2790069580078
2025-04-22 08:00:00+00:00,140.28199768066406,140.92300415039062,140.16600036621094,140.87100219726562
2025-04-22 16:00:00+00:00,140.8730010986328,143.21800231933594,140.78599548339844,142.6999969482422
2025-04-23 00:00:00+00:00,142.69700622558594,142.718994140625,141.5240020751953,141.86399841308594
2025-04-23 08:00:00+00:00,141.86500549316406,142.79800415039062,141.57200622558594,142.63800048828125
2025-04-23 16:00:00+00:00,142.64599609375,143.57400512695312,142.56399536132812,143.19500732421875
2025-04-24 00:00:00+00:00,143.19400024414062,143.33799743652344,142.54600524902344,142.57899475097656
2025-04-24 08:00:00+00:00,142.58099365234375,142.7760009765625,142.2740020751953,142.65499877929688
2025-04-24 16:00:00+00:00,142.656005859375,142.92799377441406,142.48399353027344,142.8520050048828
2025-04-25 00:00:00+00:00,142.8509979248047,143.85000610351562,142.81700134277344,143.3979949951172
2025-04-25 08:00:00+00:00,143.39500427246094,144.02999877929688,143.2310028076172,143.74899291992188
2025-04-25 16:00:00+00:00,143.75,143.8489990234375,143.43699645996094,143.64700317382812
2025-04-26 00:00:00+00:00,,,,
2025-04-26 08:00:00+00:00,,,,
2025-04-26 16:00:00+00:00,,,,
2025-04-27 00:00:00+00:00,,,,
2025-04-27 08:00:00+00:00,,,,
2025-04-27 16:00:00+00:00,143.76699829101562,143.8769989013672,143.70899963378906,143.8459930419922
2025-04-28 00:00:00+00:00,143.8489990234375,143.8939971923828,143.28399658203125,143.6320037841797
2025-04-28 08:00:00+00:00,143.63099670410156,143.70599365234375,142.5959930419922,142.70399475097656
2025-04-28 16:00:00+00:00,142.7030029296875,142.71099853515625,141.95399475097656,142.1790008544922
2025-04-29 00:00:00+00:00,142.18299865722656,142.57699584960938,142.06300354003906,142.38699340820312
2025-04-29 08:00:00+00:00,142.38600158691406,142.7570037841797,142.0050048828125,142.2949981689453
2025-04-29 16:00:00+00:00,142.29400634765625,142.44700622558594,141.96800231933594,142.2550048828125
2025-04-30 00:00:00+00:00,142.25799560546875,142.88800048828125,142.16900634765625,142.79800415039062
2025-04-30 08:00:00+00:00,142.80299377441406,143.1540069580078,142.49099731445312,142.62899780273438
2025-04-30 16:00:00+00:00,142.62600708007812,143.19000244140625,142.58900451660156,143.0229949951172
2025-05-01 00:00:00+00:00,143.0229949951172,144.7429962158203,142.875,144.36700439453125
2025-05-01 08:00:00+00:00,144.36199951171875,145.66000366210938,144.1199951171875,145.4759979248047
2025-05-01 16:00:00+00:00,145.4720001220703,145.74099731445312,145.2480010986328,145.4080047607422
2025-05-02 00:00:00+00:00,145.406005859375,145.9239959716797,145.031005859375,145.13099670410156
2025-05-02 08:00:00+00:00,145.12600708007812,145.20700073242188,143.72500610351562,144.52200317382812
2025-05-02 16:00:00+00:00,144.52499389648438,145.08399963378906,144.48399353027344,144.91799926757812
2025-05-03 00:00:00+00:00,,,,
2025-05-03 08:00:00+00:00,,,,
2025-05-03 16:00:00+00:00,,,,
2025-05-04 00:00:00+00:00,,,,
2025-05-04 08:00:00+00:00,,,,
2025-05-04 16:00:00+00:00,144.7519989013672,144.86099243164062,144.50599670410156,144.6510009765625
2025-05-05 00:00:00+00:00,144.6490020751953,144.79800415039062,143.9600067138672,144.36000061035156
2025-05-05 08:00:00+00:00,144.35800170898438,144.36900329589844,143.53500366210938,143.97799682617188
2025-05-05 16:00:00+00:00,143.9759979248047,144.23399353027344,143.54200744628906,143.70199584960938
2025-05-06 00:00:00+00:00,143.70199584960938,144.27499389648438,143.1959991455078,143.32699584960938
2025-05-06 08:00:00+00:00,143.32899475097656,143.35499572753906,142.3489990234375,142.77099609375
2025-05-06 16:00:00+00:00,142.77099609375,143.30999755859375,142.3470001220703,143.08799743652344
2025-05-07 00:00:00+00:00,143.08900451660156,143.3249969482422,142.74000549316406,143.16900634765625
2025-05-07 08:00:00+00:00,143.1750030517578,143.4739990234375,143.11199951171875,143.4720001220703
2025-05-07 16:00:00+00:00,143.47300720214844,143.99899291992188,142.90199279785156,143.85899353027344
2025-05-08 00:00:00+00:00,143.86399841308594,144.51800537109375,143.44000244140625,144.32200622558594
2025-05-08 08:00:00+00:00,144.32200622558594,145.5919952392578,144.2570037841797,145.46200561523438
2025-05-08 16:00:00+00:00,145.46200561523438,146.177001953125,145.447998046875,145.94400024414062
2025-05-09 00:00:00+00:00,145.9499969482422,146.18699645996094,145.12899780273438,145.1719970703125
2025-05-09 08:00:00+00:00,145.16900634765625,145.4040069580078,144.82000732421875,145.14999389648438
2025-05-09 16:00:00+00:00,145.14999389648438,145.38099670410156,145.052001953125,145.322998046875
2025-05-10 00:00:00+00:00,,,,
2025-05-10 08:00:00+00:00,,,,
2025-05-10 16:00:00+00:00,,,,
2025-05-11 00:00:00+00:00,,,,
2025-05-11 08:00:00+00:00,,,,
2025-05-11 16:00:00+00:00,145.83799743652344,145.9199981689453,145.69400024414062,145.83799743652344
2025-05-12 00:00:00+00:00,145.83299255371094,147.99400329589844,145.71200561523438,147.9149932861328
2025-05-12 08:00:00+00:00,147.9149932861328,148.59100341796875,147.62100219726562,148.09300231933594
2025-05-12 16:00:00+00:00,148.0959930419922,148.6510009765625,148.04200744628906,148.25599670410156
2025-05-13 00:00:00+00:00,148.2550048828125,148.25900268554688,147.63999938964844,147.85699462890625
2025-05-13 08:00:00+00:00,147.84800720214844,148.27499389648438,147.6540069580078,147.7519989013672
2025-05-13 16:00:00+00:00,147.7519989013672,147.80099487304688,147.2989959716797,147.52000427246094
2025-05-14 00:00:00+00:00,147.52099609375,147.6699981689453,146.83399963378906,146.97799682617188
2025-05-14 08:00:00+00:00,146.97500610351562,146.98500061035156,145.6009979248047,146.5500030517578
2025-05-14 16:00:00+00:00,146.54600524902344,147.12100219726562,146.4219970703125,146.63499450683594
2025-05-15 00:00:00+00:00,146.63299560546875,146.7519989013672,145.47799682617188,145.88400268554688
2025-05-15 08:00:00+00:00,145.8820037841797,146.25399780273438,145.40899658203125,145.61599731445312
2025-05-15 16:00:00+00:00,145.61300659179688,145.76699829101562,145.42100524902344,145.57400512695312
2025-05-16 00:00:00+00:00,145.572998046875,145.6230010986328,144.91600036621094,145.23500061035156
2025-05-16 08:00:00+00:00,145.23699951171875,146.0780029296875,145.2220001220703,146.0260009765625
2025-05-16 16:00:00+00:00,146.0189971923828,146.10299682617188,145.51600646972656,145.6300048828125
2025-05-17 00:00:00+00:00,,,,
2025-05-17 08:00:00+00:00,,,,
2025-05-17 16:00:00+00:00,,,,
2025-05-18 00:00:00+00:00,,,,
2025-05-18 08:00:00+00:00,,,,
2025-05-18 16:00:00+00:00,145.156005859375,145.4459991455078,145.1219940185547,145.23199462890625
2025-05-19 00:00:00+00:00,145.23399353027344,145.34500122070312,144.656005859375,144.85000610351562
2025-05-19 08:00:00+00:00,144.8489990234375,145.21600341796875,144.6999969482422,144.99000549316406
2025-05-19 16:00:00+00:00,144.98800659179688,145.11199951171875,144.76800537109375,144.97900390625
2025-05-20 00:00:00+00:00,144.9739990234375,145.51400756835938,144.08799743652344,144.12399291992188
2025-05-20 08:00:00+00:00,144.12399291992188,144.9770050048828,144.12100219726562,144.71400451660156
2025-05-20 16:00:00+00:00,144.7209930419922,144.88499450683594,144.156005859375,144.31399536132812
2025-05-21 00:00:00+00:00,144.31300354003906,144.3509979248047,143.45599365234375,143.9010009765625
2025-05-21 08:00:00+00:00,143.90199279785156,144.19200134277344,143.46099853515625,143.68299865722656
2025-05-21 16:00:00+00:00,143.6840057373047,144.3979949951172,143.2779998779297,143.68800354003906
2025-05-22 00:00:00+00:00,143.69500732421875,143.72799682617188,143.0,143.0489959716797
2025-05-22 08:00:00+00:00,143.052001953125,144.04800415039062,142.79800415039062,143.8939971923828
2025-05-22 16:00:00+00:00,143.8939971923828,144.33099365234375,143.75799560546875,143.85400390625
2025-05-23 00:00:00+00:00,143.85400390625,144.01400756835938,143.22900390625,143.30799865722656
2025-05-23 08:00:00+00:00,143.30599975585938,143.43099975585938,142.4499969482422,142.61199951171875
2025-05-23 16:00:00+00:00,142.61000061035156,142.78599548339844,142.41799926757812,142.5500030517578
2025-05-24 00:00:00+00:00,,,,
2025-05-24 08:00:00+00:00,,,,
2025-05-24 16:00:00+00:00,,,,
2025-05-25 00:00:00+00:00,,,,
2025-05-25 08:00:00+00:00,,,,
2025-05-25 16:00:00+00:00,142.78500366210938,142.93499755859375,142.7480010986328,142.82699584960938
2025-05-26 00:00:00+00:00,142.8209991455078,142.91700744628906,142.2220001220703,142.89599609375
2025-05-26 08:00:00+00:00,142.89300537109375,143.03399658203125,142.74400329589844,142.84500122070312
2025-05-26 16:00:00+00:00,142.8419952392578,142.97000122070312,142.61199951171875,142.62899780273438
2025-05-27 00:00:00+00:00,142.6300048828125,143.86399841308594,142.11000061035156,143.74200439453125
2025-05-27 08:00:00+00:00,143.74000549316406,144.4600067138672,143.61500549316406,144.3769989013672
2025-05-27 16:00:00+00:00,144.3800048828125,144.43800354003906,144.1280059814453,144.13299560546875
2025-05-28 00:00:00+00:00,144.1320037841797,144.77200317382812,143.8470001220703,144.1439971923828
2025-05-28 08:00:00+00:00,144.14999389648438,145.07699584960938,143.99099731445312,145.04400634765625
2025-05-28 16:00:00+00:00,145.0399932861328,146.0260009765625,144.7239990234375,145.72000122070312
2025-05-29 00:00:00+00:00,145.71600341796875,146.2760009765625,145.19900512695312,145.25599670410156
2025-05-29 08:00:00+00:00,145.25799560546875,145.36000061035156,144.052001953125,144.0959930419922
2025-05-29 16:00:00+00:00,144.09300231933594,144.25599670410156,143.73699951171875,143.75599670410156
2025-05-30 00:00:00+00:00,143.7550048828125,144.1580047607422,143.42999267578125,144.02699279785156
2025-05-30 08:00:00+00:00,144.0229949951172,144.4429931640625,143.46600341796875,144.1840057373047
2025-05-30 16:00:00+00:00,144.18099975585938,144.18899536132812,143.78799438476562,144.01499938964844
2025-05-31 00:00:00+00:00,,,,
2025-05-31 08:00:00+00:00,,,,
2025-05-31 16:00:00+00:00,,,,
2025-06-01 00:00:00+00:00,,,,
2025-06-01 08:00:00+00:00,,,,
2025-06-01 16:00:00+00:00,143.83700561523438,143.86500549316406,143.718994140625,143.7899932861328
2025-06-02 00:00:00+00:00,143.79800415039062,143.7989959716797,142.82200622558594,142.9040069580078
2025-06-02 08:00:00+00:00,142.89999389648438,143.07200622558594,142.53500366210938,142.7729949951172
2025-06-02 16:00:00+00:00,142.77000427246094,143.00100708007812,142.3719940185547,142.4239959716797
2025-06-03 00:00:00+00:00,142.42599487304688,143.26100158691406,142.41799926757812,142.8249969482422
2025-06-03 08:00:00+00:00,142.82699584960938,143.99099731445312,142.6699981689453,143.94200134277344
2025-06-03 16:00:00+00:00,143.93899536132812,144.10899353027344,143.67999267578125,143.8179931640625
2025-06-04 00:00:00+00:00,143.8159942626953,144.39500427246094,143.66200256347656,144.08700561523438
2025-06-04 08:00:00+00:00,144.09300231933594,144.31399536132812,142.91099548339844,142.91700744628906
2025-06-04 16:00:00+00:00,142.91700744628906,142.92599487304688,142.52000427246094,142.7259979248047
2025-06-05 00:00:00+00:00,142.7209930419922,143.3939971923828,142.5679931640625,143.3459930419922
2025-06-05 08:00:00+00:00,143.3419952392578,143.9720001220703,142.77099609375,143.86500549316406
2025-06-05 16:00:00+00:00,143.86099243164062,143.9770050048828,143.34500122070312,143.5540008544922
2025-06-06 00:00:00+00:00,143.552001953125,144.13699340820312,143.5260009765625,143.906005859375
2025-06-06 08:00:00+00:00,143.90699768066406,145.08900451660156,143.87600708007812,144.87600708007812
2025-06-06 16:00:00+00:00,144.87899780273438,144.98199462890625,144.77000427246094,144.8159942626953
2025-06-07 00:00:00+00:00,,,,
2025-06-07 08:00:00+00:00,,,,
2025-06-07 16:00:00+00:00,,,,
2025-06-08 00:00:00+00:00,,,,
2025-06-08 08:00:00+00:00,,,,
2025-06-08 16:00:00+00:00,144.6909942626953,144.7469940185547,144.593994140625,144.6929931640625
2025-06-09 00:00:00+00:00,144.69000244140625,144.947998046875,144.09800720214844,144.14300537109375
2025-06-09 08:00:00+00:00,144.14300537109375,144.77200317382812,143.97000122070312,144.37100219726562
2025-06-09 16:00:00+00:00,144.36700439453125,144.6529998779297,144.36000061035156,144.56100463867188
2025-06-10 00:00:00+00:00,144.56300354003906,145.2899932861328,144.3939971923828,144.74000549316406
2025-06-10 08:00:00+00:00,144.74099731445312,144.947998046875,144.43800354003906,144.91400146484375
2025-06-10 16:00:00+00:00,144.91400146484375,145.16299438476562,144.7779998779297,144.84300231933594
2025-06-11 00:00:00+00:00,144.8419952392578,145.24600219726562,144.67799377441406,145.11599731445312
2025-06-11 08:00:00+00:00,145.11700439453125,145.46600341796875,144.3209991455078,144.48699951171875
2025-06-11 16:00:00+00:00,144.49000549316406,144.6929931640625,144.11000061035156,144.17999267578125
2025-06-12 00:00:00+00:00,144.177001953125,144.34500122070312,143.63099670410156,143.87399291992188
2025-06-12 08:00:00+00:00,143.8780059814453,143.94200134277344,143.17999267578125,143.64700317382812
2025-06-12 16:00:00+00:00,143.6439971923828,143.73800659179688,143.0709991455078,143.0919952392578
2025-06-13 00:00:00+00:00,143.08999633789062,143.8730010986328,142.7899932861328,143.7949981689453
2025-06-13 08:00:00+00:00,143.79400634765625,144.48399353027344,143.66200256347656,144.0469970703125
2025-06-13 16:00:00+00:00,144.04200744628906,144.1959991455078,143.8489990234375,144.072998046875
2025-06-14 00:00:00+00:00,,,,
2025-06-14 08:00:00+00:00,,,,
2025-06-14 16:00:00+00:00,,,,
2025-06-15 00:00:00+00:00,,,,
2025-06-15 08:00:00+00:00,,,,
2025-06-15 16:00:00+00:00,144.4709930419922,144.74899291992188,144.4199981689453,144.57000732421875
2025-06-16 00:00:00+00:00,144.56900024414062,144.60499572753906,143.96800231933594,144.17599487304688
2025-06-16 08:00:00+00:00,144.18099975585938,144.3509979248047,143.6490020751953,144.13400268554688
2025-06-16 16:00:00+00:00,144.1320037841797,144.87600708007812,144.08399963378906,144.6840057373047
2025-06-17 00:00:00+00:00,144.68099975585938,145.11199951171875,144.3979949951172,144.52699279785156
2025-06-17 08:00:00+00:00,144.5279998779297,145.29299926757812,144.36300659179688,145.03900146484375
2025-06-17 16:00:00+00:00,145.03900146484375,145.4340057373047,144.90199279785156,145.3820037841797
2025-06-18 00:00:00+00:00,145.40899658203125,145.42799377441406,144.84800720214844,144.9530029296875
2025-06-18 08:00:00+00:00,144.95700073242188,145.1280059814453,144.56399536132812,144.572998046875
2025-06-18 16:00:00+00:00,144.5760040283203,145.2239990234375,144.32000732421875,144.95399475097656
2025-06-19 00:00:00+00:00,144.95399475097656,145.4040069580078,144.73199462890625,145.38600158691406
2025-06-19 08:00:00+00:00,145.38299560546875,145.77000427246094,145.24400329589844,145.63400268554688
2025-06-19 16:00:00+00:00,145.63900756835938,145.73300170898438,145.1909942626953,145.22900390625
2025-06-20 00:00:00+00:00,145.23199462890625,145.48500061035156,145.11900329589844,145.41200256347656
2025-06-20 08:00:00+00:00,145.41200256347656,145.95799255371094,145.2480010986328,145.9250030517578
2025-06-20 16:00:00+00:00,145.92599487304688,146.21600341796875,145.7740020751953,146.07400512695312
2025-06-21 00:00:00+00:00,,,,
2025-06-21 08:00:00+00:00,,,,
2025-06-21 16:00:00+00:00,,,,
2025-06-22 00:00:00+00:00,,,,
2025-06-22 08:00:00+00:00,,,,
2025-06-22 16:00:00+00:00,146.36199951171875,146.4239959716797,146.2010040283203,146.21200561523438
2025-06-23 00:00:00+00:00,146.20799255371094,147.39599609375,146.13800048828125,147.33999633789062
2025-06-23 08:00:00+00:00,147.33799743652344,148.0290069580078,146.32899475097656,146.46800231933594
2025-06-23 16:00:00+00:00,146.46600341796875,146.5399932861328,145.6959991455078,145.9199981689453
2025-06-24 00:00:00+00:00,145.91900634765625,145.93699645996094,144.99200439453125,145.31100463867188
2025-06-24 08:00:00+00:00,145.31399536132812,145.33399963378906,144.50900268554688,144.90199279785156
2025-06-24 16:00:00+00:00,144.8979949951172,144.97300720214844,144.55799865722656,144.92799377441406
2025-06-25 00:00:00+00:00,144.92999267578125,145.3719940185547,144.60400390625,145.31100463867188
2025-06-25 08:00:00+00:00,145.3070068359375,145.9510040283203,145.2310028076172,145.58999633789062
2025-06-25 16:00:00+00:00,145.59100341796875,145.60299682617188,144.87100219726562,144.91299438476562
2025-06-26 00:00:00+00:00,144.91200256347656,144.96499633789062,143.92999267578125,144.06100463867188
2025-06-26 08:00:00+00:00,144.06100463867188,144.53700256347656,143.7469940185547,144.33799743652344
2025-06-26 16:00:00+00:00,144.33900451660156,144.7429962158203,144.052001953125,144.6790008544922
2025-06-27 00:00:00+00:00,144.67599487304688,144.80799865722656,144.1719970703125,144.48199462890625
2025-06-27 08:00:00+00:00,144.47900390625,144.94500732421875,144.25399780273438,144.73599243164062
2025-06-27 16:00:00+00:00,144.73500061035156,144.9040069580078,144.53599548339844,144.61500549316406
2025-06-28 00:00:00+00:00,,,,
2025-06-28 08:00:00+00:00,,,,
2025-06-28 16:00:00+00:00,,,,
2025-06-29 00:00:00+00:00,,,,
2025-06-29 08:00:00+00:00,,,,
2025-06-29 16:00:00+00:00,144.4739990234375,144.5399932861328,144.3780059814453,144.4980010986328
2025-06-30 00:00:00+00:00,144.49899291992188,144.76199340820312,143.7779998779297,144.12600708007812
2025-06-30 08:00:00+00:00,144.1219940185547,144.51100158691406,144.01199340820312,144.16299438476562
2025-06-30 16:00:00+00:00,144.16299438476562,144.38800048828125,143.77000427246094,143.802001953125
2025-07-01 00:00:00+00:00,143.8040008544922,143.9340057373047,143.06300354003906,143.06900024414062
2025-07-01 08:00:00+00:00,143.06500244140625,143.66799926757812,142.67599487304688,143.5760040283203
2025-07-01 16:00:00+00:00,143.57899475097656,143.802001953125,143.33299255371094,143.37100219726562
2025-07-02 00:00:00+00:00,143.36700439453125,144.0500030517578,143.31700134277344,143.8990020751953
2025-07-02 08:00:00+00:00,143.8979949951172,144.24400329589844,143.48199462890625,143.7570037841797
2025-07-02 16:00:00+00:00,143.7570037841797,143.80799865722656,143.47799682617188,143.52000427246094
2025-07-03 00:00:00+00:00,143.5189971923828,143.93099975585938,143.44200134277344,143.86000061035156
2025-07-03 08:00:00+00:00,143.85499572753906,145.23399353027344,143.72500610351562,144.96499633789062
2025-07-03 16:00:00+00:00,144.9669952392578,145.21200561523438,144.67999267578125,144.70700073242188
2025-07-04 00:00:00+00:00,144.70399475097656,144.79100036621094,144.17999267578125,144.4080047607422
2025-07-04 08:00:00+00:00,144.40499877929688,144.5679931640625,144.27099609375,144.5290069580078
2025-07-04 16:00:00+00:00,144.531005859375,144.58200073242188,144.42599487304688,144.4429931640625
2025-07-05 00:00:00+00:00,,,,
2025-07-05 08:00:00+00:00,,,,
2025-07-05 16:00:00+00:00,,,,
2025-07-06 00:00:00+00:00,,,,
2025-07-06 08:00:00+00:00,,,,
2025-07-06 16:00:00+00:00,144.48300170898438,144.58299255371094,144.45700073242188,144.48699951171875
2025-07-07 00:00:00+00:00,144.48699951171875,145.20199584960938,144.22000122070312,145.19200134277344
2025-07-07 08:00:00+00:00,145.197998046875,145.89300537109375,145.10800170898438,145.86500549316406
2025-07-07 16:00:00+00:00,145.86500549316406,146.24099731445312,145.73399353027344,145.8800048828125
2025-07-08 00:00:00+00:00,145.87899780273438,146.4429931640625,145.8280029296875,146.03799438476562
2025-07-08 08:00:00+00:00,146.0330047607422,146.9759979248047,146.02999877929688,146.81399536132812
2025-07-08 16:00:00+00:00,146.81300354003906,146.87600708007812,146.4969940185547,146.86900329589844
2025-07-09 00:00:00+00:00,146.8679962158203,147.1820068359375,146.67799377441406,146.84100341796875
2025-07-09 08:00:00+00:00,146.84100341796875,146.8699951171875,146.26699829101562,146.53199768066406
2025-07-09 16:00:00+00:00,146.531005859375,146.531005859375,146.0679931640625,146.10499572753906
2025-07-10 00:00:00+00:00,146.10499572753906,146.46400451660156,145.75,146.2779998779297
2025-07-10 08:00:00+00:00,146.281005859375,146.78700256347656,146.0800018310547,146.46099853515625
2025-07-10 16:00:00+00:00,146.45700073242188,146.50999450683594,146.12600708007812,146.27099609375
2025-07-11 00:00:00+00:00,146.2729949951172,147.1840057373047,146.23899841308594,146.8509979248047
2025-07-11 08:00:00+00:00,146.85299682617188,147.5229949951172,146.7480010986328,147.29200744628906
2025-07-11 16:00:00+00:00,147.29100036621094,147.47900390625,147.25,147.41099548339844
2025-07-12 00:00:00+00:00,,,,
2025-07-12 08:00:00+00:00,,,,
2025-07-12 16:00:00+00:00,,,,
2025-07-13 00:00:00+00:00,,,,
2025-07-13 08:00:00+00:00,,,,
2025-07-13 16:00:00+00:00,147.4969940185547,147.5679931640625,147.22999572753906,147.29600524902344
2025-07-14 00:00:00+00:00,147.2899932861328,147.48399353027344,146.8470001220703,147.36599731445312
2025-07-14 08:00:00+00:00,147.3719940185547,147.70199584960938,147.14700317382812,147.69000244140625
2025-07-14 16:00:00+00:00,147.6909942626953,147.88699340820312,147.656005859375,147.7830047607422
2025-07-15 00:00:00+00:00,147.77999877929688,147.822998046875,147.54800415039062,147.73399353027344
2025-07-15 08:00:00+00:00,147.7310028076172,149.0229949951172,147.6060028076172,148.75799560546875
2025-07-15 16:00:00+00:00,148.7530059814453,148.99600219726562,148.70799255371094,148.7740020751953
2025-07-16 00:00:00+00:00,148.781005859375,149.18600463867188,148.61399841308594,148.88600158691406
2025-07-16 08:00:00+00:00,148.8820037841797,148.9290008544922,146.9040069580078,148.1009979248047
2025-07-16 16:00:00+00:00,148.1060028076172,148.3780059814453,147.48300170898438,147.98800659179688
2025-07-17 00:00:00+00:00,147.99099731445312,148.80499267578125,147.97999572753906,148.7209930419922
2025-07-17 08:00:00+00:00,148.71600341796875,149.08700561523438,148.3769989013672,148.552001953125
2025-07-17 16:00:00+00:00,148.55299377441406,148.7530059814453,148.28500366210938,148.44500732421875
2025-07-18 00:00:00+00:00,148.4429931640625,148.88400268554688,148.32699584960938,148.77999877929688
2025-07-18 08:00:00+00:00,148.77699279785156,148.781005859375,148.17999267578125,148.5489959716797
2025-07-18 16:00:00+00:00,148.5540008544922,148.85299682617188,148.50799560546875,148.74899291992188
2025-07-19 00:00:00+00:00,,,,
2025-07-19 08:00:00+00:00,,,,
2025-07-19 16:00:00+00:00,,,,
2025-07-20 00:00:00+00:00,,,,
2025-07-20 08:00:00+00:00,,,,
2025-07-20 16:00:00+00:00,148.58700561523438,148.6649932861328,148.37100219726562,148.4530029296875
2025-07-21 00:00:00+00:00,148.4499969482422,148.5760040283203,147.77000427246094,148.10400390625
2025-07-21 08:00:00+00:00,148.10299682617188,148.13499450683594,147.25100708007812,147.2689971923828
2025-07-21 16:00:00+00:00,147.27000427246094,147.49600219726562,147.0780029296875,147.4010009765625
2025-07-22 00:00:00+00:00,147.39599609375,147.94700622558594,147.38800048828125,147.7050018310547
2025-07-22 08:00:00+00:00,147.70599365234375,147.76300048828125,146.32000732421875,146.36700439453125
2025-07-22 16:00:00+00:00,146.36399841308594,146.94500732421875,146.24200439453125,146.7570037841797
2025-07-23 00:00:00+00:00,146.76199340820312,147.21499633789062,146.19400024414062,146.7519989013672
2025-07-23 08:00:00+00:00,146.7480010986328,146.9040069580078,146.10400390625,146.54800415039062
2025-07-23 16:00:00+00:00,146.5500030517578,146.6230010986328,146.23800659179688,146.3470001220703
2025-07-24 00:00:00+00:00,146.3419952392578,146.49200439453125,145.85000610351562,146.41600036621094
2025-07-24 08:00:00+00:00,146.41900634765625,146.9459991455078,146.30799865722656,146.927001953125
2025-07-24 16:00:00+00:00,146.92300415039062,147.23300170898438,146.7480010986328,147.00100708007812
2025-07-25 00:00:00+00:00,147.0030059814453,147.4929962158203,146.80799865722656,147.38400268554688
2025-07-25 08:00:00+00:00,147.37899780273438,147.94000244140625,147.35400390625,147.7830047607422
2025-07-25 16:00:00+00:00,147.77699279785156,147.83599853515625,147.52499389648438,147.6219940185547
2025-07-26 00:00:00+00:00,,,,
2025-07-26 08:00:00+00:00,,,,
2025-07-26 16:00:00+00:00,,,,
2025-07-27 00:00:00+00:00,,,,
2025-07-27 08:00:00+00:00,,,,
2025-07-27 16:00:00+00:00,147.80999755859375,147.8769989013672,147.73599243164062,147.78500366210938
2025-07-28 00:00:00+00:00,147.78399658203125,148.33799743652344,147.51400756835938,148.29200744628906
2025-07-28 08:00:00+00:00,148.29200744628906,148.4949951171875,147.9340057373047,148.45599365234375
2025-07-28 16:00:00+00:00,148.45899963378906,148.63699340820312,148.38900756835938,148.45700073242188
2025-07-29 00:00:00+00:00,148.45199584960938,148.7519989013672,148.1529998779297,148.57699584960938
2025-07-29 08:00:00+00:00,148.57400512695312,148.80799865722656,148.35000610351562,148.5709991455078
2025-07-29 16:00:00+00:00,148.5749969482422,148.60299682617188,148.33299255371094,148.41799926757812
2025-07-30 00:00:00+00:00,148.4239959716797,148.44900512695312,147.79800415039062,148.0780029296875
2025-07-30 08:00:00+00:00,148.07899475097656,149.11399841308594,147.8520050048828,149.0760040283203
2025-07-30 16:00:00+00:00,149.072998046875,149.5540008544922,148.51800537109375,149.22000122070312
2025-07-31 00:00:00+00:00,149.22500610351562,149.7220001220703,148.58200073242188,149.39599609375
2025-07-31 08:00:00+00:00,149.39599609375,150.63400268554688,149.29299926757812,150.6009979248047
2025-07-31 16:00:00+00:00,150.6009979248047,150.8820037841797,150.55499267578125,150.80799865722656
2025-08-01 00:00:00+00:00,150.8070068359375,150.91900634765625,150.41000366210938,150.5330047607422
2025-08-01 08:00:00+00:00,150.53700256347656,150.6300048828125,147.47799682617188,148.05499267578125
2025-08-01 16:00:00+00:00,148.05599975585938,148.10899353027344,147.28799438476562,147.38099670410156
2025-08-02 00:00:00+00:00,,,,
2025-08-02 08:00:00+00:00,,,,
2025-08-02 16:00:00+00:00,,,,
2025-08-03 00:00:00+00:00,,,,
2025-08-03 08:00:00+00:00,,,,
2025-08-03 16:00:00+00:00,147.24200439453125,147.38499450683594,147.11199951171875,147.34500122070312
2025-08-04 00:00:00+00:00,147.34300231933594,148.0449981689453,147.26600646972656,147.8820037841797
2025-08-04 08:00:00+00:00,147.88099670410156,148.08799743652344,146.86000061035156,147.09300231933594
2025-08-04 16:00:00+00:00,147.0970001220703,147.2169952392578,146.69200134277344,146.79100036621094
2025-08-05 00:00:00+00:00,146.7899932861328,147.48699951171875,146.61599731445312,147.38299560546875
2025-08-05 08:00:00+00:00,147.38800048828125,147.8350067138672,147.30299377441406,147.49600219726562
2025-08-05 16:00:00+00:00,147.4949951171875,147.70399475097656,147.4239959716797,147.52699279785156
2025-08-06 00:00:00+00:00,147.52200317382812,147.74899291992188,147.302001953125,147.5590057373047
2025-08-06 08:00:00+00:00,147.56300354003906,147.88600158691406,147.20799255371094,147.25599670410156
2025-08-06 16:00:00+00:00,147.26199340820312,147.63400268554688,146.9720001220703,147.18899536132812
2025-08-07 00:00:00+00:00,147.19500732421875,147.71099853515625,146.68800354003906,146.8000030517578
2025-08-07 08:00:00+00:00,146.8040008544922,147.5850067138672,146.77699279785156,147.36099243164062
2025-08-07 16:00:00+00:00,147.36099243164062,147.5679931640625,146.7550048828125,146.8040008544922
2025-08-08 00:00:00+00:00,146.80099487304688,147.4510040283203,146.71600341796875,147.32400512695312
2025-08-08 08:00:00+00:00,147.32200622558594,147.9040069580078,147.156005859375,147.7050018310547
2025-08-08 16:00:00+00:00,147.70700073242188,147.83599853515625,147.6269989013672,147.71600341796875
2025-08-09 00:00:00+00:00,,,,
2025-08-09 08:00:00+00:00,,,,
2025-08-09 16:00:00+00:00,,,,
2025-08-10 00:00:00+00:00,,,,
2025-08-10 08:00:00+00:00,,,,
2025-08-10 16:00:00+00:00,147.7259979248047,147.77099609375,147.6199951171875,147.65199279785156
2025-08-11 00:00:00+00:00,147.6490020751953,147.74000549316406,147.35000610351562,147.38900756835938
2025-08-11 08:00:00+00:00,147.38699340820312,148.11300659179688,147.3470001220703,147.9969940185547
2025-08-11 16:00:00+00:00,147.9949951171875,148.2519989013672,147.9080047607422,148.15199279785156
2025-08-12 00:00:00+00:00,148.14599609375,148.44500732421875,148.1280059814453,148.26400756835938
2025-08-12 08:00:00+00:00,148.25999450683594,148.5189971923828,147.57400512695312,147.80499267578125
2025-08-12 16:00:00+00:00,147.80599975585938,147.87600708007812,147.65499877929688,147.77000427246094
2025-08-13 00:00:00+00:00,147.7689971923828,148.16900634765625,147.3979949951172,147.5240020751953
2025-08-13 08:00:00+00:00,147.52699279785156,147.5659942626953,147.08700561523438,147.24899291992188
2025-08-13 16:00:00+00:00,147.24600219726562,147.51300048828125,147.10800170898438,147.1230010986328
2025-08-14 00:00:00+00:00,147.1219940185547,147.1230010986328,146.2100067138672,146.54800415039062
2025-08-14 08:00:00+00:00,146.5469970703125,147.8040008544922,146.4199981689453,147.6909942626953
2025-08-14 16:00:00+00:00,147.69200134277344,147.96200561523438,147.65699768066406,147.6790008544922
2025-08-15 00:00:00+00:00,147.6820068359375,147.7270050048828,146.9759979248047,147.0050048828125
2025-08-15 08:00:00+00:00,147.0030059814453,147.27999877929688,146.73399353027344,147.00599670410156
2025-08-15 16:00:00+00:00,147.0,147.33200073242188,146.99899291992188,147.177001953125
2025-08-16 00:00:00+00:00,,,,
2025-08-16 08:00:00+00:00,,,,
2025-08-16 16:00:00+00:00,,,,
2025-08-17 00:00:00+00:00,,,,
2025-08-17 08:00:00+00:00,,,,
2025-08-17 16:00:00+00:00,147.1699981689453,147.38499450683594,147.16099548339844,147.23300170898438
2025-08-18 00:00:00+00:00,147.2259979248047,147.58399963378906,147.11300659179688,147.447998046875
2025-08-18 08:00:00+00:00,147.447998046875,147.98500061035156,147.24600219726562,147.75399780273438
2025-08-18 16:00:00+00:00,147.75399780273438,147.9810028076172,147.6540069580078,147.91600036621094
2025-08-19 00:00:00+00:00,147.91600036621094,148.11300659179688,147.52699279785156,147.69900512695312
2025-08-19 08:00:00+00:00,147.70399475097656,147.9029998779297,147.5469970703125,147.7259979248047
2025-08-19 16:00:00+00:00,147.7259979248047,147.75599670410156,147.43899536132812,147.73899841308594
2025-08-20 00:00:00+00:00,147.73300170898438,147.81700134277344,147.1320037841797,147.62100219726562
2025-08-20 08:00:00+00:00,147.6219940185547,147.64700317382812,146.86599731445312,147.19000244140625
2025-08-20 16:00:00+00:00,147.19000244140625,147.4929962158203,146.9929962158203,147.2969970703125
2025-08-21 00:00:00+00:00,147.29800415039062,147.63900756835938,147.24899291992188,147.58999633789062
2025-08-21 08:00:00+00:00,147.58999633789062,148.4029998779297,147.4739990234375,148.35299682617188
2025-08-21 16:00:00+00:00,148.3520050048828,148.45399475097656,148.1649932861328,148.38600158691406
2025-08-22 00:00:00+00:00,148.37899780273438,148.7779998779297,148.27499389648438,148.6009979248047
2025-08-22 08:00:00+00:00,148.60400390625,148.74000549316406,146.5679931640625,146.8179931640625
2025-08-22 16:00:00+00:00,146.82699584960938,147.00100708007812,146.57200622558594,146.91400146484375
2025-08-23 00:00:00+00:00,,,,
2025-08-23 08:00:00+00:00,,,,
2025-08-23 16:00:00+00:00,,,,
2025-08-24 00:00:00+00:00,,,,
2025-08-24 08:00:00+00:00,,,,
2025-08-24 16:00:00+00:00,147.06300354003906,147.30599975585938,147.03900146484375,147.26300048828125
2025-08-25 00:00:00+00:00,147.26199340820312,147.52699279785156,147.0919952392578,147.33099365234375
2025-08-25 08:00:00+00:00,147.33099365234375,147.67300415039062,147.21600341796875,147.6060028076172
2025-08-25 16:00:00+00:00,147.6060028076172,147.93699645996094,147.4949951171875,147.8090057373047
2025-08-26 00:00:00+00:00,147.80999755859375,147.9080047607422,146.9810028076172,147.69000244140625
2025-08-26 08:00:00+00:00,147.69000244140625,147.7209930419922,147.28900146484375,147.30999755859375
2025-08-26 16:00:00+00:00,147.31300354003906,147.54400634765625,147.093994140625,147.47000122070312
2025-08-27 00:00:00+00:00,147.4669952392578,147.968994140625,147.3979949951172,147.75100708007812
2025-08-27 08:00:00+00:00,147.75799560546875,148.18299865722656,147.68499755859375,147.74200439453125
2025-08-27 16:00:00+00:00,147.74200439453125,147.75399780273438,147.19500732421875,147.33700561523438
2025-08-28 00:00:00+00:00,147.3300018310547,147.48899841308594,146.9929962158203,147.16200256347656
2025-08-28 08:00:00+00:00,147.16200256347656,147.36900329589844,146.802001953125,146.99099731445312
2025-08-28 16:00:00+00:00,146.98800659179688,147.08200073242188,146.6540069580078,146.8300018310547
2025-08-29 00:00:00+00:00,146.8300018310547,147.197998046875,146.75399780273438,146.99600219726562
2025-08-29 08:00:00+00:00,146.99600219726562,147.41099548339844,146.76100158691406,146.89999389648438
2025-08-29 16:00:00+00:00,146.90699768066406,147.1219940185547,146.84800720214844,146.9929962158203
2025-08-30 00:00:00+00:00,,,,
2025-08-30 08:00:00+00:00,,,,
2025-08-30 16:00:00+00:00,,,,
2025-08-31 00:00:00+00:00,,,,
2025-08-31 08:00:00+00:00,,,,
2025-08-31 16:00:00+00:00,147.1199951171875,147.18899536132812,147.0760040283203,147.11199951171875
2025-09-01 00:00:00+00:00,147.1199951171875,147.3820037841797,146.77999877929688,147.06500244140625
2025-09-01 08:00:00+00:00,147.0679931640625,147.30599975585938,146.9340057373047,147.26400756835938
2025-09-01 16:00:00+00:00,147.26400756835938,147.31199645996094,147.0399932861328,147.08999633789062
2025-09-02 00:00:00+00:00,147.0850067138672,148.7429962158203,147.08200073242188,148.64999389648438
2025-09-02 08:00:00+00:00,148.656005859375,148.94500732421875,147.92999267578125,148.22500610351562
2025-09-02 16:00:00+00:00,148.22500610351562,148.58700561523438,148.1959991455078,148.57699584960938
2025-09-03 00:00:00+00:00,148.58099365234375,149.13699340820312,148.48399353027344,148.7310028076172
2025-09-03 08:00:00+00:00,148.73500061035156,148.79800415039062,147.9250030517578,147.96400451660156
2025-09-03 16:00:00+00:00,147.96499633789062,148.16000366210938,147.875,147.9720001220703
2025-09-04 00:00:00+00:00,147.9709930419922,148.41400146484375,147.78399658203125,148.36099243164062
2025-09-04 08:00:00+00:00,148.35899353027344,148.7779998779297,148.0019989013672,148.62600708007812
2025-09-04 16:00:00+00:00,148.625,148.74000549316406,148.2949981689453,148.38699340820312
2025-09-05 00:00:00+00:00,148.41600036621094,148.43800354003906,148.0760040283203,148.20799255371094
2025-09-05 08:00:00+00:00,148.21200561523438,148.25100708007812,146.81199645996094,146.83700561523438
2025-09-05 16:00:00+00:00,146.83900451660156,147.50599670410156,146.81700134277344,147.3939971923828
2025-09-06 00:00:00+00:00,,,,
2025-09-06 08:00:00+00:00,,,,
2025-09-06 16:00:00+00:00,,,,
2025-09-07 00:00:00+00:00,,,,
2025-09-07 08:00:00+00:00,,,,
2025-09-07 16:00:00+00:00,148.42799377441406,148.45199584960938,148.2030029296875,148.31700134277344
2025-09-08 00:00:00+00:00,148.31500244140625,148.57699584960938,147.50999450683594,147.52499389648438
2025-09-08 08:00:00+00:00,147.52499389648438,147.88099670410156,147.4600067138672,147.58299255371094
2025-09-08 16:00:00+00:00,147.58299255371094,147.77699279785156,147.20599365234375,147.3679962158203
2025-09-09 00:00:00+00:00,147.3679962158203,147.4320068359375,146.81199645996094,147.2010040283203
2025-09-09 08:00:00+00:00,147.2010040283203,147.3489990234375,146.3040008544922,147.2310028076172
2025-09-09 16:00:00+00:00,147.2310028076172,147.47000122070312,147.1739959716797,147.38900756835938
2025-09-10 00:00:00+00:00,147.38900756835938,147.58599853515625,147.26400756835938,147.4929962158203
2025-09-10 08:00:00+00:00,147.4929962158203,147.64700317382812,147.08399963378906,147.36199951171875
2025-09-10 16:00:00+00:00,147.36099243164062,147.4669952392578,147.24200439453125,147.3470001220703
2025-09-11 00:00:00+00:00,147.3489990234375,147.83200073242188,147.31500244140625,147.7729949951172
2025-09-11 08:00:00+00:00,147.7729949951172,148.17999267578125,146.98800659179688,147.16700744628906
2025-09-11 16:00:00+00:00,147.16200256347656,147.30599975585938,146.97999572753906,147.22300720214844
2025-09-12 00:00:00+00:00,147.22300720214844,147.5540008544922,147.15899658203125,147.45399475097656
2025-09-12 08:00:00+00:00,147.4499969482422,148.07200622558594,147.44700622558594,147.8520050048828
2025-09-12 16:00:00+00:00,147.8520050048828,147.875,147.45799255371094,147.64500427246094
2025-09-13 00:00:00+00:00,,,,
2025-09-13 08:00:00+00:00,,,,
2025-09-13 16:00:00+00:00,,,,
2025-09-14 00:00:00+00:00,,,,
2025-09-14 08:00:00+00:00,,,,
2025-09-14 16:00:00+00:00,147.70399475097656,147.7259979248047,147.6219940185547,147.6699981689453
2025-09-15 00:00:00+00:00,147.6699981689453,147.68899536132812,147.33399963378906,147.46299743652344
2025-09-15 08:00:00+00:00,147.46499633789062,147.48300170898438,147.2259979248047,147.26800537109375
2025-09-15 16:00:00+00:00,147.26800537109375,147.42999267578125,147.23599243164062,147.39500427246094
2025-09-16 00:00:00+00:00,147.3990020751953,147.53799438476562,146.68600463867188,146.88800048828125
2025-09-16 08:00:00+00:00,146.88900756835938,147.25599670410156,146.49400329589844,146.55299377441406
2025-09-16 16:00:00+00:00,146.55299377441406,146.56300354003906,146.2740020751953,146.41099548339844
2025-09-17 00:00:00+00:00,146.4080047607422,146.67999267578125,146.20700073242188,146.66299438476562
2025-09-17 08:00:00+00:00,146.66200256347656,146.6820068359375,146.1999969482422,146.36000061035156
2025-09-17 16:00:00+00:00,146.35699462890625,147.04800415039062,145.4759979248047,146.87600708007812
2025-09-18 00:00:00+00:00,146.87600708007812,147.53199768066406,146.84100341796875,147.11700439453125
2025-09-18 08:00:00+00:00,147.11099243164062,148.26699829101562,147.0959930419922,148.0189971923828
2025-09-18 16:00:00+00:00,148.01800537109375,148.04200744628906,147.8000030517578,147.95700073242188
2025-09-19 00:00:00+00:00,147.95899963378906,148.11300659179688,147.19200134277344,147.92599487304688
2025-09-19 08:00:00+00:00,147.9290008544922,148.2830047607422,147.7480010986328,147.83099365234375
2025-09-19 16:00:00+00:00,147.8300018310547,147.9949951171875,147.7899932861328,147.91200256347656
2025-09-20 00:00:00+00:00,,,,
2025-09-20 08:00:00+00:00,,,,
2025-09-20 16:00:00+00:00,,,,
2025-09-21 00:00:00+00:00,,,,
2025-09-21 08:00:00+00:00,,,,
2025-09-21 16:00:00+00:00,147.98599243164062,148.11000061035156,147.968994140625,148.10000610351562
2025-09-22 00:00:00+00:00,148.10000610351562,148.37600708007812,147.88400268554688,148.11000061035156
2025-09-22 08:00:00+00:00,148.11199951171875,148.1269989013672,147.7239990234375,147.83099365234375
2025-09-22 16:00:00+00:00,147.83099365234375,147.88699340820312,147.64999389648438,147.7270050048828
2025-09-23 00:00:00+00:00,147.7270050048828,147.86500549316406,147.5959930419922,147.72500610351562
2025-09-23 08:00:00+00:00,147.7239990234375,147.92599487304688,147.5030059814453,147.8350067138672
2025-09-23 16:00:00+00:00,147.83700561523438,147.927001953125,147.45599365234375,147.60000610351562
2025-09-24 00:00:00+00:00,147.5959930419922,148.1060028076172,147.51100158691406,148.03900146484375
2025-09-24 08:00:00+00:00,148.03799438476562,148.77999877929688,148.01100158691406,148.70700073242188
2025-09-24 16:00:00+00:00,148.71200561523438,148.9149932861328,148.6719970703125,148.7779998779297
2025-09-25 00:00:00+00:00,148.7779998779297,148.86099243164062,148.5540008544922,148.82200622558594
2025-09-25 08:00:00+00:00,148.81500244140625,149.84300231933594,148.6580047607422,149.7830047607422
2025-09-25 16:00:00+00:00,149.78500366210938,149.95599365234375,149.70399475097656,149.8679962158203
2025-09-26 00:00:00+00:00,149.8679962158203,149.94500732421875,149.61099243164062,149.8459930419922
2025-09-26 08:00:00+00:00,149.8419952392578,149.9510040283203,149.4199981689453,149.5189971923828
2025-09-26 16:00:00+00:00,149.5189971923828,149.59500122070312,149.39999389648438,149.5050048828125
2025-09-27 00:00:00+00:00,,,,
2025-09-27 08:00:00+00:00,,,,
2025-09-27 16:00:00+00:00,,,,
2025-09-28 00:00:00+00:00,,,,
2025-09-28 08:00:00+00:00,,,,
2025-09-28 16:00:00+00:00,149.46400451660156,149.4739990234375,149.33299255371094,149.41000366210938
2025-09-29 00:00:00+00:00,149.4080047607422,149.42100524902344,148.51699829101562,148.57000732421875
2025-09-29 08:00:00+00:00,148.572998046875,148.81199645996094,148.4669952392578,148.5679931640625
2025-09-29 16:00:00+00:00,148.56300354003906,148.6959991455078,148.4949951171875,148.61300659179688
2025-09-30 00:00:00+00:00,148.61399841308594,148.84500122070312,147.93499755859375,148.0469970703125
2025-09-30 08:00:00+00:00,148.0449981689453,148.09800720214844,147.64700317382812,147.9669952392578
2025-09-30 16:00:00+00:00,147.96200561523438,148.0279998779297,147.64500427246094,148.02099609375
2025-10-01 00:00:00+00:00,148.01600646972656,148.2259979248047,147.01300048828125,147.1230010986328
2025-10-01 08:00:00+00:00,147.11900329589844,147.26600646972656,146.5800018310547,147.14999389648438
2025-10-01 16:00:00+00:00,147.14100646972656,147.25399780273438,146.9929962158203,147.10400390625
2025-10-02 00:00:00+00:00,147.10800170898438,147.3800048828125,146.88499450683594,147.07699584960938
2025-10-02 08:00:00+00:00,147.0760040283203,147.51400756835938,146.593994140625,147.343994140625
2025-10-02 16:00:00+00:00,147.3459930419922,147.36599731445312,147.08799743652344,147.1510009765625
2025-10-03 00:00:00+00:00,147.14999389648438,147.81500244140625,147.1490020751953,147.41099548339844
2025-10-03 08:00:00+00:00,147.40699768066406,147.51800537109375,147.01800537109375,147.33200073242188
2025-10-03 16:00:00+00:00,147.33700561523438,147.54400634765625,147.3209991455078,147.3990020751953
2025-10-04 00:00:00+00:00,,,,
2025-10-04 08:00:00+00:00,,,,
2025-10-04 16:00:00+00:00,,,,
2025-10-05 00:00:00+00:00,,,,
2025-10-05 08:00:00+00:00,,,,
2025-10-05 16:00:00+00:00,149.32400512695312,149.65699768066406,149.22000122070312,149.57699584960938
2025-10-06 00:00:00+00:00,149.5780029296875,150.43600463867188,149.4459991455078,150.02499389648438
2025-10-06 08:00:00+00:00,150.0290069580078,150.4759979248047,149.74600219726562,150.02000427246094
2025-10-06 16:00:00+00:00,150.0240020751953,150.39700317382812,149.94900512695312,150.36000061035156
2025-10-07 00:00:00+00:00,150.35899353027344,150.71099853515625,150.2429962158203,150.61900329589844
2025-10-07 08:00:00+00:00,150.6219940185547,151.2050018310547,150.52000427246094,151.1750030517578
2025-10-07 16:00:00+00:00,151.1719970703125,152.09300231933594,151.09500122070312,152.05499267578125
2025-10-08 00:00:00+00:00,152.052001953125,152.64700317382812,152.052001953125,152.53900146484375
2025-10-08 08:00:00+00:00,152.53900146484375,152.9980010986328,152.36900329589844,152.7270050048828
2025-10-08 16:00:00+00:00,152.72300720214844,152.94500732421875,152.45799255371094,152.70899963378906
2025-10-09 00:00:00+00:00,152.70799255371094,153.2169952392578,152.39999389648438,153.06399536132812
2025-10-09 08:00:00+00:00,153.0679931640625,153.23199462890625,152.0959930419922,153.05099487304688
2025-10-09 16:00:00+00:00,153.0449981689453,153.27499389648438,152.9029998779297,153.02000427246094
2025-10-10 00:00:00+00:00,153.0229949951172,153.1649932861328,152.3769989013672,152.84300231933594
2025-10-10 08:00:00+00:00,152.8470001220703,152.93699645996094,151.5,151.94200134277344
2025-10-10 16:00:00+00:00,151.93699645996094,152.18699645996094,151.11900329589844,151.11900329589844
2025-10-11 00:00:00+00:00,,,,
2025-10-11 08:00:00+00:00,,,,
2025-10-11 16:00:00+00:00,,,,
2025-10-12 00:00:00+00:00,,,,
2025-10-12 08:00:00+00:00,,,,
2025-10-12 16:00:00+00:00,151.92599487304688,152.0850067138672,151.73199462890625,152.06399536132812
2025-10-13 00:00:00+00:00,152.06100463867188,152.37600708007812,151.71200561523438,152.2949981689453
2025-10-13 08:00:00+00:00,152.29600524902344,152.447998046875,151.97300720214844,152.25999450683594
2025-10-13 16:00:00+00:00,152.25399780273438,152.4600067138672,152.156005859375,152.4510040283203
2025-10-14 00:00:00+00:00,152.4510040283203,152.61300659179688,151.66799926757812,151.95599365234375
2025-10-14 08:00:00+00:00,151.95599365234375,152.16400146484375,151.73599243164062,151.7760009765625
2025-10-14 16:00:00+00:00,151.7740020751953,151.91700744628906,151.59800720214844,151.70199584960938
2025-10-15 00:00:00+00:00,151.6999969482422,151.83200073242188,150.8939971923828,151.24600219726562
2025-10-15 08:00:00+00:00,151.24600219726562,151.73699951171875,151.03199768066406,151.21200561523438
2025-10-15 16:00:00+00:00,151.2169952392578,151.39100646972656,150.74200439453125,150.98300170898438
2025-10-16 00:00:00+00:00,150.98300170898438,151.3820037841797,150.5070037841797,151.23399353027344
2025-10-16 08:00:00+00:00,151.24000549316406,151.39700317382812,150.71499633789062,150.75399780273438
2025-10-16 16:00:00+00:00,150.75100708007812,150.79299926757812,150.04600524902344,150.1490020751953
2025-10-17 00:00:00+00:00,150.1479949951172,150.38900756835938,149.3699951171875,149.70199584960938
2025-10-17 08:00:00+00:00,149.697998046875,150.5919952392578,149.57899475097656,150.3249969482422
2025-10-17 16:00:00+00:00,150.343994140625,150.63999938964844,150.32400512695312,150.58399963378906
2025-10-18 00:00:00+00:00,,,,
2025-10-18 08:00:00+00:00,,,,
2025-10-18 16:00:00+00:00,,,,
2025-10-19 00:00:00+00:00,,,,
2025-10-19 08:00:00+00:00,,,,
2025-10-19 16:00:00+00:00,150.822998046875,150.96499633789062,150.79800415039062,150.91700744628906
2025-10-20 00:00:00+00:00,150.91299438476562,151.1999969482422,150.48699951171875,150.74000549316406
2025-10-20 08:00:00+00:00,150.73699951171875,150.8560028076172,150.26600646972656,150.58900451660156
2025-10-20 16:00:00+00:00,150.58399963378906,150.82699584960938,150.5229949951172,150.8179931640625
2025-10-21 00:00:00+00:00,150.8070068359375,151.60699462890625,150.46299743652344,151.1510009765625
2025-10-21 08:00:00+00:00,151.14999389648438,152.1739959716797,151.06199645996094,151.7220001220703
2025-10-21 16:00:00+00:00,151.72300720214844,151.9720001220703,151.64599609375,151.8730010986328
2025-10-22 00:00:00+00:00,151.8730010986328,151.94900512695312,151.48399353027344,151.82200622558594
2025-10-22 08:00:00+00:00,151.82200622558594,152.0449981689453,151.625,151.79200744628906
2025-10-22 16:00:00+00:00,151.78199768066406,152.01100158691406,151.4969940185547,151.9810028076172
2025-10-23 00:00:00+00:00,151.9759979248047,152.6479949951172,151.96099853515625,152.49600219726562
2025-10-23 08:00:00+00:00,152.4929962158203,152.79200744628906,152.447998046875,152.7259979248047
2025-10-23 16:00:00+00:00,152.7220001220703,152.7969970703125,152.48800659179688,152.59800720214844
2025-10-24 00:00:00+00:00,152.6060028076172,153.06199645996094,152.46499633789062,152.82699584960938
2025-10-24 08:00:00+00:00,152.82699584960938,153.0189971923828,152.2169952392578,152.8209991455078
2025-10-24 16:00:00+00:00,152.81700134277344,152.89599609375,152.74400329589844,152.80999755859375
2025-10-25 00:00:00+00:00,,,,
2025-10-25 08:00:00+00:00,,,,
2025-10-25 16:00:00+00:00,,,,
2025-10-26 00:00:00+00:00,,,,
2025-10-26 08:00:00+00:00,,,,
2025-10-26 16:00:00+00:00,,,,
2025-10-27 00:00:00+00:00,153.06100463867188,153.2550048828125,152.64100646972656,153.01400756835938
2025-10-27 08:00:00+00:00,153.00799560546875,153.1959991455078,152.5590057373047,153.08399963378906
2025-10-27 16:00:00+00:00,153.0850067138672,153.093994140625,152.62600708007812,152.70399475097656
2025-10-28 00:00:00+00:00,152.69200134277344,152.73599243164062,151.7530059814453,152.14199829101562
2025-10-28 08:00:00+00:00,152.13800048828125,152.37100219726562,151.82000732421875,152.13600158691406
2025-10-28 16:00:00+00:00,152.13600158691406,152.30599975585938,151.78199768066406,151.8280029296875
2025-10-29 00:00:00+00:00,151.73599243164062,152.54299926757812,151.52999877929688,152.0540008544922
2025-10-29 08:00:00+00:00,152.05999755859375,152.468994140625,151.85899353027344,151.91200256347656
2025-10-29 16:00:00+00:00,151.90699768066406,153.05999755859375,151.89199829101562,152.72500610351562
2025-10-30 00:00:00+00:00,152.718994140625,153.54600524902344,152.15499877929688,153.4010009765625
2025-10-30 08:00:00+00:00,153.3979949951172,154.44400024414062,153.3979949951172,154.1699981689453
2025-10-30 16:00:00+00:00,154.16799926757812,154.22900390625,153.83099365234375,153.90499877929688
2025-10-31 00:00:00+00:00,153.89999389648438,154.39500427246094,153.64500427246094,154.30499267578125
2025-10-31 08:00:00+00:00,154.3040008544922,154.41299438476562,153.87899780273438,154.0399932861328
2025-10-31 16:00:00+00:00,154.03500366210938,154.17599487304688,153.92799377441406,153.94000244140625
2025-11-01 00:00:00+00:00,,,,
2025-11-01 08:00:00+00:00,,,,
2025-11-01 16:00:00+00:00,,,,
2025-11-02 00:00:00+00:00,,,,
2025-11-02 08:00:00+00:00,,,,
2025-11-02 16:00:00+00:00,,,,
2025-11-03 00:00:00+00:00,154.19900512695312,154.28399658203125,153.98399353027344,154.10499572753906
2025-11-03 08:00:00+00:00,154.10699462890625,154.29600524902344,153.88400268554688,154.093994140625
2025-11-03 16:00:00+00:00,154.0970001220703,154.2519989013672,154.05499267578125,154.1959991455078
2025-11-04 00:00:00+00:00,154.20399475097656,154.48199462890625,153.32699584960938,153.5749969482422
2025-11-04 08:00:00+00:00,153.5780029296875,153.7550048828125,153.31100463867188,153.37899780273438
2025-11-04 16:00:00+00:00,153.38099670410156,153.6929931640625,153.33399963378906,153.5800018310547
2025-11-05 00:00:00+00:00,153.54400634765625,153.7469940185547,152.9550018310547,153.5540008544922
2025-11-05 08:00:00+00:00,153.5590057373047,154.31100463867188,153.41200256347656,154.3000030517578
2025-11-05 16:00:00+00:00,154.30099487304688,154.3560028076172,153.97300720214844,154.0760040283203
2025-11-06 00:00:00+00:00,154.08200073242188,154.13999938964844,153.7689971923828,153.86300659179688
2025-11-06 08:00:00+00:00,153.86199951171875,153.87100219726562,153.03900146484375,153.04400634765625
2025-11-06 16:00:00+00:00,153.04400634765625,153.16799926757812,152.81399536132812,152.96299743652344
2025-11-07 00:00:00+00:00,152.9499969482422,153.53900146484375,152.85299682617188,153.38800048828125
2025-11-07 08:00:00+00:00,153.38699340820312,153.52200317382812,153.00399780273438,153.13499450683594
2025-11-07 16:00:00+00:00,153.13400268554688,153.59500122070312,153.00900268554688,153.3780059814453
2025-11-08 00:00:00+00:00,,,,
2025-11-08 08:00:00+00:00,,,,
2025-11-08 16:00:00+00:00,,,,
2025-11-09 00:00:00+00:00,,,,
2025-11-09 08:00:00+00:00,,,,
2025-11-09 16:00:00+00:00,,,,
2025-11-10 00:00:00+00:00,153.82400512695312,154.15199279785156,153.4010009765625,154.0399932861328
2025-11-10 08:00:00+00:00,154.04200744628906,154.24899291992188,153.94400024414062,154.0240020751953
2025-11-10 16:00:00+00:00,154.0260009765625,154.1699981689453,153.88499450683594,154.13800048828125
2025-11-11 00:00:00+00:00,154.14599609375,154.4949951171875,154.08200073242188,154.18899536132812
2025-11-11 08:00:00+00:00,154.19000244140625,154.4409942626953,153.66000366210938,153.9669952392578
2025-11-11 16:00:00+00:00,153.968994140625,154.17599487304688,153.94000244140625,154.0800018310547
2025-11-12 00:00:00+00:00,154.0780029296875,154.7899932861328,154.04200744628906,154.61500549316406
2025-11-12 08:00:00+00:00,154.61599731445312,155.04600524902344,154.61199951171875,154.73399353027344
2025-11-12 16:00:00+00:00,154.73699951171875,154.86900329589844,154.49099731445312,154.71299743652344
2025-11-13 00:00:00+00:00,154.7010040283203,155.01499938964844,154.61599731445312,154.7100067138672
2025-11-13 08:00:00+00:00,154.7100067138672,154.7740020751953,154.1219940185547,154.19400024414062
2025-11-13 16:00:00+00:00,154.1929931640625,154.68600463867188,154.1540069580078,154.63499450683594
2025-11-14 00:00:00+00:00,154.6300048828125,154.7449951171875,154.3040008544922,154.6739959716797
2025-11-14 08:00:00+00:00,154.67599487304688,154.76300048828125,153.61099243164062,154.4219970703125
2025-11-14 16:00:00+00:00,154.4219970703125,154.7429962158203,154.3459930419922,154.4929962158203
2025-11-15 00:00:00+00:00,,,,
2025-11-15 08:00:00+00:00,,,,
2025-11-15 16:00:00+00:00,,,,
2025-11-16 00:00:00+00:00,,,,
2025-11-16 08:00:00+00:00,,,,
2025-11-16 16:00:00+00:00,,,,
2025-11-17 00:00:00+00:00,154.5919952392578,154.81300354003906,154.41000366210938,154.68800354003906
2025-11-17 08:00:00+00:00,154.69200134277344,155.3040008544922,154.6199951171875,155.19400024414062
2025-11-17 16:00:00+00:00,155.1929931640625,155.28700256347656,155.052001953125,155.26600646972656
2025-11-18 00:00:00+00:00,155.2729949951172,155.37899780273438,154.8090057373047,154.99000549316406
2025-11-18 08:00:00+00:00,154.99000549316406,155.4409942626953,154.90499877929688,155.2729949951172
2025-11-18 16:00:00+00:00,155.2740020751953,155.73399353027344,155.2530059814453,155.5399932861328
2025-11-19 00:00:00+00:00,155.5240020751953,155.57899475097656,155.20599365234375,155.51600646972656
2025-11-19 08:00:00+00:00,155.51100158691406,156.718994140625,155.4739990234375,156.50100708007812
2025-11-19 16:00:00+00:00,156.49899291992188,157.18499755859375,156.45799255371094,156.97900390625
2025-11-20 00:00:00+00:00,156.99000549316406,157.78199768066406,156.8730010986328,157.4550018310547
2025-11-20 08:00:00+00:00,157.4499969482422,157.89199829101562,157.10400390625,157.6739959716797
2025-11-20 16:00:00+00:00,157.6739959716797,157.69700622558594,157.1840057373047,157.3820037841797
2025-11-21 00:00:00+00:00,157.3800048828125,157.54100036621094,156.60699462890625,156.73599243164062
2025-11-21 08:00:00+00:00,156.73300170898438,156.97000122070312,156.19200134277344,156.531005859375
2025-11-21 16:00:00+00:00,156.5330047607422,156.75900268554688,156.2570037841797,156.3780059814453
2025-11-22 00:00:00+00:00,,,,
2025-11-22 08:00:00+00:00,,,,
2025-11-22 16:00:00+00:00,,,,
2025-11-23 00:00:00+00:00,,,,
2025-11-23 08:00:00+00:00,,,,
2025-11-23 16:00:00+00:00,,,,
2025-11-24 00:00:00+00:00,156.67799377441406,156.8939971923828,156.4949951171875,156.8350067138672
2025-11-24 08:00:00+00:00,156.84300231933594,157.1929931640625,156.64300537109375,156.79100036621094
2025-11-24 16:00:00+00:00,156.79200744628906,156.98399353027344,156.7050018310547,156.91799926757812
2025-11-25 00:00:00+00:00,156.9010009765625,156.98899841308594,156.51800537109375,156.61900329589844
2025-11-25 08:00:00+00:00,156.61099243164062,156.70199584960938,155.88800048828125,156.1479949951172
2025-11-25 16:00:00+00:00,156.1479949951172,156.33399963378906,155.7969970703125,156.18600463867188
2025-11-26 00:00:00+00:00,156.19200134277344,156.46200561523438,155.64500427246094,156.3780059814453
2025-11-26 08:00:00+00:00,156.38699340820312,156.74099731445312,156.31199645996094,156.41299438476562
2025-11-26 16:00:00+00:00,156.41099548339844,156.51600646972656,156.21299743652344,156.22300720214844
2025-11-27 00:00:00+00:00,156.21600341796875,156.30499267578125,155.71600341796875,156.11599731445312
2025-11-27 08:00:00+00:00,156.10499572753906,156.40899658203125,156.0749969482422,156.3000030517578
2025-11-27 16:00:00+00:00,156.30099487304688,156.3699951171875,156.1929931640625,156.29400634765625
2025-11-28 00:00:00+00:00,156.28399658203125,156.58200073242188,156.08799743652344,156.29299926757812
2025-11-28 08:00:00+00:00,156.2969970703125,156.39300537109375,155.9759979248047,156.03399658203125
2025-11-28 16:00:00+00:00,156.02699279785156,156.26699829101562,155.98800659179688,156.13699340820312
2025-11-29 00:00:00+00:00,,,,
2025-11-29 08:00:00+00:00,,,,
2025-11-29 16:00:00+00:00,,,,
2025-11-30 00:00:00+00:00,,,,
2025-11-30 08:00:00+00:00,,,,
2025-11-30 16:00:00+00:00,,,,
2025-12-01 00:00:00+00:00,155.9010009765625,155.99200439453125,155.2989959716797,155.36099243164062
2025-12-01 08:00:00+00:00,155.36099243164062,155.56199645996094,154.65899658203125,155.0970001220703
2025-12-01 16:00:00+00:00,155.09100341796875,155.57200622558594,155.09100341796875,155.54800415039062
2025-12-02 00:00:00+00:00,155.55599975585938,155.83599853515625,155.4550018310547,155.76100158691406
2025-12-02 08:00:00+00:00,155.76100158691406,156.18899536132812,155.76100158691406,155.8820037841797
2025-12-02 16:00:00+00:00,155.8679962158203,156.0970001220703,155.7480010986328,155.79800415039062
2025-12-03 00:00:00+00:00,155.7570037841797,155.81199645996094,155.50399780273438,155.68499755859375
2025-12-03 08:00:00+00:00,155.6790008544922,155.7570037841797,155.1929931640625,155.21099853515625
2025-12-03 16:00:00+00:00,155.21200561523438,155.31700134277344,155.0050048828125,155.11099243164062
2025-12-04 00:00:00+00:00,155.1060028076172,155.54200744628906,155.01499938964844,155.23500061035156
2025-12-04 08:00:00+00:00,155.23500061035156,155.25,154.5019989013672,154.63099670410156
2025-12-04 16:00:00+00:00,154.63400268554688,155.16200256347656,154.6280059814453,155.14300537109375
2025-12-05 00:00:00+00:00,155.125,155.23199462890625,154.33799743652344,154.62399291992188
2025-12-05 08:00:00+00:00,154.625,155.35499572753906,154.6009979248047,155.25399780273438
2025-12-05 16:00:00+00:00,155.2469940185547,155.49400329589844,155.20199584960938,155.2989959716797
2025-12-06 00:00:00+00:00,,,,
2025-12-06 08:00:00+00:00,,,,
2025-12-06 16:00:00+00:00,,,,
2025-12-07 00:00:00+00:00,,,,
2025-12-07 08:00:00+00:00,,,,
2025-12-07 16:00:00+00:00,,,,
2025-12-08 00:00:00+00:00,155.31300354003906,155.35400390625,154.8939971923828,155.34800720214844
2025-12-08 08:00:00+00:00,155.3459930419922,155.98699951171875,155.25599670410156,155.85899353027344
2025-12-08 16:00:00+00:00,155.85299682617188,155.97900390625,155.697998046875,155.8489990234375
2025-12-09 00:00:00+00:00,155.84100341796875,156.197998046875,155.73599243164062,156.1909942626953
2025-12-09 08:00:00+00:00,156.1909942626953,156.9149932861328,155.9709930419922,156.86900329589844
2025-12-09 16:00:00+00:00,156.86199951171875,156.9550018310547,156.75,156.8350067138672
2025-12-10 00:00:00+00:00,156.7989959716797,156.93899536132812,156.55299377441406,156.64500427246094
2025-12-10 08:00:00+00:00,156.64500427246094,156.88999938964844,156.34800720214844,156.47300720214844
2025-12-10 16:00:00+00:00,156.47300720214844,156.67799377441406,155.6219940185547,155.75900268554688
2025-12-11 00:00:00+00:00,155.74899291992188,156.1649932861328,155.48300170898438,156.02699279785156
2025-12-11 08:00:00+00:00,156.0240020751953,156.07000732421875,154.94000244140625,155.16400146484375
2025-12-11 16:00:00+00:00,155.1699981689453,155.67300415039062,155.0760040283203,155.52200317382812
2025-12-12 00:00:00+00:00,155.4980010986328,155.82699584960938,155.4510040283203,155.6439971923828
2025-12-12 08:00:00+00:00,155.64300537109375,156.12899780273438,155.6179962158203,155.87899780273438
2025-12-12 16:00:00+00:00,155.87899780273438,155.93899536132812,155.6719970703125,155.74600219726562
2025-12-13 00:00:00+00:00,,,,
2025-12-13 08:00:00+00:00,,,,
2025-12-13 16:00:00+00:00,,,,
2025-12-14 00:00:00+00:00,,,,
2025-12-14 08:00:00+00:00,,,,
2025-12-14 16:00:00+00:00,,,,
2025-12-15 00:00:00+00:00,155.85899353027344,155.98599243164062,154.94200134277344,155.25799560546875
2025-12-15 08:00:00+00:00,155.25999450683594,155.28700256347656,154.8300018310547,155.14999389648438
2025-12-15 16:00:00+00:00,155.15699768066406,155.3990020751953,154.97300720214844,155.0050048828125
2025-12-16 00:00:00+00:00,155.03399658203125,155.125,154.67599487304688,154.88400268554688
2025-12-16 08:00:00+00:00,154.87899780273438,154.99899291992188,154.38600158691406,154.7729949951172
2025-12-16 16:00:00+00:00,154.77000427246094,154.93099975585938,154.56199645996094,154.78199768066406
2025-12-17 00:00:00+00:00,154.77099609375,155.56900024414062,154.50799560546875,155.49899291992188
2025-12-17 08:00:00+00:00,155.50100708007812,155.63800048828125,155.3459930419922,155.39700317382812
2025-12-17 16:00:00+00:00,155.3979949951172,155.74899291992188,155.3780059814453,155.49400329589844
2025-12-18 00:00:00+00:00,155.48899841308594,155.95399475097656,155.41700744628906,155.9250030517578
2025-12-18 08:00:00+00:00,155.91900634765625,155.9770050048828,155.27699279785156,155.52499389648438
2025-12-18 16:00:00+00:00,155.5229949951172,155.7100067138672,155.3560028076172,155.58700561523438
2025-12-19 00:00:00+00:00,155.5760040283203,156.74200439453125,155.55099487304688,156.73199462890625
2025-12-19 08:00:00+00:00,156.7259979248047,157.4980010986328,156.71499633789062,157.4720001220703
2025-12-19 16:00:00+00:00,157.4669952392578,157.7779998779297,157.39500427246094,157.75
2025-12-20 00:00:00+00:00,,,,
2025-12-20 08:00:00+00:00,,,,
2025-12-20 16:00:00+00:00,,,,
2025-12-21 00:00:00+00:00,,,,
2025-12-21 08:00:00+00:00,,,,
2025-12-21 16:00:00+00:00,,,,
2025-12-22 00:00:00+00:00,157.60899353027344,157.66200256347656,157.2239990234375,157.48899841308594
2025-12-22 08:00:00+00:00,157.48399353027344,157.57200622558594,156.85000610351562,156.97000122070312
2025-12-22 16:00:00+00:00,156.968994140625,157.06199645996094,156.6999969482422,156.87600708007812
2025-12-23 00:00:00+00:00,156.91700744628906,156.927001953125,155.90499877929688,156.07000732421875
2025-12-23 08:00:00+00:00,156.06900024414062,156.54600524902344,155.64100646972656,156.38999938964844
2025-12-23 16:00:00+00:00,156.38800048828125,156.43499755859375,156.08200073242188,156.16700744628906
2025-12-24 00:00:00+00:00,156.1699981689453,156.2830047607422,155.55099487304688,155.82200622558594
2025-12-24 08:00:00+00:00,155.8260040283203,156.0709991455078,155.67100524902344,155.81300354003906
2025-12-24 16:00:00+00:00,155.80999755859375,156.0229949951172,155.71800231933594,155.89700317382812
2025-12-25 00:00:00+00:00,155.85899353027344,156.07000732421875,155.57699584960938,156.0469970703125
2025-12-25 08:00:00+00:00,155.99899291992188,156.1199951171875,155.79100036621094,155.99899291992188
2025-12-25 16:00:00+00:00,155.7310028076172,156.13099670410156,155.58900451660156,156.09300231933594
2025-12-26 00:00:00+00:00,156.1060028076172,156.48800659179688,155.97799682617188,156.36399841308594
2025-12-26 08:00:00+00:00,156.375,156.53900146484375,156.218994140625,156.42300415039062
2025-12-26 16:00:00+00:00,156.4250030517578,156.72999572753906,156.35899353027344,156.55799865722656
2025-12-27 00:00:00+00:00,,,,
2025-12-27 08:00:00+00:00,,,,
2025-12-27 16:00:00+00:00,,,,
2025-12-28 00:00:00+00:00,,,,
2025-12-28 08:00:00+00:00,,,,
2025-12-28 16:00:00+00:00,,,,
2025-12-29 00:00:00+00:00,156.48399353027344,156.51100158691406,156.04299926757812,156.0749969482422
2025-12-29 08:00:00+00:00,156.0800018310547,156.42300415039062,155.91000366210938,155.93600463867188
2025-12-29 16:00:00+00:00,155.93600463867188,156.25,155.92300415039062,156.01199340820312
2025-12-30 00:00:00+00:00,155.99099731445312,156.33999633789062,155.91200256347656,155.9770050048828
2025-12-30 08:00:00+00:00,155.97500610351562,156.5679931640625,155.73599243164062,156.32000732421875
2025-12-30 16:00:00+00:00,156.3260040283203,156.5229949951172,156.2169952392578,156.40499877929688
2025-12-31 00:00:00+00:00,156.39100646972656,156.65499877929688,156.32200622558594,156.55999755859375
2025-12-31 08:00:00+00:00,156.56700134277344,156.99400329589844,156.49400329589844,156.7449951171875
2025-12-31 16:00:00+00:00,156.73899841308594,156.92300415039062,156.57899475097656,156.74600219726562
2026-01-01 00:00:00+00:00,,,,
2026-01-01 08:00:00+00:00,,,,
2026-01-01 16:00:00+00:00,156.72999572753906,156.88800048828125,156.5780029296875,156.74200439453125
2026-01-02 00:00:00+00:00,156.72000122070312,156.9969940185547,156.50900268554688,156.85400390625
2026-01-02 08:00:00+00:00,156.86099243164062,157.00100708007812,156.55599975585938,156.58700561523438
2026-01-02 16:00:00+00:00,156.58900451660156,156.9550018310547,156.55599975585938,156.8419952392578
2026-01-03 00:00:00+00:00,,,,
2026-01-03 08:00:00+00:00,,,,
2026-01-03 16:00:00+00:00,,,,
2026-01-04 00:00:00+00:00,,,,
2026-01-04 08:00:00+00:00,,,,
2026-01-04 16:00:00+00:00,,,,
2026-01-05 00:00:00+00:00,156.98800659179688,157.29800415039062,156.91200256347656,156.98199462890625
2026-01-05 08:00:00+00:00,156.99099731445312,157.04100036621094,156.447998046875,156.5749969482422
2026-01-05 16:00:00+00:00,156.5749969482422,156.64500427246094,156.10899353027344,156.63999938964844
2026-01-06 00:00:00+00:00,156.60800170898438,156.7969970703125,156.22500610351562,156.3350067138672
2026-01-06 08:00:00+00:00,156.32699584960938,156.69200134277344,156.156005859375,156.5749969482422
2026-01-06 16:00:00+00:00,156.5760040283203,156.74899291992188,156.56399536132812,156.6820068359375
2026-01-07 00:00:00+00:00,156.6649932861328,156.80599975585938,156.28900146484375,156.47900390625
2026-01-07 08:00:00+00:00,156.48599243164062,156.72500610351562,156.35699462890625,156.677001953125
2026-01-07 16:00:00+00:00,156.67999267578125,156.80099487304688,156.5679931640625,156.70899963378906
2026-01-08 00:00:00+00:00,156.69700622558594,156.95599365234375,156.46200561523438,156.46200561523438
2026-01-08 08:00:00+00:00,156.46800231933594,157.07200622558594,156.4510040283203,156.85899353027344
2026-01-08 16:00:00+00:00,156.86500549316406,156.99400329589844,156.7259979248047,156.88099670410156
2026-01-09 00:00:00+00:00,156.86300659179688,157.57200622558594,156.86000061035156,157.47300720214844
2026-01-09 08:00:00+00:00,157.47999572753906,158.18699645996094,157.36500549316406,157.8699951171875
2026-01-09 16:00:00+00:00,157.86399841308594,158.1320037841797,157.822998046875,157.91900634765625
2026-01-10 00:00:00+00:00,,,,
2026-01-10 08:00:00+00:00,,,,
2026-01-10 16:00:00+00:00,,,,
2026-01-11 00:00:00+00:00,,,,
2026-01-11 08:00:00+00:00,,,,
2026-01-11 16:00:00+00:00,,,,
2026-01-12 00:00:00+00:00,158.13699340820312,158.2050018310547,157.5070037841797,157.83999633789062
2026-01-12 08:00:00+00:00,157.8459930419922,158.0489959716797,157.66799926757812,157.968994140625
2026-01-12 16:00:00+00:00,157.9720001220703,158.1999969482422,157.88400268554688,157.95799255371094
2026-01-13 00:00:00+00:00,157.9770050048828,158.96400451660156,157.95599365234375,158.93800354003906
2026-01-13 08:00:00+00:00,158.94200134277344,159.08799743652344,158.5679931640625,158.92599487304688
2026-01-13 16:00:00+00:00,158.9219970703125,159.20199584960938,158.89700317382812,159.18800354003906
2026-01-14 00:00:00+00:00,159.19000244140625,159.4550018310547,159.07000732421875,159.1739959716797
2026-01-14 08:00:00+00:00,159.17100524902344,159.19400024414062,158.09800720214844,158.11900329589844
2026-01-14 16:00:00+00:00,158.12399291992188,158.59800720214844,158.0970001220703,158.41099548339844
2026-01-15 00:00:00+00:00,158.42100524902344,158.73199462890625,158.2209930419922,158.57899475097656
2026-01-15 08:00:00+00:00,158.572998046875,158.87899780273438,158.2969970703125,158.53799438476562
2026-01-15 16:00:00+00:00,158.5330047607422,158.6739959716797,158.4080047607422,158.58599853515625
2026-01-16 00:00:00+00:00,158.58200073242188,158.70399475097656,157.95799255371094,158.1719970703125
2026-01-16 08:00:00+00:00,158.1649932861328,158.26600646972656,157.81500244140625,158.06199645996094
2026-01-16 16:00:00+00:00,158.06300354003906,158.24200439453125,157.9290008544922,158.08700561523438
2026-01-17 00:00:00+00:00,,,,
2026-01-17 08:00:00+00:00,,,,
2026-01-17 16:00:00+00:00,,,,
2026-01-18 00:00:00+00:00,,,,
2026-01-18 08:00:00+00:00,,,,
2026-01-18 16:00:00+00:00,,,,
2026-01-19 00:00:00+00:00,157.54800415039062,158.1230010986328,157.4149932861328,158.0780029296875
2026-01-19 08:00:00+00:00,158.0709991455078,158.16600036621094,157.81900024414062,158.05999755859375
2026-01-19 16:00:00+00:00,158.05999755859375,158.2270050048828,157.99899291992188,158.1790008544922
2026-01-20 00:00:00+00:00,158.15699768066406,158.60400390625,157.8419952392578,158.3699951171875
2026-01-20 08:00:00+00:00,158.3719940185547,158.3939971923828,157.4499969482422,157.9250030517578
2026-01-20 16:00:00+00:00,157.92300415039062,158.29800415039062,157.84800720214844,158.17100524902344
2026-01-21 00:00:00+00:00,158.14599609375,158.28199768066406,157.85000610351562,157.9199981689453
2026-01-21 08:00:00+00:00,157.9250030517578,158.31100463867188,157.74000549316406,158.21600341796875
2026-01-21 16:00:00+00:00,158.2100067138672,158.53399658203125,158.03199768066406,158.47000122070312
2026-01-22 00:00:00+00:00,158.4600067138672,158.89300537109375,158.17100524902344,158.77499389648438
2026-01-22 08:00:00+00:00,158.7760009765625,158.85800170898438,158.34500122070312,158.38999938964844
2026-01-22 16:00:00+00:00,158.39199829101562,158.53399658203125,158.22900390625,158.4980010986328
2026-01-23 00:00:00+00:00,158.47799682617188,159.2259979248047,157.27499389648438,158.3730010986328
2026-01-23 08:00:00+00:00,158.38499450683594,158.49200439453125,157.85800170898438,158.10699462890625
2026-01-23 16:00:00+00:00,158.11300659179688,158.22500610351562,155.60299682617188,155.718994140625
2026-01-24 00:00:00+00:00,,,,
2026-01-24 08:00:00+00:00,,,,
2026-01-24 16:00:00+00:00,,,,
2026-01-25 00:00:00+00:00,,,,
2026-01-25 08:00:00+00:00,,,,
2026-01-25 16:00:00+00:00,,,,
2026-01-26 00:00:00+00:00,155.14999389648438,155.34500122070312,153.80099487304688,154.2469940185547
2026-01-26 08:00:00+00:00,154.24200439453125,154.34800720214844,153.29800415039062,153.80599975585938
2026-01-26 16:00:00+00:00,153.81300354003906,154.42799377441406,153.70899963378906,154.3719940185547
2026-01-27 00:00:00+00:00,154.38600158691406,154.76499938964844,154.07699584960938,154.7310028076172
2026-01-27 08:00:00+00:00,154.73300170898438,154.8780059814453,152.86599731445312,153.23599243164062
2026-01-27 16:00:00+00:00,153.2429962158203,153.26699829101562,152.0850067138672,152.43299865722656
2026-01-28 00:00:00+00:00,152.49600219726562,153.0679931640625,152.27099609375,152.6479949951172
2026-01-28 08:00:00+00:00,152.64199829101562,153.73599243164062,152.343994140625,153.45899963378906
2026-01-28 16:00:00+00:00,153.46400451660156,154.0469970703125,153.0229949951172,153.1060028076172
2026-01-29 00:00:00+00:00,153.08299255371094,153.4219970703125,152.75799560546875,153.30799865722656
2026-01-29 08:00:00+00:00,153.31500244140625,153.53700256347656,152.67300415039062,152.80599975585938
2026-01-29 16:00:00+00:00,152.80299377441406,153.21299743652344,152.71400451660156,153.17300415039062
2026-01-30 00:00:00+00:00,153.1320037841797,154.13900756835938,153.0709991455078,153.8000030517578
2026-01-30 08:00:00+00:00,153.7949981689453,154.76100158691406,153.69900512695312,154.2209930419922
2026-01-30 16:00:00+00:00,154.2209930419922,154.79400634765625,154.15899658203125,154.77999877929688
2026-01-31 00:00:00+00:00,,,,
2026-01-31 08:00:00+00:00,,,,
2026-01-31 16:00:00+00:00,,,,
2026-02-01 00:00:00+00:00,,,,
2026-02-01 08:00:00+00:00,,,,
2026-02-01 16:00:00+00:00,,,,
2026-02-02 00:00:00+00:00,,,,
2026-02-02 08:00:00+00:00,,,,
2026-02-02 16:00:00+00:00,155.61599731445312,155.64100646972656,155.40699768066406,155.47500610351562
2026-02-03 00:00:00+00:00,155.46200561523438,155.6179962158203,155.2949981689453,155.4029998779297
2026-02-03 08:00:00+00:00,155.39999389648438,156.08299255371094,155.35800170898438,155.70700073242188
2026-02-03 16:00:00+00:00,155.70700073242188,155.8560028076172,155.51800537109375,155.7949981689453
2026-02-04 00:00:00+00:00,155.79299926757812,156.4669952392578,155.79299926757812,156.41799926757812
2026-02-04 08:00:00+00:00,156.4239959716797,156.85400390625,156.33999633789062,156.64700317382812
2026-02-04 16:00:00+00:00,156.65199279785156,156.94700622558594,156.45399475097656,156.89500427246094
2026-02-05 00:00:00+00:00,156.906005859375,157.19900512695312,156.67599487304688,157.09100341796875
2026-02-05 08:00:00+00:00,157.0959930419922,157.33700561523438,156.5240020751953,156.8350067138672
2026-02-05 16:00:00+00:00,156.82000732421875,157.09500122070312,156.7050018310547,156.79400634765625
2026-02-06 00:00:00+00:00,156.80099487304688,156.9040069580078,156.50399780273438,156.88099670410156
2026-02-06 08:00:00+00:00,156.88699340820312,157.156005859375,156.77200317382812,156.8280029296875
2026-02-06 16:00:00+00:00,156.8280029296875,157.27099609375,156.8280029296875,157.1840057373047
2026-02-07 00:00:00+00:00,,,,
2026-02-07 08:00:00+00:00,,,,
2026-02-07 16:00:00+00:00,,,,
2026-02-08 00:00:00+00:00,,,,
2026-02-08 08:00:00+00:00,,,,
2026-02-08 16:00:00+00:00,,,,
2026-02-09 00:00:00+00:00,157.2469940185547,157.29200744628906,156.20399475097656,156.5919952392578
2026-02-09 08:00:00+00:00,156.58799743652344,156.78199768066406,155.51400756835938,155.8459930419922
2026-02-09 16:00:00+00:00,155.8459930419922,156.1479949951172,155.63400268554688,156.125
2026-02-10 00:00:00+00:00,156.12600708007812,156.29400634765625,155.07899475097656,155.5540008544922
2026-02-10 08:00:00+00:00,155.56100463867188,155.63299560546875,154.06100463867188,154.21099853515625
2026-02-10 16:00:00+00:00,154.20799255371094,154.58700561523438,154.0469970703125,154.48500061035156
2026-02-11 00:00:00+00:00,154.4969940185547,154.51699829101562,152.79200744628906,153.10299682617188
2026-02-11 08:00:00+00:00,153.0989990234375,154.6540069580078,152.82200622558594,153.61300659179688
2026-02-11 16:00:00+00:00,153.61300659179688,153.68499755859375,152.54299926757812,153.2689971923828
2026-02-12 00:00:00+00:00,153.25799560546875,153.5489959716797,152.25900268554688,153.03500366210938
2026-02-12 08:00:00+00:00,153.0330047607422,153.75799560546875,152.6179962158203,152.64500427246094
2026-02-12 16:00:00+00:00,152.63900756835938,152.99000549316406,152.35899353027344,152.7729949951172
2026-02-13 00:00:00+00:00,152.79400634765625,153.5959930419922,152.72300720214844,153.39599609375
2026-02-13 08:00:00+00:00,153.38999938964844,153.66700744628906,152.77699279785156,153.13099670410156
2026-02-13 16:00:00+00:00,153.1280059814453,153.2259979248047,152.5850067138672,152.62100219726562
2026-02-14 00:00:00+00:00,,,,
2026-02-14 08:00:00+00:00,,,,
2026-02-14 16:00:00+00:00,,,,
2026-02-15 00:00:00+00:00,,,,
2026-02-15 08:00:00+00:00,,,,
2026-02-15 16:00:00+00:00,,,,
2026-02-16 00:00:00+00:00,152.8000030517578,153.38900756835938,152.7550048828125,153.33700561523438
2026-02-16 08:00:00+00:00,153.3350067138672,153.63699340820312,153.20700073242188,153.46099853515625
2026-02-16 16:00:00+00:00,153.45700073242188,153.7570037841797,153.36199951171875,153.55099487304688
2026-02-17 00:00:00+00:00,153.55099487304688,153.5850067138672,152.82000732421875,153.0760040283203
2026-02-17 08:00:00+00:00,153.0780029296875,153.9239959716797,152.6909942626953,153.7989959716797
2026-02-17 16:00:00+00:00,153.7969970703125,153.8470001220703,153.0959930419922,153.12899780273438
2026-02-18 00:00:00+00:00,153.1199951171875,153.71499633789062,153.05999755859375,153.67100524902344
2026-02-18 08:00:00+00:00,153.6649932861328,154.4429931640625,153.5449981689453,154.2790069580078
2026-02-18 16:00:00+00:00,154.2830047607422,154.8699951171875,154.22500610351562,154.69400024414062
2026-02-19 00:00:00+00:00,154.68299865722656,155.343994140625,154.60699462890625,154.968994140625
2026-02-19 08:00:00+00:00,154.97000122070312,155.28399658203125,154.53199768066406,154.99000549316406
2026-02-19 16:00:00+00:00,154.99099731445312,155.21099853515625,154.822998046875,155.16000366210938
2026-02-20 00:00:00+00:00,155.1929931640625,155.5050048828125,154.88499450683594,155.4949951171875
2026-02-20 08:00:00+00:00,155.48699951171875,155.64300537109375,154.76100158691406,154.8419952392578
2026-02-20 16:00:00+00:00,154.8509979248047,155.20599365234375,154.70599365234375,154.98899841308594
2026-02-21 00:00:00+00:00,,,,
2026-02-21 08:00:00+00:00,,,,
2026-02-21 16:00:00+00:00,,,,
2026-02-22 00:00:00+00:00,,,,
2026-02-22 08:00:00+00:00,,,,
2026-02-22 16:00:00+00:00,,,,
2026-02-23 00:00:00+00:00,154.33999633789062,154.60899353027344,153.98800659179688,154.4739990234375
2026-02-23 08:00:00+00:00,154.4770050048828,155.04400634765625,154.3459930419922,154.41700744628906
2026-02-23 16:00:00+00:00,154.4219970703125,154.76600646972656,154.21400451660156,154.67100524902344
2026-02-24 00:00:00+00:00,154.66200256347656,156.16799926757812,154.61500549316406,156.08799743652344
2026-02-24 08:00:00+00:00,156.10000610351562,156.281005859375,155.67100524902344,155.90499877929688
2026-02-24 16:00:00+00:00,155.9080047607422,155.93299865722656,155.5760040283203,155.8979949951172
2026-02-25 00:00:00+00:00,155.90899658203125,156.04400634765625,155.33299255371094,155.91299438476562
2026-02-25 08:00:00+00:00,155.92100524902344,156.82400512695312,155.9029998779297,156.37100219726562
2026-02-25 16:00:00+00:00,156.36099243164062,156.5399932861328,156.10800170898438,156.1790008544922
2026-02-26 00:00:00+00:00,156.16600036621094,156.23300170898438,155.69000244140625,156.04200744628906
2026-02-26 08:00:00+00:00,156.052001953125,156.25100708007812,155.82200622558594,156.031005859375
2026-02-26 16:00:00+00:00,156.03599548339844,156.4320068359375,155.81700134277344,155.8769989013672
2026-02-27 00:00:00+00:00,155.8509979248047,156.12399291992188,155.52699279785156,156.0780029296875
2026-02-27 08:00:00+00:00,156.0780029296875,156.23399353027344,155.8249969482422,156.06100463867188
2026-02-27 16:00:00+00:00,156.07000732421875,156.1929931640625,155.87899780273438,156.03500366210938
2026-02-28 00:00:00+00:00,,,,
2026-02-28 08:00:00+00:00,,,,
2026-02-28 16:00:00+00:00,,,,
2026-03-01 00:00:00+00:00,,,,
2026-03-01 08:00:00+00:00,,,,
2026-03-01 16:00:00+00:00,,,,
2026-03-02 00:00:00+00:00,156.6219940185547,157.03799438476562,156.1479949951172,156.9810028076172
2026-03-02 08:00:00+00:00,156.9709930419922,157.7530059814453,156.7899932861328,157.7270050048828
2026-03-02 16:00:00+00:00,157.7259979248047,157.7519989013672,157.10800170898438,157.24600219726562
2026-03-03 00:00:00+00:00,157.26400756835938,157.59800720214844,157.14100646972656,157.40899658203125
2026-03-03 08:00:00+00:00,157.406005859375,157.968994140625,157.2949981689453,157.83799743652344
2026-03-03 16:00:00+00:00,157.83799743652344,157.9239959716797,157.41000366210938,157.7899932861328
2026-03-04 00:00:00+00:00,157.76300048828125,157.86099243164062,157.16700744628906,157.46400451660156
2026-03-04 08:00:00+00:00,157.46299743652344,157.53700256347656,156.84300231933594,157.11099243164062
2026-03-04 16:00:00+00:00,157.1199951171875,157.16900634765625,156.875,156.9770050048828
2026-03-05 00:00:00+00:00,156.968994140625,157.28799438476562,156.44200134277344,157.2519989013672
2026-03-05 08:00:00+00:00,157.2570037841797,157.77999877929688,156.88900756835938,157.62600708007812
2026-03-05 16:00:00+00:00,157.61399841308594,157.8520050048828,157.406005859375,157.5449981689453
2026-03-06 00:00:00+00:00,157.56300354003906,157.89999389648438,157.36900329589844,157.52699279785156
2026-03-06 08:00:00+00:00,157.5330047607422,158.08799743652344,157.3520050048828,157.58299255371094
2026-03-06 16:00:00+00:00,157.58299255371094,157.96099853515625,157.5030059814453,157.76400756835938
2026-03-07 00:00:00+00:00,,,,
2026-03-07 08:00:00+00:00,,,,
2026-03-07 16:00:00+00:00,,,,
2026-03-08 00:00:00+00:00,,,,
2026-03-08 08:00:00+00:00,,,,
2026-03-08 16:00:00+00:00,,,,
2026-03-09 00:00:00+00:00,158.39999389648438,158.8979949951172,158.2989959716797,158.45199584960938
2026-03-09 08:00:00+00:00,158.45899963378906,158.68699645996094,157.99000549316406,158.08099365234375
2026-03-09 16:00:00+00:00,158.08299255371094,158.4149932861328,157.58399963378906,157.85800170898438
2026-03-10 00:00:00+00:00,157.8730010986328,157.947998046875,157.26199340820312,157.2969970703125
2026-03-10 08:00:00+00:00,157.29800415039062,157.9759979248047,157.2899932861328,157.5970001220703
2026-03-10 16:00:00+00:00,157.59500122070312,158.1840057373047,157.38999938964844,158.1320037841797
2026-03-11 00:00:00+00:00,158.0970001220703,158.39199829101562,157.85000610351562,158.21600341796875
2026-03-11 08:00:00+00:00,158.2209930419922,158.85299682617188,158.18699645996094,158.822998046875
2026-03-11 16:00:00+00:00,158.8300018310547,159.13099670410156,158.75999450683594,159.07400512695312
2026-03-12 00:00:00+00:00,159.08399963378906,159.23500061035156,158.77499389648438,158.79400634765625
2026-03-12 08:00:00+00:00,158.79299926757812,159.28700256347656,158.56199645996094,159.20599365234375
2026-03-12 16:00:00+00:00,159.21099853515625,159.4290008544922,159.10400390625,159.21600341796875
2026-03-13 00:00:00+00:00,159.23300170898438,159.6840057373047,159.00100708007812,159.43699645996094
2026-03-13 08:00:00+00:00,159.42999267578125,159.5989990234375,159.0019989013672,159.53799438476562
2026-03-13 16:00:00+00:00,159.5399932861328,159.74899291992188,159.50399780273438,159.72000122070312
2026-03-14 00:00:00+00:00,,,,
2026-03-14 08:00:00+00:00,,,,
2026-03-14 16:00:00+00:00,,,,
2026-03-15 00:00:00+00:00,,,,
2026-03-15 08:00:00+00:00,,,,
2026-03-15 16:00:00+00:00,,,,
2026-03-16 00:00:00+00:00,159.552001953125,159.63900756835938,159.16600036621094,159.28700256347656
2026-03-16 08:00:00+00:00,159.2790069580078,159.38400268554688,158.84300231933594,159.28700256347656
2026-03-16 16:00:00+00:00,159.28799438476562,159.35499572753906,158.90499877929688,159.11700439453125
2026-03-17 00:00:00+00:00,159.12399291992188,159.49600219726562,159.11099243164062,159.22799682617188
2026-03-17 08:00:00+00:00,159.23199462890625,159.23500061035156,158.71499633789062,159.02999877929688
2026-03-17 16:00:00+00:00,159.02499389648438,159.11399841308594,158.843994140625,158.90199279785156
2026-03-18 00:00:00+00:00,158.90899658203125,159.13800048828125,158.56100463867188,158.75399780273438
2026-03-18 08:00:00+00:00,158.7550048828125,159.58399963378906,158.75100708007812,159.48500061035156
2026-03-18 16:00:00+00:00,159.4770050048828,159.9010009765625,159.2429962158203,159.79800415039062
2026-03-19 00:00:00+00:00,159.8090057373047,159.8470001220703,159.19000244140625,159.22300720214844
2026-03-19 08:00:00+00:00,159.23300170898438,159.38699340820312,158.0570068359375,158.19200134277344
2026-03-19 16:00:00+00:00,158.1909942626953,158.22000122070312,157.49899291992188,157.9239959716797
2026-03-20 00:00:00+00:00,157.9219970703125,158.4510040283203,157.73599243164062,158.28700256347656
2026-03-20 08:00:00+00:00,158.29400634765625,159.26600646972656,158.2480010986328,159.25900268554688
2026-03-20 16:00:00+00:00,159.25599670410156,159.38600158691406,159.13400268554688,159.22000122070312
2026-03-21 00:00:00+00:00,,,,
2026-03-21 08:00:00+00:00,,,,
2026-03-21 16:00:00+00:00,,,,
2026-03-22 00:00:00+00:00,,,,
2026-03-22 08:00:00+00:00,,,,
2026-03-22 16:00:00+00:00,,,,
2026-03-23 00:00:00+00:00,159.1490020751953,159.65699768066406,159.0030059814453,159.58599853515625
2026-03-23 08:00:00+00:00,159.5800018310547,159.65199279785156,158.19000244140625,158.7010040283203
2026-03-23 16:00:00+00:00,158.6929931640625,158.843994140625,158.01400756835938,158.48899841308594
2026-03-24 00:00:00+00:00,158.48500061035156,158.79400634765625,158.3979949951172,158.49400329589844
2026-03-24 08:00:00+00:00,158.4929962158203,158.95399475097656,158.42300415039062,158.8990020751953
2026-03-24 16:00:00+00:00,158.89700317382812,159.19000244140625,158.35400390625,158.69900512695312
2026-03-25 00:00:00+00:00,158.6999969482422,159.14700317382812,158.56100463867188,159.13499450683594
2026-03-25 08:00:00+00:00,159.1300048828125,159.24600219726562,158.71499633789062,159.2050018310547
2026-03-25 16:00:00+00:00,159.1999969482422,159.50100708007812,159.11599731445312,159.38499450683594
2026-03-26 00:00:00+00:00,159.38499450683594,159.53700256347656,159.27499389648438,159.49400329589844
2026-03-26 08:00:00+00:00,159.49200439453125,159.69500732421875,159.41700744628906,159.6529998779297
2026-03-26 16:00:00+00:00,159.6540069580078,159.84500122070312,159.32699584960938,159.71800231933594
2026-03-27 00:00:00+00:00,159.71800231933594,159.9759979248047,159.44200134277344,159.94000244140625
2026-03-27 08:00:00+00:00,159.93899536132812,160.1719970703125,159.69200134277344,160.16299438476562
2026-03-27 16:00:00+00:00,160.1649932861328,160.41400146484375,160.0590057373047,160.26600646972656
2026-03-28 00:00:00+00:00,,,,
2026-03-28 08:00:00+00:00,,,,
2026-03-28 16:00:00+00:00,,,,
2026-03-29 00:00:00+00:00,,,,
2026-03-29 08:00:00+00:00,,,,
2026-03-29 16:00:00+00:00,160.406005859375,160.44200134277344,160.2169952392578,160.22999572753906
2026-03-30 00:00:00+00:00,160.2239990234375,160.25,159.56300354003906,159.77499389648438
2026-03-30 08:00:00+00:00,159.77000427246094,159.8090057373047,159.31700134277344,159.48300170898438
2026-03-30 16:00:00+00:00,159.47300720214844,159.86599731445312,159.40199279785156,159.83700561523438
2026-03-31 00:00:00+00:00,159.83799743652344,159.97000122070312,159.4739990234375,159.63499450683594
2026-03-31 08:00:00+00:00,159.63999938964844,159.77200317382812,158.88900756835938,159.0760040283203
2026-03-31 16:00:00+00:00,159.072998046875,159.20399475097656,158.55099487304688,158.58599853515625
2026-04-01 00:00:00+00:00,158.58700561523438,159.01300048828125,158.26600646972656,158.7729949951172
2026-04-01 08:00:00+00:00,158.76699829101562,158.87100219726562,158.28700256347656,158.62600708007812
2026-04-01 16:00:00+00:00,158.62100219726562,158.94500732421875,158.4429931640625,158.7100067138672
2026-04-02 00:00:00+00:00,158.69900512695312,159.71299743652344,158.57400512695312,159.5679931640625
2026-04-02 08:00:00+00:00,159.57200622558594,159.7429962158203,159.22300720214844,159.33700561523438
2026-04-02 16:00:00+00:00,159.33700561523438,159.7270050048828,159.3040008544922,159.49000549316406
2026-04-03 00:00:00+00:00,159.48599243164062,159.71200561523438,159.41799926757812,159.5850067138672
2026-04-03 08:00:00+00:00,159.572998046875,159.822998046875,159.4739990234375,159.63699340820312
2026-04-03 16:00:00+00:00,159.6269989013672,159.6820068359375,159.48899841308594,159.63299560546875
2026-04-04 00:00:00+00:00,,,,
2026-04-04 08:00:00+00:00,,,,
2026-04-04 16:00:00+00:00,,,,
2026-04-05 00:00:00+00:00,,,,
2026-04-05 08:00:00+00:00,,,,
2026-04-05 16:00:00+00:00,159.6750030517578,159.8300018310547,159.59500122070312,159.7689971923828
2026-04-06 00:00:00+00:00,159.7790069580078,159.802001953125,159.33399963378906,159.38499450683594
2026-04-06 08:00:00+00:00,159.3820037841797,159.802001953125,159.29299926757812,159.70700073242188
2026-04-06 16:00:00+00:00,159.70399475097656,159.79600524902344,159.58299255371094,159.72900390625
2026-04-07 00:00:00+00:00,159.68299865722656,159.96800231933594,159.66400146484375,159.8560028076172
2026-04-07 08:00:00+00:00,159.86099243164062,160.0290069580078,159.46099853515625,159.89100646972656
2026-04-07 16:00:00+00:00,159.89500427246094,159.95599365234375,158.58799743652344,158.70899963378906
2026-04-08 00:00:00+00:00,158.71499633789062,158.79100036621094,158.04100036621094,158.21400451660156
2026-04-08 08:00:00+00:00,158.21200561523438,158.53399658203125,157.88099670410156,158.38600158691406
2026-04-08 16:00:00+00:00,158.3769989013672,158.7949981689453,158.3470001220703,158.64199829101562
2026-04-09 00:00:00+00:00,158.64300537109375,158.9759979248047,158.61099243164062,158.96400451660156
2026-04-09 08:00:00+00:00,158.96400451660156,159.2969970703125,158.83099365234375,158.8699951171875
2026-04-09 16:00:00+00:00,158.86199951171875,159.1320037841797,158.61700439453125,159.0919952392578
2026-04-10 00:00:00+00:00,159.08599853515625,159.37399291992188,159.01199340820312,159.33700561523438
2026-04-10 08:00:00+00:00,159.33299255371094,159.35299682617188,158.84800720214844,159.22500610351562
2026-04-10 16:00:00+00:00,159.2220001220703,159.35000610351562,159.2100067138672,159.27200317382812
2026-04-11 00:00:00+00:00,,,,
2026-04-11 08:00:00+00:00,,,,
2026-04-11 16:00:00+00:00,,,,
2026-04-12 00:00:00+00:00,,,,
2026-04-12 08:00:00+00:00,,,,
2026-04-12 16:00:00+00:00,159.79800415039062,159.8509979248047,159.64300537109375,159.67799377441406
2026-04-13 00:00:00+00:00,159.6750030517578,159.84500122070312,159.55299377441406,159.59800720214844
2026-04-13 08:00:00+00:00,159.60000610351562,159.86099243164062,159.50100708007812,159.74000549316406
2026-04-13 16:00:00+00:00,159.74099731445312,159.78700256347656,159.19900512695312,159.21600341796875
2026-04-14 00:00:00+00:00,159.21800231933594,159.3350067138672,158.9409942626953,159.05999755859375
2026-04-14 08:00:00+00:00,159.0590057373047,159.16799926757812,158.59500122070312,158.91200256347656
2026-04-14 16:00:00+00:00,158.90499877929688,158.93600463867188,158.677001953125,158.79200744628906
2026-04-15 00:00:00+00:00,158.7969970703125,159.06399536132812,158.72999572753906,158.9199981689453
2026-04-15 08:00:00+00:00,158.927001953125,159.1510009765625,158.63600158691406,159.0240020751953
2026-04-15 16:00:00+00:00,159.01699829101562,159.12100219726562,158.74000549316406,158.80799865722656
2026-04-16 00:00:00+00:00,158.8090057373047,158.95199584960938,158.25799560546875,158.86300659179688
2026-04-16 08:00:00+00:00,158.86399841308594,159.30499267578125,158.843994140625,159.0760040283203
2026-04-16 16:00:00+00:00,159.06900024414062,159.2899932861328,158.99899291992188,159.19500732421875
2026-04-17 00:00:00+00:00,159.2050018310547,159.5290069580078,159.16799926757812,159.27099609375
2026-04-17 08:00:00+00:00,159.2729949951172,159.3000030517578,157.58700561523438,158.09500122070312
2026-04-17 16:00:00+00:00,158.09800720214844,158.63699340820312,157.95199584960938,158.6020050048828
2026-04-18 00:00:00+00:00,,,,
2026-04-18 08:00:00+00:00,,,,
2026-04-18 16:00:00+00:00,,,,
2026-04-19 00:00:00+00:00,,,,
2026-04-19 08:00:00+00:00,,,,
2026-04-19 16:00:00+00:00,158.99600219726562,159.19900512695312,158.92300415039062,159.156005859375
2026-04-20 00:00:00+00:00,159.1510009765625,159.2010040283203,158.7830047607422,158.93499755859375
2026-04-20 08:00:00+00:00,158.91600036621094,158.97300720214844,158.54299926757812,158.66900634765625
2026-04-20 16:00:00+00:00,158.66900634765625,158.92100524902344,158.60000610351562,158.843994140625
2026-04-21 00:00:00+00:00,158.85000610351562,159.01600646972656,158.78599548339844,159.00999450683594
2026-04-21 08:00:00+00:00,159.0189971923828,159.25399780273438,159.0070037841797,159.16200256347656
