Datetime,Open,High,Low,Close
2023-07-04 16:00:00+00:00,0.8970400094985962,0.8971700072288513,0.8966000080108643,0.8967599868774414
2023-07-05 00:00:00+00:00,0.8967400193214417,0.8984900116920471,0.8960999846458435,0.8971899747848511
2023-07-05 08:00:00+00:00,0.897159993648529,0.8994699716567993,0.8960999846458435,0.8980500102043152
2023-07-05 16:00:00+00:00,0.8980200290679932,0.8990499973297119,0.8974000215530396,0.8985300064086914
2023-07-06 00:00:00+00:00,0.8985300064086914,0.8991100192070007,0.896399974822998,0.8978800177574158
2023-07-06 08:00:00+00:00,0.8978300094604492,0.8997899889945984,0.8950600028038025,0.896589994430542
2023-07-06 16:00:00+00:00,0.8965399861335754,0.8966000080108643,0.8946300148963928,0.8953199982643127
2023-07-07 00:00:00+00:00,0.8952999711036682,0.8967999815940857,0.8948400020599365,0.895799994468689
2023-07-07 08:00:00+00:00,0.8957700133323669,0.8970199823379517,0.888700008392334,0.8888099789619446
2023-07-07 16:00:00+00:00,0.8887500166893005,0.8893300294876099,0.887499988079071,0.8877800107002258
2023-07-08 00:00:00+00:00,,,,
2023-07-08 08:00:00+00:00,,,,
2023-07-08 16:00:00+00:00,,,,
2023-07-09 00:00:00+00:00,,,,
2023-07-09 08:00:00+00:00,,,,
2023-07-09 16:00:00+00:00,0.8888700008392334,0.8896399736404419,0.8888000249862671,0.8889999985694885
2023-07-10 00:00:00+00:00,0.8889700174331665,0.8915899991989136,0.8887699842453003,0.8905100226402283
2023-07-10 08:00:00+00:00,0.8904899954795837,0.891789972782135,0.8865000009536743,0.8868899941444397
2023-07-10 16:00:00+00:00,0.8868899941444397,0.8874199986457825,0.8846799731254578,0.885200023651123
2023-07-11 00:00:00+00:00,0.8851699829101562,0.8852999806404114,0.8817700147628784,0.882390022277832
2023-07-11 08:00:00+00:00,0.8823800086975098,0.8837199807167053,0.8804000020027161,0.8805500268936157
2023-07-11 16:00:00+00:00,0.8805500268936157,0.8806999921798706,0.8784000277519226,0.8787699937820435
2023-07-12 00:00:00+00:00,0.8787599802017212,0.8789600133895874,0.8762000203132629,0.8786900043487549
2023-07-12 08:00:00+00:00,0.8787000179290771,0.8792700171470642,0.865880012512207,0.8677200078964233
2023-07-12 16:00:00+00:00,0.8676900267601013,0.8685200214385986,0.8656899929046631,0.8666899800300598
2023-07-13 00:00:00+00:00,0.8666800260543823,0.8671000003814697,0.8626999855041504,0.8634099960327148
2023-07-13 08:00:00+00:00,0.8633999824523926,0.8640999794006348,0.858680009841919,0.8596199750900269
2023-07-13 16:00:00+00:00,0.8595899939537048,0.8597400188446045,0.8580499887466431,0.8591099977493286
2023-07-14 00:00:00+00:00,0.8590800166130066,0.8598300218582153,0.856939971446991,0.8580700159072876
2023-07-14 08:00:00+00:00,0.8581100106239319,0.8631200194358826,0.8565599918365479,0.8616600036621094
2023-07-14 16:00:00+00:00,0.8616499900817871,0.8625100255012512,0.8609899878501892,0.861299991607666
2023-07-15 00:00:00+00:00,,,,
2023-07-15 08:00:00+00:00,,,,
2023-07-15 16:00:00+00:00,,,,
2023-07-16 00:00:00+00:00,,,,
2023-07-16 08:00:00+00:00,,,,
2023-07-16 16:00:00+00:00,0.8618900179862976,0.8622999787330627,0.86176997423172,0.8619700074195862
2023-07-17 00:00:00+00:00,0.8619999885559082,0.862339973449707,0.8590999841690063,0.8592600226402283
2023-07-17 08:00:00+00:00,0.8593199849128723,0.863070011138916,0.857699990272522,0.860260009765625
2023-07-17 16:00:00+00:00,0.860230028629303,0.8608099818229675,0.8591899871826172,0.8603399991989136
2023-07-18 00:00:00+00:00,0.860319972038269,0.8607100248336792,0.8567000031471252,0.8575500249862671
2023-07-18 08:00:00+00:00,0.8575199842453003,0.8598300218582153,0.855430006980896,0.858210027217865
2023-07-18 16:00:00+00:00,0.8582000136375427,0.8596500158309937,0.856410026550293,0.8577399849891663
2023-07-19 00:00:00+00:00,0.857729971408844,0.8599500060081482,0.8566499948501587,0.8585699796676636
2023-07-19 08:00:00+00:00,0.8585900068283081,0.8613600134849548,0.8568999767303467,0.8598200082778931
2023-07-19 16:00:00+00:00,0.8598099946975708,0.8601899743080139,0.8571599721908569,0.8579800128936768
2023-07-20 00:00:00+00:00,0.85794997215271,0.858780026435852,0.8560400009155273,0.858460009098053
2023-07-20 08:00:00+00:00,0.8584499955177307,0.8673400282859802,0.8575000166893005,0.867139995098114
2023-07-20 16:00:00+00:00,0.8671500086784363,0.8684200048446655,0.8655999898910522,0.8662400245666504
2023-07-21 00:00:00+00:00,0.8662400245666504,0.8672500252723694,0.8651999831199646,0.8664900064468384
2023-07-21 08:00:00+00:00,0.8665099740028381,0.8669499754905701,0.8639000058174133,0.865809977054596
2023-07-21 16:00:00+00:00,0.8658300042152405,0.8662300109863281,0.864870011806488,0.8654000163078308
2023-07-22 00:00:00+00:00,,,,
2023-07-22 08:00:00+00:00,,,,
2023-07-22 16:00:00+00:00,,,,
2023-07-23 00:00:00+00:00,,,,
2023-07-23 08:00:00+00:00,,,,
2023-07-23 16:00:00+00:00,0.8659499883651733,0.8663600087165833,0.8658400177955627,0.8662999868392944
2023-07-24 00:00:00+00:00,0.8662700057029724,0.8683599829673767,0.864799976348877,0.8676499724388123
2023-07-24 08:00:00+00:00,0.8676699995994568,0.8682600259780884,0.8637199997901917,0.8664799928665161
2023-07-24 16:00:00+00:00,0.8664799928665161,0.8700399994850159,0.8663100004196167,0.8699100017547607
2023-07-25 00:00:00+00:00,0.8699100017547607,0.8699600100517273,0.8675500154495239,0.8682000041007996
2023-07-25 08:00:00+00:00,0.8681899905204773,0.8697699904441833,0.8639400005340576,0.8644099831581116
2023-07-25 16:00:00+00:00,0.8644099831581116,0.8657000064849854,0.862779974937439,0.864579975605011
2023-07-26 00:00:00+00:00,0.8645200133323669,0.8656299710273743,0.86149001121521,0.8616999983787537
2023-07-26 08:00:00+00:00,0.8616499900817871,0.8639900088310242,0.8610399961471558,0.8625199794769287
2023-07-26 16:00:00+00:00,0.862529993057251,0.8640300035476685,0.8596299886703491,0.8615300059318542
2023-07-27 00:00:00+00:00,0.8615400195121765,0.8615599870681763,0.8564299941062927,0.8567900061607361
2023-07-27 08:00:00+00:00,0.8568300008773804,0.8694700002670288,0.8552299737930298,0.8686699867248535
2023-07-27 16:00:00+00:00,0.8686599731445312,0.8698499798774719,0.8660799860954285,0.8688600063323975
2023-07-28 00:00:00+00:00,0.8688499927520752,0.8736500144004822,0.8682399988174438,0.8729000091552734
2023-07-28 08:00:00+00:00,0.8729000091552734,0.8734999895095825,0.8659999966621399,0.8687000274658203
2023-07-28 16:00:00+00:00,0.868690013885498,0.8707299828529358,0.8677999973297119,0.8700500130653381
2023-07-29 00:00:00+00:00,,,,
2023-07-29 08:00:00+00:00,,,,
2023-07-29 16:00:00+00:00,,,,
2023-07-30 00:00:00+00:00,,,,
2023-07-30 08:00:00+00:00,,,,
2023-07-30 16:00:00+00:00,0.8695999979972839,0.8700000047683716,0.8694300055503845,0.8698400259017944
2023-07-31 00:00:00+00:00,0.8698400259017944,0.8719599843025208,0.8690000176429749,0.8701199889183044
2023-07-31 08:00:00+00:00,0.8701099753379822,0.8729699850082397,0.8664000034332275,0.8688399791717529
2023-07-31 16:00:00+00:00,0.8688700199127197,0.8723700046539307,0.868399977684021,0.8717100024223328
2023-08-01 00:00:00+00:00,0.8717399835586548,0.8742700219154358,0.8711000084877014,0.8737199902534485
2023-08-01 08:00:00+00:00,0.873740017414093,0.877780020236969,0.8737199902534485,0.8763099908828735
2023-08-01 16:00:00+00:00,0.8762900233268738,0.8767300248146057,0.8711699843406677,0.8725900053977966
2023-08-02 00:00:00+00:00,0.8725900053977966,0.8772100210189819,0.8723000288009644,0.8768600225448608
2023-08-02 08:00:00+00:00,0.8768699765205383,0.88059002161026,0.8762000203132629,0.8779600262641907
2023-08-02 16:00:00+00:00,0.8779600262641907,0.8783299922943115,0.8755999803543091,0.8774099946022034
2023-08-03 00:00:00+00:00,0.8773900270462036,0.879859983921051,0.8765000104904175,0.8784099817276001
2023-08-03 08:00:00+00:00,0.8784199953079224,0.8784999847412109,0.8733500242233276,0.8742600083351135
2023-08-03 16:00:00+00:00,0.874239981174469,0.8755699992179871,0.8732600212097168,0.8743100166320801
2023-08-04 00:00:00+00:00,0.8742899894714355,0.8771200180053711,0.873009979724884,0.8768200278282166
2023-08-04 08:00:00+00:00,0.8767799735069275,0.8782600164413452,0.8698899745941162,0.8712400197982788
2023-08-04 16:00:00+00:00,0.8712700009346008,0.8734599947929382,0.8706899881362915,0.8723899722099304
2023-08-05 00:00:00+00:00,,,,
2023-08-05 08:00:00+00:00,,,,
2023-08-05 16:00:00+00:00,,,,
2023-08-06 00:00:00+00:00,,,,
2023-08-06 08:00:00+00:00,,,,
2023-08-06 16:00:00+00:00,0.8737199902534485,0.8743900060653687,0.8736799955368042,0.8741700053215027
2023-08-07 00:00:00+00:00,0.8741599917411804,0.8768600225448608,0.8734400272369385,0.8738399744033813
2023-08-07 08:00:00+00:00,0.8739100098609924,0.8773999810218811,0.8733000159263611,0.874210000038147
2023-08-07 16:00:00+00:00,0.8742200136184692,0.8745399713516235,0.8720999956130981,0.8729299902915955
2023-08-08 00:00:00+00:00,0.8729199767112732,0.8755699992179871,0.8718000054359436,0.8748400211334229
2023-08-08 08:00:00+00:00,0.874779999256134,0.8783000111579895,0.8733000159263611,0.8757200241088867
2023-08-08 16:00:00+00:00,0.8757299780845642,0.8762999773025513,0.8744900226593018,0.8755999803543091
2023-08-09 00:00:00+00:00,0.8755900263786316,0.8756200075149536,0.873199999332428,0.873520016670227
2023-08-09 08:00:00+00:00,0.8735299706459045,0.8782699704170227,0.8730000257492065,0.876990020275116
2023-08-09 16:00:00+00:00,0.877020001411438,0.8775299787521362,0.8756899833679199,0.8769500255584717
2023-08-10 00:00:00+00:00,0.8769699931144714,0.8776599764823914,0.8737000226974487,0.873960018157959
2023-08-10 08:00:00+00:00,0.8739799857139587,0.875249981880188,0.8689600229263306,0.8736000061035156
2023-08-10 16:00:00+00:00,0.8736100196838379,0.8772600293159485,0.873199999332428,0.876829981803894
2023-08-11 00:00:00+00:00,0.8768699765205383,0.8774499893188477,0.8755000233650208,0.8767200112342834
2023-08-11 08:00:00+00:00,0.8766999840736389,0.878059983253479,0.8733800053596497,0.8764899969100952
2023-08-11 16:00:00+00:00,0.8765299916267395,0.8774399757385254,0.8758699893951416,0.8759999871253967
2023-08-12 00:00:00+00:00,,,,
2023-08-12 08:00:00+00:00,,,,
2023-08-12 16:00:00+00:00,,,,
2023-08-13 00:00:00+00:00,,,,
2023-08-13 08:00:00+00:00,,,,
2023-08-13 16:00:00+00:00,0.8768100142478943,0.8770300149917603,0.8764399886131287,0.8767600059509277
2023-08-14 00:00:00+00:00,0.8766999840736389,0.8779399991035461,0.8754900097846985,0.8759400248527527
2023-08-14 08:00:00+00:00,0.8759400248527527,0.8827999830245972,0.8755000233650208,0.8775299787521362
2023-08-14 16:00:00+00:00,0.8775299787521362,0.8791000247001648,0.8762199878692627,0.8780099749565125
2023-08-15 00:00:00+00:00,0.8780099749565125,0.8787000179290771,0.8763899803161621,0.8772600293159485
2023-08-15 08:00:00+00:00,0.877269983291626,0.8796600103378296,0.8743799924850464,0.8769000172615051
2023-08-15 16:00:00+00:00,0.8769199848175049,0.8788999915122986,0.8768500089645386,0.8786699771881104
2023-08-16 00:00:00+00:00,0.8786500096321106,0.8791499733924866,0.8773900270462036,0.8784300088882446
2023-08-16 08:00:00+00:00,0.8783900141716003,0.8814399838447571,0.8777099847793579,0.8786500096321106
2023-08-16 16:00:00+00:00,0.8786699771881104,0.8806999921798706,0.8779900074005127,0.8801199793815613
2023-08-17 00:00:00+00:00,0.8801400065422058,0.8809599876403809,0.8793399930000305,0.8796399831771851
2023-08-17 08:00:00+00:00,0.8796700239181519,0.8799099922180176,0.8759599924087524,0.8792200088500977
2023-08-17 16:00:00+00:00,0.8791800141334534,0.8803499937057495,0.8766599893569946,0.8783199787139893
2023-08-18 00:00:00+00:00,0.878279983997345,0.8804500102996826,0.8773300051689148,0.8797900080680847
2023-08-18 08:00:00+00:00,0.8797299861907959,0.8824999928474426,0.8791900277137756,0.8816999793052673
2023-08-18 16:00:00+00:00,0.881659984588623,0.8827900290489197,0.8809400200843811,0.8822500109672546
2023-08-19 00:00:00+00:00,,,,
2023-08-19 08:00:00+00:00,,,,
2023-08-19 16:00:00+00:00,,,,
2023-08-20 00:00:00+00:00,,,,
2023-08-20 08:00:00+00:00,,,,
2023-08-20 16:00:00+00:00,0.8820300102233887,0.8825600147247314,0.8820300102233887,0.882390022277832
2023-08-21 00:00:00+00:00,0.8823999762535095,0.8827999830245972,0.8791499733924866,0.8791999816894531
2023-08-21 08:00:00+00:00,0.8792099952697754,0.8814299702644348,0.8787199854850769,0.8799300193786621
2023-08-21 16:00:00+00:00,0.8799399733543396,0.8800100088119507,0.8777300119400024,0.8785099983215332
2023-08-22 00:00:00+00:00,0.8785099983215332,0.8791000247001648,0.8769199848175049,0.8775799870491028
2023-08-22 08:00:00+00:00,0.8775699734687805,0.8809199929237366,0.8764700293540955,0.8799999952316284
2023-08-22 16:00:00+00:00,0.8799800276756287,0.8806999921798706,0.8787699937820435,0.8801199793815613
2023-08-23 00:00:00+00:00,0.8801500201225281,0.8815199732780457,0.8778600096702576,0.880370020866394
2023-08-23 08:00:00+00:00,0.8803899884223938,0.8817200064659119,0.8774600028991699,0.8784899711608887
2023-08-23 16:00:00+00:00,0.8785099983215332,0.8790599703788757,0.8766700029373169,0.8773900270462036
2023-08-24 00:00:00+00:00,0.8774099946022034,0.8796300292015076,0.8758000135421753,0.8794299960136414
2023-08-24 08:00:00+00:00,0.8794299960136414,0.8839100003242493,0.878600001335144,0.8825399875640869
2023-08-24 16:00:00+00:00,0.8825399875640869,0.8855100274085999,0.8823999762535095,0.8852499723434448
2023-08-25 00:00:00+00:00,0.8852099776268005,0.8868899941444397,0.8845999836921692,0.8866299986839294
2023-08-25 08:00:00+00:00,0.8866199851036072,0.8876299858093262,0.8820899724960327,0.8860200047492981
2023-08-25 16:00:00+00:00,0.8859900236129761,0.8860300183296204,0.8834099769592285,0.8840199708938599
2023-08-26 00:00:00+00:00,,,,
2023-08-26 08:00:00+00:00,,,,
2023-08-26 16:00:00+00:00,,,,
2023-08-27 00:00:00+00:00,,,,
2023-08-27 08:00:00+00:00,,,,
2023-08-27 16:00:00+00:00,0.8849999904632568,0.885200023651123,0.8843500018119812,0.8847900032997131
2023-08-28 00:00:00+00:00,0.8848199844360352,0.8848999738693237,0.8817800283432007,0.8834199905395508
2023-08-28 08:00:00+00:00,0.8833600282669067,0.8853700160980225,0.8827999830245972,0.8831899762153625
2023-08-28 16:00:00+00:00,0.8831599950790405,0.88441002368927,0.8825399875640869,0.8834400177001953
2023-08-29 00:00:00+00:00,0.8834900259971619,0.8850700259208679,0.8825600147247314,0.8838300108909607
2023-08-29 08:00:00+00:00,0.8838899731636047,0.8859000205993652,0.8790199756622314,0.8798199892044067
2023-08-29 16:00:00+00:00,0.8798199892044067,0.880299985408783,0.8772000074386597,0.8789799809455872
2023-08-30 00:00:00+00:00,0.8789600133895874,0.8799700140953064,0.8783900141716003,0.8795499801635742
2023-08-30 08:00:00+00:00,0.8795300126075745,0.8803499937057495,0.8744400143623352,0.8771399855613708
2023-08-30 16:00:00+00:00,0.8771299719810486,0.87882000207901,0.8771299719810486,0.878059983253479
2023-08-31 00:00:00+00:00,0.878059983253479,0.8803600072860718,0.8770800232887268,0.8801199793815613
2023-08-31 08:00:00+00:00,0.8800699710845947,0.8845999836921692,0.879859983921051,0.8837400078773499
2023-08-31 16:00:00+00:00,0.8837299942970276,0.883870005607605,0.8820499777793884,0.8833100199699402
2023-09-01 00:00:00+00:00,0.8833199739456177,0.8843799829483032,0.8812100291252136,0.8817899823188782
2023-09-01 08:00:00+00:00,0.881820023059845,0.8858399987220764,0.8794599771499634,0.8857700228691101
2023-09-01 16:00:00+00:00,0.8857799768447876,0.8863999843597412,0.8848999738693237,0.8848999738693237
2023-09-02 00:00:00+00:00,,,,
2023-09-02 08:00:00+00:00,,,,
2023-09-02 16:00:00+00:00,,,,
2023-09-03 00:00:00+00:00,,,,
2023-09-03 08:00:00+00:00,,,,
2023-09-03 16:00:00+00:00,0.8855699896812439,0.8857399821281433,0.8851699829101562,0.8851900100708008
2023-09-04 00:00:00+00:00,0.8851799964904785,0.8855999708175659,0.8831999897956848,0.8841099739074707
2023-09-04 08:00:00+00:00,0.8840600252151489,0.8854399919509888,0.8833600282669067,0.884190022945404
2023-09-04 16:00:00+00:00,0.8841500282287598,0.8849300146102905,0.8830599784851074,0.8848099708557129
2023-09-05 00:00:00+00:00,0.8847799897193909,0.8877599835395813,0.8843799829483032,0.8874800205230713
2023-09-05 08:00:00+00:00,0.8874899744987488,0.8903099894523621,0.8872799873352051,0.888759970664978
2023-09-05 16:00:00+00:00,0.8887400031089783,0.8899999856948853,0.8882700204849243,0.8894000053405762
2023-09-06 00:00:00+00:00,0.8893899917602539,0.8902999758720398,0.8880699872970581,0.8897799849510193
2023-09-06 08:00:00+00:00,0.8898100256919861,0.8944900035858154,0.88919997215271,0.8924300074577332
2023-09-06 16:00:00+00:00,0.8924499750137329,0.8926900029182434,0.8903599977493286,0.8913699984550476
2023-09-07 00:00:00+00:00,0.8913999795913696,0.8923599720001221,0.8907999992370605,0.891480028629303
2023-09-07 08:00:00+00:00,0.891510009765625,0.8939599990844727,0.8913699984550476,0.89274001121521
2023-09-07 16:00:00+00:00,0.8927299976348877,0.8931999802589417,0.8916699886322021,0.8926600217819214
2023-09-08 00:00:00+00:00,0.8926500082015991,0.8927000164985657,0.889460027217865,0.8909000158309937
2023-09-08 08:00:00+00:00,0.8909199833869934,0.8931400179862976,0.8898000121116638,0.8927900195121765
2023-09-08 16:00:00+00:00,0.8928099870681763,0.8936700224876404,0.892300009727478,0.892300009727478
2023-09-09 00:00:00+00:00,,,,
2023-09-09 08:00:00+00:00,,,,
2023-09-09 16:00:00+00:00,,,,
2023-09-10 00:00:00+00:00,,,,
2023-09-10 08:00:00+00:00,,,,
2023-09-10 16:00:00+00:00,0.8920599818229675,0.8926299810409546,0.8916599750518799,0.8920300006866455
2023-09-11 00:00:00+00:00,0.8920999765396118,0.8922399878501892,0.8896399736404419,0.8907600045204163
2023-09-11 08:00:00+00:00,0.890779972076416,0.892270028591156,0.8903999924659729,0.8910499811172485
2023-09-11 16:00:00+00:00,0.8910300135612488,0.8914300203323364,0.889769971370697,0.8912299871444702
2023-09-12 00:00:00+00:00,0.8912100195884705,0.8920000195503235,0.8901600241661072,0.8909400105476379
2023-09-12 08:00:00+00:00,0.8909000158309937,0.8934100270271301,0.8906000256538391,0.891319990158081
2023-09-12 16:00:00+00:00,0.891290009021759,0.8920999765396118,0.8895800113677979,0.8914499878883362
2023-09-13 00:00:00+00:00,0.8914499878883362,0.8924300074577332,0.890720009803772,0.891979992389679
2023-09-13 08:00:00+00:00,0.8919699788093567,0.8951399922370911,0.8911399841308594,0.892520010471344
2023-09-13 16:00:00+00:00,0.8925099968910217,0.8937199711799622,0.891700029373169,0.8934500217437744
2023-09-14 00:00:00+00:00,0.8934400081634521,0.8938800096511841,0.8914200067520142,0.893559992313385
2023-09-14 08:00:00+00:00,0.8935700058937073,0.8970900177955627,0.8926900029182434,0.8949900269508362
2023-09-14 16:00:00+00:00,0.8949699997901917,0.8970500230789185,0.8944000005722046,0.8962100148200989
2023-09-15 00:00:00+00:00,0.8961899876594543,0.896369993686676,0.8945900201797485,0.8946800231933594
2023-09-15 08:00:00+00:00,0.8946400284767151,0.8977400064468384,0.8945299983024597,0.8960000276565552
2023-09-15 16:00:00+00:00,0.8960000276565552,0.8977599740028381,0.8955900073051453,0.8976600170135498
2023-09-16 00:00:00+00:00,,,,
2023-09-16 08:00:00+00:00,,,,
2023-09-16 16:00:00+00:00,,,,
2023-09-17 00:00:00+00:00,,,,
2023-09-17 08:00:00+00:00,,,,
2023-09-17 16:00:00+00:00,0.8974800109863281,0.8975800275802612,0.8967999815940857,0.8969200253486633
2023-09-18 00:00:00+00:00,0.8968999981880188,0.8977100253105164,0.8956000208854675,0.8960599899291992
2023-09-18 08:00:00+00:00,0.8960400223731995,0.8982399702072144,0.8952000141143799,0.8964400291442871
2023-09-18 16:00:00+00:00,0.8964899778366089,0.8980200290679932,0.8958699703216553,0.8972600102424622
2023-09-19 00:00:00+00:00,0.8972899913787842,0.8983100056648254,0.8947700262069702,0.894819974899292
2023-09-19 08:00:00+00:00,0.8948299884796143,0.8983200192451477,0.8946999907493591,0.8978999853134155
2023-09-19 16:00:00+00:00,0.8978700041770935,0.8984000086784363,0.8966100215911865,0.8973399996757507
2023-09-20 00:00:00+00:00,0.8974000215530396,0.8984100222587585,0.896399974822998,0.8975300192832947
2023-09-20 08:00:00+00:00,0.8975300192832947,0.8977500200271606,0.8938000202178955,0.8953199982643127
2023-09-20 16:00:00+00:00,0.8952900171279907,0.8995800018310547,0.8931000232696533,0.8994100093841553
2023-09-21 00:00:00+00:00,0.899429976940155,0.9069300293922424,0.8985000252723694,0.9052000045776367
2023-09-21 08:00:00+00:00,0.9052000045776367,0.907829999923706,0.9020100235939026,0.9032800197601318
2023-09-21 16:00:00+00:00,0.9032800197601318,0.9049299955368042,0.9028000235557556,0.9047600030899048
2023-09-22 00:00:00+00:00,0.9047499895095825,0.9069499969482422,0.9042400121688843,0.9055799841880798
2023-09-22 08:00:00+00:00,0.9055799841880798,0.9070199728012085,0.904420018196106,0.9064499735832214
2023-09-22 16:00:00+00:00,0.9064099788665771,0.9075199961662292,0.9057599902153015,0.9063299894332886
2023-09-23 00:00:00+00:00,,,,
2023-09-23 08:00:00+00:00,,,,
2023-09-23 16:00:00+00:00,,,,
2023-09-24 00:00:00+00:00,,,,
2023-09-24 08:00:00+00:00,,,,
2023-09-24 16:00:00+00:00,0.9067999720573425,0.907230019569397,0.9065499901771545,0.9071499705314636
2023-09-25 00:00:00+00:00,0.9071300029754639,0.9101799726486206,0.9069700241088867,0.9099199771881104
2023-09-25 08:00:00+00:00,0.9099500179290771,0.9135599732398987,0.9085800051689148,0.9120000004768372
2023-09-25 16:00:00+00:00,0.9120100140571594,0.9125199913978577,0.9108700156211853,0.9121000170707703
2023-09-26 00:00:00+00:00,0.9121500253677368,0.9150599837303162,0.91184002161026,0.9132500290870667
2023-09-26 08:00:00+00:00,0.9132099747657776,0.9147300124168396,0.9118300080299377,0.9143700003623962
2023-09-26 16:00:00+00:00,0.9143400192260742,0.9160000085830688,0.9137799739837646,0.9157800078392029
2023-09-27 00:00:00+00:00,0.9157699942588806,0.9176700115203857,0.9153599739074707,0.9162499904632568
2023-09-27 08:00:00+00:00,0.9162999987602234,0.9199900031089783,0.9159700274467468,0.9199399948120117
2023-09-27 16:00:00+00:00,0.9200000166893005,0.9225299954414368,0.9196400046348572,0.920799970626831
2023-09-28 00:00:00+00:00,0.9208099842071533,0.9216700196266174,0.9192799925804138,0.9204199910163879
2023-09-28 08:00:00+00:00,0.9203299880027771,0.9208499789237976,0.914680004119873,0.9150599837303162
2023-09-28 16:00:00+00:00,0.9150300025939941,0.9171500205993652,0.9140499830245972,0.9147999882698059
2023-09-29 00:00:00+00:00,0.9148300290107727,0.9155700206756592,0.9090700149536133,0.9095900058746338
2023-09-29 08:00:00+00:00,0.9095799922943115,0.9163500070571899,0.9093499779701233,0.9139699935913086
2023-09-29 16:00:00+00:00,0.9140499830245972,0.9161099791526794,0.9136199951171875,0.9145799875259399
2023-09-30 00:00:00+00:00,,,,
2023-09-30 08:00:00+00:00,,,,
2023-09-30 16:00:00+00:00,,,,
2023-10-01 00:00:00+00:00,,,,
2023-10-01 08:00:00+00:00,,,,
2023-10-01 16:00:00+00:00,0.9158599972724915,0.9160400032997131,0.915369987487793,0.9154800176620483
2023-10-02 00:00:00+00:00,0.9154599905014038,0.9166499972343445,0.911080002784729,0.9118000268936157
2023-10-02 08:00:00+00:00,0.9117799997329712,0.9194499850273132,0.9109899997711182,0.917639970779419
2023-10-02 16:00:00+00:00,0.9176700115203857,0.9186999797821045,0.9165599942207336,0.917930006980896
2023-10-03 00:00:00+00:00,0.9179499745368958,0.9218699932098389,0.9179099798202515,0.9212899804115295
2023-10-03 08:00:00+00:00,0.9213100075721741,0.9243999719619751,0.9193000197410583,0.9226599931716919
2023-10-03 16:00:00+00:00,0.9226599931716919,0.9226999878883362,0.9199000000953674,0.9210600256919861
2023-10-04 00:00:00+00:00,0.9210500121116638,0.923229992389679,0.919219970703125,0.9196599721908569
2023-10-04 08:00:00+00:00,0.9196799993515015,0.9205999970436096,0.9143499732017517,0.9161400198936462
2023-10-04 16:00:00+00:00,0.9161099791526794,0.917460024356842,0.915369987487793,0.9167500138282776
2023-10-05 00:00:00+00:00,0.9168000221252441,0.9177200198173523,0.9133899807929993,0.9174699783325195
2023-10-05 08:00:00+00:00,0.9174500107765198,0.9182000160217285,0.913070023059845,0.9141799807548523
2023-10-05 16:00:00+00:00,0.9141499996185303,0.9143999814987183,0.9115899801254272,0.9126799702644348
2023-10-06 00:00:00+00:00,0.9126700162887573,0.9145500063896179,0.9120299816131592,0.9122300148010254
2023-10-06 08:00:00+00:00,0.9122700095176697,0.9175599813461304,0.9072700142860413,0.9082499742507935
2023-10-06 16:00:00+00:00,0.9082300066947937,0.9104099869728088,0.908079981803894,0.9094799757003784
2023-10-07 00:00:00+00:00,,,,
2023-10-07 08:00:00+00:00,,,,
2023-10-07 16:00:00+00:00,,,,
2023-10-08 00:00:00+00:00,,,,
2023-10-08 08:00:00+00:00,,,,
2023-10-08 16:00:00+00:00,0.9091299772262573,0.9094200134277344,0.9086499810218811,0.9089199900627136
2023-10-09 00:00:00+00:00,0.9089300036430359,0.9123499989509583,0.9078800082206726,0.9117699861526489
2023-10-09 08:00:00+00:00,0.9117799997329712,0.9120500087738037,0.9062600135803223,0.9080100059509277
2023-10-09 16:00:00+00:00,0.9079800248146057,0.9084600210189819,0.9046400189399719,0.9050099849700928
2023-10-10 00:00:00+00:00,0.9050099849700928,0.907289981842041,0.9043499827384949,0.9056599736213684
2023-10-10 08:00:00+00:00,0.9056500196456909,0.9082800149917603,0.9033499956130981,0.9039599895477295
2023-10-10 16:00:00+00:00,0.9039300084114075,0.9054999947547913,0.9034500122070312,0.9045199751853943
2023-10-11 00:00:00+00:00,0.9045100212097168,0.9054499864578247,0.9028300046920776,0.90420001745224
2023-10-11 08:00:00+00:00,0.9041699767112732,0.9048600196838379,0.9001299738883972,0.9025999903678894
2023-10-11 16:00:00+00:00,0.9025800228118896,0.904699981212616,0.9007099866867065,0.9010400176048279
2023-10-12 00:00:00+00:00,0.9009900093078613,0.9016000032424927,0.8986300230026245,0.9014700055122375
2023-10-12 08:00:00+00:00,0.9014599919319153,0.907069981098175,0.8993200063705444,0.9064499735832214
2023-10-12 16:00:00+00:00,0.9064499735832214,0.9088000059127808,0.9054499864578247,0.9078699946403503
2023-10-13 00:00:00+00:00,0.9078199863433838,0.9081299901008606,0.9056000113487244,0.9064800143241882
2023-10-13 08:00:00+00:00,0.9064599871635437,0.9085000157356262,0.9017500281333923,0.9017599821090698
2023-10-13 16:00:00+00:00,0.9017599821090698,0.9026100039482117,0.9001700282096863,0.9022200107574463
2023-10-14 00:00:00+00:00,,,,
2023-10-14 08:00:00+00:00,,,,
2023-10-14 16:00:00+00:00,,,,
2023-10-15 00:00:00+00:00,,,,
2023-10-15 08:00:00+00:00,,,,
2023-10-15 16:00:00+00:00,0.9024999737739563,0.9028900265693665,0.9022300243377686,0.9023799896240234
2023-10-16 00:00:00+00:00,0.902400016784668,0.9042199850082397,0.9010800123214722,0.9032999873161316
2023-10-16 08:00:00+00:00,0.9033300280570984,0.9041699767112732,0.90065997838974,0.9007300138473511
2023-10-16 16:00:00+00:00,0.9006900191307068,0.9010300040245056,0.8991199731826782,0.9004499912261963
2023-10-17 00:00:00+00:00,0.9004700183868408,0.9021400213241577,0.8999699950218201,0.9018399715423584
2023-10-17 08:00:00+00:00,0.9018599987030029,0.9031999707221985,0.8990100026130676,0.8995299935340881
2023-10-17 16:00:00+00:00,0.8995299935340881,0.9013400077819824,0.8991299867630005,0.9001399874687195
2023-10-18 00:00:00+00:00,0.9001299738883972,0.9008600115776062,0.8973399996757507,0.8992000222206116
2023-10-18 08:00:00+00:00,0.8991900086402893,0.9000700116157532,0.895389974117279,0.8985499739646912
2023-10-18 16:00:00+00:00,0.8985700011253357,0.8992999792098999,0.8971999883651733,0.8988100290298462
2023-10-19 00:00:00+00:00,0.8988000154495239,0.8997399806976318,0.897379994392395,0.8996400237083435
2023-10-19 08:00:00+00:00,0.8996800184249878,0.9001700282096863,0.8950099945068359,0.8955100178718567
2023-10-19 16:00:00+00:00,0.8955600261688232,0.8968300223350525,0.8903099894523621,0.8917499780654907
2023-10-20 00:00:00+00:00,0.8917499780654907,0.893530011177063,0.8908299803733826,0.8908799886703491
2023-10-20 08:00:00+00:00,0.8908699750900269,0.8934299945831299,0.8901900053024292,0.8918200135231018
2023-10-20 16:00:00+00:00,0.8918600082397461,0.8929299712181091,0.8909299969673157,0.8913300037384033
2023-10-21 00:00:00+00:00,,,,
2023-10-21 08:00:00+00:00,,,,
2023-10-21 16:00:00+00:00,,,,
2023-10-22 00:00:00+00:00,,,,
2023-10-22 08:00:00+00:00,,,,
2023-10-22 16:00:00+00:00,0.8927800059318542,0.8934000134468079,0.8925899863243103,0.8932399749755859
2023-10-23 00:00:00+00:00,0.8932700157165527,0.8956999778747559,0.8926799893379211,0.8931099772453308
2023-10-23 08:00:00+00:00,0.8930799961090088,0.89478999376297,0.8912000060081482,0.8919299840927124
2023-10-23 16:00:00+00:00,0.8919000029563904,0.8923500180244446,0.8903200030326843,0.8908500075340271
2023-10-24 00:00:00+00:00,0.8908200263977051,0.8919500112533569,0.8887799978256226,0.8911499977111816
2023-10-24 08:00:00+00:00,0.8910700082778931,0.8951799869537354,0.8910700082778931,0.893530011177063
2023-10-24 16:00:00+00:00,0.893530011177063,0.894029974937439,0.8918799757957458,0.893090009689331
2023-10-25 00:00:00+00:00,0.8930400013923645,0.8952400088310242,0.8920199871063232,0.8946499824523926
2023-10-25 08:00:00+00:00,0.8946800231933594,0.8964999914169312,0.8938599824905396,0.8951399922370911
2023-10-25 16:00:00+00:00,0.8951299786567688,0.8974000215530396,0.8949300050735474,0.8967199921607971
2023-10-26 00:00:00+00:00,0.8966599702835083,0.8991100192070007,0.8963900208473206,0.8980900049209595
2023-10-26 08:00:00+00:00,0.8981000185012817,0.8999199867248535,0.8962799906730652,0.8995500206947327
2023-10-26 16:00:00+00:00,0.8995100259780884,0.9004799723625183,0.8972200155258179,0.8988100290298462
2023-10-27 00:00:00+00:00,0.8988199830055237,0.9000700116157532,0.8979899883270264,0.8999199867248535
2023-10-27 08:00:00+00:00,0.899869978427887,0.9035000205039978,0.8992199897766113,0.9020599722862244
2023-10-27 16:00:00+00:00,0.9021099805831909,0.9034600257873535,0.9009900093078613,0.9021700024604797
2023-10-28 00:00:00+00:00,,,,
2023-10-28 08:00:00+00:00,,,,
2023-10-28 16:00:00+00:00,,,,
2023-10-29 00:00:00+00:00,,,,
2023-10-29 08:00:00+00:00,,,,
2023-10-29 16:00:00+00:00,,,,
2023-10-30 00:00:00+00:00,0.902400016784668,0.9035000205039978,0.9020599722862244,0.903410017490387
2023-10-30 08:00:00+00:00,0.9033700227737427,0.9048600196838379,0.9007200002670288,0.901669979095459
2023-10-30 16:00:00+00:00,0.9017199873924255,0.9031000137329102,0.9007700085639954,0.9021000266075134
2023-10-31 00:00:00+00:00,0.9020599722862244,0.9031699895858765,0.901390016078949,0.9019799828529358
2023-10-31 08:00:00+00:00,0.9019299745559692,0.9100499749183655,0.9009100198745728,0.9100300073623657
2023-10-31 16:00:00+00:00,0.9099199771881104,0.9106000065803528,0.9078599810600281,0.9098700284957886
2023-11-01 00:00:00+00:00,0.9099900126457214,0.9107000231742859,0.9083600044250488,0.9092199802398682
2023-11-01 08:00:00+00:00,0.9092199802398682,0.9104099869728088,0.9069499969482422,0.9102799892425537
2023-11-01 16:00:00+00:00,0.9102500081062317,0.9112499952316284,0.9056100249290466,0.9056400060653687
2023-11-02 00:00:00+00:00,0.9055600166320801,0.9059299826622009,0.90242999792099,0.9043599963188171
2023-11-02 08:00:00+00:00,0.9043599963188171,0.906470000743866,0.9017300009727478,0.9061099886894226
2023-11-02 16:00:00+00:00,0.9061200022697449,0.9068700075149536,0.9046000242233276,0.9061499834060669
2023-11-03 00:00:00+00:00,0.9061200022697449,0.9061599969863892,0.9048799872398376,0.9059799909591675
2023-11-03 08:00:00+00:00,0.9059299826622009,0.9074000120162964,0.8979600071907043,0.8983500003814697
2023-11-03 16:00:00+00:00,0.8983799815177917,0.8995299935340881,0.8964800238609314,0.8987799882888794
2023-11-04 00:00:00+00:00,,,,
2023-11-04 08:00:00+00:00,,,,
2023-11-04 16:00:00+00:00,,,,
2023-11-05 00:00:00+00:00,,,,
2023-11-05 08:00:00+00:00,,,,
2023-11-05 16:00:00+00:00,,,,
2023-11-06 00:00:00+00:00,0.8991699814796448,0.899619996547699,0.8962900042533875,0.8979300260543823
2023-11-06 08:00:00+00:00,0.8979200124740601,0.8987900018692017,0.8953199982643127,0.8971899747848511
2023-11-06 16:00:00+00:00,0.8971899747848511,0.8995699882507324,0.8967099785804749,0.8992300033569336
2023-11-07 00:00:00+00:00,0.8992599844932556,0.9011600017547607,0.8986499905586243,0.9002000093460083
2023-11-07 08:00:00+00:00,0.9002500176429749,0.9016600251197815,0.8989800214767456,0.90038001537323
2023-11-07 16:00:00+00:00,0.9003199934959412,0.9018499851226807,0.8982499837875366,0.8999699950218201
2023-11-08 00:00:00+00:00,0.8999900221824646,0.9023799896240234,0.8998399972915649,0.9016100168228149
2023-11-08 08:00:00+00:00,0.9015700221061707,0.902400016784668,0.8981900215148926,0.8985599875450134
2023-11-08 16:00:00+00:00,0.8985599875450134,0.8999800086021423,0.8976399898529053,0.8990499973297119
2023-11-09 00:00:00+00:00,0.8990499973297119,0.9000200033187866,0.8986799716949463,0.8998200297355652
2023-11-09 08:00:00+00:00,0.8997799754142761,0.9016000032424927,0.899150013923645,0.8993300199508667
2023-11-09 16:00:00+00:00,0.8993300199508667,0.9041100144386292,0.8990700244903564,0.9031699895858765
2023-11-10 00:00:00+00:00,0.9031699895858765,0.9045900106430054,0.9029399752616882,0.9040200114250183
2023-11-10 08:00:00+00:00,0.904009997844696,0.9041100144386292,0.9001700282096863,0.9029899835586548
2023-11-10 16:00:00+00:00,0.9029300212860107,0.9038000106811523,0.9010099768638611,0.9014899730682373
2023-11-11 00:00:00+00:00,,,,
2023-11-11 08:00:00+00:00,,,,
2023-11-11 16:00:00+00:00,,,,
2023-11-12 00:00:00+00:00,,,,
2023-11-12 08:00:00+00:00,,,,
2023-11-12 16:00:00+00:00,,,,
2023-11-13 00:00:00+00:00,0.9019500017166138,0.9027000069618225,0.901199996471405,0.9016100168228149
2023-11-13 08:00:00+00:00,0.9016100168228149,0.9052199721336365,0.9010499715805054,0.9024900197982788
2023-11-13 16:00:00+00:00,0.90242999792099,0.9027699828147888,0.9004999995231628,0.9013000130653381
2023-11-14 00:00:00+00:00,0.9012799859046936,0.9026200175285339,0.9011200070381165,0.9015300273895264
2023-11-14 08:00:00+00:00,0.9015100002288818,0.9027199745178223,0.8914399743080139,0.8919900059700012
2023-11-14 16:00:00+00:00,0.8919900059700012,0.892300009727478,0.8877699971199036,0.8890299797058105
2023-11-15 00:00:00+00:00,0.8890299797058105,0.8902999758720398,0.8876799941062927,0.8877599835395813
2023-11-15 08:00:00+00:00,0.887719988822937,0.8893600106239319,0.8853800296783447,0.8861200213432312
2023-11-15 16:00:00+00:00,0.8861100077629089,0.8888300061225891,0.8859900236129761,0.8872699737548828
2023-11-16 00:00:00+00:00,0.8870800137519836,0.8888499736785889,0.8869199752807617,0.8885200023651123
2023-11-16 08:00:00+00:00,0.8885800242424011,0.8899999856948853,0.8853800296783447,0.8873100280761719
2023-11-16 16:00:00+00:00,0.8873599767684937,0.8891500234603882,0.8866400122642517,0.8884699940681458
2023-11-17 00:00:00+00:00,0.888480007648468,0.88919997215271,0.8880500197410583,0.8888700008392334
2023-11-17 08:00:00+00:00,0.8888499736785889,0.8894000053405762,0.8860700130462646,0.8862699866294861
2023-11-17 16:00:00+00:00,0.8863000273704529,0.8873299956321716,0.8849700093269348,0.8849999904632568
2023-11-18 00:00:00+00:00,,,,
2023-11-18 08:00:00+00:00,,,,
2023-11-18 16:00:00+00:00,,,,
2023-11-19 00:00:00+00:00,,,,
2023-11-19 08:00:00+00:00,,,,
2023-11-19 16:00:00+00:00,,,,
2023-11-20 00:00:00+00:00,0.8859400153160095,0.8865299820899963,0.8830000162124634,0.8844000101089478
2023-11-20 08:00:00+00:00,0.8844599723815918,0.8855000138282776,0.8825799822807312,0.8842700123786926
2023-11-20 16:00:00+00:00,0.8842099905014038,0.8851000070571899,0.8835300207138062,0.8843700289726257
2023-11-21 00:00:00+00:00,0.88441002368927,0.8844500184059143,0.8826500177383423,0.8836299777030945
2023-11-21 08:00:00+00:00,0.883620023727417,0.8845999836921692,0.8819100260734558,0.8825200200080872
2023-11-21 16:00:00+00:00,0.8824800252914429,0.8848400115966797,0.8819699883460999,0.8833799958229065
2023-11-22 00:00:00+00:00,0.8833299875259399,0.8845700025558472,0.8827900290489197,0.883650004863739
2023-11-22 08:00:00+00:00,0.8836699724197388,0.8874499797821045,0.8819800019264221,0.885699987411499
2023-11-22 16:00:00+00:00,0.8856899738311768,0.8863400220870972,0.8828700184822083,0.8840799927711487
2023-11-23 00:00:00+00:00,0.8841000199317932,0.8841000199317932,0.8822600245475769,0.8825200200080872
2023-11-23 08:00:00+00:00,0.8825200200080872,0.8849400281906128,0.8816699981689453,0.8833500146865845
2023-11-23 16:00:00+00:00,0.8833400011062622,0.8845999836921692,0.8823300004005432,0.8845099806785583
2023-11-24 00:00:00+00:00,0.8844900131225586,0.8848599791526794,0.882860004901886,0.884090006351471
2023-11-24 08:00:00+00:00,0.8840699791908264,0.884440004825592,0.8810499906539917,0.8817999958992004
2023-11-24 16:00:00+00:00,0.8818100094795227,0.8827199935913086,0.8804500102996826,0.881309986114502
2023-11-25 00:00:00+00:00,,,,
2023-11-25 08:00:00+00:00,,,,
2023-11-25 16:00:00+00:00,,,,
2023-11-26 00:00:00+00:00,,,,
2023-11-26 08:00:00+00:00,,,,
2023-11-26 16:00:00+00:00,,,,
2023-11-27 00:00:00+00:00,0.8821300268173218,0.8827999830245972,0.8800899982452393,0.8809900283813477
2023-11-27 08:00:00+00:00,0.8809599876403809,0.8817099928855896,0.8793299794197083,0.8809400200843811
2023-11-27 16:00:00+00:00,0.8808799982070923,0.8817399740219116,0.8793500065803528,0.8800100088119507
2023-11-28 00:00:00+00:00,0.8799399733543396,0.8809199929237366,0.8794999718666077,0.8807700276374817
2023-11-28 08:00:00+00:00,0.8807700276374817,0.8818899989128113,0.87704998254776,0.8783100247383118
2023-11-28 16:00:00+00:00,0.8782699704170227,0.8788999915122986,0.8760799765586853,0.8770700097084045
2023-11-29 00:00:00+00:00,0.87704998254776,0.8783900141716003,0.8756700158119202,0.8778700232505798
2023-11-29 08:00:00+00:00,0.8779000043869019,0.878059983253479,0.8731799721717834,0.8749399781227112
2023-11-29 16:00:00+00:00,0.8748800158500671,0.8758599758148193,0.871969997882843,0.8733000159263611
2023-11-30 00:00:00+00:00,0.8733100295066833,0.873989999294281,0.871649980545044,0.8729199767112732
2023-11-30 08:00:00+00:00,0.8729000091552734,0.8770800232887268,0.8683500289916992,0.8701300024986267
2023-11-30 16:00:00+00:00,0.8701199889183044,0.8765199780464172,0.8690900206565857,0.8747900128364563
2023-12-01 00:00:00+00:00,0.8746899962425232,0.8750699758529663,0.8734999895095825,0.8747299909591675
2023-12-01 08:00:00+00:00,0.8747400045394897,0.876829981803894,0.8721399903297424,0.8721799850463867
2023-12-01 16:00:00+00:00,0.872189998626709,0.8731799721717834,0.8678699731826782,0.8688300251960754
2023-12-02 00:00:00+00:00,,,,
2023-12-02 08:00:00+00:00,,,,
2023-12-02 16:00:00+00:00,,,,
2023-12-03 00:00:00+00:00,,,,
2023-12-03 08:00:00+00:00,,,,
2023-12-03 16:00:00+00:00,,,,
2023-12-04 00:00:00+00:00,0.8675299882888794,0.8755300045013428,0.8674899935722351,0.8750500082969666
2023-12-04 08:00:00+00:00,0.8750399947166443,0.8753200173377991,0.8711599707603455,0.8739100098609924
2023-12-04 16:00:00+00:00,0.8739200234413147,0.8743199706077576,0.8714799880981445,0.8725799918174744
2023-12-05 00:00:00+00:00,0.8725500106811523,0.8743699789047241,0.8713899850845337,0.8742600083351135
2023-12-05 08:00:00+00:00,0.874239981174469,0.8759999871253967,0.8725200295448303,0.8741000294685364
2023-12-05 16:00:00+00:00,0.8740599751472473,0.8766099810600281,0.8735499978065491,0.8750200271606445
2023-12-06 00:00:00+00:00,0.875029981136322,0.8756899833679199,0.8737800121307373,0.8740900158882141
2023-12-06 08:00:00+00:00,0.8741000294685364,0.875980019569397,0.8728500008583069,0.8735600113868713
2023-12-06 16:00:00+00:00,0.8735499978065491,0.8756999969482422,0.873009979724884,0.8745399713516235
2023-12-07 00:00:00+00:00,0.8745999932289124,0.8762199878692627,0.8737199902534485,0.8738300204277039
2023-12-07 08:00:00+00:00,0.8738899827003479,0.8782200217247009,0.8728600144386292,0.8765100240707397
2023-12-07 16:00:00+00:00,0.8765299916267395,0.8768500089645386,0.8727499842643738,0.8754500150680542
2023-12-08 00:00:00+00:00,0.8754100203514099,0.8763800263404846,0.8743299841880798,0.8760600090026855
2023-12-08 08:00:00+00:00,0.8760600090026855,0.8812599778175354,0.8740599751472473,0.8796700239181519
2023-12-08 16:00:00+00:00,0.8796899914741516,0.8820599913597107,0.8790799975395203,0.8798400163650513
2023-12-09 00:00:00+00:00,,,,
2023-12-09 08:00:00+00:00,,,,
2023-12-09 16:00:00+00:00,,,,
2023-12-10 00:00:00+00:00,,,,
2023-12-10 08:00:00+00:00,,,,
2023-12-10 16:00:00+00:00,,,,
2023-12-11 00:00:00+00:00,0.879580020904541,0.8805000185966492,0.8787400126457214,0.8803899884223938
2023-12-11 08:00:00+00:00,0.8803799748420715,0.8816099762916565,0.8784400224685669,0.8792499899864197
2023-12-11 16:00:00+00:00,0.8792300224304199,0.8801400065422058,0.8775399923324585,0.8782699704170227
2023-12-12 00:00:00+00:00,0.8782699704170227,0.8784000277519226,0.8754400014877319,0.8760300278663635
2023-12-12 08:00:00+00:00,0.876039981842041,0.8781800270080566,0.8721799850463867,0.8762099742889404
2023-12-12 16:00:00+00:00,0.8762000203132629,0.8765000104904175,0.873740017414093,0.8751199841499329
2023-12-13 00:00:00+00:00,0.8751099705696106,0.8766000270843506,0.8748999834060669,0.8753799796104431
2023-12-13 08:00:00+00:00,0.8753700256347656,0.8777899742126465,0.8748800158500671,0.8760799765586853
2023-12-13 16:00:00+00:00,0.8761299848556519,0.8780099749565125,0.8690000176429749,0.8709700107574463
2023-12-14 00:00:00+00:00,0.870959997177124,0.8719499707221985,0.8665099740028381,0.8715299963951111
2023-12-14 08:00:00+00:00,0.8715800046920776,0.8731899857521057,0.8653600215911865,0.8660200238227844
2023-12-14 16:00:00+00:00,0.8660299777984619,0.8676699995994568,0.8629800081253052,0.8670600056648254
2023-12-15 00:00:00+00:00,0.8670700192451477,0.8681399822235107,0.865149974822998,0.8670600056648254
2023-12-15 08:00:00+00:00,0.8670200109481812,0.8698499798774719,0.8656700253486633,0.8668400049209595
2023-12-15 16:00:00+00:00,0.8667899966239929,0.8711400032043457,0.8664100170135498,0.8694400191307068
2023-12-16 00:00:00+00:00,,,,
2023-12-16 08:00:00+00:00,,,,
2023-12-16 16:00:00+00:00,,,,
2023-12-17 00:00:00+00:00,,,,
2023-12-17 08:00:00+00:00,,,,
2023-12-17 16:00:00+00:00,,,,
2023-12-18 00:00:00+00:00,0.870639979839325,0.8711299896240234,0.8682000041007996,0.8683099746704102
2023-12-18 08:00:00+00:00,0.8683300018310547,0.8693100214004517,0.866599977016449,0.8680199980735779
2023-12-18 16:00:00+00:00,0.8680300116539001,0.8686500191688538,0.8663700222969055,0.8670600056648254
2023-12-19 00:00:00+00:00,0.8670899868011475,0.8677300214767456,0.8651000261306763,0.8659399747848511
2023-12-19 08:00:00+00:00,0.8659800291061401,0.8674700260162354,0.859250009059906,0.8597099781036377
2023-12-19 16:00:00+00:00,0.8597000241279602,0.8620100021362305,0.859250009059906,0.8606100082397461
2023-12-20 00:00:00+00:00,0.8606699705123901,0.8616499900817871,0.8601199984550476,0.8609200119972229
2023-12-20 08:00:00+00:00,0.8609300255775452,0.865090012550354,0.8604300022125244,0.8610100150108337
2023-12-20 16:00:00+00:00,0.8609899878501892,0.8640199899673462,0.8604699969291687,0.8626499772071838
2023-12-21 00:00:00+00:00,0.8626400232315063,0.8628000020980835,0.8611099720001221,0.8621799945831299
2023-12-21 08:00:00+00:00,0.8621900081634521,0.8632400035858154,0.856190025806427,0.8568099737167358
2023-12-21 16:00:00+00:00,0.8568099737167358,0.8589000105857849,0.8554999828338623,0.8562700152397156
2023-12-22 00:00:00+00:00,0.8562700152397156,0.8573099970817566,0.855679988861084,0.8564599752426147
2023-12-22 08:00:00+00:00,0.8564599752426147,0.8566300272941589,0.8513500094413757,0.8555099964141846
2023-12-22 16:00:00+00:00,0.8555099964141846,0.8573600053787231,0.8545899987220764,0.8546000123023987
2023-12-23 00:00:00+00:00,,,,
2023-12-23 08:00:00+00:00,,,,
2023-12-23 16:00:00+00:00,,,,
2023-12-24 00:00:00+00:00,,,,
2023-12-24 08:00:00+00:00,,,,
2023-12-24 16:00:00+00:00,,,,
2023-12-25 00:00:00+00:00,0.8560000061988831,0.8568999767303467,0.8543999791145325,0.8546000123023987
2023-12-25 08:00:00+00:00,,,,
2023-12-25 16:00:00+00:00,0.855400025844574,0.8561999797821045,0.8538900017738342,0.8559799790382385
2023-12-26 00:00:00+00:00,0.8560199737548828,0.8566399812698364,0.8543499708175659,0.8558499813079834
2023-12-26 08:00:00+00:00,0.8558499813079834,0.8579800128936768,0.8537499904632568,0.8553599715232849
2023-12-26 16:00:00+00:00,0.8553599715232849,0.8558200001716614,0.8527500033378601,0.8536999821662903
2023-12-27 00:00:00+00:00,0.8537399768829346,0.8549000024795532,0.852869987487793,0.854200005531311
2023-12-27 08:00:00+00:00,0.8542299866676331,0.8546199798583984,0.8459200263023376,0.8460800051689148
2023-12-27 16:00:00+00:00,0.8460699915885925,0.8461099863052368,0.8408300280570984,0.842490017414093
2023-12-28 00:00:00+00:00,0.8424699902534485,0.8424999713897705,0.8386399745941162,0.8393599987030029
2023-12-28 08:00:00+00:00,0.8393599987030029,0.8396700024604797,0.8332200050354004,0.8360999822616577
2023-12-28 16:00:00+00:00,0.836080014705658,0.8451600074768066,0.8360599875450134,0.8434900045394897
2023-12-29 00:00:00+00:00,0.8434699773788452,0.8435999751091003,0.8407599925994873,0.8413000106811523
2023-12-29 08:00:00+00:00,0.8412700295448303,0.8418300151824951,0.8356000185012817,0.841480016708374
2023-12-29 16:00:00+00:00,0.8414599895477295,0.8432400226593018,0.8389099836349487,0.8410900235176086
2023-12-30 00:00:00+00:00,,,,
2023-12-30 08:00:00+00:00,,,,
2023-12-30 16:00:00+00:00,,,,
2023-12-31 00:00:00+00:00,,,,
2023-12-31 08:00:00+00:00,,,,
2023-12-31 16:00:00+00:00,,,,
2024-01-01 00:00:00+00:00,,,,
2024-01-01 08:00:00+00:00,,,,
2024-01-01 16:00:00+00:00,0.839900016784668,0.8423500061035156,0.8385900259017944,0.8417199850082397
2024-01-02 00:00:00+00:00,0.8419600129127502,0.8461599946022034,0.8416799902915955,0.8461199998855591
2024-01-02 08:00:00+00:00,0.8461099863052368,0.8503599762916565,0.8438500165939331,0.8486999869346619
2024-01-02 16:00:00+00:00,0.8486999869346619,0.8506900072097778,0.8473799824714661,0.8500800132751465
2024-01-03 00:00:00+00:00,0.850059986114502,0.8518800139427185,0.8488900065422058,0.8498499989509583
2024-01-03 08:00:00+00:00,0.849839985370636,0.855430006980896,0.8491799831390381,0.8524900078773499
2024-01-03 16:00:00+00:00,0.8524799942970276,0.8531500101089478,0.8482000231742859,0.8491899967193604
2024-01-04 00:00:00+00:00,0.8492199778556824,0.8505899906158447,0.8476799726486206,0.8482999801635742
2024-01-04 08:00:00+00:00,0.8482800126075745,0.8528800010681152,0.8477299809455872,0.8496699929237366
2024-01-04 16:00:00+00:00,0.8496599793434143,0.8520500063896179,0.8486199975013733,0.8501999974250793
2024-01-05 00:00:00+00:00,0.8501999974250793,0.8523100018501282,0.8486800193786621,0.8516499996185303
2024-01-05 08:00:00+00:00,0.8515999913215637,0.8577100038528442,0.8454800248146057,0.8472099900245667
2024-01-05 16:00:00+00:00,0.8471900224685669,0.8507300019264221,0.8466200232505798,0.849399983882904
2024-01-06 00:00:00+00:00,,,,
2024-01-06 08:00:00+00:00,,,,
2024-01-06 16:00:00+00:00,,,,
2024-01-07 00:00:00+00:00,,,,
2024-01-07 08:00:00+00:00,,,,
2024-01-07 16:00:00+00:00,,,,
2024-01-08 00:00:00+00:00,0.8507300019264221,0.8521000146865845,0.8486599922180176,0.8500999808311462
2024-01-08 08:00:00+00:00,0.8500999808311462,0.8520600199699402,0.8461300134658813,0.8463199734687805
2024-01-08 16:00:00+00:00,0.846340000629425,0.848330020904541,0.845990002155304,0.8479999899864197
2024-01-09 00:00:00+00:00,0.8480299711227417,0.8486899733543396,0.8463900089263916,0.847540020942688
2024-01-09 08:00:00+00:00,0.8475499749183655,0.8524100184440613,0.8475000262260437,0.8522099852561951
2024-01-09 16:00:00+00:00,0.8522099852561951,0.8532000184059143,0.8509699702262878,0.852400004863739
2024-01-10 00:00:00+00:00,0.852400004863739,0.8535400032997131,0.8514099717140198,0.8522400259971619
2024-01-10 08:00:00+00:00,0.8522300124168396,0.8532400131225586,0.8507000207901001,0.8513000011444092
2024-01-10 16:00:00+00:00,0.8512799739837646,0.8522599935531616,0.8500900268554688,0.8505300283432007
2024-01-11 00:00:00+00:00,0.8504999876022339,0.8506699800491333,0.8490300178527832,0.8503000140190125
2024-01-11 08:00:00+00:00,0.8502600193023682,0.8564599752426147,0.8485000133514404,0.8546199798583984
2024-01-11 16:00:00+00:00,0.854640007019043,0.8566200137138367,0.850820004940033,0.8510299921035767
2024-01-12 00:00:00+00:00,0.8510299921035767,0.853600025177002,0.8510199785232544,0.8530700206756592
2024-01-12 08:00:00+00:00,0.8530099987983704,0.8550800085067749,0.848800003528595,0.8509299755096436
2024-01-12 16:00:00+00:00,0.8509399890899658,0.8536199927330017,0.8505899906158447,0.8517100214958191
2024-01-13 00:00:00+00:00,,,,
2024-01-13 08:00:00+00:00,,,,
2024-01-13 16:00:00+00:00,,,,
2024-01-14 00:00:00+00:00,,,,
2024-01-14 08:00:00+00:00,,,,
2024-01-14 16:00:00+00:00,,,,
2024-01-15 00:00:00+00:00,0.853410005569458,0.8543000221252441,0.8521900177001953,0.8541100025177002
2024-01-15 08:00:00+00:00,0.8541100025177002,0.8557500243186951,0.8521599769592285,0.8550800085067749
2024-01-15 16:00:00+00:00,0.8551099896430969,0.8562099933624268,0.8545100092887878,0.8558899760246277
2024-01-16 00:00:00+00:00,0.8560100197792053,0.860450029373169,0.8558400273323059,0.8592000007629395
2024-01-16 08:00:00+00:00,0.8591899871826172,0.8616099953651428,0.8582900166511536,0.8592600226402283
2024-01-16 16:00:00+00:00,0.8592000007629395,0.8619499802589417,0.8591099977493286,0.8614599704742432
2024-01-17 00:00:00+00:00,0.86149001121521,0.8632199764251709,0.860729992389679,0.8624500036239624
2024-01-17 08:00:00+00:00,0.8624399900436401,0.8685200214385986,0.8607199788093567,0.868120014667511
2024-01-17 16:00:00+00:00,0.868120014667511,0.868179976940155,0.863789975643158,0.8643699884414673
2024-01-18 00:00:00+00:00,0.8643100261688232,0.8651000261306763,0.8632699847221375,0.8646000027656555
2024-01-18 08:00:00+00:00,0.8645700216293335,0.8690000176429749,0.8639199733734131,0.8688799738883972
2024-01-18 16:00:00+00:00,0.8688300251960754,0.8694000244140625,0.8671500086784363,0.8680300116539001
2024-01-19 00:00:00+00:00,0.8680199980735779,0.8692700266838074,0.867609977722168,0.8682000041007996
2024-01-19 08:00:00+00:00,0.868179976940155,0.8704400062561035,0.8677600026130676,0.868910014629364
2024-01-19 16:00:00+00:00,0.8689000010490417,0.8701300024986267,0.8676400184631348,0.8676499724388123
2024-01-20 00:00:00+00:00,,,,
2024-01-20 08:00:00+00:00,,,,
2024-01-20 16:00:00+00:00,,,,
2024-01-21 00:00:00+00:00,,,,
2024-01-21 08:00:00+00:00,,,,
2024-01-21 16:00:00+00:00,,,,
2024-01-22 00:00:00+00:00,0.8685100078582764,0.8690500259399414,0.8676000237464905,0.8687999844551086
2024-01-22 08:00:00+00:00,0.8687899708747864,0.8695300221443176,0.8665500283241272,0.8691499829292297
2024-01-22 16:00:00+00:00,0.8691700100898743,0.8700500130653381,0.8681100010871887,0.8690500259399414
2024-01-23 00:00:00+00:00,0.869159996509552,0.8694000244140625,0.8649600148200989,0.8666999936103821
2024-01-23 08:00:00+00:00,0.8666599988937378,0.8727899789810181,0.8664399981498718,0.8714799880981445
2024-01-23 16:00:00+00:00,0.871429979801178,0.8721100091934204,0.869159996509552,0.869629979133606
2024-01-24 00:00:00+00:00,0.8696699738502502,0.8699399828910828,0.8674899935722351,0.8678900003433228
2024-01-24 08:00:00+00:00,0.8679199814796448,0.8680700063705444,0.8606100082397461,0.8631700277328491
2024-01-24 16:00:00+00:00,0.8631500005722046,0.8644800186157227,0.8619899749755859,0.8629999756813049
2024-01-25 00:00:00+00:00,0.8630599975585938,0.8649100065231323,0.8625800013542175,0.8630499839782715
2024-01-25 08:00:00+00:00,0.8630399703979492,0.8679699897766113,0.8627499938011169,0.8677700161933899
2024-01-25 16:00:00+00:00,0.8678100109100342,0.8684700131416321,0.8659399747848511,0.8669800162315369
2024-01-26 00:00:00+00:00,0.8671000003814697,0.8685100078582764,0.8663300275802612,0.8678699731826782
2024-01-26 08:00:00+00:00,0.8678500056266785,0.8679400086402893,0.8615700006484985,0.8630200028419495
2024-01-26 16:00:00+00:00,0.8630099892616272,0.8648999929428101,0.8628600239753723,0.8636400103569031
2024-01-27 00:00:00+00:00,,,,
2024-01-27 08:00:00+00:00,,,,
2024-01-27 16:00:00+00:00,,,,
2024-01-28 00:00:00+00:00,,,,
2024-01-28 08:00:00+00:00,,,,
2024-01-28 16:00:00+00:00,,,,
2024-01-29 00:00:00+00:00,0.864300012588501,0.8644300103187561,0.8616399765014648,0.8624399900436401
2024-01-29 08:00:00+00:00,0.8623999953269958,0.8649299740791321,0.8606699705123901,0.8638100028038025
2024-01-29 16:00:00+00:00,0.8638299703598022,0.8645600080490112,0.8604599833488464,0.8613700270652771
2024-01-30 00:00:00+00:00,0.8613700270652771,0.8622400164604187,0.8609700202941895,0.8612599968910217
2024-01-30 08:00:00+00:00,0.8612599968910217,0.864300012588501,0.8605899810791016,0.8634300231933594
2024-01-30 16:00:00+00:00,0.8634799718856812,0.8637099862098694,0.8609700202941895,0.86176997423172
2024-01-31 00:00:00+00:00,0.86176997423172,0.8640000224113464,0.86149001121521,0.8636699914932251
2024-01-31 08:00:00+00:00,0.8636299967765808,0.8643400073051453,0.8550400137901306,0.8579999804496765
2024-01-31 16:00:00+00:00,0.857990026473999,0.8643500208854675,0.857479989528656,0.8623700141906738
2024-02-01 00:00:00+00:00,0.8623800277709961,0.8649399876594543,0.861810028553009,0.8640099763870239
2024-02-01 08:00:00+00:00,0.8640000224113464,0.8646600246429443,0.861020028591156,0.8615099787712097
2024-02-01 16:00:00+00:00,0.8615400195121765,0.8615400195121765,0.8562899827957153,0.8575800061225891
2024-02-02 00:00:00+00:00,0.8575900197029114,0.8578000068664551,0.8564599752426147,0.8574900031089783
2024-02-02 08:00:00+00:00,0.857420027256012,0.8664399981498718,0.8552799820899963,0.8655099868774414
2024-02-02 16:00:00+00:00,0.8654999732971191,0.8680599927902222,0.8650100231170654,0.8666399717330933
2024-02-03 00:00:00+00:00,,,,
2024-02-03 08:00:00+00:00,,,,
2024-02-03 16:00:00+00:00,,,,
2024-02-04 00:00:00+00:00,,,,
2024-02-04 08:00:00+00:00,,,,
2024-02-04 16:00:00+00:00,,,,
2024-02-05 00:00:00+00:00,0.8670200109481812,0.8687000274658203,0.8667399883270264,0.8678299784660339
2024-02-05 08:00:00+00:00,0.8678299784660339,0.8716800212860107,0.8670099973678589,0.8714600205421448
2024-02-05 16:00:00+00:00,0.8714699745178223,0.8718600273132324,0.8694999814033508,0.8707200288772583
2024-02-06 00:00:00+00:00,0.8707200288772583,0.8708400130271912,0.8689699769020081,0.8697900176048279
2024-02-06 08:00:00+00:00,0.8698199987411499,0.8741099834442139,0.8696799874305725,0.8704599738121033
2024-02-06 16:00:00+00:00,0.8704500198364258,0.8712599873542786,0.8685899972915649,0.8695700168609619
2024-02-07 00:00:00+00:00,0.8695200085639954,0.8700900077819824,0.8687899708747864,0.8695600032806396
2024-02-07 08:00:00+00:00,0.8695600032806396,0.8729900121688843,0.8694700002670288,0.8717600107192993
2024-02-07 16:00:00+00:00,0.8717600107192993,0.8753499984741211,0.8715699911117554,0.8741099834442139
2024-02-08 00:00:00+00:00,0.8741000294685364,0.8742200136184692,0.8723999857902527,0.8732100129127502
2024-02-08 08:00:00+00:00,0.8732399940490723,0.8760799765586853,0.8723800182342529,0.8745899796485901
2024-02-08 16:00:00+00:00,0.8745999932289124,0.8748400211334229,0.8725799918174744,0.8734599947929382
2024-02-09 00:00:00+00:00,0.8734099864959717,0.8749300241470337,0.8732100129127502,0.8745899796485901
2024-02-09 08:00:00+00:00,0.8745499849319458,0.8762099742889404,0.8730700016021729,0.874970018863678
2024-02-09 16:00:00+00:00,0.8749499917030334,0.8755599856376648,0.8740100264549255,0.8740100264549255
2024-02-10 00:00:00+00:00,,,,
2024-02-10 08:00:00+00:00,,,,
2024-02-10 16:00:00+00:00,,,,
2024-02-11 00:00:00+00:00,,,,
2024-02-11 08:00:00+00:00,,,,
2024-02-11 16:00:00+00:00,,,,
2024-02-12 00:00:00+00:00,0.8742200136184692,0.8747699856758118,0.8726199865341187,0.8728799819946289
2024-02-12 08:00:00+00:00,0.8728700280189514,0.8773000240325928,0.8728700280189514,0.8761799931526184
2024-02-12 16:00:00+00:00,0.8761600255966187,0.8763999938964844,0.8742200136184692,0.8758599758148193
2024-02-13 00:00:00+00:00,0.8758000135421753,0.8806099891662598,0.8755000233650208,0.8797600269317627
2024-02-13 08:00:00+00:00,0.8797299861907959,0.8875100016593933,0.8769400119781494,0.8864200115203857
2024-02-13 16:00:00+00:00,0.8863999843597412,0.8881000280380249,0.8859500288963318,0.887470006942749
2024-02-14 00:00:00+00:00,0.8874300122261047,0.8875300288200378,0.885670006275177,0.8866999745368958
2024-02-14 08:00:00+00:00,0.8866599798202515,0.8885700106620789,0.8856599926948547,0.8863800168037415
2024-02-14 16:00:00+00:00,0.8863800168037415,0.8864099979400635,0.8844000101089478,0.8852300047874451
2024-02-15 00:00:00+00:00,0.8851699829101562,0.8858199715614319,0.8831999897956848,0.8838300108909607
2024-02-15 08:00:00+00:00,0.8838599920272827,0.8844000101089478,0.878250002861023,0.8802300095558167
2024-02-15 16:00:00+00:00,0.8802899718284607,0.8814100027084351,0.8788899779319763,0.879830002784729
2024-02-16 00:00:00+00:00,0.8798800110816956,0.8815500140190125,0.8797500133514404,0.8815100193023682
2024-02-16 08:00:00+00:00,0.8815000057220459,0.8839200139045715,0.8801299929618835,0.8808900117874146
2024-02-16 16:00:00+00:00,0.8808599710464478,0.882319986820221,0.8797399997711182,0.8798999786376953
2024-02-17 00:00:00+00:00,,,,
2024-02-17 08:00:00+00:00,,,,
2024-02-17 16:00:00+00:00,,,,
2024-02-18 00:00:00+00:00,,,,
2024-02-18 08:00:00+00:00,,,,
2024-02-18 16:00:00+00:00,,,,
2024-02-19 00:00:00+00:00,0.8807200193405151,0.8816400170326233,0.8796399831771851,0.8813400268554688
2024-02-19 08:00:00+00:00,0.8813499808311462,0.882099986076355,0.8799099922180176,0.8819599747657776
2024-02-19 16:00:00+00:00,0.8819800019264221,0.8829500079154968,0.8813199996948242,0.8827000260353088
2024-02-20 00:00:00+00:00,0.8827700018882751,0.883430004119873,0.8824700117111206,0.8834099769592285
2024-02-20 08:00:00+00:00,0.8833799958229065,0.8837800025939941,0.8785200119018555,0.8799899816513062
2024-02-20 16:00:00+00:00,0.8799499869346619,0.8821099996566772,0.8798699975013733,0.8818399906158447
2024-02-21 00:00:00+00:00,0.881879985332489,0.8820099830627441,0.8804299831390381,0.8810700178146362
2024-02-21 08:00:00+00:00,0.881060004234314,0.8818399906158447,0.8792399764060974,0.8808199763298035
2024-02-21 16:00:00+00:00,0.8808299899101257,0.8812000155448914,0.8784400224685669,0.8791599869728088
2024-02-22 00:00:00+00:00,0.8791400194168091,0.8794400095939636,0.8750100135803223,0.8759899735450745
2024-02-22 08:00:00+00:00,0.876039981842041,0.8820000290870667,0.874180018901825,0.8819000124931335
2024-02-22 16:00:00+00:00,0.881850004196167,0.8821200132369995,0.8794699907302856,0.8801000118255615
2024-02-23 00:00:00+00:00,0.8800299763679504,0.8809999823570251,0.8797799944877625,0.8804600238800049
2024-02-23 08:00:00+00:00,0.8804799914360046,0.8819500207901001,0.8780800104141235,0.8809499740600586
2024-02-23 16:00:00+00:00,0.8809599876403809,0.8817999958992004,0.8802199959754944,0.8805999755859375
2024-02-24 00:00:00+00:00,,,,
2024-02-24 08:00:00+00:00,,,,
2024-02-24 16:00:00+00:00,,,,
2024-02-25 00:00:00+00:00,,,,
2024-02-25 08:00:00+00:00,,,,
2024-02-25 16:00:00+00:00,,,,
2024-02-26 00:00:00+00:00,0.8812500238418579,0.8822100162506104,0.880299985408783,0.88059002161026
2024-02-26 08:00:00+00:00,0.8806300163269043,0.8813999891281128,0.8787500262260437,0.8805199861526489
2024-02-26 16:00:00+00:00,0.8805800080299377,0.8812999725341797,0.8788599967956543,0.8800100088119507
2024-02-27 00:00:00+00:00,0.880050003528595,0.8806999921798706,0.8784099817276001,0.8789200186729431
2024-02-27 08:00:00+00:00,0.8789799809455872,0.881060004234314,0.8784599900245667,0.8792700171470642
2024-02-27 16:00:00+00:00,0.8792799711227417,0.8802099823951721,0.8777599930763245,0.8789600133895874
2024-02-28 00:00:00+00:00,0.8789799809455872,0.8813599944114685,0.8788599967956543,0.8807399868965149
2024-02-28 08:00:00+00:00,0.8807600140571594,0.8815600275993347,0.8791499733924866,0.8800299763679504
2024-02-28 16:00:00+00:00,0.8800399899482727,0.8801699876785278,0.8779500126838684,0.8786900043487549
2024-02-29 00:00:00+00:00,0.8787099719047546,0.8793500065803528,0.8779900074005127,0.8790500164031982
2024-02-29 08:00:00+00:00,0.8789799809455872,0.8809999823570251,0.8778899908065796,0.880620002746582
2024-02-29 16:00:00+00:00,0.880620002746582,0.8848999738693237,0.8801800012588501,0.8845300078392029
2024-03-01 00:00:00+00:00,0.8844199776649475,0.8862500190734863,0.883899986743927,0.886139988899231
2024-03-01 08:00:00+00:00,0.886139988899231,0.8892599940299988,0.88441002368927,0.8849899768829346
2024-03-01 16:00:00+00:00,0.8849899768829346,0.8853999972343445,0.8824999928474426,0.8824999928474426
2024-03-02 00:00:00+00:00,,,,
2024-03-02 08:00:00+00:00,,,,
2024-03-02 16:00:00+00:00,,,,
2024-03-03 00:00:00+00:00,,,,
2024-03-03 08:00:00+00:00,,,,
2024-03-03 16:00:00+00:00,,,,
2024-03-04 00:00:00+00:00,0.8833699822425842,0.8838199973106384,0.8805199861526489,0.8809000253677368
2024-03-04 08:00:00+00:00,0.8809000253677368,0.8864099979400635,0.8808599710464478,0.8847299814224243
2024-03-04 16:00:00+00:00,0.8847299814224243,0.8852999806404114,0.8837599754333496,0.8851799964904785
2024-03-05 00:00:00+00:00,0.8852199912071228,0.8865299820899963,0.8848599791526794,0.8858100175857544
2024-03-05 08:00:00+00:00,0.8858199715614319,0.8866299986839294,0.8824999928474426,0.8826299905776978
2024-03-05 16:00:00+00:00,0.8826599717140198,0.8841000199317932,0.8824800252914429,0.8835600018501282
2024-03-06 00:00:00+00:00,0.8835700154304504,0.8852499723434448,0.8835399746894836,0.8841800093650818
2024-03-06 08:00:00+00:00,0.8841999769210815,0.8855800032615662,0.8813899755477905,0.881820023059845
2024-03-06 16:00:00+00:00,0.881820023059845,0.8826199769973755,0.8803899884223938,0.8820499777793884
2024-03-07 00:00:00+00:00,0.8820000290870667,0.8823300004005432,0.8807399868965149,0.8816499710083008
2024-03-07 08:00:00+00:00,0.8816499710083008,0.8819800019264221,0.8783400058746338,0.8789600133895874
2024-03-07 16:00:00+00:00,0.8789299726486206,0.8790799975395203,0.8765000104904175,0.8772799968719482
2024-03-08 00:00:00+00:00,0.877240002155304,0.8777999877929688,0.8766400218009949,0.8773000240325928
2024-03-08 08:00:00+00:00,0.8772799968719482,0.8782399892807007,0.8729299902915955,0.8752700090408325
2024-03-08 16:00:00+00:00,0.8752599954605103,0.8779000043869019,0.875190019607544,0.8766899704933167
2024-03-09 00:00:00+00:00,,,,
2024-03-09 08:00:00+00:00,,,,
2024-03-09 16:00:00+00:00,,,,
2024-03-10 00:00:00+00:00,,,,
2024-03-10 08:00:00+00:00,,,,
2024-03-10 16:00:00+00:00,,,,
2024-03-11 00:00:00+00:00,0.8775299787521362,0.878000020980835,0.8758100271224976,0.8759300112724304
2024-03-11 08:00:00+00:00,0.8759099841117859,0.8794800043106079,0.8754500150680542,0.8783000111579895
2024-03-11 16:00:00+00:00,0.878250002861023,0.8788099884986877,0.8766400218009949,0.8772600293159485
2024-03-12 00:00:00+00:00,0.8772900104522705,0.8776000142097473,0.8764399886131287,0.8767200112342834
2024-03-12 08:00:00+00:00,0.8767499923706055,0.8794999718666077,0.8746700286865234,0.878250002861023
2024-03-12 16:00:00+00:00,0.8781899809837341,0.8786500096321106,0.8762900233268738,0.8773900270462036
2024-03-13 00:00:00+00:00,0.8773900270462036,0.8783000111579895,0.8772199749946594,0.8778499960899353
2024-03-13 08:00:00+00:00,0.877780020236969,0.8788700103759766,0.876579999923706,0.8779900074005127
2024-03-13 16:00:00+00:00,0.8780099749565125,0.8789499998092651,0.8768200278282166,0.8783599734306335
2024-03-14 00:00:00+00:00,0.8783199787139893,0.8801000118255615,0.8781499862670898,0.8799999952316284
2024-03-14 08:00:00+00:00,0.8799700140953064,0.8838300108909607,0.8781599998474121,0.883430004119873
2024-03-14 16:00:00+00:00,0.8833799958229065,0.8843700289726257,0.8824800252914429,0.8842700123786926
2024-03-15 00:00:00+00:00,0.8842599987983704,0.8850499987602234,0.8840500116348267,0.8848999738693237
2024-03-15 08:00:00+00:00,0.884909987449646,0.8852999806404114,0.881879985332489,0.8836299777030945
2024-03-15 16:00:00+00:00,0.8836299777030945,0.8845300078392029,0.8828499913215637,0.8831999897956848
2024-03-16 00:00:00+00:00,,,,
2024-03-16 08:00:00+00:00,,,,
2024-03-16 16:00:00+00:00,,,,
2024-03-17 00:00:00+00:00,,,,
2024-03-17 08:00:00+00:00,,,,
2024-03-17 16:00:00+00:00,,,,
2024-03-18 00:00:00+00:00,0.8835200071334839,0.8841500282287598,0.8827400207519531,0.8839700222015381
2024-03-18 08:00:00+00:00,0.8839799761772156,0.8863999843597412,0.8821200132369995,0.886210024356842
2024-03-18 16:00:00+00:00,0.8861600160598755,0.8884599804878235,0.8860800266265869,0.8874599933624268
2024-03-19 00:00:00+00:00,0.8875399827957153,0.8895000219345093,0.8874199986457825,0.8893799781799316
2024-03-19 08:00:00+00:00,0.8894100189208984,0.8898500204086304,0.886680006980896,0.8881400227546692
2024-03-19 16:00:00+00:00,0.8881700038909912,0.8885999917984009,0.8867599964141846,0.8885700106620789
2024-03-20 00:00:00+00:00,0.8885800242424011,0.8898100256919861,0.8884299993515015,0.889769971370697
2024-03-20 08:00:00+00:00,0.8898000121116638,0.8919000029563904,0.8895699977874756,0.8911399841308594
2024-03-20 16:00:00+00:00,0.8911399841308594,0.8916400074958801,0.8853800296783447,0.8855800032615662
2024-03-21 00:00:00+00:00,0.8855599761009216,0.8859300017356873,0.8838899731636047,0.8852900266647339
2024-03-21 08:00:00+00:00,0.8853099942207336,0.8992800116539001,0.8852999806404114,0.8992499709129333
2024-03-21 16:00:00+00:00,0.8992499709129333,0.899399995803833,0.8968799710273743,0.8977699875831604
2024-03-22 00:00:00+00:00,0.8976899981498718,0.8995800018310547,0.8969699740409851,0.8992499709129333
2024-03-22 08:00:00+00:00,0.8992499709129333,0.9020299911499023,0.8968799710273743,0.8983200192451477
2024-03-22 16:00:00+00:00,0.8983299732208252,0.8990100026130676,0.8965100049972534,0.8967000246047974
2024-03-23 00:00:00+00:00,,,,
2024-03-23 08:00:00+00:00,,,,
2024-03-23 16:00:00+00:00,,,,
2024-03-24 00:00:00+00:00,,,,
2024-03-24 08:00:00+00:00,,,,
2024-03-24 16:00:00+00:00,,,,
2024-03-25 00:00:00+00:00,0.8976399898529053,0.8984100222587585,0.8969299793243408,0.8980500102043152
2024-03-25 08:00:00+00:00,0.8980600237846375,0.8986899852752686,0.8968600034713745,0.8982999920845032
2024-03-25 16:00:00+00:00,0.8983100056648254,0.8998299837112427,0.8980600237846375,0.8995400071144104
2024-03-26 00:00:00+00:00,0.8995500206947327,0.9009000062942505,0.8990300297737122,0.9007999897003174
2024-03-26 08:00:00+00:00,0.9007599949836731,0.9043300151824951,0.9001100063323975,0.9027400016784668
2024-03-26 16:00:00+00:00,0.9027100205421448,0.9041299819946289,0.9024800062179565,0.9036099910736084
2024-03-27 00:00:00+00:00,0.9036800265312195,0.9056000113487244,0.9032400250434875,0.9053800106048584
2024-03-27 08:00:00+00:00,0.9053300023078918,0.9071499705314636,0.9037600159645081,0.9055799841880798
2024-03-27 16:00:00+00:00,0.9055500030517578,0.906000018119812,0.9028000235557556,0.9056299924850464
2024-03-28 00:00:00+00:00,0.9056000113487244,0.906470000743866,0.9043099880218506,0.9055600166320801
2024-03-28 08:00:00+00:00,0.9055699706077576,0.9064099788665771,0.9004700183868408,0.9006199836730957
2024-03-28 16:00:00+00:00,0.900629997253418,0.9023000001907349,0.8997200131416321,0.9010999798774719
2024-03-29 00:00:00+00:00,0.9011200070381165,0.9028000235557556,0.9002199769020081,0.9015899896621704
2024-03-29 08:00:00+00:00,0.9016100168228149,0.9021099805831909,0.9003499746322632,0.9017199873924255
2024-03-29 16:00:00+00:00,0.9016500115394592,0.9025300145149231,0.9005399942398071,0.9016299843788147
2024-03-30 00:00:00+00:00,,,,
2024-03-30 08:00:00+00:00,,,,
2024-03-30 16:00:00+00:00,,,,
2024-03-31 00:00:00+00:00,,,,
2024-03-31 08:00:00+00:00,,,,
2024-03-31 16:00:00+00:00,0.902180016040802,0.9023200273513794,0.9016600251197815,0.9019700288772583
2024-04-01 00:00:00+00:00,0.9019700288772583,0.902400016784668,0.9009900093078613,0.9010800123214722
2024-04-01 08:00:00+00:00,0.9011200070381165,0.9056100249290466,0.9004899859428406,0.9055200219154358
2024-04-01 16:00:00+00:00,0.9054800271987915,0.9057000279426575,0.9032300114631653,0.9050499796867371
2024-04-02 00:00:00+00:00,0.9050499796867371,0.90829998254776,0.9049699902534485,0.9076799750328064
2024-04-02 08:00:00+00:00,0.9077100157737732,0.9090999960899353,0.9053000211715698,0.9071300029754639
2024-04-02 16:00:00+00:00,0.9070900082588196,0.9087299704551697,0.9066699743270874,0.9077699780464172
2024-04-03 00:00:00+00:00,0.9077900052070618,0.909529983997345,0.9076499938964844,0.9084699749946594
2024-04-03 08:00:00+00:00,0.9085000157356262,0.909250020980835,0.9032999873161316,0.9038500189781189
2024-04-03 16:00:00+00:00,0.9038100242614746,0.9048399925231934,0.9022700190544128,0.9029300212860107
2024-04-04 00:00:00+00:00,0.9029200077056885,0.9074400067329407,0.9026299715042114,0.9066500067710876
2024-04-04 08:00:00+00:00,0.9066799879074097,0.9075000286102295,0.9037899971008301,0.9049500226974487
2024-04-04 16:00:00+00:00,0.9049199819564819,0.9050300121307373,0.8999999761581421,0.9015100002288818
2024-04-05 00:00:00+00:00,0.9015200138092041,0.9044100046157837,0.901170015335083,0.9041699767112732
2024-04-05 08:00:00+00:00,0.9041200280189514,0.9070799946784973,0.8997399806976318,0.9005600214004517
2024-04-05 16:00:00+00:00,0.9005399942398071,0.9026299715042114,0.9002699851989746,0.9016100168228149
2024-04-06 00:00:00+00:00,,,,
2024-04-06 08:00:00+00:00,,,,
2024-04-06 16:00:00+00:00,,,,
2024-04-07 00:00:00+00:00,,,,
2024-04-07 08:00:00+00:00,,,,
2024-04-07 16:00:00+00:00,0.9035000205039978,0.9035500288009644,0.9028000235557556,0.9031999707221985
2024-04-08 00:00:00+00:00,0.9031999707221985,0.9048500061035156,0.9023299813270569,0.9046900272369385
2024-04-08 08:00:00+00:00,0.9046900272369385,0.9065600037574768,0.9039599895477295,0.9052000045776367
2024-04-08 16:00:00+00:00,0.9051399827003479,0.9059399962425232,0.9036099910736084,0.905019998550415
2024-04-09 00:00:00+00:00,0.9050099849700928,0.9056299924850464,0.9040200114250183,0.9050099849700928
2024-04-09 08:00:00+00:00,0.904990017414093,0.9052000045776367,0.9012399911880493,0.9032099843025208
2024-04-09 16:00:00+00:00,0.9032400250434875,0.9041299819946289,0.9023000001907349,0.9030699729919434
2024-04-10 00:00:00+00:00,0.9030699729919434,0.9042999744415283,0.9028800129890442,0.9038299918174744
2024-04-10 08:00:00+00:00,0.9037899971008301,0.9131199717521667,0.9023200273513794,0.9128199815750122
2024-04-10 16:00:00+00:00,0.9127100110054016,0.9147499799728394,0.9114199876785278,0.9131699800491333
2024-04-11 00:00:00+00:00,0.9131799936294556,0.9146599769592285,0.9122700095176697,0.9137399792671204
2024-04-11 08:00:00+00:00,0.9137399792671204,0.9140499830245972,0.9073799848556519,0.9107900261878967
2024-04-11 16:00:00+00:00,0.9107499718666077,0.9111400246620178,0.9085900187492371,0.9097899794578552
2024-04-12 00:00:00+00:00,0.9097999930381775,0.9128199815750122,0.9093199968338013,0.9123299717903137
2024-04-12 08:00:00+00:00,0.912310004234314,0.9137099981307983,0.9103099703788757,0.9120299816131592
2024-04-12 16:00:00+00:00,0.9120500087738037,0.9145399928092957,0.9115999937057495,0.9138500094413757
2024-04-13 00:00:00+00:00,,,,
2024-04-13 08:00:00+00:00,,,,
2024-04-13 16:00:00+00:00,,,,
2024-04-14 00:00:00+00:00,,,,
2024-04-14 08:00:00+00:00,,,,
2024-04-14 16:00:00+00:00,0.9132300019264221,0.9140499830245972,0.9131699800491333,0.9137300252914429
2024-04-15 00:00:00+00:00,0.9137300252914429,0.9147999882698059,0.9124900102615356,0.9128100275993347
2024-04-15 08:00:00+00:00,0.9128000140190125,0.9151999950408936,0.9121099710464478,0.9137600064277649
2024-04-15 16:00:00+00:00,0.9137399792671204,0.9138699769973755,0.9107400178909302,0.9118899703025818
2024-04-16 00:00:00+00:00,0.9119099974632263,0.9142000079154968,0.9117000102996826,0.9118300080299377
2024-04-16 08:00:00+00:00,0.911870002746582,0.9137300252914429,0.9110999703407288,0.9127699732780457
2024-04-16 16:00:00+00:00,0.9128100275993347,0.9139999747276306,0.9118099808692932,0.9126399755477905
2024-04-17 00:00:00+00:00,0.9126099944114685,0.9132400155067444,0.9099100232124329,0.9106799960136414
2024-04-17 08:00:00+00:00,0.9106799960136414,0.9131399989128113,0.9093199968338013,0.9121099710464478
2024-04-17 16:00:00+00:00,0.9121000170707703,0.9122700095176697,0.909529983997345,0.9106400012969971
2024-04-18 00:00:00+00:00,0.9105899930000305,0.9109799861907959,0.9087200164794922,0.909089982509613
2024-04-18 08:00:00+00:00,0.9090700149536133,0.9122099876403809,0.9080600142478943,0.9114699959754944
2024-04-18 16:00:00+00:00,0.9114800095558167,0.913100004196167,0.911109983921051,0.9124299883842468
2024-04-19 00:00:00+00:00,0.9124600291252136,0.9126799702644348,0.9010199904441833,0.908240020275116
2024-04-19 08:00:00+00:00,0.908240020275116,0.9096099734306335,0.9069600105285645,0.9091799855232239
2024-04-19 16:00:00+00:00,0.9091500043869019,0.9106400012969971,0.9090499877929688,0.9095500111579895
2024-04-20 00:00:00+00:00,,,,
2024-04-20 08:00:00+00:00,,,,
2024-04-20 16:00:00+00:00,,,,
2024-04-21 00:00:00+00:00,,,,
2024-04-21 08:00:00+00:00,,,,
2024-04-21 16:00:00+00:00,0.9107199907302856,0.911300003528595,0.9104800224304199,0.9112100005149841
2024-04-22 00:00:00+00:00,0.9111599922180176,0.9122999906539917,0.9101300239562988,0.9103699922561646
2024-04-22 08:00:00+00:00,0.9103800058364868,0.9123799800872803,0.9097899794578552,0.9118899703025818
2024-04-22 16:00:00+00:00,0.9118800163269043,0.9122400283813477,0.9106699824333191,0.9118499755859375
2024-04-23 00:00:00+00:00,0.9118499755859375,0.9129999876022339,0.9099000096321106,0.910860002040863
2024-04-23 08:00:00+00:00,0.9108499884605408,0.9125000238418579,0.9086400270462036,0.9116799831390381
2024-04-23 16:00:00+00:00,0.9117000102996826,0.9122099876403809,0.9105499982833862,0.9117199778556824
2024-04-24 00:00:00+00:00,0.9117299914360046,0.9147199988365173,0.911300003528595,0.9141499996185303
2024-04-24 08:00:00+00:00,0.9141499996185303,0.9153199791908264,0.9119899868965149,0.9140999913215637
2024-04-24 16:00:00+00:00,0.9141299724578857,0.9152399897575378,0.9130799770355225,0.9144300222396851
2024-04-25 00:00:00+00:00,0.9144099950790405,0.9148399829864502,0.9126899838447571,0.9132099747657776
2024-04-25 08:00:00+00:00,0.9132099747657776,0.9156799912452698,0.9118300080299377,0.9133999943733215
2024-04-25 16:00:00+00:00,0.9134200215339661,0.9141200184822083,0.9111999869346619,0.9126700162887573
2024-04-26 00:00:00+00:00,0.9126399755477905,0.9134399890899658,0.9114699959754944,0.9119200110435486
2024-04-26 08:00:00+00:00,0.9119300246238708,0.9150300025939941,0.9095600247383118,0.9142799973487854
2024-04-26 16:00:00+00:00,0.9142100214958191,0.9147499799728394,0.9130300283432007,0.9132999777793884
2024-04-27 00:00:00+00:00,,,,
2024-04-27 08:00:00+00:00,,,,
2024-04-27 16:00:00+00:00,,,,
2024-04-28 00:00:00+00:00,,,,
2024-04-28 08:00:00+00:00,,,,
2024-04-28 16:00:00+00:00,0.9138000011444092,0.9139999747276306,0.9135800004005432,0.9136999845504761
2024-04-29 00:00:00+00:00,0.913670003414154,0.9153299927711487,0.9096400141716003,0.9114999771118164
2024-04-29 08:00:00+00:00,0.9114900231361389,0.9132999777793884,0.9099500179290771,0.9107800126075745
2024-04-29 16:00:00+00:00,0.9108099937438965,0.9110000133514404,0.9086499810218811,0.9107999801635742
2024-04-30 00:00:00+00:00,0.9107900261878967,0.9133399724960327,0.9105700254440308,0.9129999876022339
2024-04-30 08:00:00+00:00,0.9129599928855896,0.9179499745368958,0.9104499816894531,0.9174900054931641
2024-04-30 16:00:00+00:00,0.917460024356842,0.919700026512146,0.9172099828720093,0.9196000099182129
2024-05-01 00:00:00+00:00,0.9196100234985352,0.9224200248718262,0.9194200038909912,0.92153000831604
2024-05-01 08:00:00+00:00,0.9215199947357178,0.9219599962234497,0.9186599850654602,0.919510006904602
2024-05-01 16:00:00+00:00,0.9194999933242798,0.920769989490509,0.9145299792289734,0.9163500070571899
2024-05-02 00:00:00+00:00,0.9163600206375122,0.9173300266265869,0.9105100035667419,0.9117400050163269
2024-05-02 08:00:00+00:00,0.9117500185966492,0.9138299822807312,0.910860002040863,0.911899983882904
2024-05-02 16:00:00+00:00,0.9118899703025818,0.9124500155448914,0.9091200232505798,0.9097099900245667
2024-05-03 00:00:00+00:00,0.9097599983215332,0.9105100035667419,0.9068499803543091,0.9076099991798401
2024-05-03 08:00:00+00:00,0.9076099991798401,0.9082300066947937,0.9005399942398071,0.904770016670227
2024-05-03 16:00:00+00:00,0.9047600030899048,0.9059500098228455,0.904420018196106,0.9046599864959717
2024-05-04 00:00:00+00:00,,,,
2024-05-04 08:00:00+00:00,,,,
2024-05-04 16:00:00+00:00,,,,
2024-05-05 00:00:00+00:00,,,,
2024-05-05 08:00:00+00:00,,,,
2024-05-05 16:00:00+00:00,0.9055200219154358,0.906000018119812,0.9048200249671936,0.9058700203895569
2024-05-06 00:00:00+00:00,0.9058600068092346,0.9063599705696106,0.9050300121307373,0.9052799940109253
2024-05-06 08:00:00+00:00,0.9052799940109253,0.906000018119812,0.9035500288009644,0.9052199721336365
2024-05-06 16:00:00+00:00,0.9051600098609924,0.9067999720573425,0.9045500159263611,0.9067500233650208
2024-05-07 00:00:00+00:00,0.906719982624054,0.9077200293540955,0.9057999849319458,0.9063199758529663
2024-05-07 08:00:00+00:00,0.9062899947166443,0.9086300134658813,0.9056000113487244,0.9072099924087524
2024-05-07 16:00:00+00:00,0.9071999788284302,0.9093599915504456,0.907039999961853,0.9084399938583374
2024-05-08 00:00:00+00:00,0.9084500074386597,0.9093300104141235,0.9079700112342834,0.9089900255203247
2024-05-08 08:00:00+00:00,0.9089999794960022,0.9095699787139893,0.907289981842041,0.9076200127601624
2024-05-08 16:00:00+00:00,0.9076300263404846,0.9083099961280823,0.9069300293922424,0.9078500270843506
2024-05-09 00:00:00+00:00,0.907829999923706,0.909060001373291,0.9077100157737732,0.908810019493103
2024-05-09 08:00:00+00:00,0.9088199734687805,0.9098600149154663,0.9059600234031677,0.9071699976921082
2024-05-09 16:00:00+00:00,0.9071199893951416,0.907230019569397,0.9048100113868713,0.9059000015258789
2024-05-10 00:00:00+00:00,0.9058799743652344,0.9070500135421753,0.9057499766349792,0.9064800143241882
2024-05-10 08:00:00+00:00,0.9064800143241882,0.9085299968719482,0.9053500294685364,0.9063299894332886
2024-05-10 16:00:00+00:00,0.9063599705696106,0.9067000150680542,0.9055200219154358,0.9059000015258789
2024-05-11 00:00:00+00:00,,,,
2024-05-11 08:00:00+00:00,,,,
2024-05-11 16:00:00+00:00,,,,
2024-05-12 00:00:00+00:00,,,,
2024-05-12 08:00:00+00:00,,,,
2024-05-12 16:00:00+00:00,0.9062899947166443,0.906499981880188,0.9059900045394897,0.9064499735832214
2024-05-13 00:00:00+00:00,0.9064800143241882,0.9070000052452087,0.9061999917030334,0.9067299962043762
2024-05-13 08:00:00+00:00,0.9067299962043762,0.9077000021934509,0.9045100212097168,0.907509982585907
2024-05-13 16:00:00+00:00,0.907509982585907,0.9087499976158142,0.9069700241088867,0.9079499840736389
2024-05-14 00:00:00+00:00,0.9079300165176392,0.9088299870491028,0.9074199795722961,0.9081000089645386
2024-05-14 08:00:00+00:00,0.908050000667572,0.9102100133895874,0.9054499864578247,0.9067400097846985
2024-05-14 16:00:00+00:00,0.9067500233650208,0.9071499705314636,0.9053300023078918,0.9068099856376648
2024-05-15 00:00:00+00:00,0.9068700075149536,0.907039999961853,0.9046300053596497,0.9053000211715698
2024-05-15 08:00:00+00:00,0.9052799940109253,0.9063299894332886,0.9014300107955933,0.9041200280189514
2024-05-15 16:00:00+00:00,0.9041200280189514,0.9044700264930725,0.9004899859428406,0.9006199836730957
2024-05-16 00:00:00+00:00,0.9006400108337402,0.9014999866485596,0.8987600207328796,0.8999800086021423
2024-05-16 08:00:00+00:00,0.8999800086021423,0.905709981918335,0.8997700214385986,0.904420018196106
2024-05-16 16:00:00+00:00,0.904420018196106,0.9064000248908997,0.9043200016021729,0.9060400128364563
2024-05-17 00:00:00+00:00,0.9060199856758118,0.90829998254776,0.9059000015258789,0.9078500270843506
2024-05-17 08:00:00+00:00,0.9078400135040283,0.909820020198822,0.9066799879074097,0.9079499840736389
2024-05-17 16:00:00+00:00,0.9079800248146057,0.9091500043869019,0.9074500203132629,0.9085400104522705
2024-05-18 00:00:00+00:00,,,,
2024-05-18 08:00:00+00:00,,,,
2024-05-18 16:00:00+00:00,,,,
2024-05-19 00:00:00+00:00,,,,
2024-05-19 08:00:00+00:00,,,,
2024-05-19 16:00:00+00:00,0.9089699983596802,0.909030020236969,0.9087100028991699,0.9089400172233582
2024-05-20 00:00:00+00:00,0.9089499711990356,0.9099100232124329,0.9086400270462036,0.9097499847412109
2024-05-20 08:00:00+00:00,0.9097499847412109,0.9108700156211853,0.9076499938964844,0.9097200036048889
2024-05-20 16:00:00+00:00,0.9097099900245667,0.9108999967575073,0.909089982509613,0.9101099967956543
2024-05-21 00:00:00+00:00,0.9101399779319763,0.911620020866394,0.9093499779701233,0.9103500247001648
2024-05-21 08:00:00+00:00,0.9103599786758423,0.911329984664917,0.9086700081825256,0.9107999801635742
2024-05-21 16:00:00+00:00,0.9107900261878967,0.9114199876785278,0.91007000207901,0.9112799763679504
2024-05-22 00:00:00+00:00,0.9112499952316284,0.9130600094795227,0.9106400012969971,0.9128400087356567
2024-05-22 08:00:00+00:00,0.9127900004386902,0.9158099889755249,0.9124100208282471,0.9139400124549866
2024-05-22 16:00:00+00:00,0.913919985294342,0.9157999753952026,0.9136199951171875,0.9152200222015381
2024-05-23 00:00:00+00:00,0.9152600169181824,0.9154800176620483,0.9140400290489197,0.9144700169563293
2024-05-23 08:00:00+00:00,0.9144799709320068,0.9151899814605713,0.9125800132751465,0.9143999814987183
2024-05-23 16:00:00+00:00,0.9143999814987183,0.9152299761772156,0.9132999777793884,0.9144300222396851
2024-05-24 00:00:00+00:00,0.9144099950790405,0.9154499769210815,0.9140999913215637,0.9145799875259399
2024-05-24 08:00:00+00:00,0.9145399928092957,0.9158300161361694,0.9134699702262878,0.9143199920654297
2024-05-24 16:00:00+00:00,0.9143499732017517,0.9148200154304504,0.9133399724960327,0.9139999747276306
2024-05-25 00:00:00+00:00,,,,
2024-05-25 08:00:00+00:00,,,,
2024-05-25 16:00:00+00:00,,,,
2024-05-26 00:00:00+00:00,,,,
2024-05-26 08:00:00+00:00,,,,
2024-05-26 16:00:00+00:00,0.9141799807548523,0.9145299792289734,0.9140499830245972,0.9144499897956848
2024-05-27 00:00:00+00:00,0.9144600033760071,0.915369987487793,0.9139800071716309,0.9150199890136719
2024-05-27 08:00:00+00:00,0.9149900078773499,0.915340006351471,0.9131500124931335,0.9133300185203552
2024-05-27 16:00:00+00:00,0.9132800102233887,0.914110004901886,0.9124699831008911,0.9132599830627441
2024-05-28 00:00:00+00:00,0.9132500290870667,0.9133399724960327,0.9111599922180176,0.9113600254058838
2024-05-28 08:00:00+00:00,0.9113699793815613,0.9121500253677368,0.9085000157356262,0.9105700254440308
2024-05-28 16:00:00+00:00,0.9105899930000305,0.9125000238418579,0.9105299711227417,0.9123200178146362
2024-05-29 00:00:00+00:00,0.9122899770736694,0.9127500057220459,0.9115999937057495,0.9118899703025818
2024-05-29 08:00:00+00:00,0.91184002161026,0.914359986782074,0.9112399816513062,0.9135299921035767
2024-05-29 16:00:00+00:00,0.9135299921035767,0.9140400290489197,0.912310004234314,0.9132099747657776
2024-05-30 00:00:00+00:00,0.9131799936294556,0.9140999913215637,0.9098299741744995,0.9099100232124329
2024-05-30 08:00:00+00:00,0.9099199771881104,0.910539984703064,0.9030799865722656,0.9035800099372864
2024-05-30 16:00:00+00:00,0.9036099910736084,0.9040700197219849,0.9023399949073792,0.9033499956130981
2024-05-31 00:00:00+00:00,0.9033499956130981,0.9057199954986572,0.9023500084877014,0.9047399759292603
2024-05-31 08:00:00+00:00,0.9047499895095825,0.9069200158119202,0.9002100229263306,0.9034199714660645
2024-05-31 16:00:00+00:00,0.9033600091934204,0.9040499925613403,0.9018399715423584,0.9018499851226807
2024-06-01 00:00:00+00:00,,,,
2024-06-01 08:00:00+00:00,,,,
2024-06-01 16:00:00+00:00,,,,
2024-06-02 00:00:00+00:00,,,,
2024-06-02 08:00:00+00:00,,,,
2024-06-02 16:00:00+00:00,0.9019899964332581,0.9020000100135803,0.9013000130653381,0.9013599753379822
2024-06-03 00:00:00+00:00,0.9013599753379822,0.9031100273132324,0.9004700183868408,0.9025899767875671
2024-06-03 08:00:00+00:00,0.9025899767875671,0.9035699963569641,0.8949999809265137,0.8953999876976013
2024-06-03 16:00:00+00:00,0.8954100012779236,0.896399974822998,0.89478999376297,0.895039975643158
2024-06-04 00:00:00+00:00,0.8950799703598022,0.8971999883651733,0.8935499787330627,0.8937299847602844
2024-06-04 08:00:00+00:00,0.8937399983406067,0.8959599733352661,0.8894299864768982,0.8903700113296509
2024-06-04 16:00:00+00:00,0.8903200030326843,0.8903700113296509,0.8883900046348572,0.8899499773979187
2024-06-05 00:00:00+00:00,0.8899800181388855,0.8931400179862976,0.8899800181388855,0.8928400278091431
2024-06-05 08:00:00+00:00,0.8928800225257874,0.8948799967765808,0.8912400007247925,0.8940399885177612
2024-06-05 16:00:00+00:00,0.8940200209617615,0.894569993019104,0.8924700021743774,0.8925999999046326
2024-06-06 00:00:00+00:00,0.8926200270652771,0.8926500082015991,0.8903200030326843,0.8921399712562561
2024-06-06 08:00:00+00:00,0.8921300172805786,0.8931000232696533,0.8899700045585632,0.8916800022125244
2024-06-06 16:00:00+00:00,0.8917199969291687,0.8920000195503235,0.8886799812316895,0.8896899819374084
2024-06-07 00:00:00+00:00,0.8896600008010864,0.8906300067901611,0.8880699872970581,0.8895900249481201
2024-06-07 08:00:00+00:00,0.8895599842071533,0.8973000049591064,0.8888000249862671,0.8960099816322327
2024-06-07 16:00:00+00:00,0.8959500193595886,0.8967999815940857,0.895389974117279,0.8955000042915344
2024-06-08 00:00:00+00:00,,,,
2024-06-08 08:00:00+00:00,,,,
2024-06-08 16:00:00+00:00,,,,
2024-06-09 00:00:00+00:00,,,,
2024-06-09 08:00:00+00:00,,,,
2024-06-09 16:00:00+00:00,0.8963099718093872,0.8966000080108643,0.8960400223731995,0.8961099982261658
2024-06-10 00:00:00+00:00,0.8960999846458435,0.8982899785041809,0.8957300186157227,0.8972499966621399
2024-06-10 08:00:00+00:00,0.8972399830818176,0.8975099921226501,0.895389974117279,0.8967300057411194
2024-06-10 16:00:00+00:00,0.8967599868774414,0.8970000147819519,0.8948400020599365,0.8965799808502197
2024-06-11 00:00:00+00:00,0.8965499997138977,0.8973100185394287,0.8958899974822998,0.8970999717712402
2024-06-11 08:00:00+00:00,0.8970900177955627,0.8993200063705444,0.8960199952125549,0.8987100124359131
2024-06-11 16:00:00+00:00,0.8987500071525574,0.8988100290298462,0.8964400291442871,0.8977699875831604
2024-06-12 00:00:00+00:00,0.8977800011634827,0.8983200192451477,0.8968600034713745,0.8969299793243408
2024-06-12 08:00:00+00:00,0.8969299793243408,0.8970999717712402,0.8892599940299988,0.891730010509491
2024-06-12 16:00:00+00:00,0.8917700052261353,0.8949499726295471,0.8901600241661072,0.8942000269889832
2024-06-13 00:00:00+00:00,0.8941500186920166,0.8960700035095215,0.8935800194740295,0.8950899839401245
2024-06-13 08:00:00+00:00,0.8950899839401245,0.8967199921607971,0.8930500149726868,0.8934599757194519
2024-06-13 16:00:00+00:00,0.8934199810028076,0.8948100209236145,0.8928700089454651,0.8939999938011169
2024-06-14 00:00:00+00:00,0.8939899802207947,0.8948000073432922,0.8931800127029419,0.8937600255012512
2024-06-14 08:00:00+00:00,0.8937699794769287,0.8944399952888489,0.8896700143814087,0.8906300067901611
2024-06-14 16:00:00+00:00,0.8906599879264832,0.8913400173187256,0.8894299864768982,0.8896200060844421
2024-06-15 00:00:00+00:00,,,,
2024-06-15 08:00:00+00:00,,,,
2024-06-15 16:00:00+00:00,,,,
2024-06-16 00:00:00+00:00,,,,
2024-06-16 08:00:00+00:00,,,,
2024-06-16 16:00:00+00:00,0.8902900218963623,0.8909400105476379,0.8902400135993958,0.8907600045204163
2024-06-17 00:00:00+00:00,0.8907899856567383,0.8918600082397461,0.8902400135993958,0.8916800022125244
2024-06-17 08:00:00+00:00,0.8916699886322021,0.8932099938392639,0.8910300135612488,0.8913900256156921
2024-06-17 16:00:00+00:00,0.8913800120353699,0.8914999961853027,0.8882700204849243,0.8883799910545349
2024-06-18 00:00:00+00:00,0.8883799910545349,0.8899999856948853,0.887969970703125,0.8889700174331665
2024-06-18 08:00:00+00:00,0.8889300227165222,0.8892499804496765,0.8826299905776978,0.8841300010681152
2024-06-18 16:00:00+00:00,0.8841300010681152,0.88468998670578,0.8829900026321411,0.8841999769210815
2024-06-19 00:00:00+00:00,0.8841699957847595,0.8848099708557129,0.8833600282669067,0.8838599920272827
2024-06-19 08:00:00+00:00,0.8838300108909607,0.8854399919509888,0.8833299875259399,0.8837800025939941
2024-06-19 16:00:00+00:00,0.8837900161743164,0.8847600221633911,0.8830999732017517,0.8843299746513367
2024-06-20 00:00:00+00:00,0.8843100070953369,0.8897200226783752,0.8831800222396851,0.8895599842071533
2024-06-20 08:00:00+00:00,0.889519989490509,0.8925999999046326,0.8889600038528442,0.8912799954414368
2024-06-20 16:00:00+00:00,0.8912799954414368,0.8919000029563904,0.8902400135993958,0.8914600014686584
2024-06-21 00:00:00+00:00,0.8914899826049805,0.8925600051879883,0.8904500007629395,0.8906700015068054
2024-06-21 08:00:00+00:00,0.8906800150871277,0.8944399952888489,0.8905500173568726,0.8938400149345398
2024-06-21 16:00:00+00:00,0.8938000202178955,0.8944399952888489,0.893559992313385,0.8939099907875061
2024-06-22 00:00:00+00:00,,,,
2024-06-22 08:00:00+00:00,,,,
2024-06-22 16:00:00+00:00,,,,
2024-06-23 00:00:00+00:00,,,,
2024-06-23 08:00:00+00:00,,,,
2024-06-23 16:00:00+00:00,0.8937900066375732,0.8944399952888489,0.8936600089073181,0.8943799734115601
2024-06-24 00:00:00+00:00,0.8943700194358826,0.8945199847221375,0.893090009689331,0.8936799764633179
2024-06-24 08:00:00+00:00,0.8936700224876404,0.8941500186920166,0.8921399712562561,0.8938900232315063
2024-06-24 16:00:00+00:00,0.8939099907875061,0.8942000269889832,0.8918700218200684,0.8932300209999084
2024-06-25 00:00:00+00:00,0.8932200074195862,0.8936700224876404,0.8912699818611145,0.893339991569519
2024-06-25 08:00:00+00:00,0.8933600187301636,0.8948100209236145,0.8926900029182434,0.8944299817085266
2024-06-25 16:00:00+00:00,0.8943899869918823,0.8953199982643127,0.8936700224876404,0.8953099846839905
2024-06-26 00:00:00+00:00,0.8952800035476685,0.8965100049972534,0.894599974155426,0.8960800170898438
2024-06-26 08:00:00+00:00,0.8960700035095215,0.8982999920845032,0.8952599763870239,0.8974000215530396
2024-06-26 16:00:00+00:00,0.897350013256073,0.8978000283241272,0.8961600065231323,0.8970100283622742
2024-06-27 00:00:00+00:00,0.8970400094985962,0.8977599740028381,0.8964499831199646,0.8973900079727173
2024-06-27 08:00:00+00:00,0.897350013256073,0.8981500267982483,0.8956900238990784,0.8980399966239929
2024-06-27 16:00:00+00:00,0.8980399966239929,0.8988800048828125,0.8975399732589722,0.8984799981117249
2024-06-28 00:00:00+00:00,0.8985999822616577,0.9000899791717529,0.8984699845314026,0.8996000289916992
2024-06-28 08:00:00+00:00,0.8995500206947327,0.9009799957275391,0.8979099988937378,0.8992000222206116
2024-06-28 16:00:00+00:00,0.8991199731826782,0.8992599844932556,0.8977699875831604,0.8985400199890137
2024-06-29 00:00:00+00:00,,,,
2024-06-29 08:00:00+00:00,,,,
2024-06-29 16:00:00+00:00,,,,
2024-06-30 00:00:00+00:00,,,,
2024-06-30 08:00:00+00:00,,,,
2024-06-30 16:00:00+00:00,0.8997399806976318,0.900409996509552,0.8995299935340881,0.9003599882125854
2024-07-01 00:00:00+00:00,0.9003300070762634,0.9004799723625183,0.8983799815177917,0.9002400040626526
2024-07-01 08:00:00+00:00,0.9002400040626526,0.9044700264930725,0.8993600010871887,0.9039000272750854
2024-07-01 16:00:00+00:00,0.9038800001144409,0.9040300250053406,0.9017400145530701,0.9032700061798096
2024-07-02 00:00:00+00:00,0.9031999707221985,0.904699981212616,0.9029899835586548,0.9035800099372864
2024-07-02 08:00:00+00:00,0.9035500288009644,0.9049599766731262,0.9031199812889099,0.9046099781990051
2024-07-02 16:00:00+00:00,0.9046300053596497,0.9048399925231934,0.9027100205421448,0.9037399888038635
2024-07-03 00:00:00+00:00,0.9037200212478638,0.9050400257110596,0.9035000205039978,0.9038000106811523
2024-07-03 08:00:00+00:00,0.9038000106811523,0.9040600061416626,0.8985000252723694,0.9007099866867065
2024-07-03 16:00:00+00:00,0.9006999731063843,0.9018999934196472,0.900160014629364,0.9008100032806396
2024-07-04 00:00:00+00:00,0.9007899761199951,0.9039400219917297,0.8999699950218201,0.9014800190925598
2024-07-04 08:00:00+00:00,0.901419997215271,0.9017000198364258,0.8990799784660339,0.8998799920082092
2024-07-04 16:00:00+00:00,0.8999000191688538,0.9003000259399414,0.8993499875068665,0.9002400040626526
2024-07-05 00:00:00+00:00,0.9002400040626526,0.9003400206565857,0.8979700207710266,0.8980399966239929
2024-07-05 08:00:00+00:00,0.8980299830436707,0.9006199836730957,0.8969500064849854,0.897570013999939
2024-07-05 16:00:00+00:00,0.8975600004196167,0.8978300094604492,0.8950999975204468,0.8950999975204468
2024-07-06 00:00:00+00:00,,,,
2024-07-06 08:00:00+00:00,,,,
2024-07-06 16:00:00+00:00,,,,
2024-07-07 00:00:00+00:00,,,,
2024-07-07 08:00:00+00:00,,,,
2024-07-07 16:00:00+00:00,0.8951200246810913,0.8952999711036682,0.894760012626648,0.8952599763870239
2024-07-08 00:00:00+00:00,0.8952299952507019,0.8956999778747559,0.8944000005722046,0.894760012626648
2024-07-08 08:00:00+00:00,0.8947399854660034,0.8973000049591064,0.8945000171661377,0.8970699906349182
2024-07-08 16:00:00+00:00,0.8970800042152405,0.8978400230407715,0.8964300155639648,0.8977699875831604
2024-07-09 00:00:00+00:00,0.8977800011634827,0.8990399837493896,0.8974900245666504,0.8985099792480469
2024-07-09 08:00:00+00:00,0.8984900116920471,0.8988000154495239,0.8967999815940857,0.8977800011634827
2024-07-09 16:00:00+00:00,0.8977900147438049,0.8980000019073486,0.8969200253486633,0.8975800275802612
2024-07-10 00:00:00+00:00,0.8975600004196167,0.8981999754905701,0.8963500261306763,0.8971899747848511
2024-07-10 08:00:00+00:00,0.8971999883651733,0.8997300267219543,0.8968700170516968,0.8992099761962891
2024-07-10 16:00:00+00:00,0.8992099761962891,0.9000999927520752,0.8985999822616577,0.8991400003433228
2024-07-11 00:00:00+00:00,0.8991900086402893,0.8998000025749207,0.8985199928283691,0.8989999890327454
2024-07-11 08:00:00+00:00,0.8989999890327454,0.8990600109100342,0.8913499712944031,0.8938699960708618
2024-07-11 16:00:00+00:00,0.8938699960708618,0.8970299959182739,0.893779993057251,0.8960899710655212
2024-07-12 00:00:00+00:00,0.8960899710655212,0.8969699740409851,0.8952999711036682,0.8957499861717224
2024-07-12 08:00:00+00:00,0.8957399725914001,0.8964499831199646,0.8932099938392639,0.8942000269889832
2024-07-12 16:00:00+00:00,0.8942000269889832,0.8949999809265137,0.8935099840164185,0.8942199945449829
2024-07-13 00:00:00+00:00,,,,
2024-07-13 08:00:00+00:00,,,,
2024-07-13 16:00:00+00:00,,,,
2024-07-14 00:00:00+00:00,,,,
2024-07-14 08:00:00+00:00,,,,
2024-07-14 16:00:00+00:00,0.896340012550354,0.8970999717712402,0.8959599733352661,0.8969699740409851
2024-07-15 00:00:00+00:00,0.8969100117683411,0.8972200155258179,0.8945000171661377,0.894860029220581
2024-07-15 08:00:00+00:00,0.8948699831962585,0.8954700231552124,0.8932999968528748,0.8948699831962585
2024-07-15 16:00:00+00:00,0.8948799967765808,0.8960000276565552,0.8935099840164185,0.8954499959945679
2024-07-16 00:00:00+00:00,0.8954499959945679,0.8960000276565552,0.8944799900054932,0.8949900269508362
2024-07-16 08:00:00+00:00,0.8949999809265137,0.8978999853134155,0.89478999376297,0.895330011844635
2024-07-16 16:00:00+00:00,0.8952900171279907,0.8956199884414673,0.8929299712181091,0.8934900164604187
2024-07-17 00:00:00+00:00,0.8934599757194519,0.8945000171661377,0.8915299773216248,0.8916500210762024
2024-07-17 08:00:00+00:00,0.8916299939155579,0.8917099833488464,0.8835499882698059,0.8845800161361694
2024-07-17 16:00:00+00:00,0.8845800161361694,0.8850299715995789,0.8819199800491333,0.8822699785232544
2024-07-18 00:00:00+00:00,0.8822699785232544,0.8848000168800354,0.8822000026702881,0.8837699890136719
2024-07-18 08:00:00+00:00,0.8837800025939941,0.8858399987220764,0.8830999732017517,0.8857600092887878
2024-07-18 16:00:00+00:00,0.8857300281524658,0.8878700137138367,0.8854600191116333,0.8874599933624268
2024-07-19 00:00:00+00:00,0.887470006942749,0.8896300196647644,0.8873999714851379,0.8884699940681458
2024-07-19 08:00:00+00:00,0.8885300159454346,0.8899999856948853,0.8876199722290039,0.8883600234985352
2024-07-19 16:00:00+00:00,0.8883399963378906,0.8895000219345093,0.8881199955940247,0.8882399797439575
2024-07-20 00:00:00+00:00,,,,
2024-07-20 08:00:00+00:00,,,,
2024-07-20 16:00:00+00:00,,,,
2024-07-21 00:00:00+00:00,,,,
2024-07-21 08:00:00+00:00,,,,
2024-07-21 16:00:00+00:00,0.8875700235366821,0.8880500197410583,0.8874199986457825,0.8880000114440918
2024-07-22 00:00:00+00:00,0.8880199790000916,0.8889999985694885,0.8870599865913391,0.8879299759864807
2024-07-22 08:00:00+00:00,0.8878999948501587,0.890209972858429,0.8872799873352051,0.890030026435852
2024-07-22 16:00:00+00:00,0.8900399804115295,0.8902000188827515,0.8877999782562256,0.8896399736404419
2024-07-23 00:00:00+00:00,0.8896300196647644,0.890500009059906,0.8888000249862671,0.8896099925041199
2024-07-23 08:00:00+00:00,0.8896099925041199,0.8924000263214111,0.8894500136375427,0.8915500044822693
2024-07-23 16:00:00+00:00,0.891510009765625,0.8921999931335449,0.890030026435852,0.8914700150489807
2024-07-24 00:00:00+00:00,0.8914600014686584,0.8921399712562561,0.8896999955177307,0.8903099894523621
2024-07-24 08:00:00+00:00,0.8903099894523621,0.8906000256538391,0.8828200101852417,0.8838300108909607
2024-07-24 16:00:00+00:00,0.8837800025939941,0.8860999941825867,0.883679986000061,0.885129988193512
2024-07-25 00:00:00+00:00,0.885129988193512,0.8853999972343445,0.8795499801635742,0.8804100155830383
2024-07-25 08:00:00+00:00,0.8804100155830383,0.882070004940033,0.8776400089263916,0.8802000284194946
2024-07-25 16:00:00+00:00,0.8802199959754944,0.8816699981689453,0.8795700073242188,0.8806999921798706
2024-07-26 00:00:00+00:00,0.880649983882904,0.8826199769973755,0.8802000284194946,0.8825299739837646
2024-07-26 08:00:00+00:00,0.8825500011444092,0.8844299912452698,0.8819100260734558,0.8825700283050537
2024-07-26 16:00:00+00:00,0.8825700283050537,0.8838899731636047,0.8823999762535095,0.8830999732017517
2024-07-27 00:00:00+00:00,,,,
2024-07-27 08:00:00+00:00,,,,
2024-07-27 16:00:00+00:00,,,,
2024-07-28 00:00:00+00:00,,,,
2024-07-28 08:00:00+00:00,,,,
2024-07-28 16:00:00+00:00,0.8839499950408936,0.8845099806785583,0.8838899731636047,0.8844900131225586
2024-07-29 00:00:00+00:00,0.8844699859619141,0.884909987449646,0.8819699883460999,0.8844500184059143
2024-07-29 08:00:00+00:00,0.8845000267028809,0.88714998960495,0.8841000199317932,0.8860099911689758
2024-07-29 16:00:00+00:00,0.8859999775886536,0.8866099715232849,0.8853600025177002,0.8861299753189087
2024-07-30 00:00:00+00:00,0.8860800266265869,0.8875499963760376,0.8856300115585327,0.8863700032234192
2024-07-30 08:00:00+00:00,0.8863800168037415,0.8867300152778625,0.8846200108528137,0.8852400183677673
2024-07-30 16:00:00+00:00,0.885200023651123,0.8854600191116333,0.8817499876022339,0.8818899989128113
2024-07-31 00:00:00+00:00,0.881879985332489,0.8830100297927856,0.8803899884223938,0.8810499906539917
2024-07-31 08:00:00+00:00,0.881089985370636,0.8821499943733215,0.876990020275116,0.8796899914741516
2024-07-31 16:00:00+00:00,0.8797399997711182,0.8818399906158447,0.8771700263023376,0.8781999945640564
2024-08-01 00:00:00+00:00,0.8781899809837341,0.8783000111579895,0.875760018825531,0.8768100142478943
2024-08-01 08:00:00+00:00,0.8768100142478943,0.8776999711990356,0.8728799819946289,0.8744099736213684
2024-08-01 16:00:00+00:00,0.8744300007820129,0.8746299743652344,0.8721200227737427,0.8729299902915955
2024-08-02 00:00:00+00:00,0.8729000091552734,0.8733500242233276,0.870639979839325,0.8718400001525879
2024-08-02 08:00:00+00:00,0.8718299865722656,0.8725100159645081,0.8576700091362,0.8604900240898132
2024-08-02 16:00:00+00:00,0.8604699969291687,0.8618900179862976,0.8570500016212463,0.8577200174331665
2024-08-03 00:00:00+00:00,,,,
2024-08-03 08:00:00+00:00,,,,
2024-08-03 16:00:00+00:00,,,,
2024-08-04 00:00:00+00:00,,,,
2024-08-04 08:00:00+00:00,,,,
2024-08-04 16:00:00+00:00,0.8588799834251404,0.8589000105857849,0.855650007724762,0.8563500046730042
2024-08-05 00:00:00+00:00,0.8563500046730042,0.8572499752044678,0.8446300029754639,0.8523399829864502
2024-08-05 08:00:00+00:00,0.8523600101470947,0.8529800176620483,0.8431699872016907,0.8528199791908264
2024-08-05 16:00:00+00:00,0.8528199791908264,0.8552899956703186,0.8497300148010254,0.8548200130462646
2024-08-06 00:00:00+00:00,0.8548099994659424,0.8571699857711792,0.8532500267028809,0.8559100031852722
2024-08-06 08:00:00+00:00,0.8559100031852722,0.8564500212669373,0.850059986114502,0.8532299995422363
2024-08-06 16:00:00+00:00,0.8532599806785583,0.8542199730873108,0.8502799868583679,0.8527399897575378
2024-08-07 00:00:00+00:00,0.8526999950408936,0.8593299984931946,0.852400004863739,0.8557900190353394
2024-08-07 08:00:00+00:00,0.8557800054550171,0.8661999702453613,0.8557500243186951,0.8651999831199646
2024-08-07 16:00:00+00:00,0.8652399778366089,0.8654099702835083,0.8580399751663208,0.8600000143051147
2024-08-08 00:00:00+00:00,0.8600299954414368,0.8609700202941895,0.8572199940681458,0.8588399887084961
2024-08-08 08:00:00+00:00,0.8588399887084961,0.867389976978302,0.8559499979019165,0.8656100034713745
2024-08-08 16:00:00+00:00,0.8656600117683411,0.8670399785041809,0.8647900223731995,0.8669400215148926
2024-08-09 00:00:00+00:00,0.8669599890708923,0.8671600222587585,0.8647599816322327,0.8658000230789185
2024-08-09 08:00:00+00:00,0.8658000230789185,0.8659999966621399,0.8631799817085266,0.8638700246810913
2024-08-09 16:00:00+00:00,0.8638899922370911,0.8654000163078308,0.8636800050735474,0.864799976348877
2024-08-10 00:00:00+00:00,,,,
2024-08-10 08:00:00+00:00,,,,
2024-08-10 16:00:00+00:00,,,,
2024-08-11 00:00:00+00:00,,,,
2024-08-11 08:00:00+00:00,,,,
2024-08-11 16:00:00+00:00,0.8654199838638306,0.8657100200653076,0.8647800087928772,0.8649799823760986
2024-08-12 00:00:00+00:00,0.8649899959564209,0.8686599731445312,0.8645399808883667,0.8679900169372559
2024-08-12 08:00:00+00:00,0.8679699897766113,0.8712000250816345,0.8659300208091736,0.867330014705658
2024-08-12 16:00:00+00:00,0.8673099875450134,0.8674799799919128,0.8643100261688232,0.8647900223731995
2024-08-13 00:00:00+00:00,0.8648099899291992,0.867900013923645,0.8647900223731995,0.8669999837875366
2024-08-13 08:00:00+00:00,0.8669999837875366,0.8679999709129333,0.8640999794006348,0.8654000163078308
2024-08-13 16:00:00+00:00,0.865369975566864,0.86558997631073,0.8634999990463257,0.8650799989700317
2024-08-14 00:00:00+00:00,0.8650599718093872,0.8658499717712402,0.863099992275238,0.8635200262069702
2024-08-14 08:00:00+00:00,0.8635500073432922,0.8660699725151062,0.8614299893379211,0.8638100028038025
2024-08-14 16:00:00+00:00,0.8638299703598022,0.8655999898910522,0.86353999376297,0.8649799823760986
2024-08-15 00:00:00+00:00,0.8650299906730652,0.866349995136261,0.8646500110626221,0.8656399846076965
2024-08-15 08:00:00+00:00,0.8656499981880188,0.8748400211334229,0.8655999898910522,0.8712800145149231
2024-08-15 16:00:00+00:00,0.8712300062179565,0.8730000257492065,0.8708599805831909,0.8725600242614746
2024-08-16 00:00:00+00:00,0.8725500106811523,0.8726500272750854,0.8694000244140625,0.8696799874305725
2024-08-16 08:00:00+00:00,0.8696500062942505,0.8697999715805054,0.8663700222969055,0.8684899806976318
2024-08-16 16:00:00+00:00,0.8684899806976318,0.8687400221824646,0.8654000163078308,0.8658400177955627
2024-08-17 00:00:00+00:00,,,,
2024-08-17 08:00:00+00:00,,,,
2024-08-17 16:00:00+00:00,,,,
2024-08-18 00:00:00+00:00,,,,
2024-08-18 08:00:00+00:00,,,,
2024-08-18 16:00:00+00:00,0.8672400116920471,0.8676499724388123,0.8671799898147583,0.867609977722168
2024-08-19 00:00:00+00:00,0.867609977722168,0.8677499890327454,0.8615400195121765,0.8638100028038025
2024-08-19 08:00:00+00:00,0.8637700080871582,0.866349995136261,0.8626300096511841,0.8629299998283386
2024-08-19 16:00:00+00:00,0.8629400134086609,0.8634200096130371,0.8619300127029419,0.862529993057251
2024-08-20 00:00:00+00:00,0.8625699877738953,0.8626000285148621,0.8591399788856506,0.8592299818992615
2024-08-20 08:00:00+00:00,0.8591799736022949,0.8604699969291687,0.8565199971199036,0.8576700091362
2024-08-20 16:00:00+00:00,0.8576300144195557,0.8577200174331665,0.8520600199699402,0.853600025177002
2024-08-21 00:00:00+00:00,0.8536199927330017,0.8561400175094604,0.8520699739456177,0.8557500243186951
2024-08-21 08:00:00+00:00,0.8557500243186951,0.8559499979019165,0.8510299921035767,0.8515499830245972
2024-08-21 16:00:00+00:00,0.8515400290489197,0.8522999882698059,0.8494700193405151,0.8511300086975098
2024-08-22 00:00:00+00:00,0.8511300086975098,0.8525000214576721,0.8493800163269043,0.8501099944114685
2024-08-22 08:00:00+00:00,0.8501799702644348,0.853410005569458,0.8488699793815613,0.8517699837684631
2024-08-22 16:00:00+00:00,0.8517699837684631,0.8526800274848938,0.8508700132369995,0.8517699837684631
2024-08-23 00:00:00+00:00,0.8517600297927856,0.8523399829864502,0.8503699898719788,0.8510100245475769
2024-08-23 08:00:00+00:00,0.8509899973869324,0.854170024394989,0.8470100164413452,0.849120020866394
2024-08-23 16:00:00+00:00,0.849120020866394,0.8501700162887573,0.847000002861023,0.847000002861023
2024-08-24 00:00:00+00:00,,,,
2024-08-24 08:00:00+00:00,,,,
2024-08-24 16:00:00+00:00,,,,
2024-08-25 00:00:00+00:00,,,,
2024-08-25 08:00:00+00:00,,,,
2024-08-25 16:00:00+00:00,0.8471599817276001,0.8475000262260437,0.8467699885368347,0.8471400141716003
2024-08-26 00:00:00+00:00,0.8471599817276001,0.8478800058364868,0.8455600142478943,0.8466799855232239
2024-08-26 08:00:00+00:00,0.8466799855232239,0.8485599756240845,0.8455399870872498,0.8478900194168091
2024-08-26 16:00:00+00:00,0.8478800058364868,0.8480600118637085,0.8456500172615051,0.8470900058746338
2024-08-27 00:00:00+00:00,0.8471199870109558,0.8484200239181519,0.8466699719429016,0.8475300073623657
2024-08-27 08:00:00+00:00,0.8475099802017212,0.847819983959198,0.8421300053596497,0.8439099788665771
2024-08-27 16:00:00+00:00,0.8438900113105774,0.843940019607544,0.8408700227737427,0.8416600227355957
2024-08-28 00:00:00+00:00,0.8416600227355957,0.8446199893951416,0.841480016708374,0.8432199954986572
2024-08-28 08:00:00+00:00,0.8432199954986572,0.8452000021934509,0.8410800099372864,0.84197998046875
2024-08-28 16:00:00+00:00,0.84197998046875,0.8432400226593018,0.8410000205039978,0.8417900204658508
2024-08-29 00:00:00+00:00,0.8418300151824951,0.8423699736595154,0.8399800062179565,0.8419399857521057
2024-08-29 08:00:00+00:00,0.8419299721717834,0.84934002161026,0.8418899774551392,0.8466699719429016
2024-08-29 16:00:00+00:00,0.8466600179672241,0.8475000262260437,0.8455100059509277,0.8469300270080566
2024-08-30 00:00:00+00:00,0.8469099998474121,0.8485999703407288,0.8466399908065796,0.8474799990653992
2024-08-30 08:00:00+00:00,0.8475300073623657,0.8510199785232544,0.8470500111579895,0.8493599891662598
2024-08-30 16:00:00+00:00,0.8493599891662598,0.8510299921035767,0.8491100072860718,0.8497400283813477
2024-08-31 00:00:00+00:00,,,,
2024-08-31 08:00:00+00:00,,,,
2024-08-31 16:00:00+00:00,,,,
2024-09-01 00:00:00+00:00,,,,
2024-09-01 08:00:00+00:00,,,,
2024-09-01 16:00:00+00:00,0.8505100011825562,0.8510000109672546,0.8504599928855896,0.8507000207901001
2024-09-02 00:00:00+00:00,0.8506500124931335,0.8510000109672546,0.8484600186347961,0.8492299914360046
2024-09-02 08:00:00+00:00,0.8492299914360046,0.8537300229072571,0.8488100171089172,0.8515599966049194
2024-09-02 16:00:00+00:00,0.8515599966049194,0.8518400192260742,0.850409984588623,0.8514099717140198
2024-09-03 00:00:00+00:00,0.8514099717140198,0.8537600040435791,0.8509899973869324,0.8532800078392029
2024-09-03 08:00:00+00:00,0.8532699942588806,0.8533999919891357,0.847760021686554,0.8502799868583679
2024-09-03 16:00:00+00:00,0.8502799868583679,0.8511099815368652,0.849399983882904,0.8498700261116028
2024-09-04 00:00:00+00:00,0.8499100208282471,0.8500400185585022,0.8471400141716003,0.8477100133895874
2024-09-04 08:00:00+00:00,0.8477100133895874,0.851859986782074,0.847100019454956,0.8482000231742859
2024-09-04 16:00:00+00:00,0.8482000231742859,0.8485299944877625,0.8454999923706055,0.8460699915885925
2024-09-05 00:00:00+00:00,0.8460500240325928,0.8473299741744995,0.8454700112342834,0.8464999794960022
2024-09-05 08:00:00+00:00,0.8464900255203247,0.8490700125694275,0.8433300256729126,0.8452799916267395
2024-09-05 16:00:00+00:00,0.8452900052070618,0.8457099795341492,0.8431699872016907,0.8438400030136108
2024-09-06 00:00:00+00:00,0.8438100218772888,0.8439300060272217,0.8403900265693665,0.8420900106430054
2024-09-06 08:00:00+00:00,0.8420600295066833,0.84757000207901,0.8373600244522095,0.8427799940109253
2024-09-06 16:00:00+00:00,0.8428199887275696,0.8445000052452087,0.8424299955368042,0.8428000211715698
2024-09-07 00:00:00+00:00,,,,
2024-09-07 08:00:00+00:00,,,,
2024-09-07 16:00:00+00:00,,,,
2024-09-08 00:00:00+00:00,,,,
2024-09-08 08:00:00+00:00,,,,
2024-09-08 16:00:00+00:00,0.8435500264167786,0.8442000150680542,0.8433799743652344,0.8440399765968323
2024-09-09 00:00:00+00:00,0.8440200090408325,0.8475099802017212,0.8435400128364563,0.846340000629425
2024-09-09 08:00:00+00:00,0.8463199734687805,0.8494499921798706,0.8459699749946594,0.8480100035667419
2024-09-09 16:00:00+00:00,0.8479599952697754,0.8495500087738037,0.8476700186729431,0.8494399785995483
2024-09-10 00:00:00+00:00,0.8494499921798706,0.8498700261116028,0.8478500247001648,0.8486400246620178
2024-09-10 08:00:00+00:00,0.8486599922180176,0.8489199876785278,0.8458099961280823,0.8459799885749817
2024-09-10 16:00:00+00:00,0.8459699749946594,0.8471999764442444,0.8455899953842163,0.8466100096702576
2024-09-11 00:00:00+00:00,0.8466299772262573,0.847000002861023,0.8421499729156494,0.8456199765205383
2024-09-11 08:00:00+00:00,0.8456699848175049,0.8515899777412415,0.8448500037193298,0.8504899740219116
2024-09-11 16:00:00+00:00,0.8505300283432007,0.8529499769210815,0.8499900102615356,0.8526899814605713
2024-09-12 00:00:00+00:00,0.8526899814605713,0.8544999957084656,0.8517400026321411,0.854449987411499
2024-09-12 08:00:00+00:00,0.8544600009918213,0.8549500107765198,0.8518000245094299,0.8527100086212158
2024-09-12 16:00:00+00:00,0.8526999950408936,0.8538699746131897,0.8497099876403809,0.8498200178146362
2024-09-13 00:00:00+00:00,0.8498299717903137,0.8500999808311462,0.8477500081062317,0.8482199907302856
2024-09-13 08:00:00+00:00,0.8482400178909302,0.8489699959754944,0.8443300127983093,0.8479099869728088
2024-09-13 16:00:00+00:00,0.8478599786758423,0.8494300246238708,0.8475099802017212,0.8481000065803528
2024-09-14 00:00:00+00:00,,,,
2024-09-14 08:00:00+00:00,,,,
2024-09-14 16:00:00+00:00,,,,
2024-09-15 00:00:00+00:00,,,,
2024-09-15 08:00:00+00:00,,,,
2024-09-15 16:00:00+00:00,0.8482900261878967,0.8486199975013733,0.8478400111198425,0.8480700254440308
2024-09-16 00:00:00+00:00,0.8480700254440308,0.8481199741363525,0.8441399931907654,0.8449900150299072
2024-09-16 08:00:00+00:00,0.8449400067329407,0.8458399772644043,0.8434000015258789,0.8452900052070618
2024-09-16 16:00:00+00:00,0.8452699780464172,0.8459799885749817,0.8440399765968323,0.8446099758148193
2024-09-17 00:00:00+00:00,0.8446400165557861,0.8448500037193298,0.842930018901825,0.8431800007820129
2024-09-17 08:00:00+00:00,0.8431400060653687,0.8476999998092651,0.8430299758911133,0.8469300270080566
2024-09-17 16:00:00+00:00,0.8469399809837341,0.8475099802017212,0.8456699848175049,0.8463199734687805
2024-09-18 00:00:00+00:00,0.8463299870491028,0.846340000629425,0.8439800143241882,0.8443899750709534
2024-09-18 08:00:00+00:00,0.8443499803543091,0.846340000629425,0.8423100113868713,0.8459200263023376
2024-09-18 16:00:00+00:00,0.8459299802780151,0.8479599952697754,0.8389999866485596,0.8472999930381775
2024-09-19 00:00:00+00:00,0.8472800254821777,0.8514999747276306,0.8448699712753296,0.8460100293159485
2024-09-19 08:00:00+00:00,0.8460100293159485,0.8506199717521667,0.8450800180435181,0.8478599786758423
2024-09-19 16:00:00+00:00,0.8478400111198425,0.8484200239181519,0.8462100028991699,0.847819983959198
2024-09-20 00:00:00+00:00,0.8478000164031982,0.8480600118637085,0.8451099991798401,0.8479200005531311
2024-09-20 08:00:00+00:00,0.8478999733924866,0.8517000079154968,0.847029983997345,0.8496099710464478
2024-09-20 16:00:00+00:00,0.8496099710464478,0.8514099717140198,0.848330020904541,0.8500099778175354
2024-09-21 00:00:00+00:00,,,,
2024-09-21 08:00:00+00:00,,,,
2024-09-21 16:00:00+00:00,,,,
2024-09-22 00:00:00+00:00,,,,
2024-09-22 08:00:00+00:00,,,,
2024-09-22 16:00:00+00:00,0.8503100275993347,0.8510299921035767,0.8501099944114685,0.8510299921035767
2024-09-23 00:00:00+00:00,0.8510500192642212,0.8517000079154968,0.8498700261116028,0.8514800071716309
2024-09-23 08:00:00+00:00,0.8514900207519531,0.8517900109291077,0.8472800254821777,0.8474599719047546
2024-09-23 16:00:00+00:00,0.8474599719047546,0.8479099869728088,0.8456000089645386,0.847320020198822
2024-09-24 00:00:00+00:00,0.8472800254821777,0.8489999771118164,0.8464300036430359,0.8478900194168091
2024-09-24 08:00:00+00:00,0.8478900194168091,0.8486999869346619,0.8449299931526184,0.8459299802780151
2024-09-24 16:00:00+00:00,0.8459100127220154,0.8460699915885925,0.8414999842643738,0.8415200114250183
2024-09-25 00:00:00+00:00,0.8414999842643738,0.8446999788284302,0.8414499759674072,0.8445299863815308
2024-09-25 08:00:00+00:00,0.8444799780845642,0.8497200012207031,0.8444600105285645,0.8494499921798706
2024-09-25 16:00:00+00:00,0.8494600057601929,0.8507500290870667,0.8488500118255615,0.8506900072097778
2024-09-26 00:00:00+00:00,0.8506799936294556,0.8515899777412415,0.8457499742507935,0.848330020904541
2024-09-26 08:00:00+00:00,0.8483399748802185,0.8505899906158447,0.8459799885749817,0.8463299870491028
2024-09-26 16:00:00+00:00,0.8463299870491028,0.8474299907684326,0.8450199961662292,0.8463199734687805
2024-09-27 00:00:00+00:00,0.8463199734687805,0.8493099808692932,0.8443099856376648,0.8458899855613708
2024-09-27 08:00:00+00:00,0.8459100127220154,0.8464300036430359,0.8406400084495544,0.8423799872398376
2024-09-27 16:00:00+00:00,0.8423900008201599,0.8430200219154358,0.8398699760437012,0.8401600122451782
2024-09-28 00:00:00+00:00,,,,
2024-09-28 08:00:00+00:00,,,,
2024-09-28 16:00:00+00:00,,,,
2024-09-29 00:00:00+00:00,,,,
2024-09-29 08:00:00+00:00,,,,
2024-09-29 16:00:00+00:00,0.8406400084495544,0.8414599895477295,0.8404200077056885,0.8413800001144409
2024-09-30 00:00:00+00:00,0.8413800001144409,0.843280017375946,0.8405799865722656,0.8427500128746033
2024-09-30 08:00:00+00:00,0.8426899909973145,0.8456299901008606,0.8421599864959717,0.8445000052452087
2024-09-30 16:00:00+00:00,0.8444499969482422,0.8474000096321106,0.8436800241470337,0.8453400135040283
2024-10-01 00:00:00+00:00,0.845300018787384,0.8479899764060974,0.8446499705314636,0.8477500081062317
2024-10-01 08:00:00+00:00,0.8476899862289429,0.8482099771499634,0.8430899977684021,0.8458700180053711
2024-10-01 16:00:00+00:00,0.8458700180053711,0.8481400012969971,0.8448200225830078,0.8462100028991699
2024-10-02 00:00:00+00:00,0.8461700081825256,0.8469099998474121,0.8448399901390076,0.8456500172615051
2024-10-02 08:00:00+00:00,0.8456599712371826,0.8507800102233887,0.8449100255966187,0.8495799899101257
2024-10-02 16:00:00+00:00,0.8495399951934814,0.850059986114502,0.8484500050544739,0.8499400019645691
2024-10-03 00:00:00+00:00,0.8499299883842468,0.8537799715995789,0.849399983882904,0.8519899845123291
2024-10-03 08:00:00+00:00,0.8519799709320068,0.8542699813842773,0.8486400246620178,0.8539699912071228
2024-10-03 16:00:00+00:00,0.8539699912071228,0.8542600274085999,0.851140022277832,0.8518099784851074
2024-10-04 00:00:00+00:00,0.8518000245094299,0.8523100018501282,0.8499600291252136,0.8519799709320068
2024-10-04 08:00:00+00:00,0.8519999980926514,0.8607699871063232,0.8510500192642212,0.8588600158691406
2024-10-04 16:00:00+00:00,0.8589000105857849,0.8598300218582153,0.857420027256012,0.8578799962997437
2024-10-05 00:00:00+00:00,,,,
2024-10-05 08:00:00+00:00,,,,
2024-10-05 16:00:00+00:00,,,,
2024-10-06 00:00:00+00:00,,,,
2024-10-06 08:00:00+00:00,,,,
2024-10-06 16:00:00+00:00,0.8591700196266174,0.859529972076416,0.8586099743843079,0.8587200045585632
2024-10-07 00:00:00+00:00,0.8587200045585632,0.85903000831604,0.8572499752044678,0.8575599789619446
2024-10-07 08:00:00+00:00,0.8575699925422668,0.8586000204086304,0.8533700108528137,0.8554400205612183
2024-10-07 16:00:00+00:00,0.8554800152778625,0.8554800152778625,0.8531699776649475,0.8545299768447876
2024-10-08 00:00:00+00:00,0.8545399904251099,0.8548200130462646,0.8529800176620483,0.8537499904632568
2024-10-08 08:00:00+00:00,0.8537399768829346,0.8583999872207642,0.8534299731254578,0.8576200008392334
2024-10-08 16:00:00+00:00,0.8575800061225891,0.858240008354187,0.8562600016593933,0.8573300242424011
2024-10-09 00:00:00+00:00,0.8573300242424011,0.8582199811935425,0.8567100167274475,0.8571199774742126
2024-10-09 08:00:00+00:00,0.8571100234985352,0.8598499894142151,0.8565099835395813,0.8594899773597717
2024-10-09 16:00:00+00:00,0.859529972076416,0.861020028591156,0.8592900037765503,0.8604900240898132
2024-10-10 00:00:00+00:00,0.860480010509491,0.8610100150108337,0.8590199947357178,0.859969973564148
2024-10-10 08:00:00+00:00,0.859969973564148,0.8614400029182434,0.855650007724762,0.8573300242424011
2024-10-10 16:00:00+00:00,0.8573300242424011,0.8586000204086304,0.8553400039672852,0.8565999865531921
2024-10-11 00:00:00+00:00,0.8565899729728699,0.8578400015830994,0.8562899827957153,0.8565700054168701
2024-10-11 08:00:00+00:00,0.8565499782562256,0.8584399819374084,0.8558400273323059,0.8574600219726562
2024-10-11 16:00:00+00:00,0.857450008392334,0.8575000166893005,0.856190025806427,0.8562999963760376
2024-10-12 00:00:00+00:00,,,,
2024-10-12 08:00:00+00:00,,,,
2024-10-12 16:00:00+00:00,,,,
2024-10-13 00:00:00+00:00,,,,
2024-10-13 08:00:00+00:00,,,,
2024-10-13 16:00:00+00:00,0.8580300211906433,0.8583400249481201,0.8578600287437439,0.858210027217865
2024-10-14 00:00:00+00:00,0.8582199811935425,0.8602399826049805,0.8579300045967102,0.8593400120735168
2024-10-14 08:00:00+00:00,0.8593800067901611,0.8641700148582458,0.8592000007629395,0.8636400103569031
2024-10-14 16:00:00+00:00,0.863610029220581,0.8640099763870239,0.8619700074195862,0.862339973449707
2024-10-15 00:00:00+00:00,0.8623300194740295,0.8636599779129028,0.8614799976348877,0.8623300194740295
2024-10-15 08:00:00+00:00,0.8622900247573853,0.8624799847602844,0.8606200218200684,0.8621299862861633
2024-10-15 16:00:00+00:00,0.8621600270271301,0.8636800050735474,0.8607500195503235,0.8625699877738953
2024-10-16 00:00:00+00:00,0.8626000285148621,0.8629299998283386,0.8616200089454651,0.862529993057251
2024-10-16 08:00:00+00:00,0.8626000285148621,0.8656600117683411,0.8613799810409546,0.8641600012779236
2024-10-16 16:00:00+00:00,0.8641999959945679,0.8658000230789185,0.8634600043296814,0.8653799891471863
2024-10-17 00:00:00+00:00,0.8653799891471863,0.8669700026512146,0.8650299906730652,0.8652399778366089
2024-10-17 08:00:00+00:00,0.8652700185775757,0.8662099838256836,0.8627600073814392,0.865369975566864
2024-10-17 16:00:00+00:00,0.865369975566864,0.8668400049209595,0.8653299808502197,0.8660699725151062
2024-10-18 00:00:00+00:00,0.8660799860954285,0.8669400215148926,0.86531001329422,0.8666499853134155
2024-10-18 08:00:00+00:00,0.8666099905967712,0.866919994354248,0.8648899793624878,0.8659200072288513
2024-10-18 16:00:00+00:00,0.8659200072288513,0.8660299777984619,0.8639000058174133,0.8639000058174133
2024-10-19 00:00:00+00:00,,,,
2024-10-19 08:00:00+00:00,,,,
2024-10-19 16:00:00+00:00,,,,
2024-10-20 00:00:00+00:00,,,,
2024-10-20 08:00:00+00:00,,,,
2024-10-20 16:00:00+00:00,0.8649799823760986,0.8651000261306763,0.8647599816322327,0.8649500012397766
2024-10-21 00:00:00+00:00,0.8649600148200989,0.8658999800682068,0.8644499778747559,0.8649399876594543
2024-10-21 08:00:00+00:00,0.8649600148200989,0.8659899830818176,0.8632599711418152,0.8658000230789185
2024-10-21 16:00:00+00:00,0.865809977054596,0.8663700222969055,0.864329993724823,0.8655300140380859
2024-10-22 00:00:00+00:00,0.8655300140380859,0.8657000064849854,0.8644700050354004,0.8650400042533875
2024-10-22 08:00:00+00:00,0.8650699853897095,0.8662599921226501,0.8647599816322327,0.8653600215911865
2024-10-22 16:00:00+00:00,0.8654000163078308,0.8661100268363953,0.8639699816703796,0.8655200004577637
2024-10-23 00:00:00+00:00,0.8655300140380859,0.8686000108718872,0.8655200004577637,0.867929995059967
2024-10-23 08:00:00+00:00,0.867900013923645,0.8682299852371216,0.8661999702453613,0.8664799928665161
2024-10-23 16:00:00+00:00,0.8665000200271606,0.8676599860191345,0.8653500080108643,0.8667399883270264
2024-10-24 00:00:00+00:00,0.8667700290679932,0.8671500086784363,0.8655300140380859,0.866129994392395
2024-10-24 08:00:00+00:00,0.8661400079727173,0.8669400215148926,0.8650199770927429,0.8667799830436707
2024-10-24 16:00:00+00:00,0.8667700290679932,0.8669000267982483,0.8644700050354004,0.8658900260925293
2024-10-25 00:00:00+00:00,0.8659300208091736,0.8664199709892273,0.8650000095367432,0.8661400079727173
2024-10-25 08:00:00+00:00,0.8660899996757507,0.8674299716949463,0.865339994430542,0.8664000034332275
2024-10-25 16:00:00+00:00,0.8663899898529053,0.8668000102043152,0.8655999898910522,0.8662999868392944
2024-10-26 00:00:00+00:00,,,,
2024-10-26 08:00:00+00:00,,,,
2024-10-26 16:00:00+00:00,,,,
2024-10-27 00:00:00+00:00,,,,
2024-10-27 08:00:00+00:00,,,,
2024-10-27 16:00:00+00:00,,,,
2024-10-28 00:00:00+00:00,0.8684700131416321,0.8700000047683716,0.8675400018692017,0.867900013923645
2024-10-28 08:00:00+00:00,0.8679100275039673,0.8679500222206116,0.8646500110626221,0.8658199906349182
2024-10-28 16:00:00+00:00,0.865809977054596,0.8659600019454956,0.8644499778747559,0.8648999929428101
2024-10-29 00:00:00+00:00,0.8646900057792664,0.8662099838256836,0.864300012588501,0.8661900162696838
2024-10-29 08:00:00+00:00,0.866159975528717,0.8698300123214722,0.86531001329422,0.8684700131416321
2024-10-29 16:00:00+00:00,0.8684599995613098,0.869700014591217,0.8662099838256836,0.8672299981117249
2024-10-30 00:00:00+00:00,0.8672099709510803,0.8677999973297119,0.8660699725151062,0.8674600124359131
2024-10-30 08:00:00+00:00,0.8674700260162354,0.8693400025367737,0.8658599853515625,0.8664100170135498
2024-10-30 16:00:00+00:00,0.8663899898529053,0.866919994354248,0.8653500080108643,0.8664699792861938
2024-10-31 00:00:00+00:00,0.8664199709892273,0.8665000200271606,0.8644599914550781,0.8655099868774414
2024-10-31 08:00:00+00:00,0.8654999732971191,0.8663700222969055,0.8636400103569031,0.8647400140762329
2024-10-31 16:00:00+00:00,0.8647900223731995,0.8659800291061401,0.8625800013542175,0.8634799718856812
2024-11-01 00:00:00+00:00,0.863510012626648,0.8685200214385986,0.8632199764251709,0.8684899806976318
2024-11-01 08:00:00+00:00,0.8684800267219543,0.8705000281333923,0.863860011100769,0.8703600168228149
2024-11-01 16:00:00+00:00,0.8703799843788147,0.8711100220680237,0.8690199851989746,0.8694000244140625
2024-11-02 00:00:00+00:00,,,,
2024-11-02 08:00:00+00:00,,,,
2024-11-02 16:00:00+00:00,,,,
2024-11-03 00:00:00+00:00,,,,
2024-11-03 08:00:00+00:00,,,,
2024-11-03 16:00:00+00:00,,,,
2024-11-04 00:00:00+00:00,0.8676400184631348,0.8676499724388123,0.8641999959945679,0.8654999732971191
2024-11-04 08:00:00+00:00,0.8655300140380859,0.8656299710273743,0.8614599704742432,0.8627399802207947
2024-11-04 16:00:00+00:00,0.8627200126647949,0.864359974861145,0.8625500202178955,0.8641200065612793
2024-11-05 00:00:00+00:00,0.8641800284385681,0.8645200133323669,0.8635299801826477,0.8637300133705139
2024-11-05 08:00:00+00:00,0.8637199997901917,0.8646199703216553,0.8615599870681763,0.8643199801445007
2024-11-05 16:00:00+00:00,0.864329993724823,0.8646500110626221,0.8618800044059753,0.862500011920929
2024-11-06 00:00:00+00:00,0.8624299764633179,0.8753499984741211,0.8619199991226196,0.8744999766349792
2024-11-06 08:00:00+00:00,0.8745099902153015,0.8773300051689148,0.8728600144386292,0.8751800060272217
2024-11-06 16:00:00+00:00,0.8752300143241882,0.8767099976539612,0.8745399713516235,0.8757299780845642
2024-11-07 00:00:00+00:00,0.8756999969482422,0.8773999810218811,0.8735700249671936,0.8751999735832214
2024-11-07 08:00:00+00:00,0.8751800060272217,0.8772500157356262,0.8708900213241577,0.8716700077056885
2024-11-07 16:00:00+00:00,0.871649980545044,0.8751599788665771,0.8707000017166138,0.8726599812507629
2024-11-08 00:00:00+00:00,0.8727399706840515,0.8737099766731262,0.8723700046539307,0.8729400038719177
2024-11-08 08:00:00+00:00,0.87295001745224,0.8744999766349792,0.8700600266456604,0.8735499978065491
2024-11-08 16:00:00+00:00,0.8735299706459045,0.8769000172615051,0.8732900023460388,0.8751800060272217
2024-11-09 00:00:00+00:00,,,,
2024-11-09 08:00:00+00:00,,,,
2024-11-09 16:00:00+00:00,,,,
2024-11-10 00:00:00+00:00,,,,
2024-11-10 08:00:00+00:00,,,,
2024-11-10 16:00:00+00:00,,,,
2024-11-11 00:00:00+00:00,0.8761100172996521,0.8783199787139893,0.875760018825531,0.8780900239944458
2024-11-11 08:00:00+00:00,0.8780900239944458,0.8808000087738037,0.8776699900627136,0.8798999786376953
2024-11-11 16:00:00+00:00,0.8798800110816956,0.8809999823570251,0.8780999779701233,0.8803099989891052
2024-11-12 00:00:00+00:00,0.8803200125694275,0.8823699951171875,0.8802400231361389,0.8815600275993347
2024-11-12 08:00:00+00:00,0.8815699815750122,0.8830999732017517,0.8802300095558167,0.8821700215339661
2024-11-12 16:00:00+00:00,0.8822000026702881,0.8836100101470947,0.880050003528595,0.882099986076355
2024-11-13 00:00:00+00:00,0.8820800185203552,0.8837299942970276,0.881630003452301,0.8836399912834167
2024-11-13 08:00:00+00:00,0.8836600184440613,0.8848999738693237,0.8794599771499634,0.883400022983551
2024-11-13 16:00:00+00:00,0.883400022983551,0.8863499760627747,0.883080005645752,0.8857100009918213
2024-11-14 00:00:00+00:00,0.885670006275177,0.8878600001335144,0.8854399919509888,0.8872500061988831
2024-11-14 08:00:00+00:00,0.8872900009155273,0.8909599781036377,0.8866000175476074,0.8875200152397156
2024-11-14 16:00:00+00:00,0.887499988079071,0.8917700052261353,0.8864799737930298,0.8905500173568726
2024-11-15 00:00:00+00:00,0.8904399871826172,0.8907399773597717,0.8872399926185608,0.8877500295639038
2024-11-15 08:00:00+00:00,0.8877500295639038,0.889959990978241,0.8865699768066406,0.8878800272941589
2024-11-15 16:00:00+00:00,0.8878899812698364,0.8887199759483337,0.8858699798583984,0.8869500160217285
2024-11-16 00:00:00+00:00,,,,
2024-11-16 08:00:00+00:00,,,,
2024-11-16 16:00:00+00:00,,,,
2024-11-17 00:00:00+00:00,,,,
2024-11-17 08:00:00+00:00,,,,
2024-11-17 16:00:00+00:00,,,,
2024-11-18 00:00:00+00:00,0.8884400129318237,0.8885999917984009,0.8867300152778625,0.8870999813079834
2024-11-18 08:00:00+00:00,0.8871099948883057,0.8881800174713135,0.8850799798965454,0.8856899738311768
2024-11-18 16:00:00+00:00,0.885670006275177,0.8862000107765198,0.8817899823188782,0.8831999897956848
2024-11-19 00:00:00+00:00,0.8831800222396851,0.8842300176620483,0.8827000260353088,0.8839600086212158
2024-11-19 08:00:00+00:00,0.8839600086212158,0.8843500018119812,0.8800699710845947,0.8819100260734558
2024-11-19 16:00:00+00:00,0.8819400072097778,0.8844299912452698,0.8801000118255615,0.882099986076355
2024-11-20 00:00:00+00:00,0.8820599913597107,0.8846499919891357,0.8816800117492676,0.8845199942588806
2024-11-20 08:00:00+00:00,0.8845599889755249,0.8862299919128418,0.8835899829864502,0.8854699730873108
2024-11-20 16:00:00+00:00,0.8854900002479553,0.8859099745750427,0.8826799988746643,0.8836299777030945
2024-11-21 00:00:00+00:00,0.8835999965667725,0.8840500116348267,0.8820499777793884,0.8839100003242493
2024-11-21 08:00:00+00:00,0.883899986743927,0.8849700093269348,0.8822299838066101,0.8848699927330017
2024-11-21 16:00:00+00:00,0.8848599791526794,0.8870000243186951,0.8847399950027466,0.8868200182914734
2024-11-22 00:00:00+00:00,0.8867999911308289,0.8872900009155273,0.8855500221252441,0.8858299851417542
2024-11-22 08:00:00+00:00,0.885860025882721,0.8957499861717224,0.8851000070571899,0.8936499953269958
2024-11-22 16:00:00+00:00,0.8936499953269958,0.8950300216674805,0.8931000232696533,0.8931000232696533
2024-11-23 00:00:00+00:00,,,,
2024-11-23 08:00:00+00:00,,,,
2024-11-23 16:00:00+00:00,,,,
2024-11-24 00:00:00+00:00,,,,
2024-11-24 08:00:00+00:00,,,,
2024-11-24 16:00:00+00:00,,,,
2024-11-25 00:00:00+00:00,0.8904899954795837,0.8914200067520142,0.8891299962997437,0.8912400007247925
2024-11-25 08:00:00+00:00,0.8912799954414368,0.8917099833488464,0.8848099708557129,0.8874599933624268
2024-11-25 16:00:00+00:00,0.887470006942749,0.8888400197029114,0.8850899934768677,0.8883000016212463
2024-11-26 00:00:00+00:00,0.8888199925422668,0.8894400000572205,0.8861899971961975,0.8871899843215942
2024-11-26 08:00:00+00:00,0.8871600031852722,0.8883699774742126,0.884190022945404,0.8874800205230713
2024-11-26 16:00:00+00:00,0.887470006942749,0.888700008392334,0.8857300281524658,0.8861299753189087
2024-11-27 00:00:00+00:00,0.8861299753189087,0.8862000107765198,0.8840600252151489,0.8844900131225586
2024-11-27 08:00:00+00:00,0.8844599723815918,0.8845400214195251,0.8802700042724609,0.8810399770736694
2024-11-27 16:00:00+00:00,0.8810700178146362,0.8823999762535095,0.8797199726104736,0.8823000192642212
2024-11-28 00:00:00+00:00,0.8822500109672546,0.8842999935150146,0.8822000026702881,0.883899986743927
2024-11-28 08:00:00+00:00,0.8839100003242493,0.8848199844360352,0.8824599981307983,0.883080005645752
2024-11-28 16:00:00+00:00,0.8830699920654297,0.8837199807167053,0.8817899823188782,0.8824399709701538
2024-11-29 00:00:00+00:00,0.8823699951171875,0.8824099898338318,0.8795099854469299,0.8811799883842468
2024-11-29 08:00:00+00:00,0.8812000155448914,0.8827999830245972,0.8797299861907959,0.8809800148010254
2024-11-29 16:00:00+00:00,0.8809599876403809,0.8826000094413757,0.8798400163650513,0.8802599906921387
2024-11-30 00:00:00+00:00,,,,
2024-11-30 08:00:00+00:00,,,,
2024-11-30 16:00:00+00:00,,,,
2024-12-01 00:00:00+00:00,,,,
2024-12-01 08:00:00+00:00,,,,
2024-12-01 16:00:00+00:00,,,,
2024-12-02 00:00:00+00:00,0.882099986076355,0.8853999972343445,0.8819599747657776,0.884850025177002
2024-12-02 08:00:00+00:00,0.8848199844360352,0.8889600038528442,0.8841000199317932,0.8877500295639038
2024-12-02 16:00:00+00:00,0.887690007686615,0.8885700106620789,0.8851100206375122,0.8862699866294861
2024-12-03 00:00:00+00:00,0.8863199949264526,0.8888400197029114,0.8861200213432312,0.8867400288581848
2024-12-03 08:00:00+00:00,0.8867700099945068,0.8871999979019165,0.8829200267791748,0.885200023651123
2024-12-03 16:00:00+00:00,0.8852099776268005,0.8867700099945068,0.8842999935150146,0.886430025100708
2024-12-04 00:00:00+00:00,0.8863199949264526,0.8875700235366821,0.8852699995040894,0.8865500092506409
2024-12-04 08:00:00+00:00,0.8865699768066406,0.8880000114440918,0.8833799958229065,0.8837699890136719
2024-12-04 16:00:00+00:00,0.8836899995803833,0.8847900032997131,0.882610023021698,0.8837400078773499
2024-12-05 00:00:00+00:00,0.8837299942970276,0.8846099972724915,0.8830999732017517,0.8834999799728394
2024-12-05 08:00:00+00:00,0.8835300207138062,0.8853200078010559,0.8794800043106079,0.879830002784729
2024-12-05 16:00:00+00:00,0.879830002784729,0.8805000185966492,0.8777199983596802,0.8783400058746338
2024-12-06 00:00:00+00:00,0.8782699704170227,0.8797000050544739,0.8782200217247009,0.8785300254821777
2024-12-06 08:00:00+00:00,0.8784899711608887,0.8794999718666077,0.8733999729156494,0.8771399855613708
2024-12-06 16:00:00+00:00,0.8771200180053711,0.8797199726104736,0.87677001953125,0.8781200051307678
2024-12-07 00:00:00+00:00,,,,
2024-12-07 08:00:00+00:00,,,,
2024-12-07 16:00:00+00:00,,,,
2024-12-08 00:00:00+00:00,,,,
2024-12-08 08:00:00+00:00,,,,
2024-12-08 16:00:00+00:00,,,,
2024-12-09 00:00:00+00:00,0.8785600066184998,0.8804100155830383,0.8784099817276001,0.8789600133895874
2024-12-09 08:00:00+00:00,0.8789799809455872,0.8801699876785278,0.8760499954223633,0.8762900233268738
2024-12-09 16:00:00+00:00,0.8762800097465515,0.8792999982833862,0.8758299946784973,0.878570020198822
2024-12-10 00:00:00+00:00,0.8785600066184998,0.8791999816894531,0.87704998254776,0.8790000081062317
2024-12-10 08:00:00+00:00,0.8789899945259094,0.8828399777412415,0.8787400126457214,0.8823699951171875
2024-12-10 16:00:00+00:00,0.8823599815368652,0.8832600116729736,0.8814899921417236,0.8827300071716309
2024-12-11 00:00:00+00:00,0.8827400207519531,0.8854299783706665,0.8825100064277649,0.8849700093269348
2024-12-11 08:00:00+00:00,0.8849599957466125,0.8852199912071228,0.881060004234314,0.884190022945404
2024-12-11 16:00:00+00:00,0.884190022945404,0.8853499889373779,0.8825600147247314,0.8832100033760071
2024-12-12 00:00:00+00:00,0.8831899762153625,0.8842499852180481,0.8816099762916565,0.8822000026702881
2024-12-12 08:00:00+00:00,0.8821700215339661,0.8901900053024292,0.8819199800491333,0.8887400031089783
2024-12-12 16:00:00+00:00,0.8887100219726562,0.8927800059318542,0.8877099752426147,0.892009973526001
2024-12-13 00:00:00+00:00,0.891979992389679,0.8936799764633179,0.891539990901947,0.8932700157165527
2024-12-13 08:00:00+00:00,0.893339991569519,0.894569993019104,0.8914200067520142,0.893559992313385
2024-12-13 16:00:00+00:00,0.8935999870300293,0.8938999772071838,0.8917999863624573,0.8920000195503235
2024-12-14 00:00:00+00:00,,,,
2024-12-14 08:00:00+00:00,,,,
2024-12-14 16:00:00+00:00,,,,
2024-12-15 00:00:00+00:00,,,,
2024-12-15 08:00:00+00:00,,,,
2024-12-15 16:00:00+00:00,,,,
2024-12-16 00:00:00+00:00,0.891730010509491,0.8919000029563904,0.890250027179718,0.8916299939155579
2024-12-16 08:00:00+00:00,0.8916500210762024,0.8948500156402588,0.8898299932479858,0.8924099802970886
2024-12-16 16:00:00+00:00,0.8924099802970886,0.8948000073432922,0.8921599984169006,0.8939999938011169
2024-12-17 00:00:00+00:00,0.8939999938011169,0.8965299725532532,0.8929600119590759,0.896369993686676
2024-12-17 08:00:00+00:00,0.8964300155639648,0.8974999785423279,0.8940500020980835,0.8943899869918823
2024-12-17 16:00:00+00:00,0.8943799734115601,0.8947499990463257,0.8914300203323364,0.8925300240516663
2024-12-18 00:00:00+00:00,0.8924300074577332,0.8937699794769287,0.8917099833488464,0.8934299945831299
2024-12-18 08:00:00+00:00,0.8933799862861633,0.8945599794387817,0.8920900225639343,0.8928700089454651
2024-12-18 16:00:00+00:00,0.8928899765014648,0.9021599888801575,0.8917099833488464,0.9018300175666809
2024-12-19 00:00:00+00:00,0.9016500115394592,0.9017099738121033,0.8976100087165833,0.8982899785041809
2024-12-19 08:00:00+00:00,0.8982899785041809,0.8989099860191345,0.8951399922370911,0.8978400230407715
2024-12-19 16:00:00+00:00,0.897849977016449,0.8997799754142761,0.8959699869155884,0.8989599943161011
2024-12-20 00:00:00+00:00,0.8989599943161011,0.8989999890327454,0.8970699906349182,0.8972799777984619
2024-12-20 08:00:00+00:00,0.8972600102424622,0.8975800275802612,0.8929200172424316,0.8945500254631042
2024-12-20 16:00:00+00:00,0.8945800065994263,0.8949400186538696,0.8913099765777588,0.8930000066757202
2024-12-21 00:00:00+00:00,,,,
2024-12-21 08:00:00+00:00,,,,
2024-12-21 16:00:00+00:00,,,,
2024-12-22 00:00:00+00:00,,,,
2024-12-22 08:00:00+00:00,,,,
2024-12-22 16:00:00+00:00,,,,
2024-12-23 00:00:00+00:00,0.8930299878120422,0.8949499726295471,0.8927099704742432,0.8948799967765808
2024-12-23 08:00:00+00:00,0.8949199914932251,0.9001700282096863,0.8944200277328491,0.8999900221824646
2024-12-23 16:00:00+00:00,0.9000099897384644,0.9001500010490417,0.8975200057029724,0.8984699845314026
2024-12-24 00:00:00+00:00,0.8985199928283691,0.9002100229263306,0.8982599973678589,0.9001399874687195
2024-12-24 08:00:00+00:00,0.9001299738883972,0.9010999798774719,0.8989599943161011,0.9008100032806396
2024-12-24 16:00:00+00:00,0.9007899761199951,0.9012100100517273,0.8987399935722351,0.8996000289916992
2024-12-25 00:00:00+00:00,0.8995699882507324,0.9000999927520752,0.8984000086784363,0.8992699980735779
2024-12-25 08:00:00+00:00,,,,
2024-12-25 16:00:00+00:00,0.8996000289916992,0.9000200033187866,0.8983799815177917,0.899399995803833
2024-12-26 00:00:00+00:00,0.8993600010871887,0.9004200100898743,0.8991600275039673,0.8997799754142761
2024-12-26 08:00:00+00:00,0.8997700214385986,0.9010000228881836,0.8993200063705444,0.9004899859428406
2024-12-26 16:00:00+00:00,0.9004899859428406,0.9005299806594849,0.898169994354248,0.8989400267601013
2024-12-27 00:00:00+00:00,0.8989599943161011,0.9011800289154053,0.8988400101661682,0.9004300236701965
2024-12-27 08:00:00+00:00,0.900439977645874,0.9016100168228149,0.8994899988174438,0.9013400077819824
2024-12-27 16:00:00+00:00,0.9013599753379822,0.9027400016784668,0.9004999995231628,0.9009000062942505
2024-12-28 00:00:00+00:00,,,,
2024-12-28 08:00:00+00:00,,,,
2024-12-28 16:00:00+00:00,,,,
2024-12-29 00:00:00+00:00,,,,
2024-12-29 08:00:00+00:00,,,,
2024-12-29 16:00:00+00:00,,,,
2024-12-30 00:00:00+00:00,0.9018399715423584,0.902400016784668,0.9013599753379822,0.9017699956893921
2024-12-30 08:00:00+00:00,0.9017699956893921,0.9074000120162964,0.9009699821472168,0.9065399765968323
2024-12-30 16:00:00+00:00,0.9065499901771545,0.9073299765586853,0.9030200242996216,0.9032400250434875
2024-12-31 00:00:00+00:00,0.9032999873161316,0.9039999842643738,0.9024500250816345,0.9034900069236755
2024-12-31 08:00:00+00:00,0.903439998626709,0.906279981136322,0.9022799730300903,0.90625
2024-12-31 16:00:00+00:00,0.906220018863678,0.9080299735069275,0.9057599902153015,0.9071699976921082
2025-01-01 00:00:00+00:00,,,,
2025-01-01 08:00:00+00:00,,,,
2025-01-01 16:00:00+00:00,0.9035999774932861,0.907800018787384,0.9035999774932861,0.9077000021934509
2025-01-02 00:00:00+00:00,0.9076799750328064,0.907829999923706,0.9038900136947632,0.904670000076294
2025-01-02 08:00:00+00:00,0.904670000076294,0.910860002040863,0.9038699865341187,0.9107199907302856
2025-01-02 16:00:00+00:00,0.9107099771499634,0.9137099981307983,0.9107000231742859,0.9120100140571594
2025-01-03 00:00:00+00:00,0.9120299816131592,0.9125000238418579,0.9098600149154663,0.9101899862289429
2025-01-03 08:00:00+00:00,0.9101600050926208,0.9110000133514404,0.9079700112342834,0.9106400012969971
2025-01-03 16:00:00+00:00,0.9106199741363525,0.9106500148773193,0.9078900218009949,0.9082000255584717
2025-01-04 00:00:00+00:00,,,,
2025-01-04 08:00:00+00:00,,,,
2025-01-04 16:00:00+00:00,,,,
2025-01-05 00:00:00+00:00,,,,
2025-01-05 08:00:00+00:00,,,,
2025-01-05 16:00:00+00:00,,,,
2025-01-06 00:00:00+00:00,0.9093400239944458,0.9104999899864197,0.9079300165176392,0.9080899953842163
2025-01-06 08:00:00+00:00,0.9081199765205383,0.9082000255584717,0.9007899761199951,0.9049299955368042
2025-01-06 16:00:00+00:00,0.9049000144004822,0.9059299826622009,0.9038100242614746,0.9050400257110596
2025-01-07 00:00:00+00:00,0.9049000144004822,0.906000018119812,0.9022200107574463,0.9046599864959717
2025-01-07 08:00:00+00:00,0.9046900272369385,0.9096300005912781,0.9025899767875671,0.907800018787384
2025-01-07 16:00:00+00:00,0.9078099727630615,0.9097999930381775,0.9070500135421753,0.9094300270080566
2025-01-08 00:00:00+00:00,0.909529983997345,0.9107499718666077,0.9086800217628479,0.9105899930000305
2025-01-08 08:00:00+00:00,0.9105700254440308,0.9128299951553345,0.9098100066184998,0.9111599922180176
2025-01-08 16:00:00+00:00,0.9111899733543396,0.9120000004768372,0.9097800254821777,0.9109200239181519
2025-01-09 00:00:00+00:00,0.9109600186347961,0.9126899838447571,0.9097499847412109,0.9125199913978577
2025-01-09 08:00:00+00:00,0.912559986114502,0.913100004196167,0.9106400012969971,0.9121299982070923
2025-01-09 16:00:00+00:00,0.9121299982070923,0.9130100011825562,0.9108399748802185,0.912060022354126
2025-01-10 00:00:00+00:00,0.9120299816131592,0.9131199717521667,0.9114099740982056,0.9124299883842468
2025-01-10 08:00:00+00:00,0.9123700261116028,0.9188299775123596,0.9121800065040588,0.9163100123405457
2025-01-10 16:00:00+00:00,0.9162799715995789,0.9179999828338623,0.9153500199317932,0.9157000184059143
2025-01-11 00:00:00+00:00,,,,
2025-01-11 08:00:00+00:00,,,,
2025-01-11 16:00:00+00:00,,,,
2025-01-12 00:00:00+00:00,,,,
2025-01-12 08:00:00+00:00,,,,
2025-01-12 16:00:00+00:00,,,,
2025-01-13 00:00:00+00:00,0.9168699979782104,0.9179199934005737,0.9161700010299683,0.9167500138282776
2025-01-13 08:00:00+00:00,0.9167500138282776,0.9195200204849243,0.9154000282287598,0.919439971446991
2025-01-13 16:00:00+00:00,0.9194700121879578,0.9200299978256226,0.9150800108909607,0.9158700108528137
2025-01-14 00:00:00+00:00,0.9158999919891357,0.916949987411499,0.914680004119873,0.9151399731636047
2025-01-14 08:00:00+00:00,0.915149986743927,0.9173700213432312,0.9128699898719788,0.9144300222396851
2025-01-14 16:00:00+00:00,0.9144099950790405,0.915090024471283,0.9113699793815613,0.9124500155448914
2025-01-15 00:00:00+00:00,0.9125000238418579,0.9129199981689453,0.9112200140953064,0.9114599823951721
2025-01-15 08:00:00+00:00,0.9114400148391724,0.9124199748039246,0.9077500104904175,0.9117100238800049
2025-01-15 16:00:00+00:00,0.9117100238800049,0.9146100282669067,0.9116799831390381,0.9121099710464478
2025-01-16 00:00:00+00:00,0.9121000170707703,0.9128999710083008,0.9111800193786621,0.9118800163269043
2025-01-16 08:00:00+00:00,0.9118800163269043,0.9136499762535095,0.9104899764060974,0.9118300080299377
2025-01-16 16:00:00+00:00,0.9118199944496155,0.9124900102615356,0.9096599817276001,0.9111700057983398
2025-01-17 00:00:00+00:00,0.9111300110816956,0.9129999876022339,0.9100000262260437,0.9118300080299377
2025-01-17 08:00:00+00:00,0.9118199944496155,0.9146400094032288,0.9095799922943115,0.913670003414154
2025-01-17 16:00:00+00:00,0.913640022277832,0.9153500199317932,0.9135800004005432,0.9143000245094299
2025-01-18 00:00:00+00:00,,,,
2025-01-18 08:00:00+00:00,,,,
2025-01-18 16:00:00+00:00,,,,
2025-01-19 00:00:00+00:00,,,,
2025-01-19 08:00:00+00:00,,,,
2025-01-19 16:00:00+00:00,,,,
2025-01-20 00:00:00+00:00,0.9144899845123291,0.9146999716758728,0.9120200276374817,0.9122800230979919
2025-01-20 08:00:00+00:00,0.9122599959373474,0.9146100282669067,0.9067599773406982,0.9081900119781494
2025-01-20 16:00:00+00:00,0.9082300066947937,0.910539984703064,0.9052500128746033,0.9061599969863892
2025-01-21 00:00:00+00:00,0.9060400128364563,0.9097899794578552,0.9050899744033813,0.9084799885749817
2025-01-21 08:00:00+00:00,0.9084799885749817,0.9114999771118164,0.9069200158119202,0.9075599908828735
2025-01-21 16:00:00+00:00,0.9075899720191956,0.907829999923706,0.9047099947929382,0.9065899848937988
2025-01-22 00:00:00+00:00,0.9066600203514099,0.9072700142860413,0.9053099751472473,0.9065600037574768
2025-01-22 08:00:00+00:00,0.9065200090408325,0.9075000286102295,0.903219997882843,0.9067299962043762
2025-01-22 16:00:00+00:00,0.9067599773406982,0.907509982585907,0.9056500196456909,0.9063500165939331
2025-01-23 00:00:00+00:00,0.9063699841499329,0.9072999954223633,0.9056199789047241,0.9069399833679199
2025-01-23 08:00:00+00:00,0.9069300293922424,0.9097200036048889,0.9062899947166443,0.9091699719429016
2025-01-23 16:00:00+00:00,0.9091299772262573,0.9101700186729431,0.9060500264167786,0.9074400067329407
2025-01-24 00:00:00+00:00,0.9074400067329407,0.9077000021934509,0.9039999842643738,0.9050400257110596
2025-01-24 08:00:00+00:00,0.9050300121307373,0.9071199893951416,0.9027000069618225,0.9045799970626831
2025-01-24 16:00:00+00:00,0.9045799970626831,0.9064099788665771,0.9039599895477295,0.9048299789428711
2025-01-25 00:00:00+00:00,,,,
2025-01-25 08:00:00+00:00,,,,
2025-01-25 16:00:00+00:00,,,,
2025-01-26 00:00:00+00:00,,,,
2025-01-26 08:00:00+00:00,,,,
2025-01-26 16:00:00+00:00,,,,
2025-01-27 00:00:00+00:00,0.906790018081665,0.9072999954223633,0.9056500196456909,0.9065200090408325
2025-01-27 08:00:00+00:00,0.9065300226211548,0.9065899848937988,0.8964800238609314,0.9005900025367737
2025-01-27 16:00:00+00:00,0.9005900025367737,0.9051399827003479,0.8995199799537659,0.9041600227355957
2025-01-28 00:00:00+00:00,0.9044299721717834,0.9067000150680542,0.9036099910736084,0.9063299894332886
2025-01-28 08:00:00+00:00,0.9063699841499329,0.907069981098175,0.9039999842643738,0.9057700037956238
2025-01-28 16:00:00+00:00,0.9058200120925903,0.9058300256729126,0.9030200242996216,0.9041200280189514
2025-01-29 00:00:00+00:00,0.9041900038719177,0.9056000113487244,0.9031199812889099,0.9055100083351135
2025-01-29 08:00:00+00:00,0.9055100083351135,0.9082199931144714,0.9045199751853943,0.9064599871635437
2025-01-29 16:00:00+00:00,0.9064300060272217,0.9095199704170227,0.9057700037956238,0.9063599705696106
2025-01-30 00:00:00+00:00,0.9063000082969666,0.9070600271224976,0.9059600234031677,0.9063199758529663
2025-01-30 08:00:00+00:00,0.90625,0.9089400172233582,0.9058600068092346,0.9072200059890747
2025-01-30 16:00:00+00:00,0.9072999954223633,0.9103699922561646,0.9068199992179871,0.9095500111579895
2025-01-31 00:00:00+00:00,0.9095699787139893,0.9106000065803528,0.9086800217628479,0.909500002861023
2025-01-31 08:00:00+00:00,0.9094899892807007,0.9115800261497498,0.9074100255966187,0.908050000667572
2025-01-31 16:00:00+00:00,0.9080899953842163,0.9114500284194946,0.9071000218391418,0.9100800156593323
2025-02-01 00:00:00+00:00,,,,
2025-02-01 08:00:00+00:00,,,,
2025-02-01 16:00:00+00:00,,,,
2025-02-02 00:00:00+00:00,,,,
2025-02-02 08:00:00+00:00,,,,
2025-02-02 16:00:00+00:00,,,,
2025-02-03 00:00:00+00:00,0.9150800108909607,0.9187399744987488,0.9142699837684631,0.9186400175094604
2025-02-03 08:00:00+00:00,0.9186199903488159,0.9196599721908569,0.9102299809455872,0.9115999937057495
2025-02-03 16:00:00+00:00,0.9115700125694275,0.9143499732017517,0.9092000126838684,0.9115099906921387
2025-02-04 00:00:00+00:00,0.9115399718284607,0.9131199717521667,0.9111499786376953,0.9118000268936157
2025-02-04 08:00:00+00:00,0.9118099808692932,0.9118899703025818,0.9052500128746033,0.9057700037956238
2025-02-04 16:00:00+00:00,0.9057999849319458,0.9062600135803223,0.9036999940872192,0.9053999781608582
2025-02-05 00:00:00+00:00,0.9054399728775024,0.9059299826622009,0.9028499722480774,0.9037600159645081
2025-02-05 08:00:00+00:00,0.9038100242614746,0.9047899842262268,0.9001299738883972,0.9004999995231628
2025-02-05 16:00:00+00:00,0.9004799723625183,0.9018499851226807,0.9001200199127197,0.901449978351593
2025-02-06 00:00:00+00:00,0.9014000296592712,0.9035300016403198,0.9007400274276733,0.9034500122070312
2025-02-06 08:00:00+00:00,0.9034199714660645,0.9061999917030334,0.9031500220298767,0.9050999879837036
2025-02-06 16:00:00+00:00,0.9051300287246704,0.9056100249290466,0.9037399888038635,0.9052299857139587
2025-02-07 00:00:00+00:00,0.9051300287246704,0.9067999720573425,0.904670000076294,0.906220018863678
2025-02-07 08:00:00+00:00,0.906220018863678,0.9101700186729431,0.9043899774551392,0.9092000126838684
2025-02-07 16:00:00+00:00,0.9091399908065796,0.910610020160675,0.9085999727249146,0.9085999727249146
2025-02-08 00:00:00+00:00,,,,
2025-02-08 08:00:00+00:00,,,,
2025-02-08 16:00:00+00:00,,,,
2025-02-09 00:00:00+00:00,,,,
2025-02-09 08:00:00+00:00,,,,
2025-02-09 16:00:00+00:00,,,,
2025-02-10 00:00:00+00:00,0.9109299778938293,0.9121999740600586,0.9102200269699097,0.9108499884605408
2025-02-10 08:00:00+00:00,0.9108099937438965,0.9111199975013733,0.9093199968338013,0.9103000164031982
2025-02-10 16:00:00+00:00,0.910260021686554,0.9116600155830383,0.9098100066184998,0.911329984664917
2025-02-11 00:00:00+00:00,0.9113600254058838,0.9118800163269043,0.9109899997711182,0.9118000268936157
2025-02-11 08:00:00+00:00,0.9117699861526489,0.9139999747276306,0.9110599756240845,0.9132199883460999
2025-02-11 16:00:00+00:00,0.9132599830627441,0.9140499830245972,0.9107699990272522,0.913070023059845
2025-02-12 00:00:00+00:00,0.9130600094795227,0.9136199951171875,0.9119200110435486,0.9122099876403809
2025-02-12 08:00:00+00:00,0.9121999740600586,0.9155700206756592,0.9102299809455872,0.913349986076355
2025-02-12 16:00:00+00:00,0.913349986076355,0.9144899845123291,0.9112799763679504,0.9134500026702881
2025-02-13 00:00:00+00:00,0.9134200215339661,0.9140300154685974,0.9087499976158142,0.9092000126838684
2025-02-13 08:00:00+00:00,0.9091799855232239,0.9096699953079224,0.9046499729156494,0.9051399827003479
2025-02-13 16:00:00+00:00,0.9051200151443481,0.9063000082969666,0.9022499918937683,0.903219997882843
2025-02-14 00:00:00+00:00,0.9032300114631653,0.9048900008201599,0.9023900032043457,0.9046599864959717
2025-02-14 08:00:00+00:00,0.904670000076294,0.9049100279808044,0.8971700072288513,0.8978999853134155
2025-02-14 16:00:00+00:00,0.8978700041770935,0.8998000025749207,0.8976600170135498,0.8994899988174438
2025-02-15 00:00:00+00:00,,,,
2025-02-15 08:00:00+00:00,,,,
2025-02-15 16:00:00+00:00,,,,
2025-02-16 00:00:00+00:00,,,,
2025-02-16 08:00:00+00:00,,,,
2025-02-16 16:00:00+00:00,,,,
2025-02-17 00:00:00+00:00,0.8999000191688538,0.9008700251579285,0.8991299867630005,0.8999199867248535
2025-02-17 08:00:00+00:00,0.899940013885498,0.9018099904060364,0.8996800184249878,0.9010199904441833
2025-02-17 16:00:00+00:00,0.9009699821472168,0.901170015335083,0.8997200131416321,0.9007099866867065
2025-02-18 00:00:00+00:00,0.9007200002670288,0.9034199714660645,0.9006199836730957,0.901449978351593
2025-02-18 08:00:00+00:00,0.901449978351593,0.9022499918937683,0.8995100259780884,0.9015700221061707
2025-02-18 16:00:00+00:00,0.9016000032424927,0.9041200280189514,0.9013199806213379,0.9036300182342529
2025-02-19 00:00:00+00:00,0.9036399722099304,0.9043999910354614,0.9024500250816345,0.9037899971008301
2025-02-19 08:00:00+00:00,0.9037700295448303,0.9051399827003479,0.9023000001907349,0.9036999940872192
2025-02-19 16:00:00+00:00,0.9037100076675415,0.9054999947547913,0.9023100137710571,0.9045600295066833
2025-02-20 00:00:00+00:00,0.9045799970626831,0.9046000242233276,0.9020400047302246,0.9026100039482117
2025-02-20 08:00:00+00:00,0.9026399850845337,0.9030600190162659,0.8995299935340881,0.8996800184249878
2025-02-20 16:00:00+00:00,0.8996700048446655,0.9003400206565857,0.8971199989318848,0.8982099890708923
2025-02-21 00:00:00+00:00,0.8981500267982483,0.8996000289916992,0.8977199792861938,0.8980500102043152
2025-02-21 08:00:00+00:00,0.8980500102043152,0.9004600048065186,0.8970299959182739,0.8995800018310547
2025-02-21 16:00:00+00:00,0.8995699882507324,0.8997799754142761,0.8967400193214417,0.8975499868392944
2025-02-22 00:00:00+00:00,,,,
2025-02-22 08:00:00+00:00,,,,
2025-02-22 16:00:00+00:00,,,,
2025-02-23 00:00:00+00:00,,,,
2025-02-23 08:00:00+00:00,,,,
2025-02-23 16:00:00+00:00,,,,
2025-02-24 00:00:00+00:00,0.8984799981117249,0.8985099792480469,0.8953199982643127,0.8970800042152405
2025-02-24 08:00:00+00:00,0.897059977054596,0.8998100161552429,0.8961499929428101,0.8968700170516968
2025-02-24 16:00:00+00:00,0.8968899846076965,0.8977400064468384,0.8958200216293335,0.8974000215530396
2025-02-25 00:00:00+00:00,0.8973100185394287,0.8978000283241272,0.8962799906730652,0.8967000246047974
2025-02-25 08:00:00+00:00,0.8967099785804749,0.8971499800682068,0.8911799788475037,0.8934299945831299
2025-02-25 16:00:00+00:00,0.8934199810028076,0.8937000036239624,0.8915799856185913,0.8923900127410889
2025-02-26 00:00:00+00:00,0.8924099802970886,0.8950999975204468,0.8916100263595581,0.8943600058555603
2025-02-26 08:00:00+00:00,0.8943600058555603,0.8964599967002869,0.8934699892997742,0.8936100006103516
2025-02-26 16:00:00+00:00,0.8936300277709961,0.8949000239372253,0.8924400210380554,0.8943399786949158
2025-02-27 00:00:00+00:00,0.8944600224494934,0.8973900079727173,0.8944200277328491,0.8962600231170654
2025-02-27 08:00:00+00:00,0.8963000178337097,0.9005500078201294,0.8962500095367432,0.8991699814796448
2025-02-27 16:00:00+00:00,0.8991699814796448,0.9000999927520752,0.8979899883270264,0.9000200033187866
2025-02-28 00:00:00+00:00,0.9000700116157532,0.9022600054740906,0.8982200026512146,0.9016199707984924
2025-02-28 08:00:00+00:00,0.901639997959137,0.9031500220298767,0.9004700183868408,0.9022200107574463
2025-02-28 16:00:00+00:00,0.9022300243377686,0.9035999774932861,0.9009299874305725,0.9027900099754333
2025-03-01 00:00:00+00:00,,,,
2025-03-01 08:00:00+00:00,,,,
2025-03-01 16:00:00+00:00,,,,
2025-03-02 00:00:00+00:00,,,,
2025-03-02 08:00:00+00:00,,,,
2025-03-02 16:00:00+00:00,,,,
2025-03-03 00:00:00+00:00,0.9026299715042114,0.9031199812889099,0.901449978351593,0.901639997959137
2025-03-03 08:00:00+00:00,0.9016000032424927,0.9018700122833252,0.8970199823379517,0.8983399868011475
2025-03-03 16:00:00+00:00,0.8982899785041809,0.8985099792480469,0.895550012588501,0.896809995174408
2025-03-04 00:00:00+00:00,0.896809995174408,0.8971400260925293,0.8942000269889832,0.8950799703598022
2025-03-04 08:00:00+00:00,0.8950899839401245,0.8951399922370911,0.8871300220489502,0.8903599977493286
2025-03-04 16:00:00+00:00,0.8903499841690063,0.8905500173568726,0.8878399729728699,0.8896899819374084
2025-03-05 00:00:00+00:00,0.889930009841919,0.8913000226020813,0.8870900273323059,0.8876500129699707
2025-03-05 08:00:00+00:00,0.8876699805259705,0.8903700113296509,0.8855400085449219,0.888450026512146
2025-03-05 16:00:00+00:00,0.8884699940681458,0.8914499878883362,0.8873999714851379,0.8907399773597717
2025-03-06 00:00:00+00:00,0.8907099962234497,0.8925999999046326,0.8876100182533264,0.8890900015830994
2025-03-06 08:00:00+00:00,0.8890500068664551,0.8898299932479858,0.8827199935913086,0.8860099911689758
2025-03-06 16:00:00+00:00,0.8859900236129761,0.8861700296401978,0.8823000192642212,0.8832700252532959
2025-03-07 00:00:00+00:00,0.8833600282669067,0.883400022983551,0.8794000148773193,0.8804299831390381
2025-03-07 08:00:00+00:00,0.8804399967193604,0.8819299936294556,0.8766599893569946,0.8788300156593323
2025-03-07 16:00:00+00:00,0.8788599967956543,0.8810700178146362,0.8767600059509277,0.8792300224304199
2025-03-08 00:00:00+00:00,,,,
2025-03-08 08:00:00+00:00,,,,
2025-03-08 16:00:00+00:00,,,,
2025-03-09 00:00:00+00:00,,,,
2025-03-09 08:00:00+00:00,,,,
2025-03-09 16:00:00+00:00,,,,
2025-03-10 00:00:00+00:00,0.8773300051689148,0.8799899816513062,0.876479983329773,0.8797900080680847
2025-03-10 08:00:00+00:00,0.8797600269317627,0.881600022315979,0.8757699728012085,0.8812400102615356
2025-03-10 16:00:00+00:00,0.8812100291252136,0.8821700215339661,0.8792999982833862,0.8800399899482727
2025-03-11 00:00:00+00:00,0.8799700140953064,0.8805099725723267,0.877240002155304,0.8787999749183655
2025-03-11 08:00:00+00:00,0.8787999749183655,0.8825500011444092,0.8786399960517883,0.8800100088119507
2025-03-11 16:00:00+00:00,0.8799999952316284,0.8835999965667725,0.8797199726104736,0.8834199905395508
2025-03-12 00:00:00+00:00,0.8833900094032288,0.8840100169181824,0.8820599913597107,0.8827700018882751
2025-03-12 08:00:00+00:00,0.8827499747276306,0.8852199912071228,0.8797299861907959,0.8826900124549866
2025-03-12 16:00:00+00:00,0.8827499747276306,0.8832600116729736,0.8810099959373474,0.8817700147628784
2025-03-13 00:00:00+00:00,0.8817800283432007,0.8830500245094299,0.8803099989891052,0.8814799785614014
2025-03-13 08:00:00+00:00,0.8815000057220459,0.8854600191116333,0.8805299997329712,0.8848699927330017
2025-03-13 16:00:00+00:00,0.8848699927330017,0.8852699995040894,0.880840003490448,0.882669985294342
2025-03-14 00:00:00+00:00,0.8826799988746643,0.8845900297164917,0.8821099996566772,0.884090006351471
2025-03-14 08:00:00+00:00,0.8841300010681152,0.8863999843597412,0.8829200267791748,0.8854799866676331
2025-03-14 16:00:00+00:00,0.8854299783706665,0.8855800032615662,0.8837699890136719,0.8848999738693237
2025-03-15 00:00:00+00:00,,,,
2025-03-15 08:00:00+00:00,,,,
2025-03-15 16:00:00+00:00,,,,
2025-03-16 00:00:00+00:00,,,,
2025-03-16 08:00:00+00:00,,,,
2025-03-16 16:00:00+00:00,,,,
2025-03-17 00:00:00+00:00,0.8841500282287598,0.8848000168800354,0.8835800290107727,0.8838800191879272
2025-03-17 08:00:00+00:00,0.8838899731636047,0.8841000199317932,0.8797299861907959,0.8811699748039246
2025-03-17 16:00:00+00:00,0.8811699748039246,0.8813300132751465,0.8793200254440308,0.8813199996948242
2025-03-18 00:00:00+00:00,0.8813199996948242,0.881850004196167,0.8805999755859375,0.8809000253677368
2025-03-18 08:00:00+00:00,0.8809099793434143,0.8810999989509583,0.8769500255584717,0.8772600293159485
2025-03-18 16:00:00+00:00,0.8772600293159485,0.8778200149536133,0.8757200241088867,0.876800000667572
2025-03-19 00:00:00+00:00,0.8767600059509277,0.877810001373291,0.8766300082206726,0.8772900104522705
2025-03-19 08:00:00+00:00,0.8772900104522705,0.8808599710464478,0.8769000172615051,0.8799999952316284
2025-03-19 16:00:00+00:00,0.8799300193786621,0.8809400200843811,0.8763899803161621,0.8764899969100952
2025-03-20 00:00:00+00:00,0.8764600157737732,0.8774999976158142,0.8755300045013428,0.8773099780082703
2025-03-20 08:00:00+00:00,0.877269983291626,0.8842700123786926,0.8763200044631958,0.882669985294342
2025-03-20 16:00:00+00:00,0.882610023021698,0.883109986782074,0.8806099891662598,0.881600022315979
2025-03-21 00:00:00+00:00,0.8816800117492676,0.8840199708938599,0.8814299702644348,0.8833699822425842
2025-03-21 08:00:00+00:00,0.8833400011062622,0.8840100169181824,0.8795999884605408,0.8833799958229065
2025-03-21 16:00:00+00:00,0.8833600282669067,0.8835800290107727,0.8820000290870667,0.8829699754714966
2025-03-22 00:00:00+00:00,,,,
2025-03-22 08:00:00+00:00,,,,
2025-03-22 16:00:00+00:00,,,,
2025-03-23 00:00:00+00:00,,,,
2025-03-23 08:00:00+00:00,,,,
2025-03-23 16:00:00+00:00,,,,
2025-03-24 00:00:00+00:00,0.882860004901886,0.8839300274848938,0.8822900056838989,0.8823099732398987
2025-03-24 08:00:00+00:00,0.8822900056838989,0.8845999836921692,0.8799099922180176,0.8841599822044373
2025-03-24 16:00:00+00:00,0.8841699957847595,0.8841999769210815,0.8821799755096436,0.8827400207519531
2025-03-25 00:00:00+00:00,0.8827199935913086,0.8848999738693237,0.8825799822807312,0.8846799731254578
2025-03-25 08:00:00+00:00,0.884630024433136,0.8847200274467468,0.8799899816513062,0.8819199800491333
2025-03-25 16:00:00+00:00,0.8819000124931335,0.8827999830245972,0.8810399770736694,0.882669985294342
2025-03-26 00:00:00+00:00,0.8825899958610535,0.8841999769210815,0.8824800252914429,0.8835899829864502
2025-03-26 08:00:00+00:00,0.883620023727417,0.8847100138664246,0.882860004901886,0.883840024471283
2025-03-26 16:00:00+00:00,0.8838300108909607,0.8850499987602234,0.8823400139808655,0.8841699957847595
2025-03-27 00:00:00+00:00,0.8842099905014038,0.8847699761390686,0.8819400072097778,0.8840299844741821
2025-03-27 08:00:00+00:00,0.8840000033378601,0.8846799731254578,0.8803300261497498,0.8817700147628784
2025-03-27 16:00:00+00:00,0.8817800283432007,0.8824999928474426,0.8803799748420715,0.8815000057220459
2025-03-28 00:00:00+00:00,0.8816099762916565,0.8827999830245972,0.8811799883842468,0.8816800117492676
2025-03-28 08:00:00+00:00,0.8816800117492676,0.8834699988365173,0.8799200057983398,0.8808199763298035
2025-03-28 16:00:00+00:00,0.88086998462677,0.8823000192642212,0.8796499967575073,0.8799600005149841
2025-03-29 00:00:00+00:00,,,,
2025-03-29 08:00:00+00:00,,,,
2025-03-29 16:00:00+00:00,,,,
2025-03-30 00:00:00+00:00,,,,
2025-03-30 08:00:00+00:00,,,,
2025-03-30 16:00:00+00:00,0.8806300163269043,0.8809300065040588,0.8801299929618835,0.8808599710464478
2025-03-31 00:00:00+00:00,0.88086998462677,0.8809199929237366,0.8780699968338013,0.8808500170707703
2025-03-31 08:00:00+00:00,0.8808000087738037,0.8853099942207336,0.8804500102996826,0.8843399882316589
2025-03-31 16:00:00+00:00,0.8843100070953369,0.8855299949645996,0.8830500245094299,0.883899986743927
2025-04-01 00:00:00+00:00,0.8838899731636047,0.8844000101089478,0.8826000094413757,0.8830000162124634
2025-04-01 08:00:00+00:00,0.8830100297927856,0.8836299777030945,0.8816499710083008,0.882669985294342
2025-04-01 16:00:00+00:00,0.8826299905776978,0.8842099905014038,0.881600022315979,0.8836899995803833
2025-04-02 00:00:00+00:00,0.8837000131607056,0.8848000168800354,0.8831300139427185,0.8845400214195251
2025-04-02 08:00:00+00:00,0.8845300078392029,0.884850025177002,0.8814799785614014,0.881850004196167
2025-04-02 16:00:00+00:00,0.8818600177764893,0.8839399814605713,0.8763300180435181,0.8768399953842163
2025-04-03 00:00:00+00:00,0.8768500089645386,0.8790799975395203,0.868120014667511,0.868369996547699
2025-04-03 08:00:00+00:00,0.868399977684021,0.8691499829292297,0.8546599745750427,0.8590199947357178
2025-04-03 16:00:00+00:00,0.8589699864387512,0.8618599772453308,0.8573099970817566,0.8592000007629395
2025-04-04 00:00:00+00:00,0.8591499924659729,0.8596400022506714,0.8523600101470947,0.8551300168037415
2025-04-04 08:00:00+00:00,0.8551499843597412,0.857699990272522,0.8476300239562988,0.8546900153160095
2025-04-04 16:00:00+00:00,0.8547000288963318,0.8625500202178955,0.8542900085449219,0.8604099750518799
2025-04-05 00:00:00+00:00,,,,
2025-04-05 08:00:00+00:00,,,,
2025-04-05 16:00:00+00:00,,,,
2025-04-06 00:00:00+00:00,,,,
2025-04-06 08:00:00+00:00,,,,
2025-04-06 16:00:00+00:00,0.8518099784851074,0.8523300290107727,0.8495699763298035,0.851639986038208
2025-04-07 00:00:00+00:00,0.8516299724578857,0.8583800196647644,0.845009982585907,0.8480499982833862
2025-04-07 08:00:00+00:00,0.848039984703064,0.8673999905586243,0.8472200036048889,0.8598399758338928
2025-04-07 16:00:00+00:00,0.8598399758338928,0.8606799840927124,0.855459988117218,0.85971999168396
2025-04-08 00:00:00+00:00,0.8597400188446045,0.8601199984550476,0.8543099761009216,0.8599299788475037
2025-04-08 08:00:00+00:00,0.8599799871444702,0.8601199984550476,0.8520399928092957,0.8561000227928162
2025-04-08 16:00:00+00:00,0.8561099767684937,0.8573399782180786,0.8448600172996521,0.8459600210189819
2025-04-09 00:00:00+00:00,0.845990002155304,0.8463000059127808,0.8381100296974182,0.8455899953842163
2025-04-09 08:00:00+00:00,0.8455399870872498,0.8466299772262573,0.836329996585846,0.8413599729537964
2025-04-09 16:00:00+00:00,0.8413699865341187,0.8582900166511536,0.8400999903678894,0.8555399775505066
2025-04-10 00:00:00+00:00,0.8555300235748291,0.8574699759483337,0.8494899868965149,0.8498799800872803
2025-04-10 08:00:00+00:00,0.8498799800872803,0.8503199815750122,0.8248999714851379,0.8282399773597717
2025-04-10 16:00:00+00:00,0.828249990940094,0.8293799757957458,0.8203999996185303,0.8208799958229065
2025-04-11 00:00:00+00:00,0.8208500146865845,0.82573002576828,0.8140199780464172,0.8159999847412109
2025-04-11 08:00:00+00:00,0.8159999847412109,0.8212599754333496,0.8098899722099304,0.8154199719429016
2025-04-11 16:00:00+00:00,0.8153899908065796,0.8193699717521667,0.8140199780464172,0.8148699998855591
2025-04-12 00:00:00+00:00,,,,
2025-04-12 08:00:00+00:00,,,,
2025-04-12 16:00:00+00:00,,,,
2025-04-13 00:00:00+00:00,,,,
2025-04-13 08:00:00+00:00,,,,
2025-04-13 16:00:00+00:00,0.8176900148391724,0.8188999891281128,0.8168500065803528,0.8181300163269043
2025-04-14 00:00:00+00:00,0.8181399703025818,0.819100022315979,0.8121299743652344,0.8179600238800049
2025-04-14 08:00:00+00:00,0.8179799914360046,0.8269000053405762,0.8119000196456909,0.8140000104904175
2025-04-14 16:00:00+00:00,0.8139700293540955,0.8165000081062317,0.8120899796485901,0.8162999749183655
2025-04-15 00:00:00+00:00,0.8160499930381775,0.818809986114502,0.8147500157356262,0.8157399892807007
2025-04-15 08:00:00+00:00,0.8155199885368347,0.8212800025939941,0.8129799962043762,0.820900022983551
2025-04-15 16:00:00+00:00,0.8208699822425842,0.823930025100708,0.8201000094413757,0.8205500245094299
2025-04-16 00:00:00+00:00,0.8205500245094299,0.8207499980926514,0.8128399848937988,0.8136699795722961
2025-04-16 08:00:00+00:00,0.8136799931526184,0.8200899958610535,0.8130000233650208,0.8141899704933167
2025-04-16 16:00:00+00:00,0.8141899704933167,0.8166499733924866,0.8113499879837036,0.8138300180435181
2025-04-17 00:00:00+00:00,0.8138399720191956,0.8199300169944763,0.8136500120162964,0.817799985408783
2025-04-17 08:00:00+00:00,0.8177700042724609,0.8211399912834167,0.8159199953079224,0.8203700184822083
2025-04-17 16:00:00+00:00,0.8203700184822083,0.8231300115585327,0.817579984664917,0.8184400200843811
2025-04-18 00:00:00+00:00,0.8186100125312805,0.8203200101852417,0.8172100186347961,0.8181099891662598
2025-04-18 08:00:00+00:00,0.8181099891662598,0.8192600011825562,0.8164700269699097,0.8172600269317627
2025-04-18 16:00:00+00:00,0.817330002784729,0.8176000118255615,0.8152099847793579,0.8156099915504456
2025-04-19 00:00:00+00:00,,,,
2025-04-19 08:00:00+00:00,,,,
2025-04-19 16:00:00+00:00,,,,
2025-04-20 00:00:00+00:00,,,,
2025-04-20 08:00:00+00:00,,,,
2025-04-20 16:00:00+00:00,0.8137000203132629,0.8138999938964844,0.811959981918335,0.8124399781227112
2025-04-21 00:00:00+00:00,0.8124799728393555,0.8125399947166443,0.8041200041770935,0.8044000267982483
2025-04-21 08:00:00+00:00,0.804419994354248,0.8083999752998352,0.8039100170135498,0.8068699836730957
2025-04-21 16:00:00+00:00,0.806879997253418,0.8094000220298767,0.8064600229263306,0.8091099858283997
2025-04-22 00:00:00+00:00,0.8090699911117554,0.812470018863678,0.806659996509552,0.8105300068855286
2025-04-22 08:00:00+00:00,0.8105199933052063,0.8151000142097473,0.8087300062179565,0.8150299787521362
2025-04-22 16:00:00+00:00,0.8150200247764587,0.8286899924278259,0.814079999923706,0.8261100053787231
2025-04-23 00:00:00+00:00,0.8261399865150452,0.8263199925422668,0.8205199837684631,0.8224599957466125
2025-04-23 08:00:00+00:00,0.8224599957466125,0.8284500241279602,0.8196899890899658,0.8271499872207642
2025-04-23 16:00:00+00:00,0.8271499872207642,0.8311200141906738,0.8265299797058105,0.8296200037002563
2025-04-24 00:00:00+00:00,0.8296399712562561,0.8302099704742432,0.8258699774742126,0.826770007610321
2025-04-24 08:00:00+00:00,0.826770007610321,0.8284599781036377,0.8238999843597412,0.827239990234375
2025-04-24 16:00:00+00:00,0.8271899819374084,0.8288300037384033,0.8254500031471252,0.8285499811172485
2025-04-25 00:00:00+00:00,0.8285300135612488,0.8334800004959106,0.82846999168396,0.8307499885559082
2025-04-25 08:00:00+00:00,0.8307399749755859,0.8314700126647949,0.8281700015068054,0.8285199999809265
2025-04-25 16:00:00+00:00,0.8285099864006042,0.8294100165367126,0.8266199827194214,0.8273500204086304
2025-04-26 00:00:00+00:00,,,,
2025-04-26 08:00:00+00:00,,,,
2025-04-26 16:00:00+00:00,,,,
2025-04-27 00:00:00+00:00,,,,
2025-04-27 08:00:00+00:00,,,,
2025-04-27 16:00:00+00:00,0.8284299969673157,0.8286200165748596,0.8278399705886841,0.828499972820282
2025-04-28 00:00:00+00:00,0.828499972820282,0.8316199779510498,0.82669997215271,0.8313300013542175
2025-04-28 08:00:00+00:00,0.8313900232315063,0.8318600058555603,0.8242499828338623,0.8254899978637695
2025-04-28 16:00:00+00:00,0.8254299759864807,0.8254899978637695,0.819100022315979,0.8212800025939941
2025-04-29 00:00:00+00:00,0.8213000297546387,0.8247799873352051,0.8207799792289734,0.8233500123023987
2025-04-29 08:00:00+00:00,0.8233299851417542,0.8264200091362,0.8216500282287598,0.8240600228309631
2025-04-29 16:00:00+00:00,0.8240900039672852,0.8248999714851379,0.8220499753952026,0.8232300281524658
2025-04-30 00:00:00+00:00,0.8232300281524658,0.8254500031471252,0.822629988193512,0.8248699903488159
2025-04-30 08:00:00+00:00,0.8248299956321716,0.8263300061225891,0.8213499784469604,0.8227499723434448
2025-04-30 16:00:00+00:00,0.8227300047874451,0.8273000121116638,0.8218200206756592,0.8260700106620789
2025-05-01 00:00:00+00:00,0.8260599970817566,0.8288999795913696,0.8253499865531921,0.8271999955177307
2025-05-01 08:00:00+00:00,0.827180027961731,0.8333200216293335,0.8255599737167358,0.8319900035858154
2025-05-01 16:00:00+00:00,0.8320000171661377,0.8324400186538696,0.8284199833869934,0.8290200233459473
2025-05-02 00:00:00+00:00,0.8289999961853027,0.8318300247192383,0.8261100053787231,0.8272899985313416
2025-05-02 08:00:00+00:00,0.8272600173950195,0.8277900218963623,0.8205299973487854,0.8262100219726562
2025-05-02 16:00:00+00:00,0.8262100219726562,0.8280699849128723,0.8256099820137024,0.8263099789619446
2025-05-03 00:00:00+00:00,,,,
2025-05-03 08:00:00+00:00,,,,
2025-05-03 16:00:00+00:00,,,,
2025-05-04 00:00:00+00:00,,,,
2025-05-04 08:00:00+00:00,,,,
2025-05-04 16:00:00+00:00,0.8252900242805481,0.8256999850273132,0.8237699866294861,0.8241999745368958
2025-05-05 00:00:00+00:00,0.824209988117218,0.8274999856948853,0.821940004825592,0.8264700174331665
2025-05-05 08:00:00+00:00,0.826449990272522,0.8268399834632874,0.8213800191879272,0.8239099979400635
2025-05-05 16:00:00+00:00,0.8238999843597412,0.8248100280761719,0.8209099769592285,0.8221399784088135
2025-05-06 00:00:00+00:00,0.8221200108528137,0.8253999948501587,0.8221200108528137,0.823930025100708
2025-05-06 08:00:00+00:00,0.8239399790763855,0.8265399932861328,0.8223599791526794,0.8241900205612183
2025-05-06 16:00:00+00:00,0.8242400288581848,0.8266100287437439,0.8209999799728394,0.8258900046348572
2025-05-07 00:00:00+00:00,0.8259199857711792,0.8271999955177307,0.8230299949645996,0.8255000114440918
2025-05-07 08:00:00+00:00,0.8254600167274475,0.826229989528656,0.819350004196167,0.8213899731636047
2025-05-07 16:00:00+00:00,0.8214200139045715,0.8244100213050842,0.8185200095176697,0.8241000175476074
2025-05-08 00:00:00+00:00,0.8241299986839294,0.8291699886322021,0.8223299980163574,0.8272799849510193
2025-05-08 08:00:00+00:00,0.827269971370697,0.8298900127410889,0.8231300115585327,0.8291599750518799
2025-05-08 16:00:00+00:00,0.8291599750518799,0.8332200050354004,0.8288499712944031,0.8316699862480164
2025-05-09 00:00:00+00:00,0.8317000269889832,0.8341000080108643,0.8298400044441223,0.8305299878120422
2025-05-09 08:00:00+00:00,0.83051997423172,0.8324999809265137,0.8269000053405762,0.8297799825668335
2025-05-09 16:00:00+00:00,0.8298100233078003,0.8316599726676941,0.8293099999427795,0.8309100270271301
2025-05-10 00:00:00+00:00,,,,
2025-05-10 08:00:00+00:00,,,,
2025-05-10 16:00:00+00:00,,,,
2025-05-11 00:00:00+00:00,,,,
2025-05-11 08:00:00+00:00,,,,
2025-05-11 16:00:00+00:00,0.8341699838638306,0.8342999815940857,0.8333200216293335,0.8339599967002869
2025-05-12 00:00:00+00:00,0.8339599967002869,0.8457599878311157,0.8330399990081787,0.8453599810600281
2025-05-12 08:00:00+00:00,0.8453400135040283,0.847540020942688,0.8409900069236755,0.842710018157959
2025-05-12 16:00:00+00:00,0.8426899909973145,0.8476399779319763,0.8421900272369385,0.8448299765586853
2025-05-13 00:00:00+00:00,0.8448200225830078,0.8449599742889404,0.8406000137329102,0.8406100273132324
2025-05-13 08:00:00+00:00,0.8406100273132324,0.8434500098228455,0.8394899964332581,0.8411499857902527
2025-05-13 16:00:00+00:00,0.841159999370575,0.8425700068473816,0.8381999731063843,0.8394799828529358
2025-05-14 00:00:00+00:00,0.8394500017166138,0.8402000069618225,0.8378300070762634,0.8382200002670288
2025-05-14 08:00:00+00:00,0.8382200002670288,0.8406000137329102,0.8324000239372253,0.8397200107574463
2025-05-14 16:00:00+00:00,0.8397499918937683,0.8435699939727783,0.8392900228500366,0.8412899971008301
2025-05-15 00:00:00+00:00,0.8413400053977966,0.8418099880218506,0.8369600176811218,0.8379300236701965
2025-05-15 08:00:00+00:00,0.8379300236701965,0.8392800092697144,0.8345900177955627,0.8359500169754028
2025-05-15 16:00:00+00:00,0.8359400033950806,0.8374000191688538,0.8347600102424622,0.8348699808120728
2025-05-16 00:00:00+00:00,0.834850013256073,0.8349400162696838,0.8326399922370911,0.8331599831581116
2025-05-16 08:00:00+00:00,0.8331300020217896,0.8399099707603455,0.8331300020217896,0.8396099805831909
2025-05-16 16:00:00+00:00,0.8396000266075134,0.8400999903678894,0.8357800245285034,0.8373200297355652
2025-05-17 00:00:00+00:00,,,,
2025-05-17 08:00:00+00:00,,,,
2025-05-17 16:00:00+00:00,,,,
2025-05-18 00:00:00+00:00,,,,
2025-05-18 08:00:00+00:00,,,,
2025-05-18 16:00:00+00:00,0.8346899747848511,0.8359000086784363,0.8343700170516968,0.8353000283241272
2025-05-19 00:00:00+00:00,0.8352699875831604,0.8366000056266785,0.8327199816703796,0.833549976348877
2025-05-19 08:00:00+00:00,0.8335300087928772,0.8346999883651733,0.831820011138916,0.8341900110244751
2025-05-19 16:00:00+00:00,0.8341599702835083,0.8354499936103821,0.8321899771690369,0.835099995136261
2025-05-20 00:00:00+00:00,0.8350200057029724,0.8363000154495239,0.8309000134468079,0.831529974937439
2025-05-20 08:00:00+00:00,0.8315600156784058,0.8348000049591064,0.8307200074195862,0.8321200013160706
2025-05-20 16:00:00+00:00,0.832099974155426,0.8328999876976013,0.8258500099182129,0.8267300128936768
2025-05-21 00:00:00+00:00,0.82669997215271,0.8269000053405762,0.8209099769592285,0.8241699934005737
2025-05-21 08:00:00+00:00,0.8241400122642517,0.8265600204467773,0.8224999904632568,0.8250700235366821
2025-05-21 16:00:00+00:00,0.8250300288200378,0.8264999985694885,0.8226500153541565,0.8248800039291382
2025-05-22 00:00:00+00:00,0.8248299956321716,0.8260800242424011,0.8233299851417542,0.8245800137519836
2025-05-22 08:00:00+00:00,0.8245999813079834,0.8299999833106995,0.8241900205612183,0.8291500210762024
2025-05-22 16:00:00+00:00,0.8291699886322021,0.8306800127029419,0.827430009841919,0.8283500075340271
2025-05-23 00:00:00+00:00,0.8283500075340271,0.8288800120353699,0.825439989566803,0.8257799744606018
2025-05-23 08:00:00+00:00,0.8257700204849243,0.8270099759101868,0.8209800124168396,0.8214300274848938
2025-05-23 16:00:00+00:00,0.8214100003242493,0.8223099708557129,0.8203999996185303,0.8203999996185303
2025-05-24 00:00:00+00:00,,,,
2025-05-24 08:00:00+00:00,,,,
2025-05-24 16:00:00+00:00,,,,
2025-05-25 00:00:00+00:00,,,,
2025-05-25 08:00:00+00:00,,,,
2025-05-25 16:00:00+00:00,0.8217499852180481,0.8226000070571899,0.821399986743927,0.8223599791526794
2025-05-26 00:00:00+00:00,0.8223199844360352,0.822700023651123,0.8191999793052673,0.8213899731636047
2025-05-26 08:00:00+00:00,0.821340024471283,0.8233000040054321,0.8198300004005432,0.8205299973487854
2025-05-26 16:00:00+00:00,0.8205400109291077,0.8222000002861023,0.8191099762916565,0.8203499913215637
2025-05-27 00:00:00+00:00,0.8203200101852417,0.8253399729728699,0.8187400102615356,0.824999988079071
2025-05-27 08:00:00+00:00,0.8249800205230713,0.8279799818992615,0.8242200016975403,0.82778000831604
2025-05-27 16:00:00+00:00,0.8277999758720398,0.8279899954795837,0.825410008430481,0.8271499872207642
2025-05-28 00:00:00+00:00,0.8271399736404419,0.8290899991989136,0.8253600001335144,0.8258500099182129
2025-05-28 08:00:00+00:00,0.8258900046348572,0.8285999894142151,0.8244699835777283,0.8276900053024292
2025-05-28 16:00:00+00:00,0.8276500105857849,0.8347499966621399,0.8259000182151794,0.8326699733734131
2025-05-29 00:00:00+00:00,0.8326299786567688,0.8347600102424622,0.8291500210762024,0.8297500014305115
2025-05-29 08:00:00+00:00,0.829770028591156,0.8304600119590759,0.8226500153541565,0.8227800130844116
2025-05-29 16:00:00+00:00,0.8227499723434448,0.8240000009536743,0.8209999799728394,0.8219900131225586
2025-05-30 00:00:00+00:00,0.8220099806785583,0.8248299956321716,0.8198699951171875,0.8239399790763855
2025-05-30 08:00:00+00:00,0.8239499926567078,0.8248999714851379,0.8211299777030945,0.8229900002479553
2025-05-30 16:00:00+00:00,0.8229600191116333,0.8233100175857544,0.8211899995803833,0.8224999904632568
2025-05-31 00:00:00+00:00,,,,
2025-05-31 08:00:00+00:00,,,,
2025-05-31 16:00:00+00:00,,,,
2025-06-01 00:00:00+00:00,,,,
2025-06-01 08:00:00+00:00,,,,
2025-06-01 16:00:00+00:00,0.8219299912452698,0.8223999738693237,0.8216999769210815,0.8222000002861023
2025-06-02 00:00:00+00:00,0.8222200274467468,0.8230299949645996,0.8171300292015076,0.8179299831390381
2025-06-02 08:00:00+00:00,0.8179299831390381,0.8191499710083008,0.8156499862670898,0.8174099922180176
2025-06-02 16:00:00+00:00,0.8174200057983398,0.8184999823570251,0.8158800005912781,0.8159199953079224
2025-06-03 00:00:00+00:00,0.8159300088882446,0.8188400268554688,0.8158000111579895,0.8178499937057495
2025-06-03 08:00:00+00:00,0.8178600072860718,0.8247299790382385,0.8176199793815613,0.8242599964141846
2025-06-03 16:00:00+00:00,0.8242599964141846,0.8244400024414062,0.8223099708557129,0.8229299783706665
2025-06-04 00:00:00+00:00,0.8229399919509888,0.8249899744987488,0.8223999738693237,0.823170006275177
2025-06-04 08:00:00+00:00,0.8232100009918213,0.824209988117218,0.8176500201225281,0.8183599710464478
2025-06-04 16:00:00+00:00,0.818310022354126,0.8191400170326233,0.8169900178909302,0.8181700110435486
2025-06-05 00:00:00+00:00,0.8181399703025818,0.8205400109291077,0.8171499967575073,0.820169985294342
2025-06-05 08:00:00+00:00,0.8202000260353088,0.8214799761772156,0.8171799778938293,0.8209999799728394
2025-06-05 16:00:00+00:00,0.8210099935531616,0.8214399814605713,0.8178799748420715,0.819320023059845
2025-06-06 00:00:00+00:00,0.8192899823188782,0.8220000267028809,0.8191800117492676,0.8207100033760071
2025-06-06 08:00:00+00:00,0.8206999897956848,0.8248199820518494,0.8206800222396851,0.8220599889755249
2025-06-06 16:00:00+00:00,0.8220099806785583,0.8232399821281433,0.821399986743927,0.8219000101089478
2025-06-07 00:00:00+00:00,,,,
2025-06-07 08:00:00+00:00,,,,
2025-06-07 16:00:00+00:00,,,,
2025-06-08 00:00:00+00:00,,,,
2025-06-08 08:00:00+00:00,,,,
2025-06-08 16:00:00+00:00,0.8212299942970276,0.8216000199317932,0.8208199739456177,0.8213300108909607
2025-06-09 00:00:00+00:00,0.8213300108909607,0.8225299715995789,0.8195499777793884,0.8198699951171875
2025-06-09 08:00:00+00:00,0.8198599815368652,0.8225799798965454,0.8191800117492676,0.8204900026321411
2025-06-09 16:00:00+00:00,0.8204799890518188,0.8220400214195251,0.8204399943351746,0.8212900161743164
2025-06-10 00:00:00+00:00,0.8213099837303162,0.824180006980896,0.820930004119873,0.8220000267028809
2025-06-10 08:00:00+00:00,0.8219900131225586,0.8230000138282776,0.8203499913215637,0.8219500184059143
2025-06-10 16:00:00+00:00,0.821940004825592,0.8233000040054321,0.8216099739074707,0.8220999836921692
2025-06-11 00:00:00+00:00,0.8220499753952026,0.8234599828720093,0.8213000297546387,0.8225600123405457
2025-06-11 08:00:00+00:00,0.8225399851799011,0.8229399919509888,0.8184499740600586,0.8194699883460999
2025-06-11 16:00:00+00:00,0.8194699883460999,0.8208000063896179,0.8182600140571594,0.8184400200843811
2025-06-12 00:00:00+00:00,0.8184499740600586,0.8188400268554688,0.8149099946022034,0.8149799704551697
2025-06-12 08:00:00+00:00,0.8149999976158142,0.8153300285339355,0.8101999759674072,0.812529981136322
2025-06-12 16:00:00+00:00,0.812529981136322,0.8129199743270874,0.8076099753379822,0.807640016078949
2025-06-13 00:00:00+00:00,0.807640016078949,0.8119800090789795,0.8055499792098999,0.8118900060653687
2025-06-13 08:00:00+00:00,0.8119000196456909,0.8148400187492371,0.8110799789428711,0.8116199970245361
2025-06-13 16:00:00+00:00,0.8116000294685364,0.8121700286865234,0.8100500106811523,0.8102800250053406
2025-06-14 00:00:00+00:00,,,,
2025-06-14 08:00:00+00:00,,,,
2025-06-14 16:00:00+00:00,,,,
2025-06-15 00:00:00+00:00,,,,
2025-06-15 08:00:00+00:00,,,,
2025-06-15 16:00:00+00:00,0.811240017414093,0.8123599886894226,0.8107699751853943,0.8118500113487244
2025-06-16 00:00:00+00:00,0.8118399977684021,0.8133999705314636,0.810670018196106,0.8118000030517578
2025-06-16 08:00:00+00:00,0.8118299841880798,0.8127800226211548,0.8088499903678894,0.8115000128746033
2025-06-16 16:00:00+00:00,0.811489999294281,0.8147000074386597,0.8111000061035156,0.8135300278663635
2025-06-17 00:00:00+00:00,0.8135300278663635,0.8146299719810486,0.8119999766349792,0.8125799894332886
2025-06-17 08:00:00+00:00,0.8125600218772888,0.8164499998092651,0.8120399713516235,0.8141700029373169
2025-06-17 16:00:00+00:00,0.8141400218009949,0.817300021648407,0.8128499984741211,0.8168299794197083
2025-06-18 00:00:00+00:00,0.8169199824333191,0.8171700239181519,0.8152999877929688,0.816510021686554
2025-06-18 08:00:00+00:00,0.816540002822876,0.8183199763298035,0.8161799907684326,0.8173800110816956
2025-06-18 16:00:00+00:00,0.8173800110816956,0.819920003414154,0.8155699968338013,0.8191499710083008
2025-06-19 00:00:00+00:00,0.819130003452301,0.8215299844741821,0.817870020866394,0.8186299800872803
2025-06-19 08:00:00+00:00,0.8186799883842468,0.8194599747657776,0.815559983253479,0.8189499974250793
2025-06-19 16:00:00+00:00,0.8189799785614014,0.8191999793052673,0.815280020236969,0.8163899779319763
2025-06-20 00:00:00+00:00,0.8163700103759766,0.8170899748802185,0.8151699900627136,0.8160799741744995
2025-06-20 08:00:00+00:00,0.816070020198822,0.818340003490448,0.8156999945640564,0.8175100088119507
2025-06-20 16:00:00+00:00,0.8175100088119507,0.8184000253677368,0.8162299990653992,0.8178499937057495
2025-06-21 00:00:00+00:00,,,,
2025-06-21 08:00:00+00:00,,,,
2025-06-21 16:00:00+00:00,,,,
2025-06-22 00:00:00+00:00,,,,
2025-06-22 08:00:00+00:00,,,,
2025-06-22 16:00:00+00:00,0.8181399703025818,0.8184999823570251,0.8172699809074402,0.8177700042724609
2025-06-23 00:00:00+00:00,0.8177400231361389,0.8195000290870667,0.8158199787139893,0.8166999816894531
2025-06-23 08:00:00+00:00,0.8166000247001648,0.8194000124931335,0.8121799826622009,0.8133299946784973
2025-06-23 16:00:00+00:00,0.8133299946784973,0.8144000172615051,0.8110100030899048,0.8126699924468994
2025-06-24 00:00:00+00:00,0.8126800060272217,0.8131099939346313,0.8104199767112732,0.8118100166320801
2025-06-24 08:00:00+00:00,0.8118199706077576,0.8120800256729126,0.8039500117301941,0.8049799799919128
2025-06-24 16:00:00+00:00,0.8049700260162354,0.8056899905204773,0.8034300208091736,0.8051599860191345
2025-06-25 00:00:00+00:00,0.8051699995994568,0.8058199882507324,0.8039900064468384,0.8053100109100342
2025-06-25 08:00:00+00:00,0.8053100109100342,0.8080199956893921,0.8050000071525574,0.8057199716567993
2025-06-25 16:00:00+00:00,0.8056899905204773,0.8057600259780884,0.8035899996757507,0.8038100004196167
2025-06-26 00:00:00+00:00,0.8037599921226501,0.8043699860572815,0.8009899854660034,0.8013700246810913
2025-06-26 08:00:00+00:00,0.8013700246810913,0.8021399974822998,0.798039972782135,0.7990099787712097
2025-06-26 16:00:00+00:00,0.7990000247955322,0.8015000224113464,0.7977799773216248,0.8008099794387817
2025-06-27 00:00:00+00:00,0.8008099794387817,0.8018100261688232,0.7990400195121765,0.7993900179862976
2025-06-27 08:00:00+00:00,0.7993800044059753,0.8007699847221375,0.7957299947738647,0.7989299893379211
2025-06-27 16:00:00+00:00,0.7989299893379211,0.8007000088691711,0.7980999946594238,0.7983599901199341
2025-06-28 00:00:00+00:00,,,,
2025-06-28 08:00:00+00:00,,,,
2025-06-28 16:00:00+00:00,,,,
2025-06-29 00:00:00+00:00,,,,
2025-06-29 08:00:00+00:00,,,,
2025-06-29 16:00:00+00:00,0.7985100150108337,0.7986599802970886,0.7980999946594238,0.79830002784729
2025-06-30 00:00:00+00:00,0.798259973526001,0.7994499802589417,0.797249972820282,0.7990300059318542
2025-06-30 08:00:00+00:00,0.799019992351532,0.7993800044059753,0.7937999963760376,0.7938600182533264
2025-06-30 16:00:00+00:00,0.7938799858093262,0.7953699827194214,0.7925199866294861,0.7928000092506409
2025-07-01 00:00:00+00:00,0.7927899956703186,0.7930999994277954,0.7903000116348267,0.7903599739074707
2025-07-01 08:00:00+00:00,0.790369987487793,0.7936000227928162,0.7871800065040588,0.7929099798202515
2025-07-01 16:00:00+00:00,0.7929499745368958,0.7943500280380249,0.7885900139808655,0.790690004825592
2025-07-02 00:00:00+00:00,0.7906699776649475,0.7934499979019165,0.7902899980545044,0.7928000092506409
2025-07-02 08:00:00+00:00,0.7928000092506409,0.7941399812698364,0.791130006313324,0.7922000288963318
2025-07-02 16:00:00+00:00,0.792140007019043,0.7924100160598755,0.7905700206756592,0.7916899919509888
2025-07-03 00:00:00+00:00,0.7916899919509888,0.7921000123023987,0.7900300025939941,0.7913900017738342
2025-07-03 08:00:00+00:00,0.7913600206375122,0.7986800074577332,0.7908700108528137,0.7951800227165222
2025-07-03 16:00:00+00:00,0.7951400279998779,0.7963100075721741,0.7938200235366821,0.7943000197410583
2025-07-04 00:00:00+00:00,0.7942600250244141,0.7950000166893005,0.7921299934387207,0.7938899993896484
2025-07-04 08:00:00+00:00,0.7938799858093262,0.7943999767303467,0.7926099896430969,0.7932699918746948
2025-07-04 16:00:00+00:00,0.7932699918746948,0.7952499985694885,0.7928299903869629,0.7932400107383728
2025-07-05 00:00:00+00:00,,,,
2025-07-05 08:00:00+00:00,,,,
2025-07-05 16:00:00+00:00,,,,
2025-07-06 00:00:00+00:00,,,,
2025-07-06 08:00:00+00:00,,,,
2025-07-06 16:00:00+00:00,0.7940000295639038,0.7944999933242798,0.7938600182533264,0.7941700220108032
2025-07-07 00:00:00+00:00,0.7941700220108032,0.7963799834251404,0.7935000061988831,0.7963799834251404
2025-07-07 08:00:00+00:00,0.7963700294494629,0.7983999848365784,0.7958899736404419,0.7969499826431274
2025-07-07 16:00:00+00:00,0.7969099879264832,0.7990900278091431,0.7964000105857849,0.7971500158309937
2025-07-08 00:00:00+00:00,0.7971600294113159,0.7976999878883362,0.7956100106239319,0.7959700226783752
2025-07-08 08:00:00+00:00,0.7960100173950195,0.7994999885559082,0.7959499955177307,0.7971100211143494
2025-07-08 16:00:00+00:00,0.7971299886703491,0.797540009021759,0.7952200174331665,0.795930027961731
2025-07-09 00:00:00+00:00,0.795960009098053,0.7978900074958801,0.7958300113677979,0.7971600294113159
2025-07-09 08:00:00+00:00,0.7971600294113159,0.797510027885437,0.7938899993896484,0.7956900000572205
2025-07-09 16:00:00+00:00,0.7956299781799316,0.795799970626831,0.7924900054931641,0.7926599979400635
2025-07-10 00:00:00+00:00,0.7926099896430969,0.7950199842453003,0.7919099926948547,0.7941399812698364
2025-07-10 08:00:00+00:00,0.7941100001335144,0.7987499833106995,0.793690025806427,0.7971100211143494
2025-07-10 16:00:00+00:00,0.7970799803733826,0.7979400157928467,0.7953199744224548,0.7967000007629395
2025-07-11 00:00:00+00:00,0.7967000007629395,0.7982000112533569,0.7964299917221069,0.7966300249099731
2025-07-11 08:00:00+00:00,0.7965999841690063,0.7975000143051147,0.7953400015830994,0.7961599826812744
2025-07-11 16:00:00+00:00,0.7961500287055969,0.7972999811172485,0.795490026473999,0.7961400151252747
2025-07-12 00:00:00+00:00,,,,
2025-07-12 08:00:00+00:00,,,,
2025-07-12 16:00:00+00:00,,,,
2025-07-13 00:00:00+00:00,,,,
2025-07-13 08:00:00+00:00,,,,
2025-07-13 16:00:00+00:00,0.7974299788475037,0.7975599765777588,0.7965800166130066,0.796750009059906
2025-07-14 00:00:00+00:00,0.7967699766159058,0.7985000014305115,0.7956299781799316,0.7975900173187256
2025-07-14 08:00:00+00:00,0.7975599765777588,0.7978399991989136,0.7954699993133545,0.7976999878883362
2025-07-14 16:00:00+00:00,0.7977100014686584,0.79830002784729,0.7964000105857849,0.7980700135231018
2025-07-15 00:00:00+00:00,0.7980700135231018,0.7980999946594238,0.7953199744224548,0.795799970626831
2025-07-15 08:00:00+00:00,0.7957900166511536,0.8017799854278564,0.7952499985694885,0.8003799915313721
2025-07-15 16:00:00+00:00,0.8004000186920166,0.8024600148200989,0.800029993057251,0.8014500141143799
2025-07-16 00:00:00+00:00,0.8014299869537354,0.8021399974822998,0.8003399968147278,0.8013299703598022
2025-07-16 08:00:00+00:00,0.8013100028038025,0.8061500191688538,0.7946299910545349,0.8014299869537354
2025-07-16 16:00:00+00:00,0.8014699816703796,0.8021799921989441,0.7990999817848206,0.8009700179100037
2025-07-17 00:00:00+00:00,0.8009200096130371,0.805649995803833,0.800819993019104,0.8040300011634827
2025-07-17 08:00:00+00:00,0.8040599822998047,0.8064200282096863,0.8028799891471863,0.8043500185012817
2025-07-17 16:00:00+00:00,0.8043400049209595,0.8060500025749207,0.8024899959564209,0.8029000163078308
2025-07-18 00:00:00+00:00,0.8029099702835083,0.8036999702453613,0.8020899891853333,0.8023300170898438
2025-07-18 08:00:00+00:00,0.8023200035095215,0.8026599884033203,0.7984499931335449,0.8001300096511841
2025-07-18 16:00:00+00:00,0.8001000285148621,0.8019599914550781,0.7997900247573853,0.8008700013160706
2025-07-19 00:00:00+00:00,,,,
2025-07-19 08:00:00+00:00,,,,
2025-07-19 16:00:00+00:00,,,,
2025-07-20 00:00:00+00:00,,,,
2025-07-20 08:00:00+00:00,,,,
2025-07-20 16:00:00+00:00,0.8014799952507019,0.8016200065612793,0.8011199831962585,0.8012199997901917
2025-07-21 00:00:00+00:00,0.8012300133705139,0.8022199869155884,0.8001499772071838,0.8006700277328491
2025-07-21 08:00:00+00:00,0.8006299734115601,0.801360011100769,0.796500027179718,0.7972999811172485
2025-07-21 16:00:00+00:00,0.7973399758338928,0.7985000014305115,0.7964699864387512,0.7980999946594238
2025-07-22 00:00:00+00:00,0.7980899810791016,0.7991799712181091,0.796970009803772,0.7974100112915039
2025-07-22 08:00:00+00:00,0.7973700165748596,0.7983300089836121,0.7925800085067749,0.7926300168037415
2025-07-22 16:00:00+00:00,0.7926200032234192,0.7938399910926819,0.7914999723434448,0.793749988079071
2025-07-23 00:00:00+00:00,0.793749988079071,0.79448002576828,0.7914900183677673,0.7917900085449219
2025-07-23 08:00:00+00:00,0.7917699813842773,0.794950008392334,0.7910500168800354,0.7936400175094604
2025-07-23 16:00:00+00:00,0.793690025806427,0.7947499752044678,0.7912600040435791,0.7921900153160095
2025-07-24 00:00:00+00:00,0.7921900153160095,0.793690025806427,0.7914999723434448,0.7934100031852722
2025-07-24 08:00:00+00:00,0.7933700084686279,0.7960699796676636,0.7930499911308289,0.7957199811935425
2025-07-24 16:00:00+00:00,0.7957299947738647,0.7959200143814087,0.7935000061988831,0.7948899865150452
2025-07-25 00:00:00+00:00,0.7948799729347229,0.796750009059906,0.794700026512146,0.7955700159072876
2025-07-25 08:00:00+00:00,0.7955499887466431,0.7979300022125244,0.7951899766921997,0.7965400218963623
2025-07-25 16:00:00+00:00,0.7965599894523621,0.7968599796295166,0.7943999767303467,0.794409990310669
2025-07-26 00:00:00+00:00,,,,
2025-07-26 08:00:00+00:00,,,,
2025-07-26 16:00:00+00:00,,,,
2025-07-27 00:00:00+00:00,,,,
2025-07-27 08:00:00+00:00,,,,
2025-07-27 16:00:00+00:00,0.7954999804496765,0.7955499887466431,0.7950999736785889,0.7954099774360657
2025-07-28 00:00:00+00:00,0.7954199910163879,0.799019992351532,0.7943999767303467,0.7988799810409546
2025-07-28 08:00:00+00:00,0.7988700270652771,0.8027999997138977,0.7978399991989136,0.8025500178337097
2025-07-28 16:00:00+00:00,0.8025500178337097,0.8038100004196167,0.8018699884414673,0.8032299876213074
2025-07-29 00:00:00+00:00,0.8032500147819519,0.8071600198745728,0.8024700284004211,0.8057299852371216
2025-07-29 08:00:00+00:00,0.8057199716567993,0.8079400062561035,0.8036900162696838,0.8071200251579285
2025-07-29 16:00:00+00:00,0.8070799708366394,0.8071100115776062,0.8049399852752686,0.8054599761962891
2025-07-30 00:00:00+00:00,0.8054500222206116,0.8059099912643433,0.8037700057029724,0.8047800064086914
2025-07-30 08:00:00+00:00,0.8047699928283691,0.8124300241470337,0.8039799928665161,0.8111600279808044
2025-07-30 16:00:00+00:00,0.8111500144004822,0.815060019493103,0.8086299896240234,0.813260018825531
2025-07-31 00:00:00+00:00,0.8133000135421753,0.8143500089645386,0.8111500144004822,0.8123400211334229
2025-07-31 08:00:00+00:00,0.8123000264167786,0.8144699931144714,0.811269998550415,0.812279999256134
2025-07-31 16:00:00+00:00,0.8122400045394897,0.8141199946403503,0.8113999962806702,0.8139700293540955
2025-08-01 00:00:00+00:00,0.8139500021934509,0.8149600028991699,0.8125699758529663,0.8147100210189819
2025-08-01 08:00:00+00:00,0.8147000074386597,0.817110002040863,0.8025799989700317,0.8067799806594849
2025-08-01 16:00:00+00:00,0.8068000078201294,0.8081899881362915,0.8029199838638306,0.8037999868392944
2025-08-02 00:00:00+00:00,,,,
2025-08-02 08:00:00+00:00,,,,
2025-08-02 16:00:00+00:00,,,,
2025-08-03 00:00:00+00:00,,,,
2025-08-03 08:00:00+00:00,,,,
2025-08-03 16:00:00+00:00,0.8041700124740601,0.8046200275421143,0.8037599921226501,0.8039600253105164
2025-08-04 00:00:00+00:00,0.8039900064468384,0.8093299865722656,0.803820013999939,0.8083299994468689
2025-08-04 08:00:00+00:00,0.8083299994468689,0.8096500039100647,0.805679976940155,0.8082799911499023
2025-08-04 16:00:00+00:00,0.8082600235939026,0.8088899850845337,0.8061800003051758,0.8070799708366394
2025-08-05 00:00:00+00:00,0.8070799708366394,0.8101000189781189,0.8067200183868408,0.8094000220298767
2025-08-05 08:00:00+00:00,0.8093699812889099,0.8117700219154358,0.8064799904823303,0.8071500062942505
2025-08-05 16:00:00+00:00,0.8071699738502502,0.8087800145149231,0.8059999942779541,0.8069700002670288
2025-08-06 00:00:00+00:00,0.8069400191307068,0.8085600137710571,0.8064299821853638,0.8077899813652039
2025-08-06 08:00:00+00:00,0.8078100085258484,0.8094000220298767,0.805180013179779,0.8052099943161011
2025-08-06 16:00:00+00:00,0.8051999807357788,0.8078399896621704,0.8048200011253357,0.8060100078582764
2025-08-07 00:00:00+00:00,0.8060200214385986,0.8068000078201294,0.8043699860572815,0.8045499920845032
2025-08-07 08:00:00+00:00,0.8045700192451477,0.8089500069618225,0.8042600154876709,0.807420015335083
2025-08-07 16:00:00+00:00,0.8073999881744385,0.8084099888801575,0.8051900267601013,0.805620014667511
2025-08-08 00:00:00+00:00,0.805620014667511,0.8079100251197815,0.8054800033569336,0.8072500228881836
2025-08-08 08:00:00+00:00,0.8072400093078613,0.8088600039482117,0.806689977645874,0.8072699904441833
2025-08-08 16:00:00+00:00,0.8072999715805054,0.8086299896240234,0.8069900274276733,0.8077200055122375
2025-08-09 00:00:00+00:00,,,,
2025-08-09 08:00:00+00:00,,,,
2025-08-09 16:00:00+00:00,,,,
2025-08-10 00:00:00+00:00,,,,
2025-08-10 08:00:00+00:00,,,,
2025-08-10 16:00:00+00:00,0.8079299926757812,0.8080499768257141,0.8072699904441833,0.8075299859046936
2025-08-11 00:00:00+00:00,0.807479977607727,0.8080199956893921,0.8060700297355652,0.8079599738121033
2025-08-11 08:00:00+00:00,0.8079400062561035,0.8131999969482422,0.8078500032424927,0.8127099871635437
2025-08-11 16:00:00+00:00,0.812690019607544,0.8130199909210205,0.8104100227355957,0.8120499849319458
2025-08-12 00:00:00+00:00,0.8120599985122681,0.8122900128364563,0.809719979763031,0.809939980506897
2025-08-12 08:00:00+00:00,0.809909999370575,0.8118600249290466,0.8065999746322632,0.8080999851226807
2025-08-12 16:00:00+00:00,0.8081099987030029,0.8085299730300903,0.8054100275039673,0.8061800003051758
2025-08-13 00:00:00+00:00,0.8061599731445312,0.8071500062942505,0.8033699989318848,0.8036400079727173
2025-08-13 08:00:00+00:00,0.8036500215530396,0.8049499988555908,0.8021699786186218,0.8043500185012817
2025-08-13 16:00:00+00:00,0.8043500185012817,0.8058099746704102,0.8029000163078308,0.8047500252723694
2025-08-14 00:00:00+00:00,0.8047500252723694,0.8067399859428406,0.8044000267982483,0.8064699769020081
2025-08-14 08:00:00+00:00,0.8064600229263306,0.8087900280952454,0.8050100207328796,0.8078100085258484
2025-08-14 16:00:00+00:00,0.8078100085258484,0.8092600107192993,0.8058500289916992,0.8075900077819824
2025-08-15 00:00:00+00:00,0.8075900077819824,0.8079299926757812,0.8051000237464905,0.8052600026130676
2025-08-15 08:00:00+00:00,0.8052399754524231,0.8069499731063843,0.8045300245285034,0.8060899972915649
2025-08-15 16:00:00+00:00,0.8060899972915649,0.8069199919700623,0.8057299852371216,0.8063499927520752
2025-08-16 00:00:00+00:00,,,,
2025-08-16 08:00:00+00:00,,,,
2025-08-16 16:00:00+00:00,,,,
2025-08-17 00:00:00+00:00,,,,
2025-08-17 08:00:00+00:00,,,,
2025-08-17 16:00:00+00:00,0.8062300086021423,0.8069000244140625,0.8062000274658203,0.8065099716186523
2025-08-18 00:00:00+00:00,0.8065199851989746,0.8069999814033508,0.8054400086402893,0.806850016117096
2025-08-18 08:00:00+00:00,0.806850016117096,0.8080999851226807,0.8063300251960754,0.8067799806594849
2025-08-18 16:00:00+00:00,0.8067700266838074,0.8078100085258484,0.8060500025749207,0.8073999881744385
2025-08-19 00:00:00+00:00,0.8073899745941162,0.8085500001907349,0.8053200244903564,0.8057699799537659
2025-08-19 08:00:00+00:00,0.8058099746704102,0.8070899844169617,0.8046900033950806,0.8070200085639954
2025-08-19 16:00:00+00:00,0.8070099949836731,0.8080300092697144,0.8060799837112427,0.8078200221061707
2025-08-20 00:00:00+00:00,0.8078200221061707,0.8093000054359436,0.8075699806213379,0.8080300092697144
2025-08-20 08:00:00+00:00,0.8080400228500366,0.8083500266075134,0.803309977054596,0.804390013217926
2025-08-20 16:00:00+00:00,0.8043799996376038,0.8044999837875366,0.8027700185775757,0.8041099905967712
2025-08-21 00:00:00+00:00,0.8041099905967712,0.8065000176429749,0.8040000200271606,0.8049200177192688
2025-08-21 08:00:00+00:00,0.8049700260162354,0.8089600205421448,0.8048099875450134,0.808489978313446
2025-08-21 16:00:00+00:00,0.8084700107574463,0.8090400099754333,0.8067100048065186,0.80867999792099
2025-08-22 00:00:00+00:00,0.80867999792099,0.8104000091552734,0.8086100220680237,0.8094800114631653
2025-08-22 08:00:00+00:00,0.8094800114631653,0.8098300099372864,0.8001700043678284,0.8015900254249573
2025-08-22 16:00:00+00:00,0.801580011844635,0.801800012588501,0.7999799847602844,0.8008599877357483
2025-08-23 00:00:00+00:00,,,,
2025-08-23 08:00:00+00:00,,,,
2025-08-23 16:00:00+00:00,,,,
2025-08-24 00:00:00+00:00,,,,
2025-08-24 08:00:00+00:00,,,,
2025-08-24 16:00:00+00:00,0.8022300004959106,0.8026300072669983,0.8021000027656555,0.8023800253868103
2025-08-25 00:00:00+00:00,0.8024200201034546,0.8035299777984619,0.8016499876976013,0.8023800253868103
2025-08-25 08:00:00+00:00,0.8024200201034546,0.8037199974060059,0.801580011844635,0.8034399747848511
2025-08-25 16:00:00+00:00,0.8034399747848511,0.8071200251579285,0.8033300042152405,0.8062000274658203
2025-08-26 00:00:00+00:00,0.8062199950218201,0.8072199821472168,0.8026999831199646,0.805840015411377
2025-08-26 08:00:00+00:00,0.805840015411377,0.8071100115776062,0.8030499815940857,0.8030999898910522
2025-08-26 16:00:00+00:00,0.8030999898910522,0.8043799996376038,0.8021900057792664,0.8037899732589722
2025-08-27 00:00:00+00:00,0.8038100004196167,0.8062000274658203,0.8035500049591064,0.8056600093841553
2025-08-27 08:00:00+00:00,0.8056700229644775,0.8076500296592712,0.8029800057411194,0.8037400245666504
2025-08-27 16:00:00+00:00,0.8037499785423279,0.8038399815559387,0.8014299869537354,0.8015599846839905
2025-08-28 00:00:00+00:00,0.8015300035476685,0.8021500110626221,0.8009499907493591,0.8011800050735474
2025-08-28 08:00:00+00:00,0.8011900186538696,0.803059995174408,0.7993699908256531,0.8016600012779236
2025-08-28 16:00:00+00:00,0.8016499876976013,0.8019999861717224,0.7997300028800964,0.8017699718475342
2025-08-29 00:00:00+00:00,0.8017399907112122,0.8031600117683411,0.8003100156784058,0.8004400134086609
2025-08-29 08:00:00+00:00,0.8004400134086609,0.8035200238227844,0.7985299825668335,0.7996699810028076
2025-08-29 16:00:00+00:00,0.7996600270271301,0.8008099794387817,0.7991200089454651,0.8000500202178955
2025-08-30 00:00:00+00:00,,,,
2025-08-30 08:00:00+00:00,,,,
2025-08-30 16:00:00+00:00,,,,
2025-08-31 00:00:00+00:00,,,,
2025-08-31 08:00:00+00:00,,,,
2025-08-31 16:00:00+00:00,0.8008300065994263,0.801010012626648,0.800570011138916,0.8006299734115601
2025-09-01 00:00:00+00:00,0.8006399869918823,0.8011999726295471,0.7987200021743774,0.7989000082015991
2025-09-01 08:00:00+00:00,0.7989000082015991,0.8017100095748901,0.7985799908638,0.8015499711036682
2025-09-01 16:00:00+00:00,0.8015300035476685,0.8016999959945679,0.7996399998664856,0.8002200126647949
2025-09-02 00:00:00+00:00,0.8002200126647949,0.8036699891090393,0.8001199960708618,0.8034399747848511
2025-09-02 08:00:00+00:00,0.8034300208091736,0.8061000108718872,0.8019199967384338,0.8033300042152405
2025-09-02 16:00:00+00:00,0.8033599853515625,0.8054100275039673,0.8029999732971191,0.8053100109100342
2025-09-03 00:00:00+00:00,0.8053100109100342,0.8067899942398071,0.8044800162315369,0.8052700161933899
2025-09-03 08:00:00+00:00,0.8052600026130676,0.8055700063705444,0.8026800155639648,0.8031899929046631
2025-09-03 16:00:00+00:00,0.8031700253486633,0.8044999837875366,0.8022800087928772,0.803820013999939
2025-09-04 00:00:00+00:00,0.803820013999939,0.8054999709129333,0.8034200072288513,0.8051599860191345
2025-09-04 08:00:00+00:00,0.8051599860191345,0.8068600296974182,0.8037300109863281,0.8059099912643433
2025-09-04 16:00:00+00:00,0.805899977684021,0.807200014591217,0.8040099740028381,0.8051499724388123
2025-09-05 00:00:00+00:00,0.8051499724388123,0.8054599761962891,0.8034300208091736,0.8036400079727173
2025-09-05 08:00:00+00:00,0.803629994392395,0.8039399981498718,0.7957299947738647,0.7957800030708313
2025-09-05 16:00:00+00:00,0.795799970626831,0.7986000180244446,0.7955700159072876,0.7976300120353699
2025-09-06 00:00:00+00:00,,,,
2025-09-06 08:00:00+00:00,,,,
2025-09-06 16:00:00+00:00,,,,
2025-09-07 00:00:00+00:00,,,,
2025-09-07 08:00:00+00:00,,,,
2025-09-07 16:00:00+00:00,0.7993000149726868,0.7993199825286865,0.798799991607666,0.7992299795150757
2025-09-08 00:00:00+00:00,0.7992299795150757,0.7993999719619751,0.7956600189208984,0.795769989490509
2025-09-08 08:00:00+00:00,0.7957500219345093,0.7966300249099731,0.7929199934005737,0.7934499979019165
2025-09-08 16:00:00+00:00,0.7934499979019165,0.7946500182151794,0.7922800183296204,0.7928100228309631
2025-09-09 00:00:00+00:00,0.7928100228309631,0.7940999865531921,0.7914999723434448,0.7936400175094604
2025-09-09 08:00:00+00:00,0.7936300039291382,0.7964900135993958,0.7922300100326538,0.7960900068283081
2025-09-09 16:00:00+00:00,0.7960699796676636,0.7979400157928467,0.7954300045967102,0.7974200248718262
2025-09-10 00:00:00+00:00,0.7974200248718262,0.7984899878501892,0.7961000204086304,0.7975999712944031
2025-09-10 08:00:00+00:00,0.7975999712944031,0.7991600036621094,0.7958400249481201,0.7979000210762024
2025-09-10 16:00:00+00:00,0.7979000210762024,0.7994999885559082,0.7974500060081482,0.7986999750137329
2025-09-11 00:00:00+00:00,0.7986999750137329,0.7999399900436401,0.7986000180244446,0.799310028553009
2025-09-11 08:00:00+00:00,0.799310028553009,0.8007299900054932,0.7948099970817566,0.7960699796676636
2025-09-11 16:00:00+00:00,0.7960399985313416,0.7964000105857849,0.7940400242805481,0.7959499955177307
2025-09-12 00:00:00+00:00,0.7959499955177307,0.796999990940094,0.7954800128936768,0.7960600256919861
2025-09-12 08:00:00+00:00,0.7960600256919861,0.7986599802970886,0.795960009098053,0.7974799871444702
2025-09-12 16:00:00+00:00,0.797469973564148,0.7975999712944031,0.7957599759101868,0.7958700060844421
2025-09-13 00:00:00+00:00,,,,
2025-09-13 08:00:00+00:00,,,,
2025-09-13 16:00:00+00:00,,,,
2025-09-14 00:00:00+00:00,,,,
2025-09-14 08:00:00+00:00,,,,
2025-09-14 16:00:00+00:00,0.7965099811553955,0.7968000173568726,0.7963799834251404,0.7967399954795837
2025-09-15 00:00:00+00:00,0.7967399954795837,0.7972699999809265,0.7960000038146973,0.7963799834251404
2025-09-15 08:00:00+00:00,0.7964000105857849,0.7964699864387512,0.793690025806427,0.7938100099563599
2025-09-15 16:00:00+00:00,0.7937999963760376,0.7947999835014343,0.7935000061988831,0.7946900129318237
2025-09-16 00:00:00+00:00,0.7946699857711792,0.7948099970817566,0.7916200160980225,0.7920899987220764
2025-09-16 08:00:00+00:00,0.7920899987220764,0.7926599979400635,0.7873700261116028,0.7876899838447571
2025-09-16 16:00:00+00:00,0.7876799702644348,0.7877299785614014,0.7851899862289429,0.7859299778938293
2025-09-17 00:00:00+00:00,0.7859299778938293,0.7877699732780457,0.7857499718666077,0.7877100110054016
2025-09-17 08:00:00+00:00,0.7877100110054016,0.7878699898719788,0.785830020904541,0.78711998462677
2025-09-17 16:00:00+00:00,0.7871299982070923,0.7893400192260742,0.7828800082206726,0.7883599996566772
2025-09-18 00:00:00+00:00,0.7883599996566772,0.7915400266647339,0.7882900238037109,0.7888000011444092
2025-09-18 08:00:00+00:00,0.7888000011444092,0.7937800288200378,0.7871299982070923,0.7927600145339966
2025-09-18 16:00:00+00:00,0.7927600145339966,0.7930700182914734,0.7900699973106384,0.7925099730491638
2025-09-19 00:00:00+00:00,0.7925300002098083,0.7947999835014343,0.7919999957084656,0.7940899729728699
2025-09-19 08:00:00+00:00,0.7940899729728699,0.7966099977493286,0.7940199971199036,0.7948899865150452
2025-09-19 16:00:00+00:00,0.7948899865150452,0.795799970626831,0.7945500016212463,0.7950400114059448
2025-09-20 00:00:00+00:00,,,,
2025-09-20 08:00:00+00:00,,,,
2025-09-20 16:00:00+00:00,,,,
2025-09-21 00:00:00+00:00,,,,
2025-09-21 08:00:00+00:00,,,,
2025-09-21 16:00:00+00:00,0.7958800196647644,0.7962999939918518,0.7957800030708313,0.7961999773979187
2025-09-22 00:00:00+00:00,0.7962200045585632,0.7972999811172485,0.7947199940681458,0.7956500053405762
2025-09-22 08:00:00+00:00,0.7956399917602539,0.7957299947738647,0.7927700281143188,0.793470025062561
2025-09-22 16:00:00+00:00,0.7934899926185608,0.7936000227928162,0.7918000221252441,0.7924000024795532
2025-09-23 00:00:00+00:00,0.7923799753189087,0.7933400273323059,0.7909500002861023,0.7925999760627747
2025-09-23 08:00:00+00:00,0.7925999760627747,0.7933599948883057,0.7914699912071228,0.7922199964523315
2025-09-23 16:00:00+00:00,0.7922499775886536,0.7926999926567078,0.7897899746894836,0.791379988193512
2025-09-24 00:00:00+00:00,0.7914000153541565,0.7933300137519836,0.7912499904632568,0.7930499911308289
2025-09-24 08:00:00+00:00,0.7930499911308289,0.7953299880027771,0.7930300235748291,0.7950999736785889
2025-09-24 16:00:00+00:00,0.7950999736785889,0.795740008354187,0.7931699752807617,0.7948099970817566
2025-09-25 00:00:00+00:00,0.7948099970817566,0.7968400120735168,0.7942500114440918,0.7966300249099731
2025-09-25 08:00:00+00:00,0.7966399788856506,0.8008000254631042,0.7950599789619446,0.8005899786949158
2025-09-25 16:00:00+00:00,0.8005899786949158,0.8014000058174133,0.7986000180244446,0.8000800013542175
2025-09-26 00:00:00+00:00,0.8000800013542175,0.8007000088691711,0.7986099720001221,0.7998999953269958
2025-09-26 08:00:00+00:00,0.7998700141906738,0.8004000186920166,0.7974299788475037,0.7984499931335449
2025-09-26 16:00:00+00:00,0.7984499931335449,0.7985799908638,0.797249972820282,0.797540009021759
2025-09-27 00:00:00+00:00,,,,
2025-09-27 08:00:00+00:00,,,,
2025-09-27 16:00:00+00:00,,,,
2025-09-28 00:00:00+00:00,,,,
2025-09-28 08:00:00+00:00,,,,
2025-09-28 16:00:00+00:00,0.7976899743080139,0.7976999878883362,0.79721999168396,0.7974799871444702
2025-09-29 00:00:00+00:00,0.7974900007247925,0.7975000143051147,0.7953100204467773,0.7956799864768982
2025-09-29 08:00:00+00:00,0.7956900000572205,0.7987599968910217,0.7951499819755554,0.7970200181007385
2025-09-29 16:00:00+00:00,0.796999990940094,0.7978699803352356,0.7961199879646301,0.7973999977111816
2025-09-30 00:00:00+00:00,0.7974100112915039,0.7983400225639343,0.7954300045967102,0.7960399985313416
2025-09-30 08:00:00+00:00,0.7960399985313416,0.7985699772834778,0.7949399948120117,0.7965700030326843
2025-09-30 16:00:00+00:00,0.7965599894523621,0.7967299818992615,0.7938699722290039,0.7964299917221069
2025-10-01 00:00:00+00:00,0.7964299917221069,0.7968999743461609,0.7928100228309631,0.7947400212287903
2025-10-01 08:00:00+00:00,0.7947400212287903,0.7988499999046326,0.793940007686615,0.7983400225639343
2025-10-01 16:00:00+00:00,0.7982900142669678,0.7990099787712097,0.7958700060844421,0.79694002866745
2025-10-02 00:00:00+00:00,0.79694002866745,0.7975299954414368,0.7959200143814087,0.7965499758720398
2025-10-02 08:00:00+00:00,0.7965499758720398,0.800029993057251,0.7950900197029114,0.799340009689331
2025-10-02 16:00:00+00:00,0.7993299961090088,0.7994899749755859,0.7966499924659729,0.7970399856567383
2025-10-03 00:00:00+00:00,0.7970399856567383,0.798009991645813,0.7966899871826172,0.7969499826431274
2025-10-03 08:00:00+00:00,0.7969499826431274,0.7974399924278259,0.7946799993515015,0.7948700189590454
2025-10-03 16:00:00+00:00,0.7948799729347229,0.7961300015449524,0.7944700121879578,0.7948600053787231
2025-10-04 00:00:00+00:00,,,,
2025-10-04 08:00:00+00:00,,,,
2025-10-04 16:00:00+00:00,,,,
2025-10-05 00:00:00+00:00,,,,
2025-10-05 08:00:00+00:00,,,,
2025-10-05 16:00:00+00:00,0.7974600195884705,0.797730028629303,0.7969499826431274,0.7972099781036377
2025-10-06 00:00:00+00:00,0.7972099781036377,0.7990999817848206,0.7953000068664551,0.7990000247955322
2025-10-06 08:00:00+00:00,0.7990000247955322,0.7993999719619751,0.7947700023651123,0.7954199910163879
2025-10-06 16:00:00+00:00,0.7954099774360657,0.7958400249481201,0.794219970703125,0.7949600219726562
2025-10-07 00:00:00+00:00,0.7949600219726562,0.7977200150489807,0.7948799729347229,0.7974399924278259
2025-10-07 08:00:00+00:00,0.797469973564148,0.7991499900817871,0.796720027923584,0.7970100045204163
2025-10-07 16:00:00+00:00,0.7970100045204163,0.7989500164985657,0.7959200143814087,0.7986299991607666
2025-10-08 00:00:00+00:00,0.7986500263214111,0.8018699884414673,0.7985299825668335,0.8008800148963928
2025-10-08 08:00:00+00:00,0.8008800148963928,0.8024200201034546,0.7993900179862976,0.8019999861717224
2025-10-08 16:00:00+00:00,0.8019800186157227,0.8028799891471863,0.8006799817085266,0.8015300035476685
2025-10-09 00:00:00+00:00,0.8015000224113464,0.8034700155258179,0.8002300262451172,0.8033199906349182
2025-10-09 08:00:00+00:00,0.8033199906349182,0.80663001537323,0.8003699779510498,0.8059599995613098
2025-10-09 16:00:00+00:00,0.8059300184249878,0.8076000213623047,0.8050600290298462,0.8062499761581421
2025-10-10 00:00:00+00:00,0.8062499761581421,0.8066999912261963,0.805079996585846,0.8057399988174438
2025-10-10 08:00:00+00:00,0.8057399988174438,0.8064799904823303,0.7999699711799622,0.8014600276947021
2025-10-10 16:00:00+00:00,0.8014600276947021,0.8021600246429443,0.7979400157928467,0.7994199991226196
2025-10-11 00:00:00+00:00,,,,
2025-10-11 08:00:00+00:00,,,,
2025-10-11 16:00:00+00:00,,,,
2025-10-12 00:00:00+00:00,,,,
2025-10-12 08:00:00+00:00,,,,
2025-10-12 16:00:00+00:00,0.8022500276565552,0.8023999929428101,0.801580011844635,0.8023099899291992
2025-10-13 00:00:00+00:00,0.8023099899291992,0.8027799725532532,0.7999600172042847,0.802649974822998
2025-10-13 08:00:00+00:00,0.802649974822998,0.8058000206947327,0.8024700284004211,0.8042299747467041
2025-10-13 16:00:00+00:00,0.8042600154876709,0.8044999837875366,0.8025100231170654,0.8043199777603149
2025-10-14 00:00:00+00:00,0.8043199777603149,0.8050000071525574,0.8019700050354004,0.8042299747467041
2025-10-14 08:00:00+00:00,0.8042299747467041,0.804830014705658,0.8010200262069702,0.801110029220581
2025-10-14 16:00:00+00:00,0.8010799884796143,0.8015999794006348,0.799019992351532,0.8014400005340576
2025-10-15 00:00:00+00:00,0.8014400005340576,0.8015900254249573,0.7990599870681763,0.7996000051498413
2025-10-15 08:00:00+00:00,0.7995700240135193,0.8011000156402588,0.7956200242042542,0.7971299886703491
2025-10-15 16:00:00+00:00,0.7971299886703491,0.7978399991989136,0.7957800030708313,0.7965499758720398
2025-10-16 00:00:00+00:00,0.7965499758720398,0.7975900173187256,0.7932699918746948,0.7969800233840942
2025-10-16 08:00:00+00:00,0.7969800233840942,0.7984799742698669,0.7949600219726562,0.7957299947738647
2025-10-16 16:00:00+00:00,0.7957199811935425,0.7958499789237976,0.791670024394989,0.7919399738311768
2025-10-17 00:00:00+00:00,0.7919300198554993,0.7922400236129761,0.7872700095176697,0.789359986782074
2025-10-17 08:00:00+00:00,0.7893499732017517,0.7932999730110168,0.7883899807929993,0.7919399738311768
2025-10-17 16:00:00+00:00,0.791949987411499,0.7936800122261047,0.7915300130844116,0.7929900288581848
2025-10-18 00:00:00+00:00,,,,
2025-10-18 08:00:00+00:00,,,,
2025-10-18 16:00:00+00:00,,,,
2025-10-19 00:00:00+00:00,,,,
2025-10-19 08:00:00+00:00,,,,
2025-10-19 16:00:00+00:00,0.7939199805259705,0.7941100001335144,0.7933400273323059,0.7936000227928162
2025-10-20 00:00:00+00:00,0.7936300039291382,0.7943400144577026,0.7925099730491638,0.7931200265884399
2025-10-20 08:00:00+00:00,0.7931100130081177,0.793470025062561,0.7905700206756592,0.7918099761009216
2025-10-20 16:00:00+00:00,0.7918000221252441,0.7925999760627747,0.7907199859619141,0.7924399971961975
2025-10-21 00:00:00+00:00,0.7924500107765198,0.7936999797821045,0.7913900017738342,0.7928400039672852
2025-10-21 08:00:00+00:00,0.7928299903869629,0.7960100173950195,0.7925699949264526,0.7950199842453003
2025-10-21 16:00:00+00:00,0.7950199842453003,0.7969200015068054,0.7945799827575684,0.796779990196228
2025-10-22 00:00:00+00:00,0.796750009059906,0.7968400120735168,0.7950999736785889,0.7960699796676636
2025-10-22 08:00:00+00:00,0.7960100173950195,0.7973999977111816,0.7951200008392334,0.7957500219345093
2025-10-22 16:00:00+00:00,0.7957900166511536,0.7963600158691406,0.7946400046348572,0.7961300015449524
2025-10-23 00:00:00+00:00,0.7961400151252747,0.7980300188064575,0.7960699796676636,0.7971400022506714
2025-10-23 08:00:00+00:00,0.7971699833869934,0.7986999750137329,0.7951899766921997,0.7955999970436096
2025-10-23 16:00:00+00:00,0.7956299781799316,0.7960500121116638,0.7943199872970581,0.7951400279998779
2025-10-24 00:00:00+00:00,0.7950800061225891,0.7965400218963623,0.7946199774742126,0.7954599857330322
2025-10-24 08:00:00+00:00,0.7954599857330322,0.7968400120735168,0.7926300168037415,0.7957599759101868
2025-10-24 16:00:00+00:00,0.7957599759101868,0.7961599826812744,0.7943999767303467,0.7943999767303467
2025-10-25 00:00:00+00:00,,,,
2025-10-25 08:00:00+00:00,,,,
2025-10-25 16:00:00+00:00,,,,
2025-10-26 00:00:00+00:00,,,,
2025-10-26 08:00:00+00:00,,,,
2025-10-26 16:00:00+00:00,,,,
2025-10-27 00:00:00+00:00,0.7960500121116638,0.7970700263977051,0.7944700121879578,0.7968599796295166
2025-10-27 08:00:00+00:00,0.7968900203704834,0.7972999811172485,0.7946100234985352,0.7964400053024292
2025-10-27 16:00:00+00:00,0.7964699864387512,0.7965199947357178,0.7943800091743469,0.7946100234985352
2025-10-28 00:00:00+00:00,0.7946100234985352,0.7948200106620789,0.7930300235748291,0.794439971446991
2025-10-28 08:00:00+00:00,0.794439971446991,0.7967000007629395,0.7924699783325195,0.7927299737930298
2025-10-28 16:00:00+00:00,0.79271000623703,0.7936800122261047,0.7924699783325195,0.792959988117218
2025-10-29 00:00:00+00:00,0.7928500175476074,0.7955999970436096,0.7925099730491638,0.7954599857330322
2025-10-29 08:00:00+00:00,0.7954400181770325,0.7979300022125244,0.7952700257301331,0.7958199977874756
2025-10-29 16:00:00+00:00,0.7958300113677979,0.8020200133323669,0.7955999970436096,0.800059974193573
2025-10-30 00:00:00+00:00,0.8000699877738953,0.8006500005722046,0.7975199818611145,0.7986199855804443
2025-10-30 08:00:00+00:00,0.7986199855804443,0.8037099838256836,0.7976700067520142,0.8020300269126892
2025-10-30 16:00:00+00:00,0.8020300269126892,0.8027099967002869,0.8010200262069702,0.801609992980957
2025-10-31 00:00:00+00:00,0.8015900254249573,0.8032799959182739,0.8008599877357483,0.8027099967002869
2025-10-31 08:00:00+00:00,0.8027300238609314,0.8048999905586243,0.8013700246810913,0.8026700019836426
2025-10-31 16:00:00+00:00,0.8026700019836426,0.805180013179779,0.8025100231170654,0.8041899800300598
2025-11-01 00:00:00+00:00,,,,
2025-11-01 08:00:00+00:00,,,,
2025-11-01 16:00:00+00:00,,,,
2025-11-02 00:00:00+00:00,,,,
2025-11-02 08:00:00+00:00,,,,
2025-11-02 16:00:00+00:00,,,,
2025-11-03 00:00:00+00:00,0.8048800230026245,0.8057399988174438,0.8037999868392944,0.8051199913024902
2025-11-03 08:00:00+00:00,0.8051499724388123,0.8091800212860107,0.8049499988555908,0.8075000047683716
2025-11-03 16:00:00+00:00,0.8075000047683716,0.8082500100135803,0.8067700266838074,0.808139979839325
2025-11-04 00:00:00+00:00,0.8081700205802917,0.8098999857902527,0.8066800236701965,0.8074399828910828
2025-11-04 08:00:00+00:00,0.8074399828910828,0.8103799819946289,0.8072400093078613,0.809149980545044
2025-11-04 16:00:00+00:00,0.8091300129890442,0.8108299970626831,0.8087000250816345,0.8103700280189514
2025-11-05 00:00:00+00:00,0.8103399872779846,0.8105700016021729,0.8078799843788147,0.809499979019165
2025-11-05 08:00:00+00:00,0.809499979019165,0.8124200105667114,0.8091700077056885,0.8111500144004822
2025-11-05 16:00:00+00:00,0.8111500144004822,0.8119500279426575,0.8088600039482117,0.8097100257873535
2025-11-06 00:00:00+00:00,0.8098300099372864,0.8101000189781189,0.808650016784668,0.8089399933815002
2025-11-06 08:00:00+00:00,0.8089200258255005,0.8099200129508972,0.8067700266838074,0.8069400191307068
2025-11-06 16:00:00+00:00,0.8069400191307068,0.8078200221061707,0.8056600093841553,0.8061699867248535
2025-11-07 00:00:00+00:00,0.8061500191688538,0.8079599738121033,0.8060700297355652,0.8075000047683716
2025-11-07 08:00:00+00:00,0.8074600100517273,0.8084400296211243,0.8031600117683411,0.8047099709510803
2025-11-07 16:00:00+00:00,0.8046900033950806,0.805840015411377,0.8036100268363953,0.8044999837875366
2025-11-08 00:00:00+00:00,,,,
2025-11-08 08:00:00+00:00,,,,
2025-11-08 16:00:00+00:00,,,,
2025-11-09 00:00:00+00:00,,,,
2025-11-09 08:00:00+00:00,,,,
2025-11-09 16:00:00+00:00,,,,
2025-11-10 00:00:00+00:00,0.8070899844169617,0.8070999979972839,0.8049700260162354,0.8056399822235107
2025-11-10 08:00:00+00:00,0.8056600093841553,0.8067499995231628,0.804610013961792,0.8064200282096863
2025-11-10 16:00:00+00:00,0.806410014629364,0.8065999746322632,0.8039199709892273,0.8051300048828125
2025-11-11 00:00:00+00:00,0.8051599860191345,0.8061500191688538,0.803409993648529,0.8034499883651733
2025-11-11 08:00:00+00:00,0.8034399747848511,0.804069995880127,0.7985799908638,0.7997099757194519
2025-11-11 16:00:00+00:00,0.7997099757194519,0.8008900284767151,0.798799991607666,0.8003299832344055
2025-11-12 00:00:00+00:00,0.8003699779510498,0.8011400103569031,0.799560010433197,0.7997400164604187
2025-11-12 08:00:00+00:00,0.7997300028800964,0.8001199960708618,0.7967900037765503,0.7971100211143494
2025-11-12 16:00:00+00:00,0.7971199750900269,0.79830002784729,0.796500027179718,0.7978399991989136
2025-11-13 00:00:00+00:00,0.7978100180625916,0.7994099855422974,0.7962999939918518,0.7963899970054626
2025-11-13 08:00:00+00:00,0.7963899970054626,0.7964100241661072,0.7924000024795532,0.79271000623703
2025-11-13 16:00:00+00:00,0.79271000623703,0.7936000227928162,0.7907999753952026,0.7932599782943726
2025-11-14 00:00:00+00:00,0.7932400107383728,0.7936000227928162,0.7909500002861023,0.7915300130844116
2025-11-14 08:00:00+00:00,0.7915199995040894,0.793940007686615,0.7877799868583679,0.7932999730110168
2025-11-14 16:00:00+00:00,0.7932999730110168,0.7947999835014343,0.7925000190734863,0.793749988079071
2025-11-15 00:00:00+00:00,,,,
2025-11-15 08:00:00+00:00,,,,
2025-11-15 16:00:00+00:00,,,,
2025-11-16 00:00:00+00:00,,,,
2025-11-16 08:00:00+00:00,,,,
2025-11-16 16:00:00+00:00,,,,
2025-11-17 00:00:00+00:00,0.7942799925804138,0.7955499887466431,0.7932500243186951,0.7933200001716614
2025-11-17 08:00:00+00:00,0.7933099865913391,0.796209990978241,0.793150007724762,0.7954400181770325
2025-11-17 16:00:00+00:00,0.7954400181770325,0.7965899705886841,0.7944999933242798,0.796209990978241
2025-11-18 00:00:00+00:00,0.796239972114563,0.7966399788856506,0.7937399744987488,0.7950500249862671
2025-11-18 08:00:00+00:00,0.7950500249862671,0.7985399961471558,0.7941700220108032,0.7985100150108337
2025-11-18 16:00:00+00:00,0.798520028591156,0.8003399968147278,0.7981399893760681,0.8001899719238281
2025-11-19 00:00:00+00:00,0.8001999855041504,0.8009999990463257,0.7985000014305115,0.7993999719619751
2025-11-19 08:00:00+00:00,0.799340009689331,0.8050699830055237,0.7989299893379211,0.8044899702072144
2025-11-19 16:00:00+00:00,0.8044999837875366,0.8067100048065186,0.8043000102043152,0.8053900003433228
2025-11-20 00:00:00+00:00,0.805400013923645,0.8072999715805054,0.8051999807357788,0.8061299920082092
2025-11-20 08:00:00+00:00,0.806119978427887,0.8077300190925598,0.8051699995994568,0.8065000176429749
2025-11-20 16:00:00+00:00,0.8065000176429749,0.8065299987792969,0.803849995136261,0.8055400252342224
2025-11-21 00:00:00+00:00,0.8055400252342224,0.8061299920082092,0.8035299777984619,0.8041899800300598
2025-11-21 08:00:00+00:00,0.8041999936103821,0.80867999792099,0.8036199808120728,0.8085200190544128
2025-11-21 16:00:00+00:00,0.8085299730300903,0.8098700046539307,0.807479977607727,0.8083099722862244
2025-11-22 00:00:00+00:00,,,,
2025-11-22 08:00:00+00:00,,,,
2025-11-22 16:00:00+00:00,,,,
2025-11-23 00:00:00+00:00,,,,
2025-11-23 08:00:00+00:00,,,,
2025-11-23 16:00:00+00:00,,,,
2025-11-24 00:00:00+00:00,0.8086699843406677,0.8100500106811523,0.8078600168228149,0.8099600076675415
2025-11-24 08:00:00+00:00,0.8099300265312195,0.8101300001144409,0.8059999942779541,0.807640016078949
2025-11-24 16:00:00+00:00,0.8076599836349487,0.8091999888420105,0.807449996471405,0.8085799813270569
2025-11-25 00:00:00+00:00,0.8085100054740906,0.8094599843025208,0.8079400062561035,0.8089900016784668
2025-11-25 08:00:00+00:00,0.8089900016784668,0.8101999759674072,0.8057399988174438,0.8077700138092041
2025-11-25 16:00:00+00:00,0.8077800273895264,0.8091999888420105,0.806190013885498,0.8079500198364258
2025-11-26 00:00:00+00:00,0.807919979095459,0.808139979839325,0.8041399717330933,0.8058300018310547
2025-11-26 08:00:00+00:00,0.805840015411377,0.8083500266075134,0.8055499792098999,0.8055999875068665
2025-11-26 16:00:00+00:00,0.8055999875068665,0.805679976940155,0.803409993648529,0.8034499883651733
2025-11-27 00:00:00+00:00,0.8034300208091736,0.8049200177192688,0.8026000261306763,0.804669976234436
2025-11-27 08:00:00+00:00,0.8046900033950806,0.8062499761581421,0.8045799732208252,0.8052099943161011
2025-11-27 16:00:00+00:00,0.8052099943161011,0.8057000041007996,0.8039399981498718,0.8046000003814697
2025-11-28 00:00:00+00:00,0.8045700192451477,0.8061299920082092,0.8043000102043152,0.8057600259780884
2025-11-28 08:00:00+00:00,0.8057000041007996,0.807129979133606,0.8027600049972534,0.8027799725532532
2025-11-28 16:00:00+00:00,0.8027899861335754,0.8039399981498718,0.8026099801063538,0.8033999800682068
2025-11-29 00:00:00+00:00,,,,
2025-11-29 08:00:00+00:00,,,,
2025-11-29 16:00:00+00:00,,,,
2025-11-30 00:00:00+00:00,,,,
2025-11-30 08:00:00+00:00,,,,
2025-11-30 16:00:00+00:00,,,,
2025-12-01 00:00:00+00:00,0.8033599853515625,0.8047299981117249,0.8023499846458435,0.8034399747848511
2025-12-01 08:00:00+00:00,0.8034300208091736,0.8037599921226501,0.7996000051498413,0.8023200035095215
2025-12-01 16:00:00+00:00,0.8023099899291992,0.8048999905586243,0.8019300103187561,0.8047400116920471
2025-12-02 00:00:00+00:00,0.8047599792480469,0.8050000071525574,0.8039000034332275,0.8043799996376038
2025-12-02 08:00:00+00:00,0.8043799996376038,0.8053100109100342,0.8029999732971191,0.8044499754905701
2025-12-02 16:00:00+00:00,0.8044800162315369,0.8048999905586243,0.8020200133323669,0.8028200268745422
2025-12-03 00:00:00+00:00,0.8027899861335754,0.802839994430542,0.8007299900054932,0.8021900057792664
2025-12-03 08:00:00+00:00,0.8021799921989441,0.8024600148200989,0.7993999719619751,0.8005599975585938
2025-12-03 16:00:00+00:00,0.8005499839782715,0.8007199764251709,0.7985699772834778,0.7997300028800964
2025-12-04 00:00:00+00:00,0.7997499704360962,0.8015000224113464,0.7996799945831299,0.8006799817085266
2025-12-04 08:00:00+00:00,0.8006299734115601,0.801829993724823,0.7994999885559082,0.8008900284767151
2025-12-04 16:00:00+00:00,0.8008700013160706,0.8039600253105164,0.8008599877357483,0.8037400245666504
2025-12-05 00:00:00+00:00,0.8037199974060059,0.803849995136261,0.8018500208854675,0.8026400208473206
2025-12-05 08:00:00+00:00,0.802619993686676,0.8045700192451477,0.8024700284004211,0.8041300177574158
2025-12-05 16:00:00+00:00,0.8041499853134155,0.8054999709129333,0.8040199875831604,0.8045600056648254
2025-12-06 00:00:00+00:00,,,,
2025-12-06 08:00:00+00:00,,,,
2025-12-06 16:00:00+00:00,,,,
2025-12-07 00:00:00+00:00,,,,
2025-12-07 08:00:00+00:00,,,,
2025-12-07 16:00:00+00:00,,,,
2025-12-08 00:00:00+00:00,0.8047699928283691,0.8048200011253357,0.8027499914169312,0.8034200072288513
2025-12-08 08:00:00+00:00,0.8033900260925293,0.8085500001907349,0.8031799793243408,0.8078399896621704
2025-12-08 16:00:00+00:00,0.8078399896621704,0.8082600235939026,0.8058599829673767,0.806689977645874
2025-12-09 00:00:00+00:00,0.8066499829292297,0.806879997253418,0.8051599860191345,0.8063200116157532
2025-12-09 08:00:00+00:00,0.8063200116157532,0.8082299828529358,0.8049499988555908,0.8069999814033508
2025-12-09 16:00:00+00:00,0.8069999814033508,0.8070300221443176,0.8048499822616577,0.8060100078582764
2025-12-10 00:00:00+00:00,0.8060100078582764,0.8064699769020081,0.8049499988555908,0.8050500154495239
2025-12-10 08:00:00+00:00,0.8050400018692017,0.805679976940155,0.8024899959564209,0.802619993686676
2025-12-10 16:00:00+00:00,0.802619993686676,0.8031700253486633,0.7991200089454651,0.799310028553009
2025-12-11 00:00:00+00:00,0.799310028553009,0.8001199960708618,0.7986599802970886,0.7997499704360962
2025-12-11 08:00:00+00:00,0.7997300028800964,0.7998499870300293,0.792900025844574,0.7933899760246277
2025-12-11 16:00:00+00:00,0.7933899760246277,0.7954199910163879,0.7925000190734863,0.794700026512146
2025-12-12 00:00:00+00:00,0.7946100234985352,0.795199990272522,0.794160008430481,0.7949600219726562
2025-12-12 08:00:00+00:00,0.7949699759483337,0.7963299751281738,0.7944499850273132,0.7956799864768982
2025-12-12 16:00:00+00:00,0.7956799864768982,0.796500027179718,0.7951099872589111,0.7953799962997437
2025-12-13 00:00:00+00:00,,,,
2025-12-13 08:00:00+00:00,,,,
2025-12-13 16:00:00+00:00,,,,
2025-12-14 00:00:00+00:00,,,,
2025-12-14 08:00:00+00:00,,,,
2025-12-14 16:00:00+00:00,,,,
2025-12-15 00:00:00+00:00,0.7961400151252747,0.79680997133255,0.7953400015830994,0.7965700030326843
2025-12-15 08:00:00+00:00,0.7965800166130066,0.7973999977111816,0.7938100099563599,0.7950599789619446
2025-12-15 16:00:00+00:00,0.7950500249862671,0.7973200082778931,0.7945399880409241,0.7960399985313416
2025-12-16 00:00:00+00:00,0.7961900234222412,0.7969499826431274,0.7951800227165222,0.7965700030326843
2025-12-16 08:00:00+00:00,0.7965700030326843,0.7970799803733826,0.7925699949264526,0.7951700091362
2025-12-16 16:00:00+00:00,0.7951499819755554,0.7961400151252747,0.7936099767684937,0.7952100038528442
2025-12-17 00:00:00+00:00,0.795229971408844,0.7987200021743774,0.7948499917984009,0.7981600165367126
2025-12-17 08:00:00+00:00,0.7981699705123901,0.7987499833106995,0.7934899926185608,0.7944899797439575
2025-12-17 16:00:00+00:00,0.7944899797439575,0.7959200143814087,0.7940300107002258,0.795199990272522
2025-12-18 00:00:00+00:00,0.7952100038528442,0.7956100106239319,0.7946799993515015,0.795520007610321
2025-12-18 08:00:00+00:00,0.7955499887466431,0.7965999841690063,0.7924799919128418,0.7938500046730042
2025-12-18 16:00:00+00:00,0.7938500046730042,0.7951300144195557,0.7930300235748291,0.7940400242805481
2025-12-19 00:00:00+00:00,0.7940400242805481,0.7961000204086304,0.7940099835395813,0.7955399751663208
2025-12-19 08:00:00+00:00,0.7955300211906433,0.7962300181388855,0.7940400242805481,0.7958499789237976
2025-12-19 16:00:00+00:00,0.7958499789237976,0.795930027961731,0.7944300174713135,0.7948600053787231
2025-12-20 00:00:00+00:00,,,,
2025-12-20 08:00:00+00:00,,,,
2025-12-20 16:00:00+00:00,,,,
2025-12-21 00:00:00+00:00,,,,
2025-12-21 08:00:00+00:00,,,,
2025-12-21 16:00:00+00:00,,,,
2025-12-22 00:00:00+00:00,0.7953600287437439,0.795490026473999,0.7942600250244141,0.7944499850273132
2025-12-22 08:00:00+00:00,0.7944499850273132,0.7950199842453003,0.7919700145721436,0.7922700047492981
2025-12-22 16:00:00+00:00,0.7922700047492981,0.7927799820899963,0.7907599806785583,0.7914000153541565
2025-12-23 00:00:00+00:00,0.7914900183677673,0.7915400266647339,0.7892500162124634,0.7904199957847595
2025-12-23 08:00:00+00:00,0.7903800010681152,0.7908499836921692,0.7866299748420715,0.7897899746894836
2025-12-23 16:00:00+00:00,0.7897999882698059,0.7898399829864502,0.7867900133132935,0.7874900102615356
2025-12-24 00:00:00+00:00,0.7875000238418579,0.7877100110054016,0.7861499786376953,0.7875000238418579
2025-12-24 08:00:00+00:00,0.7875099778175354,0.7889800071716309,0.786109983921051,0.7888500094413757
2025-12-24 16:00:00+00:00,0.7888299822807312,0.7896999716758728,0.7871099710464478,0.7880300283432007
2025-12-25 00:00:00+00:00,0.7880300283432007,0.7886899709701538,0.7861700057983398,0.7864999771118164
2025-12-25 08:00:00+00:00,0.7868499755859375,0.7868499755859375,0.786329984664917,0.7864300012588501
2025-12-25 16:00:00+00:00,0.7858899831771851,0.788320004940033,0.7850000262260437,0.788100004196167
2025-12-26 00:00:00+00:00,0.7880899906158447,0.7897499799728394,0.7875699996948242,0.7893900275230408
2025-12-26 08:00:00+00:00,0.7893900275230408,0.7903100252151489,0.7878400087356567,0.7888000011444092
2025-12-26 16:00:00+00:00,0.7888399958610535,0.7903000116348267,0.7885500192642212,0.7893999814987183
2025-12-27 00:00:00+00:00,,,,
2025-12-27 08:00:00+00:00,,,,
2025-12-27 16:00:00+00:00,,,,
2025-12-28 00:00:00+00:00,,,,
2025-12-28 08:00:00+00:00,,,,
2025-12-28 16:00:00+00:00,,,,
2025-12-29 00:00:00+00:00,0.7892100214958191,0.7901099920272827,0.7881900072097778,0.7886800169944763
2025-12-29 08:00:00+00:00,0.7886800169944763,0.7915800213813782,0.7872999906539917,0.7892199754714966
2025-12-29 16:00:00+00:00,0.7892600297927856,0.7909700274467468,0.7878199815750122,0.7888500094413757
2025-12-30 00:00:00+00:00,0.7888100147247314,0.789330005645752,0.7881399989128113,0.7888500094413757
2025-12-30 08:00:00+00:00,0.7888399958610535,0.791700005531311,0.7875699996948242,0.7907999753952026
2025-12-30 16:00:00+00:00,0.7907900214195251,0.7924000024795532,0.7903900146484375,0.7918199896812439
2025-12-31 00:00:00+00:00,0.7918499708175659,0.7933400273323059,0.7915599942207336,0.7930099964141846
2025-12-31 08:00:00+00:00,0.7930099964141846,0.794219970703125,0.7916899919509888,0.7922700047492981
2025-12-31 16:00:00+00:00,0.7922599911689758,0.7940000295639038,0.7917799949645996,0.7922499775886536
2026-01-01 00:00:00+00:00,0.7922499775886536,0.7922499775886536,0.7922499775886536,0.7922499775886536
2026-01-01 08:00:00+00:00,0.7922499775886536,0.7922499775886536,0.7922499775886536,0.7922499775886536
2026-01-01 16:00:00+00:00,0.792900025844574,0.792900025844574,0.7912899851799011,0.7920500040054321
2026-01-02 00:00:00+00:00,0.7919700145721436,0.7940499782562256,0.7907900214195251,0.7934200167655945
2026-01-02 08:00:00+00:00,0.793429970741272,0.7940999865531921,0.7902699708938599,0.7903900146484375
2026-01-02 16:00:00+00:00,0.7904199957847595,0.7928000092506409,0.7900800108909607,0.7914999723434448
2026-01-03 00:00:00+00:00,,,,
2026-01-03 08:00:00+00:00,,,,
2026-01-03 16:00:00+00:00,,,,
2026-01-04 00:00:00+00:00,,,,
2026-01-04 08:00:00+00:00,,,,
2026-01-04 16:00:00+00:00,,,,
2026-01-05 00:00:00+00:00,0.7932199835777283,0.7950599789619446,0.7921199798583984,0.7941100001335144
2026-01-05 08:00:00+00:00,0.7940800189971924,0.796750009059906,0.7932699918746948,0.7934399843215942
2026-01-05 16:00:00+00:00,0.793470025062561,0.7935199737548828,0.7907999753952026,0.7921800017356873
2026-01-06 00:00:00+00:00,0.7921599745750427,0.7926599979400635,0.7905899882316589,0.7911999821662903
2026-01-06 08:00:00+00:00,0.7912099957466125,0.7955399751663208,0.7907400131225586,0.7948499917984009
2026-01-06 16:00:00+00:00,0.7948399782180786,0.7959399819374084,0.7943099737167358,0.7956900000572205
2026-01-07 00:00:00+00:00,0.7956900000572205,0.7966499924659729,0.7943699955940247,0.7963899970054626
2026-01-07 08:00:00+00:00,0.7964000105857849,0.7972699999809265,0.7950699925422668,0.7964800000190735
2026-01-07 16:00:00+00:00,0.7964800000190735,0.7979000210762024,0.7958599925041199,0.7978000044822693
2026-01-08 00:00:00+00:00,0.7976899743080139,0.7979999780654907,0.7968999743461609,0.7973700165748596
2026-01-08 08:00:00+00:00,0.7973899841308594,0.7989400029182434,0.7967900037765503,0.7986299991607666
2026-01-08 16:00:00+00:00,0.7986500263214111,0.800000011920929,0.7978399991989136,0.7990300059318542
2026-01-09 00:00:00+00:00,0.79899001121521,0.8003399968147278,0.7989299893379211,0.7996500134468079
2026-01-09 08:00:00+00:00,0.7995799779891968,0.8017500042915344,0.7985600233078003,0.8010299801826477
2026-01-09 16:00:00+00:00,0.8010299801826477,0.8016800284385681,0.8005499839782715,0.8008999824523926
2026-01-10 00:00:00+00:00,,,,
2026-01-10 08:00:00+00:00,,,,
2026-01-10 16:00:00+00:00,,,,
2026-01-11 00:00:00+00:00,,,,
2026-01-11 08:00:00+00:00,,,,
2026-01-11 16:00:00+00:00,,,,
2026-01-12 00:00:00+00:00,0.8016300201416016,0.8017299771308899,0.7961999773979187,0.7964199781417847
2026-01-12 08:00:00+00:00,0.7964000105857849,0.7979400157928467,0.7955600023269653,0.796209990978241
2026-01-12 16:00:00+00:00,0.7961900234222412,0.7978500127792358,0.7960900068283081,0.7973099946975708
2026-01-13 00:00:00+00:00,0.7972599864006042,0.7980300188064575,0.7967699766159058,0.7974299788475037
2026-01-13 08:00:00+00:00,0.7974500060081482,0.8003900051116943,0.796720027923584,0.7998999953269958
2026-01-13 16:00:00+00:00,0.7998899817466736,0.801580011844635,0.7996699810028076,0.801069974899292
2026-01-14 00:00:00+00:00,0.8011000156402588,0.8017399907112122,0.8004699945449829,0.8010799884796143
2026-01-14 08:00:00+00:00,0.8010799884796143,0.8027700185775757,0.7986800074577332,0.7987300157546997
2026-01-14 16:00:00+00:00,0.7987200021743774,0.8004999756813049,0.7983199954032898,0.7997199892997742
2026-01-15 00:00:00+00:00,0.7997499704360962,0.8016600012779236,0.7994800209999084,0.8012199997901917
2026-01-15 08:00:00+00:00,0.8012199997901917,0.8040800094604492,0.8001000285148621,0.8034600019454956
2026-01-15 16:00:00+00:00,0.8034399747848511,0.8037199974060059,0.8021100163459778,0.803409993648529
2026-01-16 00:00:00+00:00,0.8033499717712402,0.8039399981498718,0.801829993724823,0.8023300170898438
2026-01-16 08:00:00+00:00,0.8023200035095215,0.8034999966621399,0.800570011138916,0.8029299974441528
2026-01-16 16:00:00+00:00,0.8029099702835083,0.8035899996757507,0.801829993724823,0.8023999929428101
2026-01-17 00:00:00+00:00,,,,
2026-01-17 08:00:00+00:00,,,,
2026-01-17 16:00:00+00:00,,,,
2026-01-18 00:00:00+00:00,,,,
2026-01-18 08:00:00+00:00,,,,
2026-01-18 16:00:00+00:00,,,,
2026-01-19 00:00:00+00:00,0.7986800074577332,0.8004199862480164,0.797819972038269,0.7993599772453308
2026-01-19 08:00:00+00:00,0.799340009689331,0.8000800013542175,0.7961999773979187,0.7970600128173828
2026-01-19 16:00:00+00:00,0.7970399856567383,0.7980899810791016,0.796459972858429,0.7979000210762024
2026-01-20 00:00:00+00:00,0.7978799939155579,0.7984399795532227,0.7932500243186951,0.7935799956321716
2026-01-20 08:00:00+00:00,0.7935600280761719,0.7937999963760376,0.7877600193023682,0.7901700139045715
2026-01-20 16:00:00+00:00,0.7901700139045715,0.7905200123786926,0.7879999876022339,0.7896599769592285
2026-01-21 00:00:00+00:00,0.7896000146865845,0.7919300198554993,0.7889299988746643,0.7913100123405457
2026-01-21 08:00:00+00:00,0.7913399934768677,0.7942399978637695,0.7889900207519531,0.7940800189971924
2026-01-21 16:00:00+00:00,0.7940499782562256,0.7968900203704834,0.7923200130462646,0.7963500022888184
2026-01-22 00:00:00+00:00,0.7963600158691406,0.7964000105857849,0.7935000061988831,0.7940800189971924
2026-01-22 08:00:00+00:00,0.7940800189971924,0.7946299910545349,0.7907299995422363,0.7907400131225586
2026-01-22 16:00:00+00:00,0.7907400131225586,0.7911499738693237,0.7883999943733215,0.7890599966049194
2026-01-23 00:00:00+00:00,0.7890899777412415,0.7911099791526794,0.7890300154685974,0.7904300093650818
2026-01-23 08:00:00+00:00,0.7904300093650818,0.7914400100708008,0.7888200283050537,0.7890400290489197
2026-01-23 16:00:00+00:00,0.7890499830245972,0.7900400161743164,0.7788000106811523,0.7791000008583069
2026-01-24 00:00:00+00:00,,,,
2026-01-24 08:00:00+00:00,,,,
2026-01-24 16:00:00+00:00,,,,
2026-01-25 00:00:00+00:00,,,,
2026-01-25 08:00:00+00:00,,,,
2026-01-25 16:00:00+00:00,,,,
2026-01-26 00:00:00+00:00,0.777970016002655,0.7793700098991394,0.7760400176048279,0.7792099714279175
2026-01-26 08:00:00+00:00,0.7791699767112732,0.7793599963188171,0.773639976978302,0.7739899754524231
2026-01-26 16:00:00+00:00,0.7739700078964233,0.777400016784668,0.7730500102043152,0.7772700190544128
2026-01-27 00:00:00+00:00,0.7773200273513794,0.7780799865722656,0.7752299904823303,0.7777900099754333
2026-01-27 08:00:00+00:00,0.7777900099754333,0.7784000039100647,0.7659599781036377,0.7678499817848206
2026-01-27 16:00:00+00:00,0.7678599953651428,0.767989993095398,0.7602400183677673,0.7630599737167358
2026-01-28 00:00:00+00:00,0.7628499865531921,0.766569972038269,0.7628099918365479,0.7651600241661072
2026-01-28 08:00:00+00:00,0.7651399970054626,0.7719799876213074,0.7644699811935425,0.7692800164222717
2026-01-28 16:00:00+00:00,0.7692800164222717,0.7727599740028381,0.7656400203704834,0.765749990940094
2026-01-29 00:00:00+00:00,0.7654500007629395,0.7680100202560425,0.7646300196647644,0.7664600014686584
2026-01-29 08:00:00+00:00,0.7664999961853027,0.7706000208854675,0.7655500173568726,0.76801997423172
2026-01-29 16:00:00+00:00,0.7680500149726868,0.7682899832725525,0.7635999917984009,0.7644500136375427
2026-01-30 00:00:00+00:00,0.7643600106239319,0.7700099945068359,0.7638199925422668,0.7674000263214111
2026-01-30 08:00:00+00:00,0.7673699855804443,0.7702599763870239,0.7662400007247925,0.7701200246810913
2026-01-30 16:00:00+00:00,0.7701200246810913,0.7732099890708923,0.7698900103569031,0.7727599740028381
2026-01-31 00:00:00+00:00,,,,
2026-01-31 08:00:00+00:00,,,,
2026-01-31 16:00:00+00:00,,,,
2026-02-01 00:00:00+00:00,,,,
2026-02-01 08:00:00+00:00,,,,
2026-02-01 16:00:00+00:00,,,,
2026-02-02 00:00:00+00:00,0.7736799716949463,0.7737699747085571,0.771399974822998,0.773389995098114
2026-02-02 08:00:00+00:00,0.7734299898147583,0.7817400097846985,0.7726100087165833,0.7814900279045105
2026-02-02 16:00:00+00:00,0.7815399765968323,0.7817299962043762,0.7782899737358093,0.7790300250053406
2026-02-03 00:00:00+00:00,0.7789999842643738,0.7791100144386292,0.7767599821090698,0.7773200273513794
2026-02-03 08:00:00+00:00,0.7773200273513794,0.7789000272750854,0.7749800086021423,0.7751100063323975
2026-02-03 16:00:00+00:00,0.7751100063323975,0.775950014591217,0.7738199830055237,0.7757499814033508
2026-02-04 00:00:00+00:00,0.7757499814033508,0.7766000032424927,0.7745199799537659,0.7758399844169617
2026-02-04 08:00:00+00:00,0.7758600115776062,0.7775300145149231,0.7748500108718872,0.7771199941635132
2026-02-04 16:00:00+00:00,0.7771300077438354,0.7776200175285339,0.7755500078201294,0.7773200273513794
2026-02-05 00:00:00+00:00,0.7773000001907349,0.7787100076675415,0.7765799760818481,0.7777100205421448
2026-02-05 08:00:00+00:00,0.7777199745178223,0.7786300182342529,0.7741699814796448,0.777209997177124
2026-02-05 16:00:00+00:00,0.7771700024604797,0.778439998626709,0.7766900062561035,0.7777900099754333
2026-02-06 00:00:00+00:00,0.7777199745178223,0.7781999707221985,0.7760900259017944,0.7774699926376343
2026-02-06 08:00:00+00:00,0.77742999792099,0.7786099910736084,0.7750399708747864,0.7751799821853638
2026-02-06 16:00:00+00:00,0.7751799821853638,0.7761200070381165,0.7750599980354309,0.7755200266838074
2026-02-07 00:00:00+00:00,,,,
2026-02-07 08:00:00+00:00,,,,
2026-02-07 16:00:00+00:00,,,,
2026-02-08 00:00:00+00:00,,,,
2026-02-08 08:00:00+00:00,,,,
2026-02-08 16:00:00+00:00,,,,
2026-02-09 00:00:00+00:00,0.7758399844169617,0.7764899730682373,0.7724199891090393,0.7729799747467041
2026-02-09 08:00:00+00:00,0.7729799747467041,0.7733500003814697,0.7660899758338928,0.7664099931716919
2026-02-09 16:00:00+00:00,0.7664099931716919,0.7684000134468079,0.7652000188827515,0.7671599984169006
2026-02-10 00:00:00+00:00,0.767009973526001,0.7677199840545654,0.7656499743461609,0.7667400240898132
2026-02-10 08:00:00+00:00,0.766730010509491,0.7675099968910217,0.7628700137138367,0.7650499939918518
2026-02-10 16:00:00+00:00,0.7650499939918518,0.7688400149345398,0.764930009841919,0.7686600089073181
2026-02-11 00:00:00+00:00,0.7686100006103516,0.768750011920929,0.7647899985313416,0.7657300233840942
2026-02-11 08:00:00+00:00,0.7657300233840942,0.7730000019073486,0.7651200294494629,0.7724599838256836
2026-02-11 16:00:00+00:00,0.7724499702453613,0.7728899717330933,0.7696300148963928,0.7711099982261658
2026-02-12 00:00:00+00:00,0.7711700201034546,0.7725099921226501,0.7699400186538696,0.7709299921989441
2026-02-12 08:00:00+00:00,0.7709199786186218,0.7712200284004211,0.7666599750518799,0.7677299976348877
2026-02-12 16:00:00+00:00,0.76774001121521,0.7702000141143799,0.7671499848365784,0.7694500088691711
2026-02-13 00:00:00+00:00,0.7694699764251709,0.7718200087547302,0.7688199877738953,0.7705399990081787
2026-02-13 08:00:00+00:00,0.770550012588501,0.770799994468689,0.7670000195503235,0.7702999711036682
2026-02-13 16:00:00+00:00,0.7702800035476685,0.7703499794006348,0.7669600248336792,0.7669600248336792
2026-02-14 00:00:00+00:00,,,,
2026-02-14 08:00:00+00:00,,,,
2026-02-14 16:00:00+00:00,,,,
2026-02-15 00:00:00+00:00,,,,
2026-02-15 08:00:00+00:00,,,,
2026-02-15 16:00:00+00:00,,,,
2026-02-16 00:00:00+00:00,0.7682700157165527,0.7688999772071838,0.767989993095398,0.7684400081634521
2026-02-16 08:00:00+00:00,0.7684400081634521,0.7704600095748901,0.7678599953651428,0.7693799734115601
2026-02-16 16:00:00+00:00,0.769349992275238,0.7699000239372253,0.7681699991226196,0.7696099877357483
2026-02-17 00:00:00+00:00,0.7696400284767151,0.7706999778747559,0.7687299847602844,0.7704600095748901
2026-02-17 08:00:00+00:00,0.7704399824142456,0.7739800214767456,0.7688000202178955,0.7737799882888794
2026-02-17 16:00:00+00:00,0.7737699747085571,0.773829996585846,0.7690600156784058,0.7702699899673462
2026-02-18 00:00:00+00:00,0.7702500224113464,0.7716500163078308,0.7699400186538696,0.7714200019836426
2026-02-18 08:00:00+00:00,0.7714200019836426,0.772159993648529,0.7699400186538696,0.7713199853897095
2026-02-18 16:00:00+00:00,0.7713099718093872,0.7732200026512146,0.7708799839019775,0.7724400162696838
2026-02-19 00:00:00+00:00,0.7724199891090393,0.7734000086784363,0.7719900012016296,0.7723199725151062
2026-02-19 08:00:00+00:00,0.7723199725151062,0.7762799859046936,0.7720999717712402,0.7755200266838074
2026-02-19 16:00:00+00:00,0.7755500078201294,0.7762200236320496,0.7741000056266785,0.7753599882125854
2026-02-20 00:00:00+00:00,0.7753900289535522,0.7763000130653381,0.7751299738883972,0.7762399911880493
2026-02-20 08:00:00+00:00,0.7762100100517273,0.7771999835968018,0.7730299830436707,0.774370014667511
2026-02-20 16:00:00+00:00,0.7743800282478333,0.7763400077819824,0.7735999822616577,0.7754300236701965
2026-02-21 00:00:00+00:00,,,,
2026-02-21 08:00:00+00:00,,,,
2026-02-21 16:00:00+00:00,,,,
2026-02-22 00:00:00+00:00,,,,
2026-02-22 08:00:00+00:00,,,,
2026-02-22 16:00:00+00:00,,,,
2026-02-23 00:00:00+00:00,0.7717499732971191,0.7729200124740601,0.7709900140762329,0.772159993648529
2026-02-23 08:00:00+00:00,0.772159993648529,0.7768099904060364,0.7720299959182739,0.774179995059967
2026-02-23 16:00:00+00:00,0.7741600275039673,0.7750800251960754,0.7731199860572815,0.7742499709129333
2026-02-24 00:00:00+00:00,0.7742499709129333,0.7766000032424927,0.7741400003433228,0.7755100131034851
2026-02-24 08:00:00+00:00,0.7755200266838074,0.7758100032806396,0.7731099724769592,0.7747099995613098
2026-02-24 16:00:00+00:00,0.7747099995613098,0.7748000025749207,0.7729300260543823,0.7738100290298462
2026-02-25 00:00:00+00:00,0.773859977722168,0.7741000056266785,0.7718700170516968,0.7729799747467041
2026-02-25 08:00:00+00:00,0.7730000019073486,0.7757499814033508,0.7723600268363953,0.7733299732208252
2026-02-25 16:00:00+00:00,0.7733100056648254,0.7733200192451477,0.7711399793624878,0.7720900177955627
2026-02-26 00:00:00+00:00,0.7720999717712402,0.7725300192832947,0.7710000276565552,0.7717800140380859
2026-02-26 08:00:00+00:00,0.7717800140380859,0.7753900289535522,0.7717499732971191,0.7736899852752686
2026-02-26 16:00:00+00:00,0.7736799716949463,0.7752000093460083,0.7728599905967712,0.7732399702072144
2026-02-27 00:00:00+00:00,0.7731900215148926,0.7738999724388123,0.7724000215530396,0.772819995880127
2026-02-27 08:00:00+00:00,0.7728000283241272,0.7731800079345703,0.7670999765396118,0.7689300179481506
2026-02-27 16:00:00+00:00,0.7689499855041504,0.7696499824523926,0.7676799893379211,0.7689800262451172
2026-02-28 00:00:00+00:00,,,,
2026-02-28 08:00:00+00:00,,,,
2026-02-28 16:00:00+00:00,,,,
2026-03-01 00:00:00+00:00,,,,
2026-03-01 08:00:00+00:00,,,,
2026-03-01 16:00:00+00:00,,,,
2026-03-02 00:00:00+00:00,0.7695000171661377,0.7734799981117249,0.7678099870681763,0.7726899981498718
2026-03-02 08:00:00+00:00,0.7726699709892273,0.7808899879455566,0.771049976348877,0.7802199721336365
2026-03-02 16:00:00+00:00,0.7802199721336365,0.7813500165939331,0.777180016040802,0.7787299752235413
2026-03-03 00:00:00+00:00,0.7788000106811523,0.7831500172615051,0.7784199714660645,0.7828500270843506
2026-03-03 08:00:00+00:00,0.7828400135040283,0.7878699898719788,0.7826600074768066,0.7848899960517883
2026-03-03 16:00:00+00:00,0.7848899960517883,0.7849000096321106,0.7805500030517578,0.7819499969482422
2026-03-04 00:00:00+00:00,0.7819899916648865,0.7833399772644043,0.779009997844696,0.7803199887275696
2026-03-04 08:00:00+00:00,0.7803199887275696,0.7835100293159485,0.7793999910354614,0.7799299955368042
2026-03-04 16:00:00+00:00,0.7799199819564819,0.7806000113487244,0.7780600190162659,0.7791699767112732
2026-03-05 00:00:00+00:00,0.7791500091552734,0.7818999886512756,0.7781999707221985,0.7804399728775024
2026-03-05 08:00:00+00:00,0.780430018901825,0.7825400233268738,0.778469979763031,0.7818300127983093
2026-03-05 16:00:00+00:00,0.7818199992179871,0.7837600111961365,0.7799599766731262,0.7806900143623352
2026-03-06 00:00:00+00:00,0.7807999849319458,0.7813000082969666,0.7793999910354614,0.779420018196106
2026-03-06 08:00:00+00:00,0.779420018196106,0.7827600240707397,0.7778900265693665,0.7795699834823608
2026-03-06 16:00:00+00:00,0.7795400023460388,0.779670000076294,0.7755100131034851,0.7757499814033508
2026-03-07 00:00:00+00:00,,,,
2026-03-07 08:00:00+00:00,,,,
2026-03-07 16:00:00+00:00,,,,
2026-03-08 00:00:00+00:00,,,,
2026-03-08 08:00:00+00:00,,,,
2026-03-08 16:00:00+00:00,,,,
2026-03-09 00:00:00+00:00,0.7811200022697449,0.7825499773025513,0.7777000069618225,0.7781400084495544
2026-03-09 08:00:00+00:00,0.7781100273132324,0.7808899879455566,0.7778199911117554,0.7787100076675415
2026-03-09 16:00:00+00:00,0.7787399888038635,0.7803500294685364,0.7764800190925598,0.7779600024223328
2026-03-10 00:00:00+00:00,0.7779300212860107,0.7782999873161316,0.7755500078201294,0.7755799889564514
2026-03-10 08:00:00+00:00,0.7755799889564514,0.7774500250816345,0.7747600078582764,0.7752900123596191
2026-03-10 16:00:00+00:00,0.7752699851989746,0.7793099880218506,0.7752599716186523,0.7786200046539307
2026-03-11 00:00:00+00:00,0.7785599827766418,0.7788599729537964,0.7765700221061707,0.7777400016784668
2026-03-11 08:00:00+00:00,0.7777400016784668,0.7805699706077576,0.7764599919319153,0.7805500030517578
2026-03-11 16:00:00+00:00,0.7805600166320801,0.7819600105285645,0.7787899971008301,0.7817800045013428
2026-03-12 00:00:00+00:00,0.7817299962043762,0.7823600172996521,0.7806299924850464,0.7818099856376648
2026-03-12 08:00:00+00:00,0.7818400263786316,0.7850499749183655,0.7800800204277039,0.7844099998474121
2026-03-12 16:00:00+00:00,0.7844200134277344,0.7863399982452393,0.7835999727249146,0.7853099703788757
2026-03-13 00:00:00+00:00,0.7853999733924866,0.78889000415802,0.7846500277519226,0.7886099815368652
2026-03-13 08:00:00+00:00,0.7885900139808655,0.7899399995803833,0.7860900163650513,0.7897199988365173
2026-03-13 16:00:00+00:00,0.7897599935531616,0.791700005531311,0.7891700267791748,0.7911499738693237
2026-03-14 00:00:00+00:00,,,,
2026-03-14 08:00:00+00:00,,,,
2026-03-14 16:00:00+00:00,,,,
2026-03-15 00:00:00+00:00,,,,
2026-03-15 08:00:00+00:00,,,,
2026-03-15 16:00:00+00:00,,,,
2026-03-16 00:00:00+00:00,0.789900004863739,0.7922800183296204,0.7888000011444092,0.7914100289344788
2026-03-16 08:00:00+00:00,0.7914100289344788,0.791450023651123,0.7865800261497498,0.7887099981307983
2026-03-16 16:00:00+00:00,0.7886899709701538,0.7889900207519531,0.7860599756240845,0.7880899906158447
2026-03-17 00:00:00+00:00,0.788100004196167,0.7900099754333496,0.7874000072479248,0.7877100110054016
2026-03-17 08:00:00+00:00,0.7877100110054016,0.788100004196167,0.7854300141334534,0.7856199741363525
2026-03-17 16:00:00+00:00,0.7856400012969971,0.7861599922180176,0.7839199900627136,0.7849500179290771
2026-03-18 00:00:00+00:00,0.7848399877548218,0.7865999937057495,0.784529983997345,0.7864199876785278
2026-03-18 08:00:00+00:00,0.7864300012588501,0.7893900275230408,0.7853999733924866,0.7892000079154968
2026-03-18 16:00:00+00:00,0.7891799807548523,0.7936099767684937,0.7883300185203552,0.7926300168037415
2026-03-19 00:00:00+00:00,0.792639970779419,0.7929999828338623,0.7908899784088135,0.7920200228691101
2026-03-19 08:00:00+00:00,0.7920200228691101,0.795799970626831,0.7901899814605713,0.7923700213432312
2026-03-19 16:00:00+00:00,0.7923399806022644,0.7928000092506409,0.7857099771499634,0.7888299822807312
2026-03-20 00:00:00+00:00,0.7888799905776978,0.7900599837303162,0.7880200147628784,0.7889299988746643
2026-03-20 08:00:00+00:00,0.7889000177383423,0.7905499935150146,0.7854999899864197,0.7890200018882751
2026-03-20 16:00:00+00:00,0.7890400290489197,0.7891200184822083,0.7873600125312805,0.7878000140190125
2026-03-21 00:00:00+00:00,,,,
2026-03-21 08:00:00+00:00,,,,
2026-03-21 16:00:00+00:00,,,,
2026-03-22 00:00:00+00:00,,,,
2026-03-22 08:00:00+00:00,,,,
2026-03-22 16:00:00+00:00,,,,
2026-03-23 00:00:00+00:00,0.7876700162887573,0.7906699776649475,0.7874799966812134,0.7894499897956848
2026-03-23 08:00:00+00:00,0.7894399762153625,0.793969988822937,0.7834100127220154,0.7877500057220459
2026-03-23 16:00:00+00:00,0.7877500057220459,0.7882800102233887,0.7843700051307678,0.7866399884223938
2026-03-24 00:00:00+00:00,0.7865800261497498,0.7889599800109863,0.7860999703407288,0.7861800193786621
2026-03-24 08:00:00+00:00,0.7861800193786621,0.7916399836540222,0.7859399914741516,0.7914199829101562
2026-03-24 16:00:00+00:00,0.7914199829101562,0.7924699783325195,0.7870699763298035,0.7879700064659119
2026-03-25 00:00:00+00:00,0.7880200147628784,0.7906500101089478,0.7869600057601929,0.789929986000061
2026-03-25 08:00:00+00:00,0.789900004863739,0.7922499775886536,0.7881699800491333,0.7917799949645996
2026-03-25 16:00:00+00:00,0.7917699813842773,0.7924399971961975,0.7905799746513367,0.7915800213813782
2026-03-26 00:00:00+00:00,0.7915400266647339,0.792959988117218,0.7912499904632568,0.7923499941825867
2026-03-26 08:00:00+00:00,0.7922999858856201,0.7943000197410583,0.7912799715995789,0.7935000061988831
2026-03-26 16:00:00+00:00,0.7935000061988831,0.795930027961731,0.7930700182914734,0.7947099804878235
2026-03-27 00:00:00+00:00,0.794700026512146,0.79694002866745,0.7944499850273132,0.796750009059906
2026-03-27 08:00:00+00:00,0.7968000173568726,0.7979999780654907,0.7952200174331665,0.7969599962234497
2026-03-27 16:00:00+00:00,0.7969499826431274,0.7993500232696533,0.7963299751281738,0.7983999848365784
2026-03-28 00:00:00+00:00,,,,
2026-03-28 08:00:00+00:00,,,,
2026-03-28 16:00:00+00:00,,,,
2026-03-29 00:00:00+00:00,,,,
2026-03-29 08:00:00+00:00,,,,
2026-03-29 16:00:00+00:00,0.7997599840164185,0.8000800013542175,0.799560010433197,0.7997999787330627
2026-03-30 00:00:00+00:00,0.799839973449707,0.800000011920929,0.7978699803352356,0.7997699975967407
2026-03-30 08:00:00+00:00,0.7997699975967407,0.8012999892234802,0.7984200119972229,0.8000699877738953
2026-03-30 16:00:00+00:00,0.8000699877738953,0.8006100058555603,0.7965400218963623,0.7998800277709961
2026-03-31 00:00:00+00:00,0.7998800277709961,0.8002499938011169,0.7978600263595581,0.7998700141906738
2026-03-31 08:00:00+00:00,0.7998800277709961,0.8042399883270264,0.7990999817848206,0.8026999831199646
2026-03-31 16:00:00+00:00,0.8026099801063538,0.8034800291061401,0.797540009021759,0.7976999878883362
2026-04-01 00:00:00+00:00,0.7976300120353699,0.7984399795532227,0.7927200198173523,0.7943699955940247
2026-04-01 08:00:00+00:00,0.7943400144577026,0.7945700287818909,0.790440022945404,0.7932500243186951
2026-04-01 16:00:00+00:00,0.7932500243186951,0.7950000166893005,0.7917299866676331,0.7939900159835815
2026-04-02 00:00:00+00:00,0.7939900159835815,0.800320029258728,0.792739987373352,0.7989100217819214
2026-04-02 08:00:00+00:00,0.7989100217819214,0.8008700013160706,0.7976899743080139,0.7984200119972229
2026-04-02 16:00:00+00:00,0.7984200119972229,0.7991999983787537,0.7973999977111816,0.7985799908638
2026-04-03 00:00:00+00:00,0.7986199855804443,0.7990999817848206,0.7976400256156921,0.7977700233459473
2026-04-03 08:00:00+00:00,0.7977799773216248,0.8016999959945679,0.7976400256156921,0.8000900149345398
2026-04-03 16:00:00+00:00,0.800059974193573,0.8011999726295471,0.7979199886322021,0.7993800044059753
2026-04-04 00:00:00+00:00,,,,
2026-04-04 08:00:00+00:00,,,,
2026-04-04 16:00:00+00:00,,,,
2026-04-05 00:00:00+00:00,,,,
2026-04-05 08:00:00+00:00,,,,
2026-04-05 16:00:00+00:00,0.800279974937439,0.8012300133705139,0.7999799847602844,0.8011500239372253
2026-04-06 00:00:00+00:00,0.8011900186538696,0.801829993724823,0.7966899871826172,0.7969099879264832
2026-04-06 08:00:00+00:00,0.7968999743461609,0.7986599802970886,0.7960799932479858,0.7978699803352356
2026-04-06 16:00:00+00:00,0.7978699803352356,0.798799991607666,0.7969200015068054,0.7981399893760681
2026-04-07 00:00:00+00:00,0.7980999946594238,0.8001099824905396,0.7980899810791016,0.7998200058937073
2026-04-07 08:00:00+00:00,0.799809992313385,0.8011000156402588,0.7978399991989136,0.7997099757194519
2026-04-07 16:00:00+00:00,0.7997300028800964,0.7998800277709961,0.7903199791908264,0.7904000282287598
2026-04-08 00:00:00+00:00,0.790369987487793,0.7917299866676331,0.7872300148010254,0.7875900268554688
2026-04-08 08:00:00+00:00,0.7876099944114685,0.7898600101470947,0.7868899703025818,0.7897700071334839
2026-04-08 16:00:00+00:00,0.7897899746894836,0.7926300168037415,0.789330005645752,0.7914000153541565
2026-04-09 00:00:00+00:00,0.7914100289344788,0.7922000288963318,0.7904999852180481,0.7909500002861023
2026-04-09 08:00:00+00:00,0.7909600138664246,0.791700005531311,0.7887600064277649,0.7888699769973755
2026-04-09 16:00:00+00:00,0.7888699769973755,0.7910000085830688,0.7878699898719788,0.7908599972724915
2026-04-10 00:00:00+00:00,0.7908599972724915,0.7914000153541565,0.7895399928092957,0.7904700040817261
2026-04-10 08:00:00+00:00,0.7904700040817261,0.7906500101089478,0.7854300141334534,0.7892600297927856
2026-04-10 16:00:00+00:00,0.7892500162124634,0.7900500297546387,0.7883700132369995,0.7886599898338318
2026-04-11 00:00:00+00:00,,,,
2026-04-11 08:00:00+00:00,,,,
2026-04-11 16:00:00+00:00,,,,
2026-04-12 00:00:00+00:00,,,,
2026-04-12 08:00:00+00:00,,,,
2026-04-12 16:00:00+00:00,0.7927200198173523,0.793429970741272,0.7925000190734863,0.7926099896430969
2026-04-13 00:00:00+00:00,0.7925900220870972,0.7929999828338623,0.7897099852561951,0.7900000214576721
2026-04-13 08:00:00+00:00,0.7900000214576721,0.7911999821662903,0.7869600057601929,0.7876200079917908
2026-04-13 16:00:00+00:00,0.7876099944114685,0.7876999974250793,0.7825700044631958,0.7831799983978271
2026-04-14 00:00:00+00:00,0.7832000255584717,0.783810019493103,0.7800800204277039,0.7811899781227112
2026-04-14 08:00:00+00:00,0.7811999917030334,0.7817500233650208,0.7789899706840515,0.7809799909591675
2026-04-14 16:00:00+00:00,0.7809699773788452,0.7814000248908997,0.7798900008201599,0.7809100151062012
2026-04-15 00:00:00+00:00,0.7809100151062012,0.7820000052452087,0.7806000113487244,0.7810500264167786
2026-04-15 08:00:00+00:00,0.7810400128364563,0.7831699848175049,0.7798100113868713,0.7815499901771545
2026-04-15 16:00:00+00:00,0.7815200090408325,0.7828099727630615,0.7807999849319458,0.7813100218772888
2026-04-16 00:00:00+00:00,0.7813100218772888,0.7821999788284302,0.7798399925231934,0.782010018825531
2026-04-16 08:00:00+00:00,0.7820199728012085,0.7843400239944458,0.7818599939346313,0.7833600044250488
2026-04-16 16:00:00+00:00,0.7833600044250488,0.784529983997345,0.7824500203132629,0.7832000255584717
2026-04-17 00:00:00+00:00,0.7831900119781494,0.784030020236969,0.7828800082206726,0.7831000089645386
2026-04-17 08:00:00+00:00,0.7831000089645386,0.7834200263023376,0.7774900197982788,0.7795000076293945
2026-04-17 16:00:00+00:00,0.7795000076293945,0.7818700075149536,0.7788299918174744,0.7815300226211548
2026-04-18 00:00:00+00:00,,,,
2026-04-18 08:00:00+00:00,,,,
2026-04-18 16:00:00+00:00,,,,
2026-04-19 00:00:00+00:00,,,,
2026-04-19 08:00:00+00:00,,,,
2026-04-19 16:00:00+00:00,0.7834100127220154,0.7838799953460693,0.7829300165176392,0.7837100028991699
2026-04-20 00:00:00+00:00,0.7837100028991699,0.7838699817657471,0.7820299863815308,0.783270001411438
2026-04-20 08:00:00+00:00,0.7815799713134766,0.7819499969482422,0.7775599956512451,0.7782099843025208
2026-04-20 16:00:00+00:00,0.7781999707221985,0.7793400287628174,0.7771599888801575,0.7785300016403198
2026-04-21 00:00:00+00:00,0.7785099744796753,0.7796400189399719,0.7783600091934204,0.7795699834823608
2026-04-21 08:00:00+00:00,0.7795699834823608,0.7807000279426575,0.7791299819946289,0.7798200249671936
