Datetime,Open,High,Low,Close
2023-07-04 16:00:00+00:00,157.1840057373047,157.22300720214844,157.1300048828125,157.1510009765625
2023-07-05 00:00:00+00:00,157.1529998779297,157.7209930419922,157.10000610351562,157.25599670410156
2023-07-05 08:00:00+00:00,157.2550048828125,157.46099853515625,156.7830047607422,157.0919952392578
2023-07-05 16:00:00+00:00,157.08999633789062,157.1230010986328,156.72799682617188,156.85400390625
2023-07-06 00:00:00+00:00,156.85499572753906,156.8730010986328,155.8300018310547,156.2220001220703
2023-07-06 08:00:00+00:00,156.2239990234375,157.16600036621094,156.14999389648438,156.65899658203125
2023-07-06 16:00:00+00:00,156.66099548339844,156.92999267578125,156.55999755859375,156.78199768066406
2023-07-07 00:00:00+00:00,156.78399658203125,156.9290008544922,155.77099609375,155.77699279785156
2023-07-07 08:00:00+00:00,155.7760009765625,156.36199951171875,155.3800048828125,155.91000366210938
2023-07-07 16:00:00+00:00,155.91000366210938,155.99899291992188,155.77499389648438,155.84100341796875
2023-07-08 00:00:00+00:00,,,,
2023-07-08 08:00:00+00:00,,,,
2023-07-08 16:00:00+00:00,,,,
2023-07-09 00:00:00+00:00,,,,
2023-07-09 08:00:00+00:00,,,,
2023-07-09 16:00:00+00:00,155.9290008544922,155.9969940185547,155.88099670410156,155.9600067138672
2023-07-10 00:00:00+00:00,155.96200561523438,156.6719970703125,155.74000549316406,155.8730010986328
2023-07-10 08:00:00+00:00,155.8730010986328,156.29600524902344,155.32000732421875,155.57400512695312
2023-07-10 16:00:00+00:00,155.57400512695312,155.58599853515625,155.31399536132812,155.5070037841797
2023-07-11 00:00:00+00:00,155.50999450683594,155.6699981689453,154.6300048828125,154.69200134277344
2023-07-11 08:00:00+00:00,154.69400024414062,154.82699584960938,154.1739959716797,154.45700073242188
2023-07-11 16:00:00+00:00,154.4530029296875,154.5570068359375,154.25999450683594,154.3249969482422
2023-07-12 00:00:00+00:00,154.322998046875,154.36199951171875,153.6300048828125,153.906005859375
2023-07-12 08:00:00+00:00,153.9029998779297,154.2779998779297,153.34300231933594,153.72300720214844
2023-07-12 16:00:00+00:00,153.7209930419922,154.25,153.6999969482422,154.10400390625
2023-07-13 00:00:00+00:00,154.10699462890625,154.61000061035156,153.875,154.36399841308594
2023-07-13 08:00:00+00:00,154.36500549316406,155.12899780273438,154.28199768066406,154.6280059814453
2023-07-13 16:00:00+00:00,154.6269989013672,155.01400756835938,154.5659942626953,154.96400451660156
2023-07-14 00:00:00+00:00,154.96099853515625,155.2689971923828,154.16400146484375,155.11399841308594
2023-07-14 08:00:00+00:00,155.11700439453125,156.13600158691406,155.06700134277344,155.88999938964844
2023-07-14 16:00:00+00:00,155.89300537109375,155.97799682617188,155.7100067138672,155.8459930419922
2023-07-15 00:00:00+00:00,,,,
2023-07-15 08:00:00+00:00,,,,
2023-07-15 16:00:00+00:00,,,,
2023-07-16 00:00:00+00:00,,,,
2023-07-16 08:00:00+00:00,,,,
2023-07-16 16:00:00+00:00,155.76699829101562,155.80299377441406,155.6820068359375,155.7030029296875
2023-07-17 00:00:00+00:00,155.7030029296875,155.98399353027344,155.322998046875,155.92100524902344
2023-07-17 08:00:00+00:00,155.9239959716797,156.33700561523438,155.08999633789062,156.08299255371094
2023-07-17 16:00:00+00:00,156.0850067138672,156.1909942626953,155.75799560546875,155.88499450683594
2023-07-18 00:00:00+00:00,155.8820037841797,156.14199829101562,155.427001953125,155.55299377441406
2023-07-18 08:00:00+00:00,155.55799865722656,156.10299682617188,154.8699951171875,155.9239959716797
2023-07-18 16:00:00+00:00,155.92799377441406,156.25799560546875,155.75599670410156,156.0959930419922
2023-07-19 00:00:00+00:00,156.08799743652344,156.65499877929688,155.9199981689453,156.61900329589844
2023-07-19 08:00:00+00:00,156.60899353027344,157.2030029296875,156.1479949951172,156.4510040283203
2023-07-19 16:00:00+00:00,156.4499969482422,156.5489959716797,156.16900634765625,156.427001953125
2023-07-20 00:00:00+00:00,156.42999267578125,156.6230010986328,156.1790008544922,156.45399475097656
2023-07-20 08:00:00+00:00,156.45599365234375,156.54400634765625,156.1300048828125,156.3300018310547
2023-07-20 16:00:00+00:00,156.3179931640625,156.4219970703125,155.6510009765625,155.71400451660156
2023-07-21 00:00:00+00:00,155.72000122070312,157.33700561523438,155.58399963378906,157.31500244140625
2023-07-21 08:00:00+00:00,157.30999755859375,158.04299926757812,157.15699768066406,157.61500549316406
2023-07-21 16:00:00+00:00,157.61199951171875,157.81700134277344,157.4810028076172,157.78500366210938
2023-07-22 00:00:00+00:00,,,,
2023-07-22 08:00:00+00:00,,,,
2023-07-22 16:00:00+00:00,,,,
2023-07-23 00:00:00+00:00,,,,
2023-07-23 08:00:00+00:00,,,,
2023-07-23 16:00:00+00:00,157.74400329589844,157.74400329589844,157.60299682617188,157.69400024414062
2023-07-24 00:00:00+00:00,157.69000244140625,157.781005859375,156.51800537109375,156.70199584960938
2023-07-24 08:00:00+00:00,156.7030029296875,156.86900329589844,156.23699951171875,156.468994140625
2023-07-24 16:00:00+00:00,156.4669952392578,156.6999969482422,156.40499877929688,156.58200073242188
2023-07-25 00:00:00+00:00,156.58399963378906,156.88800048828125,156.3780059814453,156.5030059814453
2023-07-25 08:00:00+00:00,156.50399780273438,156.53199768066406,155.60800170898438,155.6999969482422
2023-07-25 16:00:00+00:00,155.6999969482422,155.9409942626953,155.65199279785156,155.70899963378906
2023-07-26 00:00:00+00:00,155.70899963378906,155.98399353027344,155.57400512695312,155.7010040283203
2023-07-26 08:00:00+00:00,155.69500732421875,155.74000549316406,155.13999938964844,155.53700256347656
2023-07-26 16:00:00+00:00,155.53399658203125,155.74400329589844,155.26300048828125,155.49899291992188
2023-07-27 00:00:00+00:00,155.4980010986328,155.822998046875,154.8719940185547,155.77499389648438
2023-07-27 08:00:00+00:00,155.7740020751953,156.23500061035156,154.7949981689453,155.09800720214844
2023-07-27 16:00:00+00:00,155.093994140625,155.19400024414062,152.18299865722656,152.44500732421875
2023-07-28 00:00:00+00:00,152.44900512695312,154.91000366210938,151.39599609375,153.06399536132812
2023-07-28 08:00:00+00:00,153.05999755859375,155.36599731445312,152.78900146484375,155.3350067138672
2023-07-28 16:00:00+00:00,155.33099365234375,155.60400390625,155.1439971923828,155.51100158691406
2023-07-29 00:00:00+00:00,,,,
2023-07-29 08:00:00+00:00,,,,
2023-07-29 16:00:00+00:00,,,,
2023-07-30 00:00:00+00:00,,,,
2023-07-30 08:00:00+00:00,,,,
2023-07-30 16:00:00+00:00,155.28700256347656,155.38699340820312,155.15499877929688,155.16000366210938
2023-07-31 00:00:00+00:00,155.16600036621094,156.7570037841797,155.10499572753906,156.66400146484375
2023-07-31 08:00:00+00:00,156.6649932861328,157.2830047607422,156.50799560546875,156.66299438476562
2023-07-31 16:00:00+00:00,156.6699981689453,156.69700622558594,156.28500366210938,156.50999450683594
2023-08-01 00:00:00+00:00,156.5050048828125,157.04400634765625,156.4499969482422,156.68499755859375
2023-08-01 08:00:00+00:00,156.6840057373047,157.41700744628906,156.47000122070312,157.24400329589844
2023-08-01 16:00:00+00:00,157.2449951171875,157.49200439453125,157.0959930419922,157.36300659179688
2023-08-02 00:00:00+00:00,157.36300659179688,157.4969940185547,156.6790008544922,156.75799560546875
2023-08-02 08:00:00+00:00,156.75999450683594,157.0989990234375,156.2469940185547,156.64100646972656
2023-08-02 16:00:00+00:00,156.63699340820312,156.89199829101562,156.54800415039062,156.8780059814453
2023-08-03 00:00:00+00:00,156.8780059814453,157.2310028076172,156.0030059814453,156.03700256347656
2023-08-03 08:00:00+00:00,156.0399932861328,156.44900512695312,155.54200744628906,155.89500427246094
2023-08-03 16:00:00+00:00,155.89500427246094,156.23899841308594,155.85000610351562,156.16299438476562
2023-08-04 00:00:00+00:00,156.16400146484375,156.46600341796875,155.8939971923828,156.16600036621094
2023-08-04 08:00:00+00:00,156.16700744628906,156.62600708007812,155.93800354003906,156.46800231933594
2023-08-04 16:00:00+00:00,156.46499633789062,156.57400512695312,155.95899963378906,156.06900024414062
2023-08-05 00:00:00+00:00,,,,
2023-08-05 08:00:00+00:00,,,,
2023-08-05 16:00:00+00:00,,,,
2023-08-06 00:00:00+00:00,,,,
2023-08-06 08:00:00+00:00,,,,
2023-08-06 16:00:00+00:00,156.0780029296875,156.15699768066406,156.04800415039062,156.08900451660156
2023-08-07 00:00:00+00:00,156.08900451660156,156.44000244140625,155.7949981689453,156.2220001220703
2023-08-07 08:00:00+00:00,156.2209930419922,156.7050018310547,156.03399658203125,156.67599487304688
2023-08-07 16:00:00+00:00,156.6750030517578,156.8509979248047,156.63999938964844,156.82400512695312
2023-08-08 00:00:00+00:00,156.82699584960938,157.74099731445312,156.8000030517578,157.10000610351562
2023-08-08 08:00:00+00:00,157.10000610351562,157.23699951171875,156.33599853515625,156.78399658203125
2023-08-08 16:00:00+00:00,156.78199768066406,157.23800659179688,156.75999450683594,157.0260009765625
2023-08-09 00:00:00+00:00,157.02000427246094,157.36700439453125,156.89999389648438,157.36500549316406
2023-08-09 08:00:00+00:00,157.36500549316406,157.8990020751953,157.22999572753906,157.5989990234375
2023-08-09 16:00:00+00:00,157.5919952392578,157.8179931640625,157.47000122070312,157.76400756835938
2023-08-10 00:00:00+00:00,157.76499938964844,158.49600219726562,157.68699645996094,158.31199645996094
2023-08-10 08:00:00+00:00,158.31100463867188,159.20599365234375,158.1540069580078,159.07200622558594
2023-08-10 16:00:00+00:00,159.07200622558594,159.16400146484375,158.75999450683594,159.06900024414062
2023-08-11 00:00:00+00:00,159.0679931640625,159.218994140625,158.91000366210938,158.97300720214844
2023-08-11 08:00:00+00:00,158.9720001220703,159.1199951171875,158.48199462890625,158.80099487304688
2023-08-11 16:00:00+00:00,158.80099487304688,158.84300231933594,158.58399963378906,158.6699981689453
2023-08-12 00:00:00+00:00,,,,
2023-08-12 08:00:00+00:00,,,,
2023-08-12 16:00:00+00:00,,,,
2023-08-13 00:00:00+00:00,,,,
2023-08-13 08:00:00+00:00,,,,
2023-08-13 16:00:00+00:00,158.57400512695312,158.58799743652344,158.49099731445312,158.51600646972656
2023-08-14 00:00:00+00:00,158.51600646972656,158.83399963378906,158.18299865722656,158.57899475097656
2023-08-14 08:00:00+00:00,158.5749969482422,158.80799865722656,158.2519989013672,158.67599487304688
2023-08-14 16:00:00+00:00,158.6739959716797,158.79800415039062,158.552001953125,158.6320037841797
2023-08-15 00:00:00+00:00,158.63600158691406,159.28399658203125,158.5279998779297,159.25900268554688
2023-08-15 08:00:00+00:00,159.25900268554688,159.33299255371094,158.73300170898438,158.8769989013672
2023-08-15 16:00:00+00:00,158.8719940185547,158.93499755859375,158.65199279785156,158.7779998779297
2023-08-16 00:00:00+00:00,158.77499389648438,158.94400024414062,158.6280059814453,158.7899932861328
2023-08-16 08:00:00+00:00,158.7899932861328,159.1999969482422,158.77999877929688,158.97999572753906
2023-08-16 16:00:00+00:00,158.9810028076172,159.25399780273438,158.8280029296875,159.1280059814453
2023-08-17 00:00:00+00:00,159.1280059814453,159.2949981689453,158.98399353027344,159.08999633789062
2023-08-17 08:00:00+00:00,159.0919952392578,159.13699340820312,158.74600219726562,158.9340057373047
2023-08-17 16:00:00+00:00,158.93299865722656,159.02999877929688,158.25100708007812,158.44200134277344
2023-08-18 00:00:00+00:00,158.4429931640625,158.54400634765625,157.7519989013672,157.9810028076172
2023-08-18 08:00:00+00:00,157.97799682617188,158.27099609375,157.77699279785156,157.83900451660156
2023-08-18 16:00:00+00:00,157.8280029296875,158.1269989013672,157.65199279785156,158.09300231933594
2023-08-19 00:00:00+00:00,,,,
2023-08-19 08:00:00+00:00,,,,
2023-08-19 16:00:00+00:00,,,,
2023-08-20 00:00:00+00:00,,,,
2023-08-20 08:00:00+00:00,,,,
2023-08-20 16:00:00+00:00,157.99200439453125,158.05499267578125,157.95899963378906,158.04100036621094
2023-08-21 00:00:00+00:00,158.03799438476562,158.38600158691406,157.7899932861328,158.375
2023-08-21 08:00:00+00:00,158.3780059814453,159.3769989013672,158.31900024414062,159.25
2023-08-21 16:00:00+00:00,159.25100708007812,159.39500427246094,159.16200256347656,159.37399291992188
2023-08-22 00:00:00+00:00,159.37399291992188,159.48800659179688,159.1739959716797,159.2550048828125
2023-08-22 08:00:00+00:00,159.25900268554688,159.26199340820312,158.08200073242188,158.1179962158203
2023-08-22 16:00:00+00:00,158.11900329589844,158.32200622558594,158.06199645996094,158.11599731445312
2023-08-23 00:00:00+00:00,158.11500549316406,158.36300659179688,157.2519989013672,157.2899932861328
2023-08-23 08:00:00+00:00,157.28700256347656,157.44500732421875,156.86700439453125,157.0760040283203
2023-08-23 16:00:00+00:00,157.07699584960938,157.4219970703125,157.0399932861328,157.1999969482422
2023-08-24 00:00:00+00:00,157.19700622558594,157.88400268554688,157.17999267578125,157.76699829101562
2023-08-24 08:00:00+00:00,157.76600646972656,158.04600524902344,157.6649932861328,157.781005859375
2023-08-24 16:00:00+00:00,157.78199768066406,157.93099975585938,157.51600646972656,157.71400451660156
2023-08-25 00:00:00+00:00,157.72000122070312,157.7830047607422,157.22799682617188,157.3179931640625
2023-08-25 08:00:00+00:00,157.31100463867188,158.0469970703125,157.2270050048828,157.88999938964844
2023-08-25 16:00:00+00:00,157.88900756835938,158.24400329589844,157.843994140625,158.08399963378906
2023-08-26 00:00:00+00:00,,,,
2023-08-26 08:00:00+00:00,,,,
2023-08-26 16:00:00+00:00,,,,
2023-08-27 00:00:00+00:00,,,,
2023-08-27 08:00:00+00:00,,,,
2023-08-27 16:00:00+00:00,158.18499755859375,158.32699584960938,158.16700744628906,158.22000122070312
2023-08-28 00:00:00+00:00,158.218994140625,158.48699951171875,158.1649932861328,158.3939971923828
2023-08-28 08:00:00+00:00,158.3939971923828,158.56399536132812,158.1820068359375,158.2449951171875
2023-08-28 16:00:00+00:00,158.2480010986328,158.57899475097656,158.20199584960938,158.552001953125
2023-08-29 00:00:00+00:00,158.5469970703125,158.65899658203125,158.23699951171875,158.4709930419922
2023-08-29 08:00:00+00:00,158.4669952392578,159.0590057373047,158.2779998779297,158.4149932861328
2023-08-29 16:00:00+00:00,158.41299438476562,158.76400756835938,158.39199829101562,158.66799926757812
2023-08-30 00:00:00+00:00,158.66700744628906,159.16600036621094,158.54299926757812,159.052001953125
2023-08-30 08:00:00+00:00,159.04800415039062,159.58700561523438,158.88299560546875,159.45199584960938
2023-08-30 16:00:00+00:00,159.4510040283203,159.76699829101562,159.4239959716797,159.66099548339844
2023-08-31 00:00:00+00:00,159.66200256347656,159.73399353027344,158.77499389648438,158.93699645996094
2023-08-31 08:00:00+00:00,158.93299865722656,158.93699645996094,157.82400512695312,157.906005859375
2023-08-31 16:00:00+00:00,157.90499877929688,157.91799926757812,157.55999755859375,157.73699951171875
2023-09-01 00:00:00+00:00,157.73800659179688,157.96200561523438,157.55999755859375,157.86199951171875
2023-09-01 08:00:00+00:00,157.86199951171875,157.92599487304688,157.0500030517578,157.70199584960938
2023-09-01 16:00:00+00:00,157.7010040283203,157.75399780273438,157.45599365234375,157.5679931640625
2023-09-02 00:00:00+00:00,,,,
2023-09-02 08:00:00+00:00,,,,
2023-09-02 16:00:00+00:00,,,,
2023-09-03 00:00:00+00:00,,,,
2023-09-03 08:00:00+00:00,,,,
2023-09-03 16:00:00+00:00,157.46200561523438,157.47999572753906,157.3260040283203,157.3939971923828
2023-09-04 00:00:00+00:00,157.3939971923828,158.17799377441406,157.3459930419922,158.04800415039062
2023-09-04 08:00:00+00:00,158.0500030517578,158.25,157.8990020751953,158.15499877929688
2023-09-04 16:00:00+00:00,158.1510009765625,158.18800354003906,157.94700622558594,158.13499450683594
2023-09-05 00:00:00+00:00,158.13499450683594,158.4040069580078,158.00900268554688,158.0240020751953
2023-09-05 08:00:00+00:00,158.02499389648438,158.4029998779297,157.79800415039062,158.35299682617188
2023-09-05 16:00:00+00:00,158.3560028076172,158.50100708007812,158.07400512695312,158.13999938964844
2023-09-06 00:00:00+00:00,158.13999938964844,158.42599487304688,157.76199340820312,158.11399841308594
2023-09-06 08:00:00+00:00,158.1179962158203,158.44500732421875,157.9510040283203,158.1750030517578
2023-09-06 16:00:00+00:00,158.1750030517578,158.46400451660156,158.14599609375,158.4029998779297
2023-09-07 00:00:00+00:00,158.40199279785156,158.52200317382812,157.89199829101562,157.98399353027344
2023-09-07 08:00:00+00:00,157.98500061035156,158.031005859375,157.35800170898438,157.4759979248047
2023-09-07 16:00:00+00:00,157.47900390625,157.63999938964844,157.38299560546875,157.60800170898438
2023-09-08 00:00:00+00:00,157.60499572753906,157.9340057373047,156.9969940185547,157.83999633789062
2023-09-08 08:00:00+00:00,157.843994140625,158.38900756835938,157.57000732421875,158.16200256347656
2023-09-08 16:00:00+00:00,158.1649932861328,158.24200439453125,158.04400634765625,158.18099975585938
2023-09-09 00:00:00+00:00,,,,
2023-09-09 08:00:00+00:00,,,,
2023-09-09 16:00:00+00:00,,,,
2023-09-10 00:00:00+00:00,,,,
2023-09-10 08:00:00+00:00,,,,
2023-09-10 16:00:00+00:00,157.5749969482422,157.7270050048828,157.57200622558594,157.66400146484375
2023-09-11 00:00:00+00:00,157.66700744628906,157.69700622558594,156.57899475097656,156.7830047607422
2023-09-11 08:00:00+00:00,156.77999877929688,157.697998046875,156.69500732421875,157.34500122070312
2023-09-11 16:00:00+00:00,157.343994140625,157.65499877929688,157.3260040283203,157.63299560546875
2023-09-12 00:00:00+00:00,157.63400268554688,157.79200744628906,157.26600646972656,157.281005859375
2023-09-12 08:00:00+00:00,157.27999877929688,157.88999938964844,157.17599487304688,157.7949981689453
2023-09-12 16:00:00+00:00,157.79400634765625,158.3470001220703,157.78399658203125,158.24200439453125
2023-09-13 00:00:00+00:00,158.24400329589844,158.6529998779297,158.0030059814453,158.21600341796875
2023-09-13 08:00:00+00:00,158.2169952392578,158.61000061035156,158.03500366210938,158.30999755859375
2023-09-13 16:00:00+00:00,158.30999755859375,158.32400512695312,158.03799438476562,158.13299560546875
2023-09-14 00:00:00+00:00,158.12899780273438,158.19900512695312,157.91400146484375,158.08700561523438
2023-09-14 08:00:00+00:00,158.08700561523438,158.41299438476562,156.82899475097656,156.8699951171875
2023-09-14 16:00:00+00:00,156.86700439453125,156.9969940185547,156.63400268554688,156.83099365234375
2023-09-15 00:00:00+00:00,156.8300018310547,157.58299255371094,156.71800231933594,157.56100463867188
2023-09-15 08:00:00+00:00,157.55999755859375,157.8249969482422,157.41799926757812,157.77699279785156
2023-09-15 16:00:00+00:00,157.7740020751953,157.8979949951172,157.5050048828125,157.6219940185547
2023-09-16 00:00:00+00:00,,,,
2023-09-16 08:00:00+00:00,,,,
2023-09-16 16:00:00+00:00,,,,
2023-09-17 00:00:00+00:00,,,,
2023-09-17 08:00:00+00:00,,,,
2023-09-17 16:00:00+00:00,157.63400268554688,157.75399780273438,157.62899780273438,157.74200439453125
2023-09-18 00:00:00+00:00,157.74099731445312,157.7729949951172,157.33999633789062,157.4949951171875
2023-09-18 08:00:00+00:00,157.49400329589844,157.92999267578125,157.36000061035156,157.8730010986328
2023-09-18 16:00:00+00:00,157.8730010986328,157.93800354003906,157.58299255371094,157.8260040283203
2023-09-19 00:00:00+00:00,157.8280029296875,157.96499633789062,157.75999450683594,157.89700317382812
2023-09-19 08:00:00+00:00,157.8939971923828,158.2779998779297,157.75999450683594,157.89599609375
2023-09-19 16:00:00+00:00,157.8990020751953,158.03700256347656,157.73500061035156,157.82200622558594
2023-09-20 00:00:00+00:00,157.822998046875,158.4290008544922,157.7899932861328,158.37100219726562
2023-09-20 08:00:00+00:00,158.3699951171875,158.41900634765625,158.12899780273438,158.28700256347656
2023-09-20 16:00:00+00:00,158.2899932861328,158.447998046875,157.89999389648438,157.95700073242188
2023-09-21 00:00:00+00:00,157.95700073242188,158.06500244140625,157.36000061035156,157.97000122070312
2023-09-21 08:00:00+00:00,157.96499633789062,158.06300354003906,157.02999877929688,157.1999969482422
2023-09-21 16:00:00+00:00,157.197998046875,157.41600036621094,157.16400146484375,157.3939971923828
2023-09-22 00:00:00+00:00,157.3939971923828,158.2790069580078,157.11500549316406,157.83399963378906
2023-09-22 08:00:00+00:00,157.8300018310547,158.10299682617188,157.58999633789062,158.00799560546875
2023-09-22 16:00:00+00:00,158.01199340820312,158.0780029296875,157.85699462890625,157.94900512695312
2023-09-23 00:00:00+00:00,,,,
2023-09-23 08:00:00+00:00,,,,
2023-09-23 16:00:00+00:00,,,,
2023-09-24 00:00:00+00:00,,,,
2023-09-24 08:00:00+00:00,,,,
2023-09-24 16:00:00+00:00,158.01199340820312,158.08099365234375,157.97900390625,158.0489959716797
2023-09-25 00:00:00+00:00,158.05099487304688,158.1529998779297,157.75399780273438,157.88699340820312
2023-09-25 08:00:00+00:00,157.89999389648438,158.1750030517578,157.47999572753906,157.52000427246094
2023-09-25 16:00:00+00:00,157.52099609375,157.7259979248047,157.48399353027344,157.61900329589844
2023-09-26 00:00:00+00:00,157.61900329589844,157.80799865722656,157.375,157.58599853515625
2023-09-26 08:00:00+00:00,157.58399963378906,157.92300415039062,157.3679962158203,157.42599487304688
2023-09-26 16:00:00+00:00,157.4250030517578,157.61900329589844,157.31399536132812,157.53199768066406
2023-09-27 00:00:00+00:00,157.53399658203125,157.61300659179688,157.302001953125,157.4510040283203
2023-09-27 08:00:00+00:00,157.4499969482422,157.58200073242188,157.0019989013672,157.08900451660156
2023-09-27 16:00:00+00:00,157.08900451660156,157.25399780273438,156.8249969482422,157.04600524902344
2023-09-28 00:00:00+00:00,157.04800415039062,157.2239990234375,156.70399475097656,156.90499877929688
2023-09-28 08:00:00+00:00,156.91400146484375,157.86599731445312,156.8509979248047,157.77999877929688
2023-09-28 16:00:00+00:00,157.7830047607422,157.822998046875,157.4810028076172,157.72799682617188
2023-09-29 00:00:00+00:00,157.7220001220703,158.10800170898438,157.38900756835938,157.78599548339844
2023-09-29 08:00:00+00:00,157.78900146484375,158.33900451660156,157.74400329589844,158.11599731445312
2023-09-29 16:00:00+00:00,158.14599609375,158.1790008544922,157.8260040283203,157.92300415039062
2023-09-30 00:00:00+00:00,,,,
2023-09-30 08:00:00+00:00,,,,
2023-09-30 16:00:00+00:00,,,,
2023-10-01 00:00:00+00:00,,,,
2023-10-01 08:00:00+00:00,,,,
2023-10-01 16:00:00+00:00,157.94400024414062,158.01400756835938,157.88900756835938,157.95899963378906
2023-10-02 00:00:00+00:00,157.96200561523438,158.47300720214844,157.85800170898438,158.3159942626953
2023-10-02 08:00:00+00:00,158.3179931640625,158.41099548339844,157.20899963378906,157.27999877929688
2023-10-02 16:00:00+00:00,157.2790069580078,157.3520050048828,156.84500122070312,157.05099487304688
2023-10-03 00:00:00+00:00,157.0500030517578,157.06199645996094,156.7270050048828,157.01800537109375
2023-10-03 08:00:00+00:00,157.01699829101562,157.21200561523438,154.3419952392578,155.91799926757812
2023-10-03 16:00:00+00:00,155.91700744628906,156.19900512695312,155.7429962158203,156.16600036621094
2023-10-04 00:00:00+00:00,156.16600036621094,156.29299926757812,155.822998046875,156.0500030517578
2023-10-04 08:00:00+00:00,156.05099487304688,156.76699829101562,156.0290069580078,156.53500366210938
2023-10-04 16:00:00+00:00,156.53599548339844,156.74600219726562,156.40499877929688,156.53199768066406
2023-10-05 00:00:00+00:00,156.53700256347656,156.7100067138672,156.08299255371094,156.63499450683594
2023-10-05 08:00:00+00:00,156.63600158691406,156.78399658203125,156.29100036621094,156.2989959716797
2023-10-05 16:00:00+00:00,156.3000030517578,156.6959991455078,156.21400451660156,156.58399963378906
2023-10-06 00:00:00+00:00,156.58299255371094,157.09500122070312,156.52000427246094,157.0780029296875
2023-10-06 08:00:00+00:00,157.0780029296875,157.9980010986328,156.6280059814453,157.9550018310547
2023-10-06 16:00:00+00:00,157.95399475097656,158.25999450683594,157.82000732421875,158.07899475097656
2023-10-07 00:00:00+00:00,,,,
2023-10-07 08:00:00+00:00,,,,
2023-10-07 16:00:00+00:00,,,,
2023-10-08 00:00:00+00:00,,,,
2023-10-08 08:00:00+00:00,,,,
2023-10-08 16:00:00+00:00,157.49000549316406,157.64700317382812,157.46800231933594,157.59500122070312
2023-10-09 00:00:00+00:00,157.5919952392578,157.697998046875,156.92300415039062,156.96800231933594
2023-10-09 08:00:00+00:00,156.9669952392578,157.2519989013672,156.50999450683594,156.7270050048828
2023-10-09 16:00:00+00:00,156.7259979248047,156.9969940185547,156.6699981689453,156.91200256347656
2023-10-10 00:00:00+00:00,156.90899658203125,157.49099731445312,156.7530059814453,157.47300720214844
2023-10-10 08:00:00+00:00,157.4759979248047,157.97300720214844,157.46299743652344,157.79299926757812
2023-10-10 16:00:00+00:00,157.79400634765625,157.83299255371094,157.531005859375,157.60699462890625
2023-10-11 00:00:00+00:00,157.6009979248047,158.04400634765625,157.51800537109375,157.68499755859375
2023-10-11 08:00:00+00:00,157.6820068359375,158.4669952392578,157.57699584960938,158.13099670410156
2023-10-11 16:00:00+00:00,158.1300048828125,158.45799255371094,157.99000549316406,158.322998046875
2023-10-12 00:00:00+00:00,158.3249969482422,158.60899353027344,158.30299377441406,158.4290008544922
2023-10-12 08:00:00+00:00,158.4290008544922,158.4759979248047,157.70399475097656,157.9759979248047
2023-10-12 16:00:00+00:00,157.9770050048828,158.08399963378906,157.58900451660156,157.8090057373047
2023-10-13 00:00:00+00:00,157.80499267578125,157.99000549316406,157.63600158691406,157.91200256347656
2023-10-13 08:00:00+00:00,157.9080047607422,158.04400634765625,157.06199645996094,157.10699462890625
2023-10-13 16:00:00+00:00,157.10400390625,157.29100036621094,157.04400634765625,157.0919952392578
2023-10-14 00:00:00+00:00,,,,
2023-10-14 08:00:00+00:00,,,,
2023-10-14 16:00:00+00:00,,,,
2023-10-15 00:00:00+00:00,,,,
2023-10-15 08:00:00+00:00,,,,
2023-10-15 16:00:00+00:00,157.38400268554688,157.41200256347656,157.3300018310547,157.36599731445312
2023-10-16 00:00:00+00:00,157.36599731445312,157.6179962158203,157.1820068359375,157.55799865722656
2023-10-16 08:00:00+00:00,157.56399536132812,157.98500061035156,157.35299682617188,157.718994140625
2023-10-16 16:00:00+00:00,157.718994140625,157.98699951171875,157.656005859375,157.86599731445312
2023-10-17 00:00:00+00:00,157.86900329589844,157.9949951171875,157.59500122070312,157.8070068359375
2023-10-17 08:00:00+00:00,157.80599975585938,158.58599853515625,157.04400634765625,158.5800018310547
2023-10-17 16:00:00+00:00,158.58099365234375,158.62100219726562,158.13999938964844,158.33599853515625
2023-10-18 00:00:00+00:00,158.33399963378906,158.5260009765625,158.12100219726562,158.4080047607422
2023-10-18 08:00:00+00:00,158.41000366210938,158.54299926757812,157.7429962158203,157.82400512695312
2023-10-18 16:00:00+00:00,157.822998046875,158.05499267578125,157.6820068359375,157.8249969482422
2023-10-19 00:00:00+00:00,157.82699584960938,157.9770050048828,157.677001953125,157.8509979248047
2023-10-19 08:00:00+00:00,157.84800720214844,158.5749969482422,157.7550048828125,158.46099853515625
2023-10-19 16:00:00+00:00,158.45799255371094,158.92799377441406,158.2740020751953,158.58799743652344
2023-10-20 00:00:00+00:00,158.58900451660156,158.60299682617188,158.33700561523438,158.52200317382812
2023-10-20 08:00:00+00:00,158.52000427246094,158.927001953125,158.3280029296875,158.70599365234375
2023-10-20 16:00:00+00:00,158.7050018310547,158.88600158691406,158.58599853515625,158.6840057373047
2023-10-21 00:00:00+00:00,,,,
2023-10-21 08:00:00+00:00,,,,
2023-10-21 16:00:00+00:00,,,,
2023-10-22 00:00:00+00:00,,,,
2023-10-22 08:00:00+00:00,,,,
2023-10-22 16:00:00+00:00,158.7270050048828,158.7519989013672,158.69200134277344,158.72300720214844
2023-10-23 00:00:00+00:00,158.7220001220703,158.8560028076172,158.5030059814453,158.85499572753906
2023-10-23 08:00:00+00:00,158.85400390625,159.4709930419922,158.77499389648438,159.45199584960938
2023-10-23 16:00:00+00:00,159.4530029296875,159.8070068359375,159.40199279785156,159.80599975585938
2023-10-24 00:00:00+00:00,159.8040008544922,159.91600036621094,159.25999450683594,159.39500427246094
2023-10-24 08:00:00+00:00,159.39300537109375,159.39599609375,158.64700317382812,158.73899841308594
2023-10-24 16:00:00+00:00,158.73800659179688,158.88900756835938,158.531005859375,158.76800537109375
2023-10-25 00:00:00+00:00,158.77099609375,158.93699645996094,158.5760040283203,158.69900512695312
2023-10-25 08:00:00+00:00,158.70199584960938,158.8350067138672,158.4080047607422,158.67799377441406
2023-10-25 16:00:00+00:00,158.67599487304688,158.82200622558594,158.4199981689453,158.59300231933594
2023-10-26 00:00:00+00:00,158.5919952392578,158.8419952392578,157.97300720214844,158.7239990234375
2023-10-26 08:00:00+00:00,158.7239990234375,158.75599670410156,158.28399658203125,158.4459991455078
2023-10-26 16:00:00+00:00,158.4429931640625,158.90199279785156,158.281005859375,158.8419952392578
2023-10-27 00:00:00+00:00,158.8419952392578,158.85699462890625,158.44500732421875,158.53599548339844
2023-10-27 08:00:00+00:00,158.53500366210938,158.56500244140625,157.99000549316406,158.45399475097656
2023-10-27 16:00:00+00:00,158.45399475097656,158.53799438476562,157.8800048828125,158.0590057373047
2023-10-28 00:00:00+00:00,,,,
2023-10-28 08:00:00+00:00,,,,
2023-10-28 16:00:00+00:00,,,,
2023-10-29 00:00:00+00:00,,,,
2023-10-29 08:00:00+00:00,,,,
2023-10-29 16:00:00+00:00,,,,
2023-10-30 00:00:00+00:00,158.14700317382812,158.24000549316406,157.70199584960938,157.84500122070312
2023-10-30 08:00:00+00:00,157.83099365234375,158.92300415039062,157.69400024414062,158.23500061035156
2023-10-30 16:00:00+00:00,158.22900390625,158.31199645996094,157.93099975585938,158.2449951171875
2023-10-31 00:00:00+00:00,158.2469940185547,159.66400146484375,158.2270050048828,159.61300659179688
2023-10-31 08:00:00+00:00,159.61500549316406,160.8520050048828,159.60899353027344,160.04100036621094
2023-10-31 16:00:00+00:00,160.04200744628906,160.43600463867188,159.7689971923828,160.0659942626953
2023-11-01 00:00:00+00:00,160.0850067138672,160.13099670410156,159.77099609375,159.94000244140625
2023-11-01 08:00:00+00:00,159.94200134277344,159.95399475097656,159.08299255371094,159.093994140625
2023-11-01 16:00:00+00:00,159.09500122070312,159.60899353027344,159.06100463867188,159.41299438476562
2023-11-02 00:00:00+00:00,159.41400146484375,159.64999389648438,159.06500244140625,159.4669952392578
2023-11-02 08:00:00+00:00,159.4669952392578,160.0800018310547,159.31500244140625,159.77999877929688
2023-11-02 16:00:00+00:00,159.77999877929688,159.91299438476562,159.63400268554688,159.75799560546875
2023-11-03 00:00:00+00:00,159.75599670410156,159.82200622558594,159.58999633789062,159.7969970703125
2023-11-03 08:00:00+00:00,159.7989959716797,160.31700134277344,159.70799255371094,160.30099487304688
2023-11-03 16:00:00+00:00,160.3000030517578,160.3979949951172,160.17599487304688,160.3040008544922
2023-11-04 00:00:00+00:00,,,,
2023-11-04 08:00:00+00:00,,,,
2023-11-04 16:00:00+00:00,,,,
2023-11-05 00:00:00+00:00,,,,
2023-11-05 08:00:00+00:00,,,,
2023-11-05 16:00:00+00:00,,,,
2023-11-06 00:00:00+00:00,160.3800048828125,160.72000122070312,160.32899475097656,160.69700622558594
2023-11-06 08:00:00+00:00,160.7010040283203,160.97999572753906,160.51400756835938,160.86000061035156
2023-11-06 16:00:00+00:00,160.86199951171875,160.97300720214844,160.55599975585938,160.76300048828125
2023-11-07 00:00:00+00:00,160.75999450683594,160.9969940185547,160.67999267578125,160.9770050048828
2023-11-07 08:00:00+00:00,160.95799255371094,161.0279998779297,160.427001953125,160.80599975585938
2023-11-07 16:00:00+00:00,160.80599975585938,160.9510040283203,160.63299560546875,160.8509979248047
2023-11-08 00:00:00+00:00,160.85400390625,161.04299926757812,160.8179931640625,160.9290008544922
2023-11-08 08:00:00+00:00,160.92799377441406,161.5,160.69400024414062,161.48500061035156
2023-11-08 16:00:00+00:00,161.48599243164062,161.72900390625,161.40499877929688,161.58399963378906
2023-11-09 00:00:00+00:00,161.5780029296875,161.73800659179688,161.46200561523438,161.5540008544922
2023-11-09 08:00:00+00:00,161.55599975585938,161.7949981689453,161.44200134277344,161.73800659179688
2023-11-09 16:00:00+00:00,161.73699951171875,161.7760009765625,161.26300048828125,161.4320068359375
2023-11-10 00:00:00+00:00,161.43800354003906,161.5279998779297,161.35000610351562,161.406005859375
2023-11-10 08:00:00+00:00,161.406005859375,161.85400390625,161.40499877929688,161.6179962158203
2023-11-10 16:00:00+00:00,161.6179962158203,161.94500732421875,161.58700561523438,161.87100219726562
2023-11-11 00:00:00+00:00,,,,
2023-11-11 08:00:00+00:00,,,,
2023-11-11 16:00:00+00:00,,,,
2023-11-12 00:00:00+00:00,,,,
2023-11-12 08:00:00+00:00,,,,
2023-11-12 16:00:00+00:00,,,,
2023-11-13 00:00:00+00:00,161.91600036621094,162.29200744628906,161.8730010986328,162.25399780273438
2023-11-13 08:00:00+00:00,162.2550048828125,162.36399841308594,161.53399658203125,162.13400268554688
2023-11-13 16:00:00+00:00,162.13099670410156,162.3459930419922,162.0279998779297,162.281005859375
2023-11-14 00:00:00+00:00,162.28199768066406,162.38299560546875,162.2209930419922,162.33200073242188
2023-11-14 08:00:00+00:00,162.33799743652344,163.47000122070312,162.2729949951172,163.4530029296875
2023-11-14 16:00:00+00:00,163.4530029296875,163.81300354003906,163.38699340820312,163.6820068359375
2023-11-15 00:00:00+00:00,163.69500732421875,163.91299438476562,163.61500549316406,163.84100341796875
2023-11-15 08:00:00+00:00,163.83999633789062,163.9669952392578,163.06500244140625,163.95799255371094
2023-11-15 16:00:00+00:00,163.95700073242188,164.22000122070312,163.87399291992188,164.11900329589844
2023-11-16 00:00:00+00:00,164.1199951171875,164.19400024414062,163.83299255371094,164.10299682617188
2023-11-16 08:00:00+00:00,164.1020050048828,164.30099487304688,163.56199645996094,163.61099243164062
2023-11-16 16:00:00+00:00,163.61099243164062,163.64199829101562,163.25,163.55999755859375
2023-11-17 00:00:00+00:00,163.55299377441406,163.60299682617188,163.01199340820312,163.052001953125
2023-11-17 08:00:00+00:00,163.0540008544922,163.05599975585938,162.1479949951172,162.81900024414062
2023-11-17 16:00:00+00:00,162.822998046875,163.31300354003906,162.8040008544922,163.19200134277344
2023-11-18 00:00:00+00:00,,,,
2023-11-18 08:00:00+00:00,,,,
2023-11-18 16:00:00+00:00,,,,
2023-11-19 00:00:00+00:00,,,,
2023-11-19 08:00:00+00:00,,,,
2023-11-19 16:00:00+00:00,,,,
2023-11-20 00:00:00+00:00,163.53399658203125,163.5570068359375,162.46099853515625,162.54299926757812
2023-11-20 08:00:00+00:00,162.5469970703125,162.73800659179688,161.7740020751953,162.28799438476562
2023-11-20 16:00:00+00:00,162.28799438476562,162.4239959716797,162.17300415039062,162.3939971923828
2023-11-21 00:00:00+00:00,162.3979949951172,162.42300415039062,161.4149932861328,161.58599853515625
2023-11-21 08:00:00+00:00,161.58399963378906,161.75399780273438,161.24400329589844,161.5970001220703
2023-11-21 16:00:00+00:00,161.59800720214844,161.99099731445312,161.49600219726562,161.75900268554688
2023-11-22 00:00:00+00:00,161.75,162.6300048828125,161.67799377441406,162.60499572753906
2023-11-22 08:00:00+00:00,162.6009979248047,162.72300720214844,162.093994140625,162.6540069580078
2023-11-22 16:00:00+00:00,162.6540069580078,162.93699645996094,162.5919952392578,162.72900390625
2023-11-23 00:00:00+00:00,162.72900390625,162.80099487304688,162.4320068359375,162.77200317382812
2023-11-23 08:00:00+00:00,162.76800537109375,163.19000244140625,162.5590057373047,163.09500122070312
2023-11-23 16:00:00+00:00,163.09100341796875,163.19200134277344,162.78799438476562,163.16200256347656
2023-11-24 00:00:00+00:00,163.1580047607422,163.23300170898438,162.718994140625,162.98800659179688
2023-11-24 08:00:00+00:00,162.99200439453125,163.62399291992188,162.9770050048828,163.5469970703125
2023-11-24 16:00:00+00:00,163.5449981689453,163.65899658203125,163.37600708007812,163.5050048828125
2023-11-25 00:00:00+00:00,,,,
2023-11-25 08:00:00+00:00,,,,
2023-11-25 16:00:00+00:00,,,,
2023-11-26 00:00:00+00:00,,,,
2023-11-26 08:00:00+00:00,,,,
2023-11-26 16:00:00+00:00,,,,
2023-11-27 00:00:00+00:00,163.6300048828125,163.64199829101562,162.92999267578125,163.13900756835938
2023-11-27 08:00:00+00:00,163.13800048828125,163.48800659179688,162.53500366210938,162.8070068359375
2023-11-27 16:00:00+00:00,162.80599975585938,162.98399353027344,162.56199645996094,162.656005859375
2023-11-28 00:00:00+00:00,162.6490020751953,162.65699768066406,162.19900512695312,162.406005859375
2023-11-28 08:00:00+00:00,162.40499877929688,162.9239959716797,162.3419952392578,162.3780059814453
2023-11-28 16:00:00+00:00,162.3769989013672,162.40699768066406,161.73199462890625,161.82200622558594
2023-11-29 00:00:00+00:00,161.8260040283203,162.04200744628906,161.53700256347656,161.85400390625
2023-11-29 08:00:00+00:00,161.85299682617188,162.25,161.572998046875,161.7570037841797
2023-11-29 16:00:00+00:00,161.75799560546875,161.81100463867188,161.11900329589844,161.34300231933594
2023-11-30 00:00:00+00:00,161.36900329589844,161.52099609375,160.9949951171875,161.0469970703125
2023-11-30 08:00:00+00:00,161.0469970703125,161.93899536132812,160.58700561523438,161.29800415039062
2023-11-30 16:00:00+00:00,161.2949981689453,161.46200561523438,161.1540069580078,161.19200134277344
2023-12-01 00:00:00+00:00,161.197998046875,161.7740020751953,160.97999572753906,161.56100463867188
2023-12-01 08:00:00+00:00,161.57000732421875,161.57699584960938,159.79200744628906,159.95199584960938
2023-12-01 16:00:00+00:00,159.95199584960938,160.14199829101562,159.64100646972656,159.79200744628906
2023-12-02 00:00:00+00:00,,,,
2023-12-02 08:00:00+00:00,,,,
2023-12-02 16:00:00+00:00,,,,
2023-12-03 00:00:00+00:00,,,,
2023-12-03 08:00:00+00:00,,,,
2023-12-03 16:00:00+00:00,,,,
2023-12-04 00:00:00+00:00,159.3260040283203,159.70700073242188,159.1060028076172,159.50999450683594
2023-12-04 08:00:00+00:00,159.5050048828125,159.8419952392578,158.70599365234375,159.08599853515625
2023-12-04 16:00:00+00:00,159.08299255371094,159.67300415039062,159.0240020751953,159.66000366210938
2023-12-05 00:00:00+00:00,159.63400268554688,159.71800231933594,158.58700561523438,158.68600463867188
2023-12-05 08:00:00+00:00,158.6840057373047,159.53399658203125,158.57200622558594,158.95399475097656
2023-12-05 16:00:00+00:00,158.9550018310547,159.05799865722656,158.6929931640625,158.8560028076172
2023-12-06 00:00:00+00:00,158.8560028076172,159.08999633789062,158.47799682617188,158.5749969482422
2023-12-06 08:00:00+00:00,158.57899475097656,159.1199951171875,158.37600708007812,158.84800720214844
2023-12-06 16:00:00+00:00,158.8470001220703,158.92300415039062,158.39599609375,158.4239959716797
2023-12-07 00:00:00+00:00,158.45399475097656,158.4709930419922,156.87600708007812,157.08999633789062
2023-12-07 08:00:00+00:00,157.08799743652344,157.08900451660156,155.1909942626953,155.3209991455078
2023-12-07 16:00:00+00:00,155.32400512695312,155.7220001220703,153.12899780273438,155.67799377441406
2023-12-08 00:00:00+00:00,155.6300048828125,155.697998046875,153.85899353027344,155.31300354003906
2023-12-08 08:00:00+00:00,155.31399536132812,155.99200439453125,154.82899475097656,155.6060028076172
2023-12-08 16:00:00+00:00,155.60699462890625,156.08999633789062,155.4340057373047,156.0030059814453
2023-12-09 00:00:00+00:00,,,,
2023-12-09 08:00:00+00:00,,,,
2023-12-09 16:00:00+00:00,,,,
2023-12-10 00:00:00+00:00,,,,
2023-12-10 08:00:00+00:00,,,,
2023-12-10 16:00:00+00:00,,,,
2023-12-11 00:00:00+00:00,156.0749969482422,157.50100708007812,156.00100708007812,157.44400024414062
2023-12-11 08:00:00+00:00,157.4459991455078,157.67999267578125,156.98399353027344,157.3159942626953
2023-12-11 16:00:00+00:00,157.31199645996094,157.48199462890625,157.10499572753906,157.25399780273438
2023-12-12 00:00:00+00:00,157.218994140625,157.29400634765625,156.4929962158203,156.75100708007812
2023-12-12 08:00:00+00:00,156.75,157.1580047607422,156.63499450683594,157.06700134277344
2023-12-12 16:00:00+00:00,157.06700134277344,157.21299743652344,156.7689971923828,156.89199829101562
2023-12-13 00:00:00+00:00,156.88900756835938,157.38999938964844,156.81300354003906,157.25599670410156
2023-12-13 08:00:00+00:00,157.25799560546875,157.47799682617188,156.60899353027344,156.68699645996094
2023-12-13 16:00:00+00:00,156.68800354003906,156.71400451660156,154.5449981689453,155.42100524902344
2023-12-14 00:00:00+00:00,155.38999938964844,155.55599975585938,153.8520050048828,154.5189971923828
2023-12-14 08:00:00+00:00,154.51600646972656,156.00900268554688,154.16700744628906,155.7519989013672
2023-12-14 16:00:00+00:00,155.75599670410156,156.47500610351562,155.53599548339844,156.43600463867188
2023-12-15 00:00:00+00:00,156.41000366210938,156.4929962158203,155.66000366210938,156.08200073242188
2023-12-15 08:00:00+00:00,156.08299255371094,156.1750030517578,154.4010009765625,154.7239990234375
2023-12-15 16:00:00+00:00,154.7220001220703,155.0279998779297,154.5760040283203,154.91799926757812
2023-12-16 00:00:00+00:00,,,,
2023-12-16 08:00:00+00:00,,,,
2023-12-16 16:00:00+00:00,,,,
2023-12-17 00:00:00+00:00,,,,
2023-12-17 08:00:00+00:00,,,,
2023-12-17 16:00:00+00:00,,,,
2023-12-18 00:00:00+00:00,155.06199645996094,155.5919952392578,154.86599731445312,155.5030059814453
2023-12-18 08:00:00+00:00,155.5019989013672,156.3040008544922,155.35899353027344,156.19200134277344
2023-12-18 16:00:00+00:00,156.19000244140625,156.2760009765625,155.7830047607422,155.83599853515625
2023-12-19 00:00:00+00:00,155.86199951171875,157.7050018310547,155.37899780273438,157.5500030517578
2023-12-19 08:00:00+00:00,157.54800415039062,158.56700134277344,157.54800415039062,157.97900390625
2023-12-19 16:00:00+00:00,157.9759979248047,158.0760040283203,157.593994140625,157.9969940185547
2023-12-20 00:00:00+00:00,158.01699829101562,158.1199951171875,157.04600524902344,157.41299438476562
2023-12-20 08:00:00+00:00,157.41600036621094,157.6790008544922,156.78199768066406,157.66900634765625
2023-12-20 16:00:00+00:00,157.66799926757812,157.72999572753906,156.73500061035156,157.01300048828125
2023-12-21 00:00:00+00:00,157.0399932861328,157.13499450683594,156.35899353027344,156.7949981689453
2023-12-21 08:00:00+00:00,156.79600524902344,156.9080047607422,156.18800354003906,156.20399475097656
2023-12-21 16:00:00+00:00,156.20700073242188,156.6219940185547,156.1280059814453,156.28700256347656
2023-12-22 00:00:00+00:00,156.3000030517578,156.78599548339844,156.13099670410156,156.4029998779297
2023-12-22 08:00:00+00:00,156.40199279785156,156.95799255371094,156.31900024414062,156.71299743652344
2023-12-22 16:00:00+00:00,156.71400451660156,157.03500366210938,156.68899536132812,156.8780059814453
2023-12-23 00:00:00+00:00,,,,
2023-12-23 08:00:00+00:00,,,,
2023-12-23 16:00:00+00:00,,,,
2023-12-24 00:00:00+00:00,,,,
2023-12-24 08:00:00+00:00,,,,
2023-12-24 16:00:00+00:00,,,,
2023-12-25 00:00:00+00:00,156.8489990234375,157.02099609375,156.16400146484375,156.86599731445312
2023-12-25 08:00:00+00:00,156.88499450683594,156.94200134277344,156.83299255371094,156.83299255371094
2023-12-25 16:00:00+00:00,156.85899353027344,156.89100646972656,156.6020050048828,156.72999572753906
2023-12-26 00:00:00+00:00,156.72999572753906,156.9499969482422,156.5709991455078,156.875
2023-12-26 08:00:00+00:00,156.87600708007812,157.22799682617188,156.7480010986328,157.20700073242188
2023-12-26 16:00:00+00:00,157.2100067138672,157.36399841308594,157.0800018310547,157.3300018310547
2023-12-27 00:00:00+00:00,157.33399963378906,157.7779998779297,157.14599609375,157.6529998779297
2023-12-27 08:00:00+00:00,157.6510009765625,158.38499450683594,157.2790069580078,157.9499969482422
2023-12-27 16:00:00+00:00,157.9510040283203,158.03799438476562,157.0500030517578,157.09300231933594
2023-12-28 00:00:00+00:00,157.1179962158203,157.4720001220703,156.49600219726562,156.552001953125
2023-12-28 08:00:00+00:00,156.55599975585938,156.8179931640625,155.8280029296875,156.47900390625
2023-12-28 16:00:00+00:00,156.4770050048828,156.8419952392578,156.18600463867188,156.53900146484375
2023-12-29 00:00:00+00:00,156.552001953125,156.947998046875,156.27099609375,156.49099731445312
2023-12-29 08:00:00+00:00,156.49200439453125,156.89199829101562,155.66600036621094,155.76699829101562
2023-12-29 16:00:00+00:00,155.77000427246094,155.94500732421875,155.5709991455078,155.67999267578125
2023-12-30 00:00:00+00:00,,,,
2023-12-30 08:00:00+00:00,,,,
2023-12-30 16:00:00+00:00,,,,
2023-12-31 00:00:00+00:00,,,,
2023-12-31 08:00:00+00:00,,,,
2023-12-31 16:00:00+00:00,,,,
2024-01-01 00:00:00+00:00,,,,
2024-01-01 08:00:00+00:00,,,,
2024-01-01 16:00:00+00:00,155.59500122070312,155.76600646972656,155.38999938964844,155.75399780273438
2024-01-02 00:00:00+00:00,155.73500061035156,156.18800354003906,155.72900390625,155.9219970703125
2024-01-02 08:00:00+00:00,155.92599487304688,156.33599853515625,155.06300354003906,155.32400512695312
2024-01-02 16:00:00+00:00,155.33200073242188,155.54800415039062,155.1929931640625,155.54299926757812
2024-01-03 00:00:00+00:00,155.55799865722656,156.13999938964844,155.322998046875,156.09500122070312
2024-01-03 08:00:00+00:00,156.16099548339844,156.71400451660156,155.78599548339844,156.58900451660156
2024-01-03 16:00:00+00:00,156.58099365234375,156.78399658203125,156.1999969482422,156.22900390625
2024-01-04 00:00:00+00:00,156.23599243164062,157.18699645996094,156.06700134277344,156.8260040283203
2024-01-04 08:00:00+00:00,156.8249969482422,158.58599853515625,156.78599548339844,158.48599243164062
2024-01-04 16:00:00+00:00,158.48500061035156,158.49899291992188,158.06900024414062,158.4739990234375
2024-01-05 00:00:00+00:00,158.4759979248047,158.8300018310547,158.20700073242188,158.4720001220703
2024-01-05 08:00:00+00:00,158.4720001220703,158.99400329589844,158.04200744628906,158.2310028076172
2024-01-05 16:00:00+00:00,158.2310028076172,158.5780029296875,158.1439971923828,158.1999969482422
2024-01-06 00:00:00+00:00,,,,
2024-01-06 08:00:00+00:00,,,,
2024-01-06 16:00:00+00:00,,,,
2024-01-07 00:00:00+00:00,,,,
2024-01-07 08:00:00+00:00,,,,
2024-01-07 16:00:00+00:00,,,,
2024-01-08 00:00:00+00:00,158.3419952392578,158.48399353027344,157.71499633789062,158.06199645996094
2024-01-08 08:00:00+00:00,158.06300354003906,158.3719940185547,157.71299743652344,157.88999938964844
2024-01-08 16:00:00+00:00,157.88800048828125,158.0709991455078,157.67999267578125,157.89700317382812
2024-01-09 00:00:00+00:00,157.9199981689453,157.98199462890625,157.22300720214844,157.84100341796875
2024-01-09 08:00:00+00:00,157.84300231933594,157.91600036621094,157.1999969482422,157.5540008544922
2024-01-09 16:00:00+00:00,157.55499267578125,157.9949951171875,157.50100708007812,157.88600158691406
2024-01-10 00:00:00+00:00,157.88699340820312,158.60000610351562,157.87399291992188,158.36300659179688
2024-01-10 08:00:00+00:00,158.3679962158203,159.72999572753906,158.33700561523438,159.69700622558594
2024-01-10 16:00:00+00:00,159.69700622558594,160.0019989013672,159.6009979248047,159.9250030517578
2024-01-11 00:00:00+00:00,159.91700744628906,159.98300170898438,159.5050048828125,159.63600158691406
2024-01-11 08:00:00+00:00,159.63800048828125,160.17999267578125,159.40199279785156,159.76400756835938
2024-01-11 16:00:00+00:00,159.76300048828125,159.97799682617188,159.07400512695312,159.33799743652344
2024-01-12 00:00:00+00:00,159.34800720214844,159.56700134277344,159.01600646972656,159.177001953125
2024-01-12 08:00:00+00:00,159.16900634765625,159.2949981689453,158.53799438476562,158.6909942626953
2024-01-12 16:00:00+00:00,158.6909942626953,158.87399291992188,158.552001953125,158.6840057373047
2024-01-13 00:00:00+00:00,,,,
2024-01-13 08:00:00+00:00,,,,
2024-01-13 16:00:00+00:00,,,,
2024-01-14 00:00:00+00:00,,,,
2024-01-14 08:00:00+00:00,,,,
2024-01-14 16:00:00+00:00,,,,
2024-01-15 00:00:00+00:00,158.86099243164062,159.50799560546875,158.80799865722656,159.31900024414062
2024-01-15 08:00:00+00:00,159.3159942626953,159.8300018310547,159.2740020751953,159.63299560546875
2024-01-15 16:00:00+00:00,159.63499450683594,159.69500732421875,159.4409942626953,159.55999755859375
2024-01-16 00:00:00+00:00,159.56399536132812,159.718994140625,159.23599243164062,159.5780029296875
2024-01-16 08:00:00+00:00,159.5780029296875,159.843994140625,159.31300354003906,159.69400024414062
2024-01-16 16:00:00+00:00,159.69400024414062,160.2209930419922,159.68800354003906,160.18299865722656
2024-01-17 00:00:00+00:00,160.17799377441406,160.8509979248047,160.01499938964844,160.73399353027344
2024-01-17 08:00:00+00:00,160.73500061035156,161.1699981689453,160.44000244140625,161.04800415039062
2024-01-17 16:00:00+00:00,161.0469970703125,161.29200744628906,161.0,161.2480010986328
2024-01-18 00:00:00+00:00,161.25599670410156,161.38299560546875,160.90499877929688,160.91299438476562
2024-01-18 08:00:00+00:00,160.91000366210938,161.12600708007812,160.63999938964844,160.7989959716797
2024-01-18 16:00:00+00:00,160.7969970703125,161.16200256347656,160.77699279785156,161.15699768066406
2024-01-19 00:00:00+00:00,161.15499877929688,161.86399841308594,160.9709930419922,161.30499267578125
2024-01-19 08:00:00+00:00,161.30599975585938,161.4739990234375,160.80799865722656,161.17300415039062
2024-01-19 16:00:00+00:00,161.17100524902344,161.5070037841797,161.13600158691406,161.4429931640625
2024-01-20 00:00:00+00:00,,,,
2024-01-20 08:00:00+00:00,,,,
2024-01-20 16:00:00+00:00,,,,
2024-01-21 00:00:00+00:00,,,,
2024-01-21 08:00:00+00:00,,,,
2024-01-21 16:00:00+00:00,,,,
2024-01-22 00:00:00+00:00,161.33399963378906,161.51699829101562,161.08900451660156,161.322998046875
2024-01-22 08:00:00+00:00,161.32400512695312,161.49099731445312,160.75,160.9340057373047
2024-01-22 16:00:00+00:00,160.93499755859375,161.3509979248047,160.9320068359375,161.1320037841797
2024-01-23 00:00:00+00:00,161.13699340820312,161.70700073242188,160.41299438476562,160.98599243164062
2024-01-23 08:00:00+00:00,160.98699951171875,161.08099365234375,160.47900390625,160.8159942626953
2024-01-23 16:00:00+00:00,160.81500244140625,161.08700561523438,160.7830047607422,160.96099853515625
2024-01-24 00:00:00+00:00,160.9499969482422,160.96400451660156,160.47900390625,160.70199584960938
2024-01-24 08:00:00+00:00,160.7050018310547,160.89599609375,159.9759979248047,160.17599487304688
2024-01-24 16:00:00+00:00,160.17799377441406,160.718994140625,160.13400268554688,160.58999633789062
2024-01-25 00:00:00+00:00,160.5919952392578,160.86399841308594,160.53799438476562,160.7779998779297
2024-01-25 08:00:00+00:00,160.77699279785156,160.968994140625,159.69200134277344,159.84800720214844
2024-01-25 16:00:00+00:00,159.8470001220703,160.27999877929688,159.7740020751953,160.22900390625
2024-01-26 00:00:00+00:00,160.21200561523438,160.30799865722656,159.8249969482422,159.8800048828125
2024-01-26 08:00:00+00:00,159.8820037841797,160.9239959716797,159.85800170898438,160.86900329589844
2024-01-26 16:00:00+00:00,160.8699951171875,160.8769989013672,160.68299865722656,160.81700134277344
2024-01-27 00:00:00+00:00,,,,
2024-01-27 08:00:00+00:00,,,,
2024-01-27 16:00:00+00:00,,,,
2024-01-28 00:00:00+00:00,,,,
2024-01-28 08:00:00+00:00,,,,
2024-01-28 16:00:00+00:00,,,,
2024-01-29 00:00:00+00:00,160.65899658203125,160.83599853515625,160.1269989013672,160.17100524902344
2024-01-29 08:00:00+00:00,160.1699981689453,160.29600524902344,159.41299438476562,159.43800354003906
2024-01-29 16:00:00+00:00,159.43699645996094,159.8280029296875,159.4199981689453,159.78700256347656
2024-01-30 00:00:00+00:00,159.78199768066406,159.78799438476562,159.21099853515625,159.33599853515625
2024-01-30 08:00:00+00:00,159.33200073242188,160.28799438476562,159.33200073242188,160.21800231933594
2024-01-30 16:00:00+00:00,160.218994140625,160.33799743652344,159.77999877929688,159.78500366210938
2024-01-31 00:00:00+00:00,159.75599670410156,159.9759979248047,159.552001953125,159.6999969482422
2024-01-31 08:00:00+00:00,159.70399475097656,160.26800537109375,158.73599243164062,158.77000427246094
2024-01-31 16:00:00+00:00,158.7729949951172,159.23899841308594,158.55599975585938,158.8520050048828
2024-02-01 00:00:00+00:00,158.82400512695312,158.89999389648438,158.39999389648438,158.447998046875
2024-02-01 08:00:00+00:00,158.4530029296875,159.14500427246094,158.0749969482422,158.40199279785156
2024-02-01 16:00:00+00:00,158.4040069580078,159.30799865722656,158.31700134277344,159.25100708007812
2024-02-02 00:00:00+00:00,159.26300048828125,159.57899475097656,159.0399932861328,159.53599548339844
2024-02-02 08:00:00+00:00,159.53599548339844,160.1739959716797,159.3699951171875,160.17300415039062
2024-02-02 16:00:00+00:00,160.1739959716797,160.25999450683594,159.9239959716797,160.05299377441406
2024-02-03 00:00:00+00:00,,,,
2024-02-03 08:00:00+00:00,,,,
2024-02-03 16:00:00+00:00,,,,
2024-02-04 00:00:00+00:00,,,,
2024-02-04 08:00:00+00:00,,,,
2024-02-04 16:00:00+00:00,,,,
2024-02-05 00:00:00+00:00,160.08799743652344,160.27200317382812,159.7830047607422,160.05999755859375
2024-02-05 08:00:00+00:00,160.06199645996094,160.18299865722656,159.37899780273438,159.66900634765625
2024-02-05 16:00:00+00:00,159.66799926757812,159.76400756835938,159.531005859375,159.66900634765625
2024-02-06 00:00:00+00:00,159.68099975585938,159.79100036621094,159.49200439453125,159.67599487304688
2024-02-06 08:00:00+00:00,159.677001953125,159.86599731445312,159.0070037841797,159.09800720214844
2024-02-06 16:00:00+00:00,159.09800720214844,159.20399475097656,158.8979949951172,158.9969940185547
2024-02-07 00:00:00+00:00,159.00900268554688,159.33099365234375,158.9969940185547,159.24000549316406
2024-02-07 08:00:00+00:00,159.23899841308594,159.73300170898438,159.0540008544922,159.14100646972656
2024-02-07 16:00:00+00:00,159.14100646972656,159.64999389648438,159.1060028076172,159.5659942626953
2024-02-08 00:00:00+00:00,159.57400512695312,160.47799682617188,159.45899963378906,160.33900451660156
2024-02-08 08:00:00+00:00,160.34100341796875,160.81700134277344,160.15199279785156,160.8090057373047
2024-02-08 16:00:00+00:00,160.80999755859375,160.99000549316406,160.7480010986328,160.87600708007812
2024-02-09 00:00:00+00:00,160.8730010986328,161.0970001220703,160.8249969482422,161.05599975585938
2024-02-09 08:00:00+00:00,161.0570068359375,161.25999450683594,160.76600646972656,161.06700134277344
2024-02-09 16:00:00+00:00,161.06700134277344,161.1510009765625,160.8990020751953,160.97799682617188
2024-02-10 00:00:00+00:00,,,,
2024-02-10 08:00:00+00:00,,,,
2024-02-10 16:00:00+00:00,,,,
2024-02-11 00:00:00+00:00,,,,
2024-02-11 08:00:00+00:00,,,,
2024-02-11 16:00:00+00:00,,,,
2024-02-12 00:00:00+00:00,161.0780029296875,161.0970001220703,160.94200134277344,161.0709991455078
2024-02-12 08:00:00+00:00,161.07000732421875,161.08900451660156,160.37600708007812,160.92799377441406
2024-02-12 16:00:00+00:00,160.9290008544922,161.0570068359375,160.6999969482422,160.9290008544922
2024-02-13 00:00:00+00:00,160.9320068359375,161.2519989013672,160.7779998779297,161.12100219726562
2024-02-13 08:00:00+00:00,161.1199951171875,161.39199829101562,160.7740020751953,161.38400268554688
2024-02-13 16:00:00+00:00,161.38299560546875,161.63099670410156,161.23300170898438,161.4040069580078
2024-02-14 00:00:00+00:00,161.39500427246094,161.44200134277344,161.01199340820312,161.0919952392578
2024-02-14 08:00:00+00:00,161.09100341796875,161.531005859375,160.9499969482422,161.47900390625
2024-02-14 16:00:00+00:00,161.47799682617188,161.5850067138672,161.30499267578125,161.58200073242188
2024-02-15 00:00:00+00:00,161.57699584960938,161.57699584960938,161.01499938964844,161.2100067138672
2024-02-15 08:00:00+00:00,161.20799255371094,161.63499450683594,160.91200256347656,161.4720001220703
2024-02-15 16:00:00+00:00,161.4739990234375,161.64500427246094,161.32699584960938,161.54299926757812
2024-02-16 00:00:00+00:00,161.5449981689453,161.79400634765625,161.50799560546875,161.66000366210938
2024-02-16 08:00:00+00:00,161.6580047607422,161.89300537109375,161.64300537109375,161.8179931640625
2024-02-16 16:00:00+00:00,161.8179931640625,161.9510040283203,161.75,161.8699951171875
2024-02-17 00:00:00+00:00,,,,
2024-02-17 08:00:00+00:00,,,,
2024-02-17 16:00:00+00:00,,,,
2024-02-18 00:00:00+00:00,,,,
2024-02-18 08:00:00+00:00,,,,
2024-02-18 16:00:00+00:00,,,,
2024-02-19 00:00:00+00:00,161.91700744628906,161.91700744628906,161.5500030517578,161.71200561523438
2024-02-19 08:00:00+00:00,161.71200561523438,161.76400756835938,161.4720001220703,161.67999267578125
2024-02-19 16:00:00+00:00,161.6790008544922,161.93499755859375,161.60800170898438,161.91400146484375
2024-02-20 00:00:00+00:00,161.927001953125,162.04600524902344,161.72799682617188,161.93299865722656
2024-02-20 08:00:00+00:00,161.92799377441406,162.36000061035156,161.89100646972656,162.10800170898438
2024-02-20 16:00:00+00:00,162.10499572753906,162.1999969482422,162.0,162.13699340820312
2024-02-21 00:00:00+00:00,162.12600708007812,162.343994140625,162.072998046875,162.33599853515625
2024-02-21 08:00:00+00:00,162.3350067138672,162.46400451660156,161.93099975585938,162.36300659179688
2024-02-21 16:00:00+00:00,162.36199951171875,162.72900390625,162.3350067138672,162.67799377441406
2024-02-22 00:00:00+00:00,162.67999267578125,162.96800231933594,162.6719970703125,162.94500732421875
2024-02-22 08:00:00+00:00,162.94500732421875,163.46299743652344,162.64500427246094,162.70399475097656
2024-02-22 16:00:00+00:00,162.6999969482422,162.9949951171875,162.6820068359375,162.89199829101562
2024-02-23 00:00:00+00:00,162.88999938964844,163.08999633789062,162.78599548339844,163.03900146484375
2024-02-23 08:00:00+00:00,163.04299926757812,163.2050018310547,162.7270050048828,162.88099670410156
2024-02-23 16:00:00+00:00,162.88099670410156,162.91400146484375,162.67999267578125,162.8300018310547
2024-02-24 00:00:00+00:00,,,,
2024-02-24 08:00:00+00:00,,,,
2024-02-24 16:00:00+00:00,,,,
2024-02-25 00:00:00+00:00,,,,
2024-02-25 08:00:00+00:00,,,,
2024-02-25 16:00:00+00:00,,,,
2024-02-26 00:00:00+00:00,162.8209991455078,162.99600219726562,162.55599975585938,162.9709930419922
2024-02-26 08:00:00+00:00,162.97000122070312,163.5970001220703,162.8520050048828,163.5709991455078
2024-02-26 16:00:00+00:00,163.57200622558594,163.71600341796875,163.3090057373047,163.36199951171875
2024-02-27 00:00:00+00:00,163.3719940185547,163.37899780273438,163.21200561523438,163.22000122070312
2024-02-27 08:00:00+00:00,163.22300720214844,163.23399353027344,162.88800048828125,163.1739959716797
2024-02-27 16:00:00+00:00,163.17599487304688,163.37899780273438,163.0709991455078,163.16700744628906
2024-02-28 00:00:00+00:00,163.16900634765625,163.21400451660156,162.9759979248047,163.14300537109375
2024-02-28 08:00:00+00:00,163.1439971923828,163.40699768066406,162.75,163.38800048828125
2024-02-28 16:00:00+00:00,163.38800048828125,163.40199279785156,163.11199951171875,163.28399658203125
2024-02-29 00:00:00+00:00,163.28199768066406,163.28799438476562,162.04200744628906,162.06199645996094
2024-02-29 08:00:00+00:00,162.06199645996094,162.74200439453125,161.67799377441406,161.94900512695312
2024-02-29 16:00:00+00:00,161.947998046875,162.2530059814453,161.79400634765625,162.17300415039062
2024-03-01 00:00:00+00:00,162.1580047607422,162.7519989013672,162.14999389648438,162.7220001220703
2024-03-01 08:00:00+00:00,162.72300720214844,163.0070037841797,162.33399963378906,162.656005859375
2024-03-01 16:00:00+00:00,162.6510009765625,162.76300048828125,162.57400512695312,162.7030029296875
2024-03-02 00:00:00+00:00,,,,
2024-03-02 08:00:00+00:00,,,,
2024-03-02 16:00:00+00:00,,,,
2024-03-03 00:00:00+00:00,,,,
2024-03-03 08:00:00+00:00,,,,
2024-03-03 16:00:00+00:00,,,,
2024-03-04 00:00:00+00:00,162.7689971923828,163.1739959716797,162.52999877929688,163.13900756835938
2024-03-04 08:00:00+00:00,163.13499450683594,163.48399353027344,162.7689971923828,163.47000122070312
2024-03-04 16:00:00+00:00,163.47000122070312,163.5189971923828,163.2050018310547,163.32200622558594
2024-03-05 00:00:00+00:00,163.30099487304688,163.36500549316406,163.02099609375,163.1479949951172
2024-03-05 08:00:00+00:00,163.14700317382812,163.27999877929688,162.69400024414062,163.0500030517578
2024-03-05 16:00:00+00:00,163.05099487304688,163.16200256347656,162.60400390625,162.86500549316406
2024-03-06 00:00:00+00:00,162.88499450683594,162.89199829101562,162.20700073242188,162.41799926757812
2024-03-06 08:00:00+00:00,162.42100524902344,162.9600067138672,162.41600036621094,162.87600708007812
2024-03-06 16:00:00+00:00,162.88499450683594,162.947998046875,162.625,162.66900634765625
2024-03-07 00:00:00+00:00,162.68299865722656,162.68699645996094,161.1529998779297,161.156005859375
2024-03-07 08:00:00+00:00,161.16099548339844,161.9530029296875,160.5489959716797,161.91400146484375
2024-03-07 16:00:00+00:00,161.91200256347656,162.13600158691406,161.7480010986328,161.90699768066406
2024-03-08 00:00:00+00:00,161.91799926757812,162.1699981689453,161.58099365234375,161.68499755859375
2024-03-08 08:00:00+00:00,161.6840057373047,161.781005859375,160.61500549316406,161.156005859375
2024-03-08 16:00:00+00:00,161.1580047607422,161.22500610351562,160.7050018310547,160.86900329589844
2024-03-09 00:00:00+00:00,,,,
2024-03-09 08:00:00+00:00,,,,
2024-03-09 16:00:00+00:00,,,,
2024-03-10 00:00:00+00:00,,,,
2024-03-10 08:00:00+00:00,,,,
2024-03-10 16:00:00+00:00,,,,
2024-03-11 00:00:00+00:00,160.63600158691406,160.90499877929688,160.36900329589844,160.57200622558594
2024-03-11 08:00:00+00:00,160.5679931640625,160.71400451660156,160.2100067138672,160.47300720214844
2024-03-11 16:00:00+00:00,160.4720001220703,160.61199951171875,160.3280029296875,160.38400268554688
2024-03-12 00:00:00+00:00,160.38800048828125,161.4340057373047,160.2740020751953,161.05799865722656
2024-03-12 08:00:00+00:00,161.06399536132812,161.5959930419922,160.8699951171875,161.2530059814453
2024-03-12 16:00:00+00:00,161.24899291992188,161.3820037841797,161.18699645996094,161.32699584960938
2024-03-13 00:00:00+00:00,161.30099487304688,161.47000122070312,160.8939971923828,161.36399841308594
2024-03-13 08:00:00+00:00,161.36099243164062,161.9459991455078,161.322998046875,161.6699981689453
2024-03-13 16:00:00+00:00,161.67300415039062,161.8780059814453,161.55599975585938,161.6999969482422
2024-03-14 00:00:00+00:00,161.65499877929688,161.91000366210938,161.5500030517578,161.69900512695312
2024-03-14 08:00:00+00:00,161.697998046875,161.80799865722656,161.10000610351562,161.34100341796875
2024-03-14 16:00:00+00:00,161.3419952392578,161.51600646972656,161.2469940185547,161.39199829101562
2024-03-15 00:00:00+00:00,161.38699340820312,161.67799377441406,161.06300354003906,161.65699768066406
2024-03-15 08:00:00+00:00,161.65499877929688,162.38699340820312,161.6540069580078,162.3730010986328
2024-03-15 16:00:00+00:00,162.3719940185547,162.4029998779297,162.1750030517578,162.322998046875
2024-03-16 00:00:00+00:00,,,,
2024-03-16 08:00:00+00:00,,,,
2024-03-16 16:00:00+00:00,,,,
2024-03-17 00:00:00+00:00,,,,
2024-03-17 08:00:00+00:00,,,,
2024-03-17 16:00:00+00:00,,,,
2024-03-18 00:00:00+00:00,162.11599731445312,162.6479949951172,162.093994140625,162.42799377441406
2024-03-18 08:00:00+00:00,162.43299865722656,162.6820068359375,162.28199768066406,162.33799743652344
2024-03-18 16:00:00+00:00,162.34300231933594,162.36900329589844,161.96400451660156,162.18899536132812
2024-03-19 00:00:00+00:00,162.18699645996094,163.49200439453125,162.0279998779297,163.10400390625
2024-03-19 08:00:00+00:00,163.1020050048828,163.7550048828125,162.9499969482422,163.67300415039062
2024-03-19 16:00:00+00:00,163.67300415039062,164.11399841308594,163.656005859375,164.0659942626953
2024-03-20 00:00:00+00:00,164.03199768066406,164.74000549316406,164.00999450683594,164.5919952392578
2024-03-20 08:00:00+00:00,164.5919952392578,164.62100219726562,164.2519989013672,164.6199951171875
2024-03-20 16:00:00+00:00,164.6199951171875,165.3509979248047,164.2989959716797,164.86500549316406
2024-03-21 00:00:00+00:00,164.8699951171875,165.26800537109375,164.33900451660156,165.25900268554688
2024-03-21 08:00:00+00:00,165.26199340820312,165.33700561523438,164.55599975585938,164.63600158691406
2024-03-21 16:00:00+00:00,164.63499450683594,164.83299255371094,164.5279998779297,164.71499633789062
2024-03-22 00:00:00+00:00,164.7010040283203,164.81500244140625,163.75900268554688,163.89999389648438
2024-03-22 08:00:00+00:00,163.89999389648438,164.0679931640625,163.47799682617188,163.69200134277344
2024-03-22 16:00:00+00:00,163.68800354003906,163.71099853515625,163.55499267578125,163.68600463867188
2024-03-23 00:00:00+00:00,,,,
2024-03-23 08:00:00+00:00,,,,
2024-03-23 16:00:00+00:00,,,,
2024-03-24 00:00:00+00:00,,,,
2024-03-24 08:00:00+00:00,,,,
2024-03-24 16:00:00+00:00,,,,
2024-03-25 00:00:00+00:00,163.5229949951172,163.7689971923828,163.30499267578125,163.63299560546875
2024-03-25 08:00:00+00:00,163.6320037841797,164.11199951171875,163.5500030517578,164.08599853515625
2024-03-25 16:00:00+00:00,164.08700561523438,164.20700073242188,163.93899536132812,164.04400634765625
2024-03-26 00:00:00+00:00,164.0489959716797,164.24200439453125,163.97500610351562,164.06300354003906
2024-03-26 08:00:00+00:00,164.06199645996094,164.406005859375,163.95799255371094,164.1320037841797
2024-03-26 16:00:00+00:00,164.1320037841797,164.18800354003906,163.94400024414062,164.03199768066406
2024-03-27 00:00:00+00:00,164.02099609375,164.48599243164062,163.906005859375,164.12899780273438
2024-03-27 08:00:00+00:00,164.1320037841797,164.38400268554688,163.4320068359375,163.6479949951172
2024-03-27 16:00:00+00:00,163.6439971923828,163.88699340820312,163.51100158691406,163.53799438476562
2024-03-28 00:00:00+00:00,163.531005859375,163.90699768066406,163.45199584960938,163.50900268554688
2024-03-28 08:00:00+00:00,163.50900268554688,163.6300048828125,163.1280059814453,163.41600036621094
2024-03-28 16:00:00+00:00,163.41700744628906,163.4770050048828,163.13999938964844,163.38800048828125
2024-03-29 00:00:00+00:00,163.3979949951172,163.42999267578125,162.9219970703125,162.94400024414062
2024-03-29 08:00:00+00:00,162.947998046875,163.38600158691406,162.9290008544922,163.16299438476562
2024-03-29 16:00:00+00:00,163.16600036621094,163.41200256347656,163.0749969482422,163.34100341796875
2024-03-30 00:00:00+00:00,,,,
2024-03-30 08:00:00+00:00,,,,
2024-03-30 16:00:00+00:00,,,,
2024-03-31 00:00:00+00:00,,,,
2024-03-31 08:00:00+00:00,,,,
2024-03-31 16:00:00+00:00,163.25999450683594,163.42300415039062,163.23899841308594,163.40899658203125
2024-04-01 00:00:00+00:00,163.40699768066406,163.4219970703125,163.13999938964844,163.23599243164062
2024-04-01 08:00:00+00:00,163.23599243164062,163.3780059814453,162.8300018310547,162.83399963378906
2024-04-01 16:00:00+00:00,162.83599853515625,162.95599365234375,162.74200439453125,162.76800537109375
2024-04-02 00:00:00+00:00,162.77099609375,162.9499969482422,162.6060028076172,162.9199981689453
2024-04-02 08:00:00+00:00,162.92599487304688,163.33200073242188,162.61399841308594,163.1999969482422
2024-04-02 16:00:00+00:00,163.19900512695312,163.28599548339844,163.08299255371094,163.17999267578125
2024-04-03 00:00:00+00:00,163.1820068359375,163.4409942626953,163.06199645996094,163.36199951171875
2024-04-03 08:00:00+00:00,163.36000061035156,164.32200622558594,163.3520050048828,164.21200561523438
2024-04-03 16:00:00+00:00,164.21400451660156,164.38800048828125,164.1699981689453,164.28399658203125
2024-04-04 00:00:00+00:00,164.2830047607422,164.70199584960938,164.2469940185547,164.68800354003906
2024-04-04 08:00:00+00:00,164.68699645996094,164.91299438476562,164.6199951171875,164.77499389648438
2024-04-04 16:00:00+00:00,164.77699279785156,164.7969970703125,163.78799438476562,163.947998046875
2024-04-05 00:00:00+00:00,163.94700622558594,164.0489959716797,163.47900390625,164.031005859375
2024-04-05 08:00:00+00:00,164.03199768066406,164.43699645996094,163.69900512695312,164.3280029296875
2024-04-05 16:00:00+00:00,164.3260040283203,164.3520050048828,164.1699981689453,164.32200622558594
2024-04-06 00:00:00+00:00,,,,
2024-04-06 08:00:00+00:00,,,,
2024-04-06 16:00:00+00:00,,,,
2024-04-07 00:00:00+00:00,,,,
2024-04-07 08:00:00+00:00,,,,
2024-04-07 16:00:00+00:00,164.2469940185547,164.3000030517578,164.2259979248047,164.26699829101562
2024-04-08 00:00:00+00:00,164.26800537109375,164.5659942626953,164.18699645996094,164.50399780273438
2024-04-08 08:00:00+00:00,164.5050048828125,164.8459930419922,164.36000061035156,164.7259979248047
2024-04-08 16:00:00+00:00,164.72500610351562,164.98599243164062,164.5970001220703,164.91900634765625
2024-04-09 00:00:00+00:00,164.91900634765625,164.98500061035156,164.8260040283203,164.86000061035156
2024-04-09 08:00:00+00:00,164.86099243164062,165.1699981689453,164.53900146484375,164.70899963378906
2024-04-09 16:00:00+00:00,164.7100067138672,164.82200622558594,164.59100341796875,164.8070068359375
2024-04-10 00:00:00+00:00,164.80799865722656,164.8280029296875,164.6439971923828,164.8260040283203
2024-04-10 08:00:00+00:00,164.8249969482422,164.98800659179688,163.9080047607422,164.16400146484375
2024-04-10 16:00:00+00:00,164.16299438476562,164.60000610351562,164.02499389648438,164.2830047607422
2024-04-11 00:00:00+00:00,164.28599548339844,164.53599548339844,164.12899780273438,164.51300048828125
2024-04-11 08:00:00+00:00,164.51100158691406,164.6959991455078,163.9320068359375,164.23199462890625
2024-04-11 16:00:00+00:00,164.2310028076172,164.44200134277344,164.1929931640625,164.31399536132812
2024-04-12 00:00:00+00:00,164.31300354003906,164.3939971923828,163.60899353027344,163.72999572753906
2024-04-12 08:00:00+00:00,163.7310028076172,163.73300170898438,162.2689971923828,163.02000427246094
2024-04-12 16:00:00+00:00,163.0240020751953,163.14500427246094,162.82200622558594,163.13999938964844
2024-04-13 00:00:00+00:00,,,,
2024-04-13 08:00:00+00:00,,,,
2024-04-13 16:00:00+00:00,,,,
2024-04-14 00:00:00+00:00,,,,
2024-04-14 08:00:00+00:00,,,,
2024-04-14 16:00:00+00:00,163.2310028076172,163.2469940185547,163.1300048828125,163.20399475097656
2024-04-15 00:00:00+00:00,163.20799255371094,164.1230010986328,163.1719970703125,164.0290069580078
2024-04-15 08:00:00+00:00,164.02999877929688,164.43600463867188,163.6269989013672,164.17799377441406
2024-04-15 16:00:00+00:00,164.17999267578125,164.24400329589844,163.74600219726562,163.84500122070312
2024-04-16 00:00:00+00:00,163.843994140625,164.09100341796875,163.67300415039062,163.92599487304688
2024-04-16 08:00:00+00:00,163.927001953125,164.67300415039062,163.76800537109375,164.27699279785156
2024-04-16 16:00:00+00:00,164.2760009765625,164.4239959716797,164.0760040283203,164.3000030517578
2024-04-17 00:00:00+00:00,164.3040008544922,164.4929962158203,163.92100524902344,164.2760009765625
2024-04-17 08:00:00+00:00,164.27699279785156,164.74400329589844,164.26100158691406,164.55499267578125
2024-04-17 16:00:00+00:00,164.5540008544922,164.80799865722656,164.22999572753906,164.66299438476562
2024-04-18 00:00:00+00:00,164.66099548339844,164.89300537109375,164.35299682617188,164.77099609375
2024-04-18 08:00:00+00:00,164.77000427246094,164.9510040283203,164.53900146484375,164.81300354003906
2024-04-18 16:00:00+00:00,164.81199645996094,164.8419952392578,164.45599365234375,164.5399932861328
2024-04-19 00:00:00+00:00,164.54100036621094,164.67100524902344,163.01300048828125,164.593994140625
2024-04-19 08:00:00+00:00,164.59100341796875,165.02200317382812,164.30299377441406,164.66700744628906
2024-04-19 16:00:00+00:00,164.66600036621094,164.8159942626953,164.48800659179688,164.7480010986328
2024-04-20 00:00:00+00:00,,,,
2024-04-20 08:00:00+00:00,,,,
2024-04-20 16:00:00+00:00,,,,
2024-04-21 00:00:00+00:00,,,,
2024-04-21 08:00:00+00:00,,,,
2024-04-21 16:00:00+00:00,164.8280029296875,164.83299255371094,164.73800659179688,164.80099487304688
2024-04-22 00:00:00+00:00,164.8000030517578,165.1020050048828,164.7010040283203,164.83399963378906
2024-04-22 08:00:00+00:00,164.83599853515625,164.9530029296875,164.39700317382812,164.78399658203125
2024-04-22 16:00:00+00:00,164.78599548339844,165.0290069580078,164.77999877929688,164.92999267578125
2024-04-23 00:00:00+00:00,164.9320068359375,165.60499572753906,164.6199951171875,165.33999633789062
2024-04-23 08:00:00+00:00,165.34300231933594,165.73599243164062,164.91400146484375,165.5679931640625
2024-04-23 16:00:00+00:00,165.55999755859375,165.73699951171875,165.42999267578125,165.61300659179688
2024-04-24 00:00:00+00:00,165.61500549316406,165.8459930419922,165.447998046875,165.552001953125
2024-04-24 08:00:00+00:00,165.55799865722656,165.88499450683594,165.37899780273438,165.75900268554688
2024-04-24 16:00:00+00:00,165.75999450683594,166.31900024414062,165.6739959716797,166.13600158691406
2024-04-25 00:00:00+00:00,166.13900756835938,166.98300170898438,166.13600158691406,166.8489990234375
2024-04-25 08:00:00+00:00,166.8520050048828,167.01800537109375,165.93099975585938,166.72799682617188
2024-04-25 16:00:00+00:00,166.72799682617188,167.08599853515625,166.6820068359375,166.91900634765625
2024-04-26 00:00:00+00:00,166.91600036621094,168.25900268554688,166.66400146484375,168.12399291992188
2024-04-26 08:00:00+00:00,168.1199951171875,168.47999572753906,166.4550018310547,168.41400146484375
2024-04-26 16:00:00+00:00,168.40899658203125,169.39199829101562,168.38999938964844,169.3040008544922
2024-04-27 00:00:00+00:00,,,,
2024-04-27 08:00:00+00:00,,,,
2024-04-27 16:00:00+00:00,,,,
2024-04-28 00:00:00+00:00,,,,
2024-04-28 08:00:00+00:00,,,,
2024-04-28 16:00:00+00:00,169.29200744628906,169.43499755859375,169.29100036621094,169.36000061035156
2024-04-29 00:00:00+00:00,169.35699462890625,171.5850067138672,165.6230010986328,166.6959991455078
2024-04-29 08:00:00+00:00,166.69900512695312,167.9770050048828,166.218994140625,167.91600036621094
2024-04-29 16:00:00+00:00,167.9149932861328,167.99600219726562,166.34800720214844,167.41000366210938
2024-04-30 00:00:00+00:00,167.406005859375,168.05499267578125,167.21299743652344,167.81900024414062
2024-04-30 08:00:00+00:00,167.82200622558594,168.66799926757812,167.65199279785156,168.2169952392578
2024-04-30 16:00:00+00:00,168.2169952392578,168.4250030517578,168.02099609375,168.27000427246094
2024-05-01 00:00:00+00:00,168.26699829101562,168.41299438476562,168.1269989013672,168.33900451660156
2024-05-01 08:00:00+00:00,168.33900451660156,168.64100646972656,168.21099853515625,168.3769989013672
2024-05-01 16:00:00+00:00,168.3769989013672,168.66299438476562,164.01400756835938,166.90199279785156
2024-05-02 00:00:00+00:00,166.8979949951172,167.38099670410156,166.33399963378906,166.63600158691406
2024-05-02 08:00:00+00:00,166.64199829101562,166.71200561523438,164.32000732421875,164.63400268554688
2024-05-02 16:00:00+00:00,164.6320037841797,165.0070037841797,164.031005859375,164.31900024414062
2024-05-03 00:00:00+00:00,164.31700134277344,164.63400268554688,164.00399780273438,164.56700134277344
2024-05-03 08:00:00+00:00,164.56399536132812,164.78799438476562,164.1230010986328,164.6199951171875
2024-05-03 16:00:00+00:00,164.61700439453125,164.71099853515625,164.46200561523438,164.64199829101562
2024-05-04 00:00:00+00:00,,,,
2024-05-04 08:00:00+00:00,,,,
2024-05-04 16:00:00+00:00,,,,
2024-05-05 00:00:00+00:00,,,,
2024-05-05 08:00:00+00:00,,,,
2024-05-05 16:00:00+00:00,164.91200256347656,165.3459930419922,164.8000030517578,165.3090057373047
2024-05-06 00:00:00+00:00,165.302001953125,165.7469940185547,165.08599853515625,165.51199340820312
2024-05-06 08:00:00+00:00,165.50999450683594,165.98899841308594,165.46499633789062,165.83299255371094
2024-05-06 16:00:00+00:00,165.83399963378906,166.11599731445312,165.60000610351562,166.07200622558594
2024-05-07 00:00:00+00:00,166.07200622558594,166.4720001220703,165.80799865722656,165.89700317382812
2024-05-07 08:00:00+00:00,165.8979949951172,166.56700134277344,165.63499450683594,166.43800354003906
2024-05-07 16:00:00+00:00,166.43899536132812,166.4929962158203,166.156005859375,166.36700439453125
2024-05-08 00:00:00+00:00,166.37399291992188,166.91799926757812,166.29600524902344,166.79800415039062
2024-05-08 08:00:00+00:00,166.79800415039062,167.343994140625,166.72999572753906,167.1540069580078
2024-05-08 16:00:00+00:00,167.15199279785156,167.25599670410156,166.9409942626953,166.9739990234375
2024-05-09 00:00:00+00:00,166.97300720214844,167.32000732421875,166.7310028076172,167.27999877929688
2024-05-09 08:00:00+00:00,167.2790069580078,167.7480010986328,167.0760040283203,167.6750030517578
2024-05-09 16:00:00+00:00,167.67300415039062,167.74000549316406,167.4080047607422,167.53399658203125
2024-05-10 00:00:00+00:00,167.53799438476562,167.9530029296875,167.5,167.84500122070312
2024-05-10 08:00:00+00:00,167.8470001220703,167.96600341796875,167.6719970703125,167.8800048828125
2024-05-10 16:00:00+00:00,167.8820037841797,167.94000244140625,167.7050018310547,167.76300048828125
2024-05-11 00:00:00+00:00,,,,
2024-05-11 08:00:00+00:00,,,,
2024-05-11 16:00:00+00:00,,,,
2024-05-12 00:00:00+00:00,,,,
2024-05-12 08:00:00+00:00,,,,
2024-05-12 16:00:00+00:00,167.82000732421875,167.86300659179688,167.79299926757812,167.83599853515625
2024-05-13 00:00:00+00:00,167.83399963378906,168.0279998779297,167.49600219726562,167.97000122070312
2024-05-13 08:00:00+00:00,167.9709930419922,168.62399291992188,167.9010009765625,168.593994140625
2024-05-13 16:00:00+00:00,168.593994140625,168.656005859375,168.36599731445312,168.60000610351562
2024-05-14 00:00:00+00:00,168.60000610351562,168.86399841308594,168.56700134277344,168.7760009765625
2024-05-14 08:00:00+00:00,168.7740020751953,169.35400390625,168.5469970703125,169.3090057373047
2024-05-14 16:00:00+00:00,169.30999755859375,169.33900451660156,169.09800720214844,169.2570037841797
2024-05-15 00:00:00+00:00,169.25799560546875,169.3990020751953,168.91799926757812,168.98800659179688
2024-05-15 08:00:00+00:00,168.98399353027344,169.0260009765625,168.02499389648438,168.3520050048828
2024-05-15 16:00:00+00:00,168.3520050048828,168.6540069580078,167.85800170898438,168.0030059814453
2024-05-16 00:00:00+00:00,168.0070037841797,168.2449951171875,167.32400512695312,167.91600036621094
2024-05-16 08:00:00+00:00,167.9080047607422,168.86000061035156,167.8280029296875,168.83799743652344
2024-05-16 16:00:00+00:00,168.83599853515625,168.9219970703125,168.718994140625,168.8800048828125
2024-05-17 00:00:00+00:00,168.88299560546875,169.28599548339844,168.77099609375,169.20199584960938
2024-05-17 08:00:00+00:00,169.20199584960938,169.2220001220703,168.8179931640625,169.08900451660156
2024-05-17 16:00:00+00:00,169.08399963378906,169.322998046875,169.04400634765625,169.23300170898438
2024-05-18 00:00:00+00:00,,,,
2024-05-18 08:00:00+00:00,,,,
2024-05-18 16:00:00+00:00,,,,
2024-05-19 00:00:00+00:00,,,,
2024-05-19 08:00:00+00:00,,,,
2024-05-19 16:00:00+00:00,169.2469940185547,169.4290008544922,169.22900390625,169.3520050048828
2024-05-20 00:00:00+00:00,169.35000610351562,169.5780029296875,169.05999755859375,169.32400512695312
2024-05-20 08:00:00+00:00,169.3249969482422,169.69900512695312,169.11500549316406,169.5240020751953
2024-05-20 16:00:00+00:00,169.5260009765625,169.8560028076172,169.47500610351562,169.8509979248047
2024-05-21 00:00:00+00:00,169.8509979248047,169.93800354003906,169.48899841308594,169.73599243164062
2024-05-21 08:00:00+00:00,169.73599243164062,169.88900756835938,169.21299743652344,169.41000366210938
2024-05-21 16:00:00+00:00,169.4080047607422,169.68299865722656,169.36099243164062,169.61300659179688
2024-05-22 00:00:00+00:00,169.6179962158203,169.9239959716797,169.5449981689453,169.81199645996094
2024-05-22 08:00:00+00:00,169.81100463867188,169.822998046875,169.42999267578125,169.58200073242188
2024-05-22 16:00:00+00:00,169.58200073242188,169.7239990234375,169.3769989013672,169.66200256347656
2024-05-23 00:00:00+00:00,169.66299438476562,169.875,169.28500366210938,169.7469940185547
2024-05-23 08:00:00+00:00,169.7519989013672,170.32000732421875,169.71299743652344,170.0290069580078
2024-05-23 16:00:00+00:00,170.0290069580078,170.05599975585938,169.4669952392578,169.7310028076172
2024-05-24 00:00:00+00:00,169.7310028076172,170.01800537109375,169.6179962158203,169.9980010986328
2024-05-24 08:00:00+00:00,169.9980010986328,170.49600219726562,169.93499755859375,170.25900268554688
2024-05-24 16:00:00+00:00,170.25799560546875,170.33399963378906,170.1739959716797,170.2740020751953
2024-05-25 00:00:00+00:00,,,,
2024-05-25 08:00:00+00:00,,,,
2024-05-25 16:00:00+00:00,,,,
2024-05-26 00:00:00+00:00,,,,
2024-05-26 08:00:00+00:00,,,,
2024-05-26 16:00:00+00:00,170.1959991455078,170.21400451660156,170.12100219726562,170.13800048828125
2024-05-27 00:00:00+00:00,170.13800048828125,170.2969970703125,169.95899963378906,170.2469940185547
2024-05-27 08:00:00+00:00,170.2469940185547,170.4980010986328,170.0260009765625,170.3459930419922
2024-05-27 16:00:00+00:00,170.34800720214844,170.4499969482422,170.19200134277344,170.34500122070312
2024-05-28 00:00:00+00:00,170.34500122070312,170.7030029296875,170.29200744628906,170.6529998779297
2024-05-28 08:00:00+00:00,170.656005859375,170.73899841308594,170.3000030517578,170.68499755859375
2024-05-28 16:00:00+00:00,170.6820068359375,170.79600524902344,170.45899963378906,170.656005859375
2024-05-29 00:00:00+00:00,170.6580047607422,170.79400634765625,170.23199462890625,170.53900146484375
2024-05-29 08:00:00+00:00,170.5399932861328,170.7550048828125,170.16600036621094,170.40699768066406
2024-05-29 16:00:00+00:00,170.40699768066406,170.5570068359375,170.14999389648438,170.25100708007812
2024-05-30 00:00:00+00:00,170.2480010986328,170.2519989013672,169.05999755859375,169.6580047607422
2024-05-30 08:00:00+00:00,169.65899658203125,169.947998046875,169.37399291992188,169.73800659179688
2024-05-30 16:00:00+00:00,169.73399353027344,170.0399932861328,169.68899536132812,170.03700256347656
2024-05-31 00:00:00+00:00,170.03900146484375,170.08700561523438,169.4409942626953,170.06900024414062
2024-05-31 08:00:00+00:00,170.06900024414062,170.74200439453125,170.03799438476562,170.48800659179688
2024-05-31 16:00:00+00:00,170.48699951171875,170.6959991455078,170.43899536132812,170.6529998779297
2024-06-01 00:00:00+00:00,,,,
2024-06-01 08:00:00+00:00,,,,
2024-06-01 16:00:00+00:00,,,,
2024-06-02 00:00:00+00:00,,,,
2024-06-02 08:00:00+00:00,,,,
2024-06-02 16:00:00+00:00,170.6750030517578,170.69000244140625,170.52000427246094,170.5800018310547
2024-06-03 00:00:00+00:00,170.5760040283203,170.88800048828125,170.30599975585938,170.33099365234375
2024-06-03 08:00:00+00:00,170.33099365234375,170.33799743652344,169.71499633789062,169.91600036621094
2024-06-03 16:00:00+00:00,169.91600036621094,170.4250030517578,169.82200622558594,170.2469940185547
2024-06-04 00:00:00+00:00,170.25100708007812,170.7259979248047,169.1840057373047,169.2169952392578
2024-06-04 08:00:00+00:00,169.2169952392578,169.23899841308594,167.99600219726562,168.4600067138672
2024-06-04 16:00:00+00:00,168.46200561523438,168.83999633789062,168.2239990234375,168.79200744628906
2024-06-05 00:00:00+00:00,168.7899932861328,169.85499572753906,168.76400756835938,169.74600219726562
2024-06-05 08:00:00+00:00,169.75,170.01300048828125,169.50900268554688,169.71600341796875
2024-06-05 16:00:00+00:00,169.7169952392578,169.8040008544922,169.4040069580078,169.53799438476562
2024-06-06 00:00:00+00:00,169.53900146484375,170.0260009765625,169.20399475097656,170.00100708007812
2024-06-06 08:00:00+00:00,170.00100708007812,170.2899932861328,169.61599731445312,169.73599243164062
2024-06-06 16:00:00+00:00,169.73300170898438,169.83099365234375,169.2969970703125,169.5570068359375
2024-06-07 00:00:00+00:00,169.55599975585938,169.8260040283203,168.93699645996094,169.2899932861328
2024-06-07 08:00:00+00:00,169.2899932861328,169.96800231933594,169.0659942626953,169.22300720214844
2024-06-07 16:00:00+00:00,169.22000122070312,169.34300231933594,169.11900329589844,169.34300231933594
2024-06-08 00:00:00+00:00,,,,
2024-06-08 08:00:00+00:00,,,,
2024-06-08 16:00:00+00:00,,,,
2024-06-09 00:00:00+00:00,,,,
2024-06-09 08:00:00+00:00,,,,
2024-06-09 16:00:00+00:00,169.093994140625,169.11599731445312,168.98699951171875,169.0330047607422
2024-06-10 00:00:00+00:00,169.031005859375,169.21499633789062,168.70399475097656,169.0
2024-06-10 08:00:00+00:00,169.00100708007812,169.06700134277344,168.29800415039062,168.70199584960938
2024-06-10 16:00:00+00:00,168.70399475097656,169.13499450683594,168.7030029296875,169.0279998779297
2024-06-11 00:00:00+00:00,169.02999877929688,169.4219970703125,169.0229949951172,169.35800170898438
2024-06-11 08:00:00+00:00,169.35899353027344,169.3780059814453,168.29400634765625,168.84500122070312
2024-06-11 16:00:00+00:00,168.843994140625,168.9949951171875,168.58200073242188,168.73599243164062
2024-06-12 00:00:00+00:00,168.73599243164062,169.01600646972656,168.65499877929688,168.9720001220703
2024-06-12 08:00:00+00:00,168.97300720214844,169.39300537109375,168.7449951171875,169.00999450683594
2024-06-12 16:00:00+00:00,169.00799560546875,169.61199951171875,168.86599731445312,169.5449981689453
2024-06-13 00:00:00+00:00,169.54600524902344,170.13499450683594,169.4340057373047,170.07899475097656
2024-06-13 08:00:00+00:00,170.0800018310547,170.08399963378906,168.5800018310547,168.61300659179688
2024-06-13 16:00:00+00:00,168.61099243164062,168.76600646972656,168.27499389648438,168.7050018310547
2024-06-14 00:00:00+00:00,168.70599365234375,169.7969970703125,168.447998046875,168.8260040283203
2024-06-14 08:00:00+00:00,168.8280029296875,168.9459991455078,167.5189971923828,168.2740020751953
2024-06-14 16:00:00+00:00,168.2729949951172,168.57899475097656,168.18299865722656,168.4530029296875
2024-06-15 00:00:00+00:00,,,,
2024-06-15 08:00:00+00:00,,,,
2024-06-15 16:00:00+00:00,,,,
2024-06-16 00:00:00+00:00,,,,
2024-06-16 08:00:00+00:00,,,,
2024-06-16 16:00:00+00:00,168.6439971923828,168.74200439453125,168.5590057373047,168.62399291992188
2024-06-17 00:00:00+00:00,168.6230010986328,168.70399475097656,167.95399475097656,168.59100341796875
2024-06-17 08:00:00+00:00,168.58399963378906,169.28599548339844,168.56199645996094,169.20399475097656
2024-06-17 16:00:00+00:00,169.2010040283203,169.38800048828125,169.1199951171875,169.35899353027344
2024-06-18 00:00:00+00:00,169.36000061035156,169.70399475097656,168.9600067138672,169.56399536132812
2024-06-18 08:00:00+00:00,169.56399536132812,169.91200256347656,169.13699340820312,169.46600341796875
2024-06-18 16:00:00+00:00,169.46600341796875,169.57200622558594,169.33900451660156,169.52099609375
2024-06-19 00:00:00+00:00,169.5279998779297,169.57699584960938,169.12399291992188,169.36599731445312
2024-06-19 08:00:00+00:00,169.36599731445312,169.83299255371094,169.33200073242188,169.76199340820312
2024-06-19 16:00:00+00:00,169.75999450683594,169.89199829101562,169.5959930419922,169.7550048828125
2024-06-20 00:00:00+00:00,169.7519989013672,169.91400146484375,169.63999938964844,169.74000549316406
2024-06-20 08:00:00+00:00,169.73800659179688,170.3159942626953,169.61599731445312,170.0019989013672
2024-06-20 16:00:00+00:00,170.0019989013672,170.17999267578125,169.9600067138672,170.15199279785156
2024-06-21 00:00:00+00:00,170.1529998779297,170.447998046875,169.32000732421875,169.52999877929688
2024-06-21 08:00:00+00:00,169.5290069580078,170.56199645996094,169.4510040283203,170.50799560546875
2024-06-21 16:00:00+00:00,170.51199340820312,170.906005859375,170.42599487304688,170.8820037841797
2024-06-22 00:00:00+00:00,,,,
2024-06-22 08:00:00+00:00,,,,
2024-06-22 16:00:00+00:00,,,,
2024-06-23 00:00:00+00:00,,,,
2024-06-23 08:00:00+00:00,,,,
2024-06-23 16:00:00+00:00,170.79400634765625,170.9320068359375,170.76699829101562,170.89100646972656
2024-06-24 00:00:00+00:00,170.88699340820312,171.10299682617188,170.5989990234375,171.06700134277344
2024-06-24 08:00:00+00:00,171.06399536132812,171.39599609375,170.26199340820312,171.32000732421875
2024-06-24 16:00:00+00:00,171.3249969482422,171.44400024414062,171.19900512695312,171.38499450683594
2024-06-25 00:00:00+00:00,171.38600158691406,171.39300537109375,170.87399291992188,171.07699584960938
2024-06-25 08:00:00+00:00,171.0760040283203,171.23500061035156,170.6999969482422,170.9199981689453
2024-06-25 16:00:00+00:00,170.92300415039062,171.13699340820312,170.91400146484375,171.02099609375
2024-06-26 00:00:00+00:00,171.02099609375,171.3419952392578,170.84800720214844,170.99099731445312
2024-06-26 08:00:00+00:00,170.99099731445312,171.79299926757812,170.9080047607422,171.63900756835938
2024-06-26 16:00:00+00:00,171.63800048828125,171.79800415039062,171.49200439453125,171.54200744628906
2024-06-27 00:00:00+00:00,171.54600524902344,171.718994140625,171.37899780273438,171.625
2024-06-27 08:00:00+00:00,171.6230010986328,172.16200256347656,171.4720001220703,172.05799865722656
2024-06-27 16:00:00+00:00,172.05999755859375,172.15199279785156,171.96200561523438,172.07200622558594
2024-06-28 00:00:00+00:00,172.0749969482422,172.38499450683594,171.99600219726562,172.13999938964844
2024-06-28 08:00:00+00:00,172.13800048828125,172.43899536132812,171.447998046875,172.32400512695312
2024-06-28 16:00:00+00:00,172.32200622558594,172.44000244140625,172.18800354003906,172.38299560546875
2024-06-29 00:00:00+00:00,,,,
2024-06-29 08:00:00+00:00,,,,
2024-06-29 16:00:00+00:00,,,,
2024-06-30 00:00:00+00:00,,,,
2024-06-30 08:00:00+00:00,,,,
2024-06-30 16:00:00+00:00,172.65699768066406,172.75999450683594,172.6320037841797,172.7480010986328
2024-07-01 00:00:00+00:00,172.7469940185547,173.4709930419922,172.6790008544922,173.1580047607422
2024-07-01 08:00:00+00:00,173.15699768066406,173.67100524902344,173.0709991455078,173.2989959716797
2024-07-01 16:00:00+00:00,173.29800415039062,173.48599243164062,173.21800231933594,173.40199279785156
2024-07-02 00:00:00+00:00,173.4029998779297,173.5970001220703,173.11500549316406,173.26499938964844
2024-07-02 08:00:00+00:00,173.26300048828125,173.48599243164062,173.0800018310547,173.4239959716797
2024-07-02 16:00:00+00:00,173.42599487304688,173.59800720214844,173.34100341796875,173.56500244140625
2024-07-03 00:00:00+00:00,173.5659942626953,174.1840057373047,173.52000427246094,174.05799865722656
2024-07-03 08:00:00+00:00,174.052001953125,174.51300048828125,173.8520050048828,174.37399291992188
2024-07-03 16:00:00+00:00,174.3769989013672,174.47000122070312,174.0989990234375,174.3679962158203
2024-07-04 00:00:00+00:00,174.36700439453125,174.39199829101562,173.94000244140625,174.0919952392578
2024-07-04 08:00:00+00:00,174.0919952392578,174.26300048828125,173.7969970703125,174.20399475097656
2024-07-04 16:00:00+00:00,174.2050018310547,174.4669952392578,174.1790008544922,174.42999267578125
2024-07-05 00:00:00+00:00,174.4320068359375,174.468994140625,173.70899963378906,174.09500122070312
2024-07-05 08:00:00+00:00,174.09300231933594,174.5,173.70399475097656,174.0330047607422
2024-07-05 16:00:00+00:00,174.03500366210938,174.3159942626953,174.0030059814453,174.22999572753906
2024-07-06 00:00:00+00:00,,,,
2024-07-06 08:00:00+00:00,,,,
2024-07-06 16:00:00+00:00,,,,
2024-07-07 00:00:00+00:00,,,,
2024-07-07 08:00:00+00:00,,,,
2024-07-07 16:00:00+00:00,174.0189971923828,174.0659942626953,173.85000610351562,173.89599609375
2024-07-08 00:00:00+00:00,173.8979949951172,174.44000244140625,173.51100158691406,174.36099243164062
2024-07-08 08:00:00+00:00,174.36300659179688,174.63099670410156,173.9149932861328,174.19700622558594
2024-07-08 16:00:00+00:00,174.19500732421875,174.23800659179688,173.9459991455078,174.21299743652344
2024-07-09 00:00:00+00:00,174.21499633789062,174.45199584960938,174.01300048828125,174.0780029296875
2024-07-09 08:00:00+00:00,174.0749969482422,174.58900451660156,174.01400756835938,174.51300048828125
2024-07-09 16:00:00+00:00,174.51300048828125,174.52000427246094,174.21099853515625,174.46200561523438
2024-07-10 00:00:00+00:00,174.46400451660156,174.76699829101562,174.4499969482422,174.6750030517578
2024-07-10 08:00:00+00:00,174.66900634765625,175.12100219726562,174.59300231933594,175.03399658203125
2024-07-10 16:00:00+00:00,175.0399932861328,175.15499877929688,174.8939971923828,175.06399536132812
2024-07-11 00:00:00+00:00,175.06300354003906,175.3090057373047,174.9739990234375,175.20899963378906
2024-07-11 08:00:00+00:00,175.2050018310547,175.4239959716797,171.53500366210938,172.37600708007812
2024-07-11 16:00:00+00:00,172.3780059814453,173.2729949951172,171.4929962158203,172.1219940185547
2024-07-12 00:00:00+00:00,172.11399841308594,173.24899291992188,171.77499389648438,173.16200256347656
2024-07-12 08:00:00+00:00,173.16000366210938,173.43099975585938,171.4459991455078,172.13099670410156
2024-07-12 16:00:00+00:00,172.13900756835938,172.3350067138672,172.00799560546875,172.21200561523438
2024-07-13 00:00:00+00:00,,,,
2024-07-13 08:00:00+00:00,,,,
2024-07-13 16:00:00+00:00,,,,
2024-07-14 00:00:00+00:00,,,,
2024-07-14 08:00:00+00:00,,,,
2024-07-14 16:00:00+00:00,172.3800048828125,172.43600463867188,172.19900512695312,172.30299377441406
2024-07-15 00:00:00+00:00,172.3000030517578,172.40699768066406,171.8699951171875,172.0749969482422
2024-07-15 08:00:00+00:00,172.07200622558594,172.55499267578125,172.0469970703125,172.28599548339844
2024-07-15 16:00:00+00:00,172.28799438476562,172.43600463867188,171.54200744628906,172.35499572753906
2024-07-16 00:00:00+00:00,172.35299682617188,172.91900634765625,172.2689971923828,172.74600219726562
2024-07-16 08:00:00+00:00,172.74600219726562,172.88800048828125,172.36199951171875,172.5970001220703
2024-07-16 16:00:00+00:00,172.593994140625,172.6790008544922,172.4530029296875,172.64199829101562
2024-07-17 00:00:00+00:00,172.64199829101562,172.8260040283203,171.31500244140625,171.33299255371094
2024-07-17 08:00:00+00:00,171.33799743652344,171.41700744628906,170.73300170898438,171.16000366210938
2024-07-17 16:00:00+00:00,171.16099548339844,171.19000244140625,169.97999572753906,170.30999755859375
2024-07-18 00:00:00+00:00,170.3040008544922,171.1840057373047,170.07200622558594,170.79600524902344
2024-07-18 08:00:00+00:00,170.79800415039062,171.37600708007812,170.66600036621094,171.29400634765625
2024-07-18 16:00:00+00:00,171.29299926757812,171.57200622558594,171.18299865722656,171.32400512695312
2024-07-19 00:00:00+00:00,171.3159942626953,171.87100219726562,170.9080047607422,171.28199768066406
2024-07-19 08:00:00+00:00,171.27499389648438,171.718994140625,170.96499633789062,171.36900329589844
2024-07-19 16:00:00+00:00,171.36000061035156,171.427001953125,171.21400451660156,171.32000732421875
2024-07-20 00:00:00+00:00,,,,
2024-07-20 08:00:00+00:00,,,,
2024-07-20 16:00:00+00:00,,,,
2024-07-21 00:00:00+00:00,,,,
2024-07-21 08:00:00+00:00,,,,
2024-07-21 16:00:00+00:00,171.4149932861328,171.5760040283203,171.3070068359375,171.5679931640625
2024-07-22 00:00:00+00:00,171.5659942626953,171.65699768066406,170.0540008544922,170.71800231933594
2024-07-22 08:00:00+00:00,170.718994140625,170.968994140625,170.4340057373047,170.906005859375
2024-07-22 16:00:00+00:00,170.90499877929688,171.14999389648438,170.7480010986328,170.84500122070312
2024-07-23 00:00:00+00:00,170.8459930419922,170.87399291992188,169.62100219726562,169.70599365234375
2024-07-23 08:00:00+00:00,169.7050018310547,169.7779998779297,169.13900756835938,169.34800720214844
2024-07-23 16:00:00+00:00,169.35000610351562,169.38900756835938,168.73300170898438,168.99200439453125
2024-07-24 00:00:00+00:00,168.9929962158203,169.20199584960938,167.31399536132812,167.39500427246094
2024-07-24 08:00:00+00:00,167.3979949951172,167.8939971923828,166.13499450683594,166.45700073242188
2024-07-24 16:00:00+00:00,166.45799255371094,166.98800659179688,166.39599609375,166.822998046875
2024-07-25 00:00:00+00:00,166.80999755859375,166.86500549316406,164.8800048828125,165.10800170898438
2024-07-25 08:00:00+00:00,165.11000061035156,167.3699951171875,164.8209991455078,167.218994140625
2024-07-25 16:00:00+00:00,167.21499633789062,167.58799743652344,166.41600036621094,166.78399658203125
2024-07-26 00:00:00+00:00,166.77999877929688,167.32400512695312,166.46499633789062,166.98500061035156
2024-07-26 08:00:00+00:00,166.98500061035156,168.01199340820312,166.31199645996094,167.07200622558594
2024-07-26 16:00:00+00:00,167.07200622558594,167.13299560546875,166.8249969482422,166.96400451660156
2024-07-27 00:00:00+00:00,,,,
2024-07-27 08:00:00+00:00,,,,
2024-07-27 16:00:00+00:00,,,,
2024-07-28 00:00:00+00:00,,,,
2024-07-28 08:00:00+00:00,,,,
2024-07-28 16:00:00+00:00,167.1999969482422,167.3800048828125,167.13499450683594,167.28599548339844
2024-07-29 00:00:00+00:00,167.28599548339844,167.51400756835938,166.26800537109375,166.58799743652344
2024-07-29 08:00:00+00:00,166.58799743652344,166.81399536132812,166.2310028076172,166.5659942626953
2024-07-29 16:00:00+00:00,166.57000732421875,166.74000549316406,166.38999938964844,166.43499755859375
2024-07-30 00:00:00+00:00,166.42599487304688,167.947998046875,166.17799377441406,167.54800415039062
2024-07-30 08:00:00+00:00,167.5590057373047,167.86900329589844,166.0679931640625,166.15199279785156
2024-07-30 16:00:00+00:00,166.1580047607422,166.3000030517578,164.83900451660156,165.10699462890625
2024-07-31 00:00:00+00:00,165.10400390625,166.53799438476562,163.00599670410156,163.25900268554688
2024-07-31 08:00:00+00:00,163.26400756835938,163.3719940185547,162.19900512695312,162.76199340820312
2024-07-31 16:00:00+00:00,162.7530059814453,163.4219970703125,162.00799560546875,162.1199951171875
2024-08-01 00:00:00+00:00,162.12600708007812,162.53599548339844,160.87600708007812,161.86000061035156
2024-08-01 08:00:00+00:00,161.85899353027344,162.88699340820312,161.17300415039062,161.8939971923828
2024-08-01 16:00:00+00:00,161.89500427246094,162.0290069580078,160.64500427246094,160.94000244140625
2024-08-02 00:00:00+00:00,160.94000244140625,161.59100341796875,160.36700439453125,161.20599365234375
2024-08-02 08:00:00+00:00,161.2050018310547,161.5590057373047,159.69700622558594,160.4010009765625
2024-08-02 16:00:00+00:00,160.40199279785156,160.80799865722656,159.7779998779297,159.85699462890625
2024-08-03 00:00:00+00:00,,,,
2024-08-03 08:00:00+00:00,,,,
2024-08-03 16:00:00+00:00,,,,
2024-08-04 00:00:00+00:00,,,,
2024-08-04 08:00:00+00:00,,,,
2024-08-04 16:00:00+00:00,159.5760040283203,159.625,158.45199584960938,158.83700561523438
2024-08-05 00:00:00+00:00,158.83599853515625,159.19700622558594,154.39300537109375,157.0850067138672
2024-08-05 08:00:00+00:00,157.0850067138672,157.87399291992188,155.15899658203125,157.718994140625
2024-08-05 16:00:00+00:00,157.718994140625,159.67799377441406,157.01499938964844,159.64700317382812
2024-08-06 00:00:00+00:00,159.65199279785156,160.2270050048828,158.0659942626953,158.7570037841797
2024-08-06 08:00:00+00:00,158.7530059814453,158.85400390625,157.28799438476562,158.53900146484375
2024-08-06 16:00:00+00:00,158.5399932861328,158.9080047607422,157.51600646972656,158.13800048828125
2024-08-07 00:00:00+00:00,158.13699340820312,161.4290008544922,157.94500732421875,160.2100067138672
2024-08-07 08:00:00+00:00,160.21099853515625,161.44000244140625,160.0959930419922,161.04600524902344
2024-08-07 16:00:00+00:00,161.0540008544922,161.1439971923828,159.16000366210938,159.85800170898438
2024-08-08 00:00:00+00:00,159.84300231933594,160.51600646972656,158.947998046875,159.58700561523438
2024-08-08 08:00:00+00:00,159.5850067138672,160.7220001220703,159.43800354003906,160.52699279785156
2024-08-08 16:00:00+00:00,160.52499389648438,161.3769989013672,160.4459991455078,161.20899963378906
2024-08-09 00:00:00+00:00,161.20700073242188,161.2689971923828,160.21600341796875,160.78399658203125
2024-08-09 08:00:00+00:00,160.7830047607422,160.9010009765625,159.79800415039062,160.03900146484375
2024-08-09 16:00:00+00:00,160.03799438476562,160.24899291992188,159.94000244140625,160.0959930419922
2024-08-10 00:00:00+00:00,,,,
2024-08-10 08:00:00+00:00,,,,
2024-08-10 16:00:00+00:00,,,,
2024-08-11 00:00:00+00:00,,,,
2024-08-11 08:00:00+00:00,,,,
2024-08-11 16:00:00+00:00,160.406005859375,160.57000732421875,160.3280029296875,160.4929962158203
2024-08-12 00:00:00+00:00,160.49200439453125,160.9250030517578,160.18899536132812,160.79200744628906
2024-08-12 08:00:00+00:00,160.79299926757812,161.95399475097656,160.76100158691406,161.23300170898438
2024-08-12 16:00:00+00:00,161.24000549316406,161.24400329589844,160.63699340820312,160.7830047607422
2024-08-13 00:00:00+00:00,160.7830047607422,161.7969970703125,160.68699645996094,161.60499572753906
2024-08-13 08:00:00+00:00,161.60400390625,161.60499572753906,160.6840057373047,160.98399353027344
2024-08-13 16:00:00+00:00,160.98300170898438,161.6479949951172,160.85299682617188,161.56900024414062
2024-08-14 00:00:00+00:00,161.5709991455078,162.24600219726562,160.58200073242188,162.2270050048828
2024-08-14 08:00:00+00:00,162.2209930419922,162.58399963378906,161.59800720214844,161.89300537109375
2024-08-14 16:00:00+00:00,161.89199829101562,162.3820037841797,161.76499938964844,162.16600036621094
2024-08-15 00:00:00+00:00,162.16700744628906,162.45399475097656,161.93699645996094,162.12600708007812
2024-08-15 08:00:00+00:00,162.1300048828125,163.72799682617188,162.0500030517578,163.58599853515625
2024-08-15 16:00:00+00:00,163.58700561523438,163.8780059814453,163.47999572753906,163.73899841308594
2024-08-16 00:00:00+00:00,163.73899841308594,163.7779998779297,163.343994140625,163.69200134277344
2024-08-16 08:00:00+00:00,163.69000244140625,163.74400329589844,162.28900146484375,162.88600158691406
2024-08-16 16:00:00+00:00,162.88499450683594,162.99000549316406,162.6269989013672,162.7760009765625
2024-08-17 00:00:00+00:00,,,,
2024-08-17 08:00:00+00:00,,,,
2024-08-17 16:00:00+00:00,,,,
2024-08-18 00:00:00+00:00,,,,
2024-08-18 08:00:00+00:00,,,,
2024-08-18 16:00:00+00:00,163.01400756835938,163.19700622558594,162.9709930419922,163.1179962158203
2024-08-19 00:00:00+00:00,163.1219940185547,163.20599365234375,160.4149932861328,161.33799743652344
2024-08-19 08:00:00+00:00,161.33999633789062,162.29600524902344,161.07200622558594,162.0760040283203
2024-08-19 16:00:00+00:00,162.0780029296875,162.77499389648438,162.052001953125,162.6320037841797
2024-08-20 00:00:00+00:00,162.63400268554688,163.1909942626953,161.69400024414062,162.47799682617188
2024-08-20 08:00:00+00:00,162.47999572753906,162.4969940185547,161.69900512695312,161.79600524902344
2024-08-20 16:00:00+00:00,161.79800415039062,161.8679962158203,161.3419952392578,161.70899963378906
2024-08-21 00:00:00+00:00,161.7100067138672,162.4720001220703,161.34800720214844,162.42300415039062
2024-08-21 08:00:00+00:00,162.427001953125,163.03799438476562,161.6479949951172,161.78599548339844
2024-08-21 16:00:00+00:00,161.7830047607422,162.01800537109375,161.39500427246094,161.88299560546875
2024-08-22 00:00:00+00:00,161.8820037841797,162.3470001220703,161.46600341796875,161.74200439453125
2024-08-22 08:00:00+00:00,161.7519989013672,162.9080047607422,161.7429962158203,162.22000122070312
2024-08-22 16:00:00+00:00,162.22000122070312,162.7480010986328,162.20399475097656,162.52499389648438
2024-08-23 00:00:00+00:00,162.5240020751953,162.6219940185547,161.6790008544922,162.14500427246094
2024-08-23 08:00:00+00:00,162.14999389648438,162.70899963378906,161.85699462890625,161.88800048828125
2024-08-23 16:00:00+00:00,161.88800048828125,162.01199340820312,161.19900512695312,161.6269989013672
2024-08-24 00:00:00+00:00,,,,
2024-08-24 08:00:00+00:00,,,,
2024-08-24 16:00:00+00:00,,,,
2024-08-25 00:00:00+00:00,,,,
2024-08-25 08:00:00+00:00,,,,
2024-08-25 16:00:00+00:00,161.02999877929688,161.11599731445312,160.64700317382812,161.03599548339844
2024-08-26 00:00:00+00:00,161.03599548339844,161.24400329589844,160.56500244140625,160.8699951171875
2024-08-26 08:00:00+00:00,160.8679962158203,161.46600341796875,160.4969940185547,161.32400512695312
2024-08-26 16:00:00+00:00,161.32000732421875,161.47799682617188,161.0500030517578,161.3280029296875
2024-08-27 00:00:00+00:00,161.32899475097656,162.11900329589844,161.2779998779297,161.8730010986328
2024-08-27 08:00:00+00:00,161.8719940185547,162.1739959716797,160.90199279785156,160.9949951171875
2024-08-27 16:00:00+00:00,160.99600219726562,161.1999969482422,160.68899536132812,160.90499877929688
2024-08-28 00:00:00+00:00,160.9040069580078,161.3699951171875,160.83700561523438,161.27499389648438
2024-08-28 08:00:00+00:00,161.27099609375,161.31399536132812,160.44400024414062,160.73399353027344
2024-08-28 16:00:00+00:00,160.73500061035156,160.9340057373047,160.4239959716797,160.67300415039062
2024-08-29 00:00:00+00:00,160.67799377441406,161.26600646972656,160.52099609375,161.08299255371094
2024-08-29 08:00:00+00:00,161.0800018310547,161.25399780273438,160.02099609375,160.71499633789062
2024-08-29 16:00:00+00:00,160.71400451660156,160.7429962158203,160.31300354003906,160.531005859375
2024-08-30 00:00:00+00:00,160.53599548339844,160.82400512695312,160.18600463867188,160.63600158691406
2024-08-30 08:00:00+00:00,160.63800048828125,161.44000244140625,160.55099487304688,161.4219970703125
2024-08-30 16:00:00+00:00,161.41900634765625,161.6300048828125,161.3179931640625,161.49600219726562
2024-08-31 00:00:00+00:00,,,,
2024-08-31 08:00:00+00:00,,,,
2024-08-31 16:00:00+00:00,,,,
2024-09-01 00:00:00+00:00,,,,
2024-09-01 08:00:00+00:00,,,,
2024-09-01 16:00:00+00:00,161.75900268554688,161.9219970703125,161.6510009765625,161.68899536132812
2024-09-02 00:00:00+00:00,161.69200134277344,162.11000061035156,161.02200317382812,162.0970001220703
2024-09-02 08:00:00+00:00,162.0919952392578,162.88699340820312,162.08799743652344,162.63900756835938
2024-09-02 16:00:00+00:00,162.64199829101562,162.6790008544922,162.35499572753906,162.40699768066406
2024-09-03 00:00:00+00:00,162.4080047607422,162.79600524902344,161.3179931640625,161.35699462890625
2024-09-03 08:00:00+00:00,161.3560028076172,161.4739990234375,160.49400329589844,161.01800537109375
2024-09-03 16:00:00+00:00,161.02000427246094,161.10400390625,160.30999755859375,160.6009979248047
2024-09-04 00:00:00+00:00,160.60299682617188,160.88999938964844,159.95399475097656,160.28799438476562
2024-09-04 08:00:00+00:00,160.28500366210938,160.5970001220703,159.5970001220703,159.90199279785156
2024-09-04 16:00:00+00:00,159.9029998779297,159.95899963378906,158.6929931640625,158.81500244140625
2024-09-05 00:00:00+00:00,158.81700134277344,159.4499969482422,158.5500030517578,159.2220001220703
2024-09-05 08:00:00+00:00,159.2209930419922,159.7899932861328,158.60800170898438,159.13900756835938
2024-09-05 16:00:00+00:00,159.13999938964844,159.4010009765625,158.97000122070312,159.3179931640625
2024-09-06 00:00:00+00:00,159.3179931640625,159.34800720214844,157.91000366210938,158.4219970703125
2024-09-06 08:00:00+00:00,158.42300415039062,159.62600708007812,157.45899963378906,157.5800018310547
2024-09-06 16:00:00+00:00,157.5780029296875,158.02999877929688,157.48300170898438,157.7209930419922
2024-09-07 00:00:00+00:00,,,,
2024-09-07 08:00:00+00:00,,,,
2024-09-07 16:00:00+00:00,,,,
2024-09-08 00:00:00+00:00,,,,
2024-09-08 08:00:00+00:00,,,,
2024-09-08 16:00:00+00:00,157.593994140625,158.02499389648438,157.54299926757812,157.9739990234375
2024-09-09 00:00:00+00:00,157.97000122070312,158.50100708007812,157.9219970703125,158.31900024414062
2024-09-09 08:00:00+00:00,158.3179931640625,158.72799682617188,157.47500610351562,157.8090057373047
2024-09-09 16:00:00+00:00,157.80799865722656,158.16600036621094,157.6540069580078,158.0050048828125
2024-09-10 00:00:00+00:00,158.0050048828125,158.53599548339844,157.90199279785156,158.4949951171875
2024-09-10 08:00:00+00:00,158.49400329589844,158.63400268554688,156.8560028076172,156.87399291992188
2024-09-10 16:00:00+00:00,156.8719940185547,157.1719970703125,156.718994140625,156.73599243164062
2024-09-11 00:00:00+00:00,156.73699951171875,156.96499633789062,155.48800659179688,156.10499572753906
2024-09-11 08:00:00+00:00,156.10400390625,156.97500610351562,155.45700073242188,156.0679931640625
2024-09-11 16:00:00+00:00,156.0659942626953,157.1009979248047,156.05599975585938,157.04800415039062
2024-09-12 00:00:00+00:00,157.05799865722656,157.51199340820312,156.61599731445312,157.1580047607422
2024-09-12 08:00:00+00:00,157.16000366210938,157.49000549316406,156.5279998779297,157.0399932861328
2024-09-12 16:00:00+00:00,157.03700256347656,157.5030059814453,156.6719970703125,156.78199768066406
2024-09-13 00:00:00+00:00,156.7779998779297,156.86500549316406,155.947998046875,156.31199645996094
2024-09-13 08:00:00+00:00,156.3090057373047,156.34800720214844,155.62100219726562,155.92100524902344
2024-09-13 16:00:00+00:00,155.91799926757812,156.22000122070312,155.8040008544922,155.95799255371094
2024-09-14 00:00:00+00:00,,,,
2024-09-14 08:00:00+00:00,,,,
2024-09-14 16:00:00+00:00,,,,
2024-09-15 00:00:00+00:00,,,,
2024-09-15 08:00:00+00:00,,,,
2024-09-15 16:00:00+00:00,155.9810028076172,156.19000244140625,155.96800231933594,156.15699768066406
2024-09-16 00:00:00+00:00,156.16000366210938,156.16200256347656,155.1439971923828,155.4669952392578
2024-09-16 08:00:00+00:00,155.468994140625,156.6580047607422,155.3730010986328,156.60400390625
2024-09-16 16:00:00+00:00,156.60299682617188,157.1060028076172,156.3800048828125,156.68899536132812
2024-09-17 00:00:00+00:00,156.69500732421875,156.75399780273438,156.04299926757812,156.57000732421875
2024-09-17 08:00:00+00:00,156.57200622558594,157.8800048828125,156.41600036621094,157.60899353027344
2024-09-17 16:00:00+00:00,157.61300659179688,158.33399963378906,157.5500030517578,157.93600463867188
2024-09-18 00:00:00+00:00,157.93600463867188,157.96400451660156,157.03900146484375,157.9219970703125
2024-09-18 08:00:00+00:00,157.9250030517578,158.0330047607422,157.5260009765625,157.76800537109375
2024-09-18 16:00:00+00:00,157.76499938964844,158.66400146484375,157.10800170898438,158.60000610351562
2024-09-19 00:00:00+00:00,158.6009979248047,159.41799926757812,158.33399963378906,158.84100341796875
2024-09-19 08:00:00+00:00,158.83900451660156,159.96400451660156,158.79200744628906,159.27200317382812
2024-09-19 16:00:00+00:00,159.26800537109375,159.6719970703125,159.05099487304688,159.43099975585938
2024-09-20 00:00:00+00:00,159.4239959716797,160.33700561523438,158.41799926757812,160.33099365234375
2024-09-20 08:00:00+00:00,160.33399963378906,161.156005859375,160.06700134277344,160.58799743652344
2024-09-20 16:00:00+00:00,160.58799743652344,160.96800231933594,160.4759979248047,160.59100341796875
2024-09-21 00:00:00+00:00,,,,
2024-09-21 08:00:00+00:00,,,,
2024-09-21 16:00:00+00:00,,,,
2024-09-22 00:00:00+00:00,,,,
2024-09-22 08:00:00+00:00,,,,
2024-09-22 16:00:00+00:00,160.64700317382812,160.8000030517578,160.52499389648438,160.75999450683594
2024-09-23 00:00:00+00:00,160.77499389648438,161.18699645996094,159.47000122070312,159.48699951171875
2024-09-23 08:00:00+00:00,159.4739990234375,160.5260009765625,159.04600524902344,159.81900024414062
2024-09-23 16:00:00+00:00,159.82400512695312,159.82400512695312,159.30099487304688,159.58700561523438
2024-09-24 00:00:00+00:00,159.5850067138672,160.91700744628906,159.2310028076172,160.7239990234375
2024-09-24 08:00:00+00:00,160.73899841308594,161.10499572753906,160.0030059814453,160.3070068359375
2024-09-24 16:00:00+00:00,160.3040008544922,160.33599853515625,159.85400390625,159.96800231933594
2024-09-25 00:00:00+00:00,159.9759979248047,161.05499267578125,159.9290008544922,161.02200317382812
2024-09-25 08:00:00+00:00,161.0229949951172,161.66400146484375,160.87600708007812,160.91000366210938
2024-09-25 16:00:00+00:00,160.91000366210938,161.18600463867188,160.83299255371094,161.06199645996094
2024-09-26 00:00:00+00:00,161.06199645996094,161.8560028076172,160.8470001220703,161.48599243164062
2024-09-26 08:00:00+00:00,161.4759979248047,161.88600158691406,160.73899841308594,161.79100036621094
2024-09-26 16:00:00+00:00,161.78500366210938,162.1820068359375,161.47000122070312,162.1540069580078
2024-09-27 00:00:00+00:00,162.1529998779297,163.48800659179688,158.9929962158203,159.41799926757812
2024-09-27 08:00:00+00:00,159.41099548339844,160.10800170898438,159.0850067138672,159.11599731445312
2024-09-27 16:00:00+00:00,159.11599731445312,159.14700317382812,158.56300354003906,158.74600219726562
2024-09-28 00:00:00+00:00,,,,
2024-09-28 08:00:00+00:00,,,,
2024-09-28 16:00:00+00:00,,,,
2024-09-29 00:00:00+00:00,,,,
2024-09-29 08:00:00+00:00,,,,
2024-09-29 16:00:00+00:00,159.37600708007812,159.65499877929688,159.27699279785156,159.4810028076172
2024-09-30 00:00:00+00:00,159.4720001220703,159.5709991455078,158.0919952392578,159.0500030517578
2024-09-30 08:00:00+00:00,159.0449981689453,159.9759979248047,159.0449981689453,159.65499877929688
2024-09-30 16:00:00+00:00,159.64500427246094,160.12399291992188,159.45399475097656,160.0469970703125
2024-10-01 00:00:00+00:00,160.04800415039062,160.90499877929688,159.95799255371094,160.2480010986328
2024-10-01 08:00:00+00:00,160.23500061035156,160.27999877929688,158.41600036621094,158.99200439453125
2024-10-01 16:00:00+00:00,158.99000549316406,159.24400329589844,158.36599731445312,159.0189971923828
2024-10-02 00:00:00+00:00,159.0229949951172,159.625,158.69700622558594,159.42599487304688
2024-10-02 08:00:00+00:00,159.427001953125,161.48599243164062,159.33900451660156,161.3769989013672
2024-10-02 16:00:00+00:00,161.3730010986328,162.28399658203125,161.24400329589844,161.8990020751953
2024-10-03 00:00:00+00:00,161.9010009765625,162.48899841308594,161.36199951171875,161.58099365234375
2024-10-03 08:00:00+00:00,161.57699584960938,162.35400390625,161.4720001220703,161.7270050048828
2024-10-03 16:00:00+00:00,161.72300720214844,162.09100341796875,161.71200561523438,162.04100036621094
2024-10-04 00:00:00+00:00,162.04100036621094,162.1320037841797,161.0070037841797,161.33900451660156
2024-10-04 08:00:00+00:00,161.33700561523438,163.12100219726562,161.25900268554688,162.9770050048828
2024-10-04 16:00:00+00:00,162.9759979248047,163.3679962158203,162.94400024414062,163.24899291992188
2024-10-05 00:00:00+00:00,,,,
2024-10-05 08:00:00+00:00,,,,
2024-10-05 16:00:00+00:00,,,,
2024-10-06 00:00:00+00:00,,,,
2024-10-06 08:00:00+00:00,,,,
2024-10-06 16:00:00+00:00,163.3730010986328,163.57000732421875,163.21200561523438,163.23399353027344
2024-10-07 00:00:00+00:00,163.23199462890625,163.23300170898438,162.44200134277344,162.64300537109375
2024-10-07 08:00:00+00:00,162.64500427246094,163.05299377441406,162.28700256347656,162.57899475097656
2024-10-07 16:00:00+00:00,162.58399963378906,162.70899963378906,162.1230010986328,162.55599975585938
2024-10-08 00:00:00+00:00,162.5570068359375,162.75900268554688,161.89999389648438,162.27699279785156
2024-10-08 08:00:00+00:00,162.2689971923828,162.8179931640625,162.16600036621094,162.6009979248047
2024-10-08 16:00:00+00:00,162.6009979248047,162.8419952392578,162.47799682617188,162.58900451660156
2024-10-09 00:00:00+00:00,162.58900451660156,163.07000732421875,162.38600158691406,162.802001953125
2024-10-09 08:00:00+00:00,162.8040008544922,163.46200561523438,162.7480010986328,163.38099670410156
2024-10-09 16:00:00+00:00,163.3780059814453,163.43499755859375,163.0500030517578,163.20199584960938
2024-10-10 00:00:00+00:00,163.20599365234375,163.6060028076172,162.91400146484375,162.98199462890625
2024-10-10 08:00:00+00:00,162.98500061035156,163.156005859375,162.1959991455078,162.30299377441406
2024-10-10 16:00:00+00:00,162.3040008544922,162.63099670410156,162.1719970703125,162.58999633789062
2024-10-11 00:00:00+00:00,162.58999633789062,162.8699951171875,162.3000030517578,162.82899475097656
2024-10-11 08:00:00+00:00,162.8280029296875,163.40699768066406,162.76300048828125,163.16400146484375
2024-10-11 16:00:00+00:00,163.16000366210938,163.19000244140625,163.02699279785156,163.1300048828125
2024-10-12 00:00:00+00:00,,,,
2024-10-12 08:00:00+00:00,,,,
2024-10-12 16:00:00+00:00,,,,
2024-10-13 00:00:00+00:00,,,,
2024-10-13 08:00:00+00:00,,,,
2024-10-13 16:00:00+00:00,163.17999267578125,163.24099731445312,163.04800415039062,163.08200073242188
2024-10-14 00:00:00+00:00,163.08399963378906,163.2570037841797,162.88400268554688,163.22000122070312
2024-10-14 08:00:00+00:00,163.2220001220703,163.60000610351562,163.18499755859375,163.41200256347656
2024-10-14 16:00:00+00:00,163.41400146484375,163.45599365234375,163.18899536132812,163.32200622558594
2024-10-15 00:00:00+00:00,163.3260040283203,163.35299682617188,162.42300415039062,162.63600158691406
2024-10-15 08:00:00+00:00,162.63400268554688,162.94500732421875,162.33700561523438,162.63299560546875
2024-10-15 16:00:00+00:00,162.63400268554688,162.82400512695312,162.23399353027344,162.2480010986328
2024-10-16 00:00:00+00:00,162.2530059814453,162.6999969482422,162.1009979248047,162.6320037841797
2024-10-16 08:00:00+00:00,162.63299560546875,162.8280029296875,162.44900512695312,162.77200317382812
2024-10-16 16:00:00+00:00,162.77200317382812,162.8820037841797,162.33700561523438,162.4029998779297
2024-10-17 00:00:00+00:00,162.4040069580078,162.6280059814453,162.06199645996094,162.57200622558594
2024-10-17 08:00:00+00:00,162.57400512695312,162.7209930419922,161.83999633789062,162.6840057373047
2024-10-17 16:00:00+00:00,162.6840057373047,162.75999450683594,162.50999450683594,162.55599975585938
2024-10-18 00:00:00+00:00,162.5570068359375,162.79299926757812,162.33399963378906,162.71400451660156
2024-10-18 08:00:00+00:00,162.71600341796875,162.85400390625,162.17799377441406,162.3489990234375
2024-10-18 16:00:00+00:00,162.34800720214844,162.531005859375,162.29600524902344,162.47300720214844
2024-10-19 00:00:00+00:00,,,,
2024-10-19 08:00:00+00:00,,,,
2024-10-19 16:00:00+00:00,,,,
2024-10-20 00:00:00+00:00,,,,
2024-10-20 08:00:00+00:00,,,,
2024-10-20 16:00:00+00:00,162.55999755859375,162.59300231933594,162.45399475097656,162.5850067138672
2024-10-21 00:00:00+00:00,162.5970001220703,162.61300659179688,161.9949951171875,162.53799438476562
2024-10-21 08:00:00+00:00,162.5399932861328,162.9040069580078,162.53799438476562,162.8070068359375
2024-10-21 16:00:00+00:00,162.80599975585938,163.1699981689453,162.79600524902344,162.89999389648438
2024-10-22 00:00:00+00:00,162.89999389648438,163.66000366210938,162.81900024414062,163.63600158691406
2024-10-22 08:00:00+00:00,163.63299560546875,163.66200256347656,162.77200317382812,163.26300048828125
2024-10-22 16:00:00+00:00,163.26199340820312,163.44900512695312,162.9770050048828,163.1820068359375
2024-10-23 00:00:00+00:00,163.18600463867188,164.56199645996094,163.16299438476562,164.2760009765625
2024-10-23 08:00:00+00:00,164.2760009765625,165.01800537109375,164.23599243164062,164.7209930419922
2024-10-23 16:00:00+00:00,164.7209930419922,164.7729949951172,164.2949981689453,164.68899536132812
2024-10-24 00:00:00+00:00,164.68899536132812,164.74600219726562,163.79400634765625,164.22999572753906
2024-10-24 08:00:00+00:00,164.22999572753906,164.48500061035156,163.92300415039062,164.08999633789062
2024-10-24 16:00:00+00:00,164.08999633789062,164.45399475097656,163.87899780273438,164.29200744628906
2024-10-25 00:00:00+00:00,164.29100036621094,164.58700561523438,163.93600463867188,164.47500610351562
2024-10-25 08:00:00+00:00,164.5540008544922,164.78900146484375,164.25900268554688,164.43099975585938
2024-10-25 16:00:00+00:00,164.42999267578125,164.55799865722656,164.26199340820312,164.39599609375
2024-10-26 00:00:00+00:00,,,,
2024-10-26 08:00:00+00:00,,,,
2024-10-26 16:00:00+00:00,,,,
2024-10-27 00:00:00+00:00,,,,
2024-10-27 08:00:00+00:00,,,,
2024-10-27 16:00:00+00:00,,,,
2024-10-28 00:00:00+00:00,165.12899780273438,166.07200622558594,164.98699951171875,165.6580047607422
2024-10-28 08:00:00+00:00,165.65899658203125,165.85499572753906,164.88800048828125,165.7530059814453
2024-10-28 16:00:00+00:00,165.75399780273438,165.83399963378906,165.65699768066406,165.6840057373047
2024-10-29 00:00:00+00:00,165.66000366210938,165.76800537109375,165.1540069580078,165.56500244140625
2024-10-29 08:00:00+00:00,165.56300354003906,166.0749969482422,165.2729949951172,165.73500061035156
2024-10-29 16:00:00+00:00,165.73500061035156,166.0030059814453,165.65199279785156,165.8520050048828
2024-10-30 00:00:00+00:00,165.82699584960938,166.02499389648438,165.66799926757812,165.8780059814453
2024-10-30 08:00:00+00:00,165.8780059814453,166.5970001220703,165.50100708007812,166.3820037841797
2024-10-30 16:00:00+00:00,166.38600158691406,166.5970001220703,166.18800354003906,166.4010009765625
2024-10-31 00:00:00+00:00,166.38999938964844,166.68699645996094,165.0070037841797,165.33799743652344
2024-10-31 08:00:00+00:00,165.33999633789062,166.35800170898438,164.9340057373047,165.3939971923828
2024-10-31 16:00:00+00:00,165.38299560546875,165.6300048828125,165.06900024414062,165.36199951171875
2024-11-01 00:00:00+00:00,165.42300415039062,165.9600067138672,165.34500122070312,165.8000030517578
2024-11-01 08:00:00+00:00,165.7969970703125,166.11000061035156,165.35299682617188,165.9250030517578
2024-11-01 16:00:00+00:00,165.9199981689453,166.02699279785156,165.61700439453125,165.71499633789062
2024-11-02 00:00:00+00:00,,,,
2024-11-02 08:00:00+00:00,,,,
2024-11-02 16:00:00+00:00,,,,
2024-11-03 00:00:00+00:00,,,,
2024-11-03 08:00:00+00:00,,,,
2024-11-03 16:00:00+00:00,,,,
2024-11-04 00:00:00+00:00,165.57200622558594,165.85800170898438,165.20700073242188,165.73699951171875
2024-11-04 08:00:00+00:00,165.73899841308594,165.8159942626953,165.33200073242188,165.65699768066406
2024-11-04 16:00:00+00:00,165.65699768066406,165.75599670410156,165.35000610351562,165.55299377441406
2024-11-05 00:00:00+00:00,165.5780029296875,165.9149932861328,165.3990020751953,165.802001953125
2024-11-05 08:00:00+00:00,165.80299377441406,165.98199462890625,165.51699829101562,165.75900268554688
2024-11-05 16:00:00+00:00,165.7530059814453,166.03399658203125,165.4290008544922,165.58799743652344
2024-11-06 00:00:00+00:00,165.5800018310547,165.98399353027344,165.01699829101562,165.24000549316406
2024-11-06 08:00:00+00:00,165.24000549316406,165.8939971923828,164.91799926757812,165.7429962158203
2024-11-06 16:00:00+00:00,165.74200439453125,166.09800720214844,165.5290069580078,165.58799743652344
2024-11-07 00:00:00+00:00,165.5919952392578,165.95799255371094,165.37899780273438,165.5780029296875
2024-11-07 08:00:00+00:00,165.57699584960938,165.89700317382812,165.25100708007812,165.36399841308594
2024-11-07 16:00:00+00:00,165.36399841308594,165.4199981689453,165.0019989013672,165.35299682617188
2024-11-08 00:00:00+00:00,165.34800720214844,165.37399291992188,164.49600219726562,164.53700256347656
2024-11-08 08:00:00+00:00,164.53799438476562,164.5749969482422,163.7030029296875,163.82699584960938
2024-11-08 16:00:00+00:00,163.82699584960938,163.89300537109375,163.1999969482422,163.62100219726562
2024-11-09 00:00:00+00:00,,,,
2024-11-09 08:00:00+00:00,,,,
2024-11-09 16:00:00+00:00,,,,
2024-11-10 00:00:00+00:00,,,,
2024-11-10 08:00:00+00:00,,,,
2024-11-10 16:00:00+00:00,,,,
2024-11-11 00:00:00+00:00,163.8090057373047,164.65199279785156,163.75599670410156,164.23500061035156
2024-11-11 08:00:00+00:00,164.23399353027344,164.47900390625,163.572998046875,163.81399536132812
2024-11-11 16:00:00+00:00,163.81300354003906,163.93499755859375,163.61500549316406,163.64599609375
2024-11-12 00:00:00+00:00,163.7010040283203,164.02499389648438,163.24000549316406,163.54299926757812
2024-11-12 08:00:00+00:00,163.5449981689453,164.1280059814453,163.3939971923828,163.9290008544922
2024-11-12 16:00:00+00:00,163.9290008544922,164.32699584960938,163.88299560546875,164.1909942626953
2024-11-13 00:00:00+00:00,164.18699645996094,164.6320037841797,164.17799377441406,164.46499633789062
2024-11-13 08:00:00+00:00,164.46499633789062,164.7949981689453,163.6280059814453,164.1060028076172
2024-11-13 16:00:00+00:00,164.10800170898438,164.4250030517578,163.9600067138672,164.19900512695312
2024-11-14 00:00:00+00:00,164.2010040283203,164.6699981689453,164.1929931640625,164.4199981689453
2024-11-14 08:00:00+00:00,164.4199981689453,164.9770050048828,163.79600524902344,164.91600036621094
2024-11-14 16:00:00+00:00,164.91200256347656,164.92300415039062,164.3419952392578,164.76199340820312
2024-11-15 00:00:00+00:00,164.75999450683594,165.03199768066406,164.4340057373047,164.44900512695312
2024-11-15 08:00:00+00:00,164.4499969482422,164.61500549316406,163.1020050048828,163.23800659179688
2024-11-15 16:00:00+00:00,163.23800659179688,163.3489990234375,162.31199645996094,162.7010040283203
2024-11-16 00:00:00+00:00,,,,
2024-11-16 08:00:00+00:00,,,,
2024-11-16 16:00:00+00:00,,,,
2024-11-17 00:00:00+00:00,,,,
2024-11-17 08:00:00+00:00,,,,
2024-11-17 16:00:00+00:00,,,,
2024-11-18 00:00:00+00:00,162.92799377441406,163.49400329589844,162.2570037841797,163.02200317382812
2024-11-18 08:00:00+00:00,163.02099609375,163.8979949951172,162.94900512695312,163.88099670410156
2024-11-18 16:00:00+00:00,163.88099670410156,163.9739990234375,163.60800170898438,163.8000030517578
2024-11-19 00:00:00+00:00,163.802001953125,163.80499267578125,163.10899353027344,163.45199584960938
2024-11-19 08:00:00+00:00,163.45700073242188,163.54200744628906,161.48500061035156,162.98599243164062
2024-11-19 16:00:00+00:00,162.98800659179688,164.15199279785156,162.9290008544922,164.10699462890625
2024-11-20 00:00:00+00:00,164.11199951171875,164.7550048828125,163.9600067138672,164.6580047607422
2024-11-20 08:00:00+00:00,164.6580047607422,164.68099975585938,163.218994140625,163.63800048828125
2024-11-20 16:00:00+00:00,163.63699340820312,163.9290008544922,163.14999389648438,163.77099609375
2024-11-21 00:00:00+00:00,163.74899291992188,163.7779998779297,162.8560028076172,163.2220001220703
2024-11-21 08:00:00+00:00,163.21299743652344,163.36399841308594,162.03500366210938,162.19500732421875
2024-11-21 16:00:00+00:00,162.19400024414062,162.30999755859375,161.3699951171875,161.3719940185547
2024-11-22 00:00:00+00:00,161.3820037841797,162.3979949951172,161.18899536132812,162.2469940185547
2024-11-22 08:00:00+00:00,162.24400329589844,162.48800659179688,159.8990020751953,161.2550048828125
2024-11-22 16:00:00+00:00,161.2530059814453,161.33299255371094,160.86700439453125,161.28199768066406
2024-11-23 00:00:00+00:00,,,,
2024-11-23 08:00:00+00:00,,,,
2024-11-23 16:00:00+00:00,,,,
2024-11-24 00:00:00+00:00,,,,
2024-11-24 08:00:00+00:00,,,,
2024-11-24 16:00:00+00:00,,,,
2024-11-25 00:00:00+00:00,161.5330047607422,161.99400329589844,160.98500061035156,161.4980010986328
2024-11-25 08:00:00+00:00,161.4969940185547,162.11399841308594,161.35699462890625,161.9040069580078
2024-11-25 16:00:00+00:00,161.90899658203125,162.01100158691406,161.2830047607422,161.35299682617188
2024-11-26 00:00:00+00:00,161.23399353027344,161.6649932861328,160.56700134277344,161.30799865722656
2024-11-26 08:00:00+00:00,161.302001953125,162.0070037841797,160.77499389648438,160.82899475097656
2024-11-26 16:00:00+00:00,160.82699584960938,160.97799682617188,160.29800415039062,160.48599243164062
2024-11-27 00:00:00+00:00,160.44400024414062,160.57699584960938,159.35800170898438,159.51800537109375
2024-11-27 08:00:00+00:00,159.52000427246094,160.05999755859375,159.08599853515625,159.7220001220703
2024-11-27 16:00:00+00:00,159.7239990234375,160.01300048828125,159.25,159.8780059814453
2024-11-28 00:00:00+00:00,159.83799743652344,160.12600708007812,159.58200073242188,159.97300720214844
2024-11-28 08:00:00+00:00,159.96400451660156,160.33599853515625,159.56199645996094,159.88499450683594
2024-11-28 16:00:00+00:00,159.88600158691406,159.9759979248047,159.41600036621094,159.67799377441406
2024-11-29 00:00:00+00:00,159.64700317382812,159.677001953125,158.2270050048828,158.6719970703125
2024-11-29 08:00:00+00:00,158.6750030517578,158.83299255371094,158.13800048828125,158.6060028076172
2024-11-29 16:00:00+00:00,158.60499572753906,158.89199829101562,158.0290069580078,158.427001953125
2024-11-30 00:00:00+00:00,,,,
2024-11-30 08:00:00+00:00,,,,
2024-11-30 16:00:00+00:00,,,,
2024-12-01 00:00:00+00:00,,,,
2024-12-01 08:00:00+00:00,,,,
2024-12-01 16:00:00+00:00,,,,
2024-12-02 00:00:00+00:00,158.00999450683594,158.63900756835938,157.58200073242188,157.79800415039062
2024-12-02 08:00:00+00:00,157.7989959716797,158.1909942626953,156.78799438476562,156.9029998779297
2024-12-02 16:00:00+00:00,156.8990020751953,157.30599975585938,156.3730010986328,157.00100708007812
2024-12-03 00:00:00+00:00,156.99600219726562,157.593994140625,156.9759979248047,157.4739990234375
2024-12-03 08:00:00+00:00,157.4739990234375,157.97999572753906,156.17300415039062,156.8560028076172
2024-12-03 16:00:00+00:00,156.85499572753906,157.2949981689453,156.7100067138672,157.28500366210938
2024-12-04 00:00:00+00:00,157.24099731445312,158.125,156.9770050048828,158.03599548339844
2024-12-04 08:00:00+00:00,158.03599548339844,158.65499877929688,157.69000244140625,158.36199951171875
2024-12-04 16:00:00+00:00,158.35499572753906,158.47999572753906,157.97999572753906,158.27499389648438
2024-12-05 00:00:00+00:00,158.25799560546875,158.4010009765625,157.55499267578125,157.802001953125
2024-12-05 08:00:00+00:00,157.79800415039062,159.38499450683594,157.76600646972656,158.84500122070312
2024-12-05 16:00:00+00:00,158.843994140625,159.02699279785156,158.47999572753906,158.99000549316406
2024-12-06 00:00:00+00:00,158.91900634765625,159.0229949951172,158.36099243164062,158.85000610351562
2024-12-06 08:00:00+00:00,158.8489990234375,159.57200622558594,158.08900451660156,158.30599975585938
2024-12-06 16:00:00+00:00,158.3070068359375,158.5850067138672,158.1510009765625,158.5709991455078
2024-12-07 00:00:00+00:00,,,,
2024-12-07 08:00:00+00:00,,,,
2024-12-07 16:00:00+00:00,,,,
2024-12-08 00:00:00+00:00,,,,
2024-12-08 08:00:00+00:00,,,,
2024-12-08 16:00:00+00:00,,,,
2024-12-09 00:00:00+00:00,158.36599731445312,158.83200073242188,157.85800170898438,158.82699584960938
2024-12-09 08:00:00+00:00,158.8260040283203,159.97999572753906,158.68499755859375,159.94400024414062
2024-12-09 16:00:00+00:00,159.94400024414062,159.99400329589844,159.41299438476562,159.8040008544922
2024-12-10 00:00:00+00:00,159.7760009765625,159.90199279785156,159.36700439453125,159.86700439453125
2024-12-10 08:00:00+00:00,159.86900329589844,160.06199645996094,159.42799377441406,159.78199768066406
2024-12-10 16:00:00+00:00,159.78599548339844,159.9969940185547,159.7030029296875,159.88400268554688
2024-12-11 00:00:00+00:00,159.89999389648438,159.92999267578125,158.89500427246094,159.08299255371094
2024-12-11 08:00:00+00:00,159.08200073242188,160.6840057373047,158.63800048828125,159.93099975585938
2024-12-11 16:00:00+00:00,159.93299865722656,160.18600463867188,159.81500244140625,159.96299743652344
2024-12-12 00:00:00+00:00,159.9499969482422,160.5399932861328,159.64100646972656,160.44700622558594
2024-12-12 08:00:00+00:00,160.44700622558594,160.5229949951172,159.1060028076172,159.49200439453125
2024-12-12 16:00:00+00:00,159.48800659179688,160.0030059814453,159.4429931640625,159.8070068359375
2024-12-13 00:00:00+00:00,159.82200622558594,160.2550048828125,159.71400451660156,159.80599975585938
2024-12-13 08:00:00+00:00,159.8179931640625,161.55099487304688,159.79299926757812,161.1719970703125
2024-12-13 16:00:00+00:00,161.17100524902344,161.5,161.11500549316406,161.4929962158203
2024-12-14 00:00:00+00:00,,,,
2024-12-14 08:00:00+00:00,,,,
2024-12-14 16:00:00+00:00,,,,
2024-12-15 00:00:00+00:00,,,,
2024-12-15 08:00:00+00:00,,,,
2024-12-15 16:00:00+00:00,,,,
2024-12-16 00:00:00+00:00,161.27000427246094,161.98199462890625,161.16299438476562,161.2729949951172
2024-12-16 08:00:00+00:00,161.2740020751953,162.2030029296875,161.16200256347656,162.0449981689453
2024-12-16 16:00:00+00:00,162.0449981689453,162.16400146484375,161.8939971923828,162.052001953125
2024-12-17 00:00:00+00:00,162.0590057373047,162.4720001220703,161.6199951171875,161.7270050048828
2024-12-17 08:00:00+00:00,161.72799682617188,161.8209991455078,161.10899353027344,161.1649932861328
2024-12-17 16:00:00+00:00,161.16400146484375,161.3209991455078,160.76699829101562,161.16799926757812
2024-12-18 00:00:00+00:00,161.1580047607422,161.47900390625,161.0279998779297,161.197998046875
2024-12-18 08:00:00+00:00,161.20199584960938,161.5570068359375,161.04600524902344,161.3159942626953
2024-12-18 16:00:00+00:00,161.31199645996094,161.43299865722656,159.80299377441406,160.08999633789062
2024-12-19 00:00:00+00:00,160.08599853515625,162.97000122070312,160.0709991455078,162.66000366210938
2024-12-19 08:00:00+00:00,162.6529998779297,163.802001953125,162.63499450683594,163.70199584960938
2024-12-19 16:00:00+00:00,163.7010040283203,163.74000549316406,163.0229949951172,163.38600158691406
2024-12-20 00:00:00+00:00,163.37899780273438,163.66099548339844,162.33599853515625,162.82899475097656
2024-12-20 08:00:00+00:00,162.8280029296875,163.1820068359375,162.5070037841797,162.71099853515625
2024-12-20 16:00:00+00:00,162.71099853515625,163.2100067138672,162.6540069580078,163.17999267578125
2024-12-21 00:00:00+00:00,,,,
2024-12-21 08:00:00+00:00,,,,
2024-12-21 16:00:00+00:00,,,,
2024-12-22 00:00:00+00:00,,,,
2024-12-22 08:00:00+00:00,,,,
2024-12-22 16:00:00+00:00,,,,
2024-12-23 00:00:00+00:00,163.3280029296875,163.60499572753906,163.13299560546875,163.24200439453125
2024-12-23 08:00:00+00:00,163.24600219726562,163.5500030517578,162.8419952392578,163.2480010986328
2024-12-23 16:00:00+00:00,163.2480010986328,163.6280059814453,163.24000549316406,163.44200134277344
2024-12-24 00:00:00+00:00,163.45399475097656,163.66099548339844,163.01600646972656,163.19400024414062
2024-12-24 08:00:00+00:00,163.197998046875,163.6909942626953,163.08599853515625,163.41600036621094
2024-12-24 16:00:00+00:00,163.41799926757812,163.57200622558594,163.1999969482422,163.26400756835938
2024-12-25 00:00:00+00:00,163.3300018310547,163.7949981689453,163.24899291992188,163.42300415039062
2024-12-25 08:00:00+00:00,163.36599731445312,163.4530029296875,163.36599731445312,163.4530029296875
2024-12-25 16:00:00+00:00,163.5659942626953,163.6510009765625,163.3979949951172,163.4010009765625
2024-12-26 00:00:00+00:00,163.38099670410156,163.7729949951172,163.30499267578125,163.6269989013672
2024-12-26 08:00:00+00:00,163.6300048828125,164.5749969482422,163.47500610351562,164.5290069580078
2024-12-26 16:00:00+00:00,164.5279998779297,164.76199340820312,164.3090057373047,164.46400451660156
2024-12-27 00:00:00+00:00,164.48399353027344,164.6580047607422,163.98199462890625,164.53199768066406
2024-12-27 08:00:00+00:00,164.52999877929688,164.8260040283203,164.1719970703125,164.2760009765625
2024-12-27 16:00:00+00:00,164.281005859375,164.77000427246094,164.12100219726562,164.57899475097656
2024-12-28 00:00:00+00:00,,,,
2024-12-28 08:00:00+00:00,,,,
2024-12-28 16:00:00+00:00,,,,
2024-12-29 00:00:00+00:00,,,,
2024-12-29 08:00:00+00:00,,,,
2024-12-29 16:00:00+00:00,,,,
2024-12-30 00:00:00+00:00,164.7030029296875,164.9010009765625,164.43600463867188,164.656005859375
2024-12-30 08:00:00+00:00,164.65899658203125,164.86399841308594,162.78900146484375,163.1840057373047
2024-12-30 16:00:00+00:00,163.18600463867188,163.52000427246094,163.02499389648438,163.38800048828125
2024-12-31 00:00:00+00:00,163.3939971923828,163.42799377441406,162.45199584960938,162.6580047607422
2024-12-31 08:00:00+00:00,162.65699768066406,163.40199279785156,162.4459991455078,162.76100158691406
2024-12-31 16:00:00+00:00,162.75999450683594,163.156005859375,162.63900756835938,162.63900756835938
2025-01-01 00:00:00+00:00,,,,
2025-01-01 08:00:00+00:00,,,,
2025-01-01 16:00:00+00:00,162.9340057373047,163.30999755859375,162.593994140625,163.30099487304688
2025-01-02 00:00:00+00:00,163.24099731445312,163.29400634765625,162.1959991455078,162.35899353027344
2025-01-02 08:00:00+00:00,162.36099243164062,162.5959930419922,161.41600036621094,161.46299743652344
2025-01-02 16:00:00+00:00,161.46400451660156,161.96200561523438,160.89599609375,161.56199645996094
2025-01-03 00:00:00+00:00,161.56900024414062,161.7259979248047,161.38299560546875,161.54600524902344
2025-01-03 08:00:00+00:00,161.5399932861328,162.072998046875,161.53799438476562,161.94200134277344
2025-01-03 16:00:00+00:00,161.9409942626953,162.20599365234375,161.61900329589844,162.1739959716797
2025-01-04 00:00:00+00:00,,,,
2025-01-04 08:00:00+00:00,,,,
2025-01-04 16:00:00+00:00,,,,
2025-01-05 00:00:00+00:00,,,,
2025-01-05 08:00:00+00:00,,,,
2025-01-05 16:00:00+00:00,,,,
2025-01-06 00:00:00+00:00,162.31300354003906,162.83099365234375,162.28900146484375,162.82000732421875
2025-01-06 08:00:00+00:00,162.82200622558594,164.01600646972656,162.58700561523438,163.7259979248047
2025-01-06 16:00:00+00:00,163.72500610351562,163.85800170898438,163.48699951171875,163.78599548339844
2025-01-07 00:00:00+00:00,163.77699279785156,164.39500427246094,163.77699279785156,164.0189971923828
2025-01-07 08:00:00+00:00,164.02200317382812,164.5449981689453,163.62600708007812,163.81700134277344
2025-01-07 16:00:00+00:00,163.81300354003906,163.8560028076172,163.20700073242188,163.65499877929688
2025-01-08 00:00:00+00:00,163.62399291992188,163.80599975585938,163.27999877929688,163.36399841308594
2025-01-08 08:00:00+00:00,163.36500549316406,163.54200744628906,162.83700561523438,163.14500427246094
2025-01-08 16:00:00+00:00,163.1479949951172,163.5070037841797,163.07699584960938,163.16000366210938
2025-01-09 00:00:00+00:00,163.1439971923828,163.26699829101562,162.6230010986328,162.7969970703125
2025-01-09 08:00:00+00:00,162.7989959716797,163.11300659179688,162.3679962158203,162.7050018310547
2025-01-09 16:00:00+00:00,162.6999969482422,162.94900512695312,162.56700134277344,162.7310028076172
2025-01-10 00:00:00+00:00,162.7270050048828,163.1179962158203,162.6060028076172,163.0989990234375
2025-01-10 08:00:00+00:00,163.09800720214844,163.18600463867188,161.49400329589844,161.5070037841797
2025-01-10 16:00:00+00:00,161.5070037841797,161.781005859375,161.2030029296875,161.5760040283203
2025-01-11 00:00:00+00:00,,,,
2025-01-11 08:00:00+00:00,,,,
2025-01-11 16:00:00+00:00,,,,
2025-01-12 00:00:00+00:00,,,,
2025-01-12 08:00:00+00:00,,,,
2025-01-12 16:00:00+00:00,,,,
2025-01-13 00:00:00+00:00,161.73800659179688,161.781005859375,160.64100646972656,160.843994140625
2025-01-13 08:00:00+00:00,160.8470001220703,161.19700622558594,160.02999877929688,160.61700439453125
2025-01-13 16:00:00+00:00,160.6179962158203,161.64700317382812,160.5570068359375,161.50599670410156
2025-01-14 00:00:00+00:00,161.45399475097656,161.8679962158203,160.9510040283203,161.5279998779297
2025-01-14 08:00:00+00:00,161.52699279785156,162.656005859375,161.41400146484375,162.62100219726562
2025-01-14 16:00:00+00:00,162.62100219726562,162.88600158691406,162.43099975585938,162.8800048828125
2025-01-15 00:00:00+00:00,162.8769989013672,162.88999938964844,161.6009979248047,161.66799926757812
2025-01-15 08:00:00+00:00,161.6719970703125,161.91099548339844,161.031005859375,161.07400512695312
2025-01-15 16:00:00+00:00,161.0749969482422,161.2030029296875,160.7790069580078,160.83700561523438
2025-01-16 00:00:00+00:00,160.8300018310547,161.08299255371094,159.73800659179688,160.8280029296875
2025-01-16 08:00:00+00:00,160.8280029296875,160.8820037841797,160.01800537109375,160.10000610351562
2025-01-16 16:00:00+00:00,160.09800720214844,160.25599670410156,159.60800170898438,160.0540008544922
2025-01-17 00:00:00+00:00,160.04299926757812,160.2010040283203,159.71600341796875,160.03599548339844
2025-01-17 08:00:00+00:00,160.03799438476562,161.00799560546875,159.88999938964844,160.76800537109375
2025-01-17 16:00:00+00:00,160.76800537109375,160.94700622558594,160.41400146484375,160.5500030517578
2025-01-18 00:00:00+00:00,,,,
2025-01-18 08:00:00+00:00,,,,
2025-01-18 16:00:00+00:00,,,,
2025-01-19 00:00:00+00:00,,,,
2025-01-19 08:00:00+00:00,,,,
2025-01-19 16:00:00+00:00,,,,
2025-01-20 00:00:00+00:00,160.6840057373047,161.125,160.30999755859375,160.927001953125
2025-01-20 08:00:00+00:00,160.92999267578125,162.30999755859375,160.8419952392578,161.9219970703125
2025-01-20 16:00:00+00:00,161.92300415039062,162.25599670410156,161.5229949951172,161.7949981689453
2025-01-21 00:00:00+00:00,161.8070068359375,161.9530029296875,160.9499969482422,161.49200439453125
2025-01-21 08:00:00+00:00,161.49000549316406,161.71200561523438,161.18699645996094,161.5489959716797
2025-01-21 16:00:00+00:00,161.5469970703125,162.23300170898438,161.51800537109375,162.10699462890625
2025-01-22 00:00:00+00:00,162.0679931640625,162.5050048828125,161.88400268554688,162.46099853515625
2025-01-22 08:00:00+00:00,162.46200561523438,162.98699951171875,162.0500030517578,162.968994140625
2025-01-22 16:00:00+00:00,162.96600341796875,163.21400451660156,162.73300170898438,162.81100463867188
2025-01-23 00:00:00+00:00,162.8070068359375,163.125,162.71299743652344,162.8699951171875
2025-01-23 08:00:00+00:00,162.8719940185547,162.94200134277344,162.3470001220703,162.3730010986328
2025-01-23 16:00:00+00:00,162.3769989013672,162.72999572753906,162.20899963378906,162.6479949951172
2025-01-24 00:00:00+00:00,162.6219940185547,163.25599670410156,161.91099548339844,162.5469970703125
2025-01-24 08:00:00+00:00,162.5449981689453,164.07899475097656,162.26199340820312,163.76800537109375
2025-01-24 16:00:00+00:00,163.76699829101562,163.8159942626953,163.49400329589844,163.64700317382812
2025-01-25 00:00:00+00:00,,,,
2025-01-25 08:00:00+00:00,,,,
2025-01-25 16:00:00+00:00,,,,
2025-01-26 00:00:00+00:00,,,,
2025-01-26 08:00:00+00:00,,,,
2025-01-26 16:00:00+00:00,,,,
2025-01-27 00:00:00+00:00,162.9980010986328,163.45399475097656,162.6020050048828,163.0050048828125
2025-01-27 08:00:00+00:00,163.0030059814453,163.04800415039062,161.53799438476562,162.0449981689453
2025-01-27 16:00:00+00:00,162.0449981689453,162.3179931640625,161.56100463867188,161.76199340820312
2025-01-28 00:00:00+00:00,161.68499755859375,162.6719970703125,161.6230010986328,162.63099670410156
2025-01-28 08:00:00+00:00,162.6300048828125,162.69900512695312,161.7519989013672,162.31700134277344
2025-01-28 16:00:00+00:00,162.3179931640625,162.44000244140625,162.05499267578125,162.2239990234375
2025-01-29 00:00:00+00:00,162.2050018310547,162.48699951171875,161.6929931640625,161.74099731445312
2025-01-29 08:00:00+00:00,161.74400329589844,161.89199829101562,161.302001953125,161.5070037841797
2025-01-29 16:00:00+00:00,161.50799560546875,161.83900451660156,161.4810028076172,161.76199340820312
2025-01-30 00:00:00+00:00,161.7570037841797,161.7760009765625,160.7310028076172,161.0330047607422
2025-01-30 08:00:00+00:00,161.03399658203125,161.18299865722656,160.22500610351562,160.7790069580078
2025-01-30 16:00:00+00:00,160.781005859375,161.0290069580078,160.1020050048828,160.19200134277344
2025-01-31 00:00:00+00:00,160.2010040283203,161.04600524902344,159.9010009765625,160.8979949951172
2025-01-31 08:00:00+00:00,160.8990020751953,161.0489959716797,160.1750030517578,160.95599365234375
2025-01-31 16:00:00+00:00,160.96200561523438,161.4980010986328,160.4770050048828,160.76800537109375
2025-02-01 00:00:00+00:00,,,,
2025-02-01 08:00:00+00:00,,,,
2025-02-01 16:00:00+00:00,,,,
2025-02-02 00:00:00+00:00,,,,
2025-02-02 08:00:00+00:00,,,,
2025-02-02 16:00:00+00:00,,,,
2025-02-03 00:00:00+00:00,159.18699645996094,159.71499633789062,158.9320068359375,159.11700439453125
2025-02-03 08:00:00+00:00,159.1179962158203,159.81399536132812,157.96499633789062,159.61500549316406
2025-02-03 16:00:00+00:00,159.61300659179688,160.47799682617188,158.74000549316406,160.3730010986328
2025-02-04 00:00:00+00:00,160.3520050048828,160.40199279785156,159.17599487304688,160.156005859375
2025-02-04 08:00:00+00:00,160.16099548339844,160.697998046875,160.1269989013672,160.5540008544922
2025-02-04 16:00:00+00:00,160.5540008544922,160.5540008544922,159.83299255371094,159.8730010986328
2025-02-05 00:00:00+00:00,159.8489990234375,160.0989990234375,158.92999267578125,159.4720001220703
2025-02-05 08:00:00+00:00,159.4709930419922,159.60000610351562,158.4969940185547,158.55799865722656
2025-02-05 16:00:00+00:00,158.5590057373047,158.92599487304688,158.50399780273438,158.7220001220703
2025-02-06 00:00:00+00:00,158.73199462890625,158.75599670410156,157.91400146484375,158.37600708007812
2025-02-06 08:00:00+00:00,158.3780059814453,158.40199279785156,157.2270050048828,157.28799438476562
2025-02-06 16:00:00+00:00,157.28900146484375,157.74400329589844,156.9969940185547,157.0240020751953
2025-02-07 00:00:00+00:00,156.99400329589844,157.76100158691406,156.75399780273438,157.73800659179688
2025-02-07 08:00:00+00:00,157.73599243164062,158.01199340820312,156.3260040283203,156.76699829101562
2025-02-07 16:00:00+00:00,156.76699829101562,156.82699584960938,155.86000061035156,156.3730010986328
2025-02-08 00:00:00+00:00,,,,
2025-02-08 08:00:00+00:00,,,,
2025-02-08 16:00:00+00:00,,,,
2025-02-09 00:00:00+00:00,,,,
2025-02-09 08:00:00+00:00,,,,
2025-02-09 16:00:00+00:00,,,,
2025-02-10 00:00:00+00:00,156.57899475097656,156.96800231933594,156.4340057373047,156.93099975585938
2025-02-10 08:00:00+00:00,156.93099975585938,157.4149932861328,156.28399658203125,156.38999938964844
2025-02-10 16:00:00+00:00,156.39100646972656,156.7689971923828,156.31300354003906,156.3509979248047
2025-02-11 00:00:00+00:00,156.35000610351562,156.68800354003906,156.25100708007812,156.5590057373047
2025-02-11 08:00:00+00:00,156.55799865722656,157.8000030517578,156.32400512695312,157.6750030517578
2025-02-11 16:00:00+00:00,157.6790008544922,158.33999633789062,157.53900146484375,158.29800415039062
2025-02-12 00:00:00+00:00,158.31100463867188,159.45899963378906,158.26699829101562,159.447998046875
2025-02-12 08:00:00+00:00,159.4499969482422,160.3800048828125,158.9149932861328,160.2209930419922
2025-02-12 16:00:00+00:00,160.2209930419922,160.96400451660156,160.0540008544922,160.30599975585938
2025-02-13 00:00:00+00:00,160.27999877929688,161.18699645996094,160.18299865722656,160.8419952392578
2025-02-13 08:00:00+00:00,160.84300231933594,160.88800048828125,159.31500244140625,159.77200317382812
2025-02-13 16:00:00+00:00,159.7689971923828,160.15899658203125,159.00100708007812,160.02699279785156
2025-02-14 00:00:00+00:00,160.05299377441406,160.10899353027344,159.4239959716797,159.82000732421875
2025-02-14 08:00:00+00:00,159.82000732421875,160.25999450683594,159.53700256347656,159.8730010986328
2025-02-14 16:00:00+00:00,159.8719940185547,160.06399536132812,159.63499450683594,159.78900146484375
2025-02-15 00:00:00+00:00,,,,
2025-02-15 08:00:00+00:00,,,,
2025-02-15 16:00:00+00:00,,,,
2025-02-16 00:00:00+00:00,,,,
2025-02-16 08:00:00+00:00,,,,
2025-02-16 16:00:00+00:00,,,,
2025-02-17 00:00:00+00:00,159.42799377441406,159.59500122070312,158.90699768066406,159.18899536132812
2025-02-17 08:00:00+00:00,159.19000244140625,159.25,158.5279998779297,158.625
2025-02-17 16:00:00+00:00,158.6219940185547,158.91600036621094,158.52999877929688,158.76400756835938
2025-02-18 00:00:00+00:00,158.7779998779297,159.17999267578125,158.74099731445312,159.09800720214844
2025-02-18 08:00:00+00:00,159.09800720214844,159.19400024414062,158.36599731445312,158.7270050048828
2025-02-18 16:00:00+00:00,158.7259979248047,158.93800354003906,158.5399932861328,158.73800659179688
2025-02-19 00:00:00+00:00,158.72500610351562,159.1280059814453,158.4720001220703,158.50100708007812
2025-02-19 08:00:00+00:00,158.5,158.71200561523438,157.75599670410156,157.83799743652344
2025-02-19 16:00:00+00:00,157.83799743652344,158.06700134277344,157.47900390625,157.58799743652344
2025-02-20 00:00:00+00:00,157.58799743652344,157.6479949951172,156.31700134277344,156.65499877929688
2025-02-20 08:00:00+00:00,156.656005859375,156.98599243164062,156.30799865722656,156.60000610351562
2025-02-20 16:00:00+00:00,156.6020050048828,157.3249969482422,156.54600524902344,156.9219970703125
2025-02-21 00:00:00+00:00,156.96499633789062,158.22000122070312,156.927001953125,157.95899963378906
2025-02-21 08:00:00+00:00,157.9600067138672,157.99899291992188,156.3159942626953,156.3459930419922
2025-02-21 16:00:00+00:00,156.3459930419922,156.42999267578125,155.80999755859375,156.1540069580078
2025-02-22 00:00:00+00:00,,,,
2025-02-22 08:00:00+00:00,,,,
2025-02-22 16:00:00+00:00,,,,
2025-02-23 00:00:00+00:00,,,,
2025-02-23 08:00:00+00:00,,,,
2025-02-23 16:00:00+00:00,,,,
2025-02-24 00:00:00+00:00,156.47900390625,157.2550048828125,156.31199645996094,156.7949981689453
2025-02-24 08:00:00+00:00,156.79299926757812,156.89599609375,156.08299255371094,156.29800415039062
2025-02-24 16:00:00+00:00,156.2989959716797,156.98699951171875,156.28900146484375,156.76699829101562
2025-02-25 00:00:00+00:00,156.82400512695312,157.23800659179688,156.18899536132812,156.21099853515625
2025-02-25 08:00:00+00:00,156.20899963378906,157.30599975585938,156.0800018310547,156.49899291992188
2025-02-25 16:00:00+00:00,156.5019989013672,156.92599487304688,156.16400146484375,156.8209991455078
2025-02-26 00:00:00+00:00,156.8000030517578,157.09300231933594,156.4010009765625,156.91200256347656
2025-02-26 08:00:00+00:00,156.91200256347656,157.125,156.61199951171875,157.04400634765625
2025-02-26 16:00:00+00:00,157.04800415039062,157.11900329589844,156.0229949951172,156.08700561523438
2025-02-27 00:00:00+00:00,156.1320037841797,156.54200744628906,155.9459991455078,156.35699462890625
2025-02-27 08:00:00+00:00,156.35899353027344,157.21299743652344,155.7469940185547,156.16299438476562
2025-02-27 16:00:00+00:00,156.16099548339844,156.3939971923828,155.50100708007812,155.96099853515625
2025-02-28 00:00:00+00:00,155.98300170898438,156.50999450683594,154.79100036621094,156.39100646972656
2025-02-28 08:00:00+00:00,156.39100646972656,157.16000366210938,156.12399291992188,156.69200134277344
2025-02-28 16:00:00+00:00,156.70399475097656,156.8260040283203,155.76400756835938,156.25999450683594
2025-03-01 00:00:00+00:00,,,,
2025-03-01 08:00:00+00:00,,,,
2025-03-01 16:00:00+00:00,,,,
2025-03-02 00:00:00+00:00,,,,
2025-03-02 08:00:00+00:00,,,,
2025-03-02 16:00:00+00:00,,,,
2025-03-03 00:00:00+00:00,157.02099609375,157.125,156.23500061035156,156.25599670410156
2025-03-03 08:00:00+00:00,156.25900268554688,158.46600341796875,155.91600036621094,157.51199340820312
2025-03-03 16:00:00+00:00,157.51100158691406,157.7790069580078,156.08399963378906,156.54100036621094
2025-03-04 00:00:00+00:00,156.55099487304688,156.8979949951172,155.927001953125,156.71200561523438
2025-03-04 08:00:00+00:00,156.70799255371094,157.20399475097656,155.58799743652344,156.1580047607422
2025-03-04 16:00:00+00:00,156.15899658203125,159.51300048828125,155.97999572753906,159.06199645996094
2025-03-05 00:00:00+00:00,159.15699768066406,159.6439971923828,158.72300720214844,159.52699279785156
2025-03-05 08:00:00+00:00,159.52499389648438,160.5240020751953,159.22799682617188,160.30799865722656
2025-03-05 16:00:00+00:00,160.3070068359375,160.7689971923828,159.86700439453125,160.71099853515625
2025-03-06 00:00:00+00:00,160.70399475097656,161.2760009765625,160.19500732421875,160.2270050048828
2025-03-06 08:00:00+00:00,160.22799682617188,160.58599853515625,159.11500549316406,160.34800720214844
2025-03-06 16:00:00+00:00,160.3489990234375,160.71299743652344,159.11700439453125,159.76400756835938
2025-03-07 00:00:00+00:00,159.8040008544922,160.093994140625,159.27099609375,159.90199279785156
2025-03-07 08:00:00+00:00,159.89999389648438,160.75599670410156,159.51199340820312,160.3520050048828
2025-03-07 16:00:00+00:00,160.35299682617188,160.65699768066406,159.4239959716797,160.36599731445312
2025-03-08 00:00:00+00:00,,,,
2025-03-08 08:00:00+00:00,,,,
2025-03-08 16:00:00+00:00,,,,
2025-03-09 00:00:00+00:00,,,,
2025-03-09 08:00:00+00:00,,,,
2025-03-09 16:00:00+00:00,,,,
2025-03-10 00:00:00+00:00,160.2729949951172,160.3520050048828,159.54400634765625,159.7010040283203
2025-03-10 08:00:00+00:00,159.7030029296875,159.9429931640625,158.88900756835938,159.46600341796875
2025-03-10 16:00:00+00:00,159.4669952392578,159.6909942626953,159.1300048828125,159.4040069580078
2025-03-11 00:00:00+00:00,159.41799926757812,160.1790008544922,158.96600341796875,160.0240020751953
2025-03-11 08:00:00+00:00,160.0229949951172,161.72999572753906,159.93499755859375,161.16900634765625
2025-03-11 16:00:00+00:00,161.16700744628906,161.78399658203125,160.6510009765625,161.5800018310547
2025-03-12 00:00:00+00:00,161.58099365234375,162.00999450683594,161.20199584960938,161.98300170898438
2025-03-12 08:00:00+00:00,161.98500061035156,162.35400390625,161.6219940185547,162.0240020751953
2025-03-12 16:00:00+00:00,162.02099609375,162.11399841308594,161.22799682617188,161.41600036621094
2025-03-13 00:00:00+00:00,161.4199981689453,161.51300048828125,160.52200317382812,160.58099365234375
2025-03-13 08:00:00+00:00,160.572998046875,161.26499938964844,160.28399658203125,160.38400268554688
2025-03-13 16:00:00+00:00,160.38400268554688,160.6280059814453,160.05099487304688,160.56100463867188
2025-03-14 00:00:00+00:00,160.5780029296875,161.5590057373047,160.49400329589844,161.22999572753906
2025-03-14 08:00:00+00:00,161.2310028076172,162.32899475097656,161.08700561523438,161.45700073242188
2025-03-14 16:00:00+00:00,161.45599365234375,161.8000030517578,161.27699279785156,161.5760040283203
2025-03-15 00:00:00+00:00,,,,
2025-03-15 08:00:00+00:00,,,,
2025-03-15 16:00:00+00:00,,,,
2025-03-16 00:00:00+00:00,,,,
2025-03-16 08:00:00+00:00,,,,
2025-03-16 16:00:00+00:00,,,,
2025-03-17 00:00:00+00:00,161.6750030517578,162.2550048828125,161.531005859375,161.8730010986328
2025-03-17 08:00:00+00:00,161.875,162.49200439453125,161.7050018310547,162.24200439453125
2025-03-17 16:00:00+00:00,162.24200439453125,163.1439971923828,162.18099975585938,163.10699462890625
2025-03-18 00:00:00+00:00,163.11700439453125,163.8699951171875,162.99000549316406,163.84300231933594
2025-03-18 08:00:00+00:00,163.85000610351562,164.1840057373047,163.00900268554688,163.35000610351562
2025-03-18 16:00:00+00:00,163.3489990234375,163.572998046875,163.16900634765625,163.50399780273438
2025-03-19 00:00:00+00:00,163.48300170898438,163.88299560546875,162.18899536132812,162.6230010986328
2025-03-19 08:00:00+00:00,162.6219940185547,163.6580047607422,162.61700439453125,163.21299743652344
2025-03-19 16:00:00+00:00,163.21400451660156,163.2519989013672,161.9929962158203,162.0240020751953
2025-03-20 00:00:00+00:00,161.9969940185547,162.0399932861328,161.42300415039062,161.64999389648438
2025-03-20 08:00:00+00:00,161.6510009765625,161.718994140625,160.73599243164062,161.45700073242188
2025-03-20 16:00:00+00:00,161.45799255371094,161.59300231933594,161.29299926757812,161.30099487304688
2025-03-21 00:00:00+00:00,161.3000030517578,162.1320037841797,161.29400634765625,161.83099365234375
2025-03-21 08:00:00+00:00,161.82899475097656,162.03900146484375,160.73300170898438,160.99000549316406
2025-03-21 16:00:00+00:00,160.9929962158203,161.6020050048828,160.9530029296875,161.48699951171875
2025-03-22 00:00:00+00:00,,,,
2025-03-22 08:00:00+00:00,,,,
2025-03-22 16:00:00+00:00,,,,
2025-03-23 00:00:00+00:00,,,,
2025-03-23 08:00:00+00:00,,,,
2025-03-23 16:00:00+00:00,,,,
2025-03-24 00:00:00+00:00,162.17799377441406,162.51800537109375,161.99200439453125,162.18699645996094
2025-03-24 08:00:00+00:00,162.18800354003906,162.77099609375,161.93899536132812,162.70399475097656
2025-03-24 16:00:00+00:00,162.70399475097656,162.93800354003906,162.3489990234375,162.88999938964844
2025-03-25 00:00:00+00:00,162.8800048828125,163.0240020751953,162.3800048828125,162.58700561523438
2025-03-25 08:00:00+00:00,162.58900451660156,162.67599487304688,161.61700439453125,161.79299926757812
2025-03-25 16:00:00+00:00,161.79100036621094,162.0070037841797,161.6540069580078,161.74099731445312
2025-03-26 00:00:00+00:00,161.76800537109375,162.43299865722656,161.6739959716797,162.21400451660156
2025-03-26 08:00:00+00:00,162.21499633789062,162.60699462890625,161.9600067138672,162.44400024414062
2025-03-26 16:00:00+00:00,162.44400024414062,162.52699279785156,161.35899353027344,161.60800170898438
2025-03-27 00:00:00+00:00,161.6219940185547,162.1909942626953,161.54299926757812,162.04400634765625
2025-03-27 08:00:00+00:00,162.04600524902344,163.16000366210938,161.91000366210938,163.04100036621094
2025-03-27 16:00:00+00:00,163.04100036621094,163.36000061035156,162.83399963378906,162.94400024414062
2025-03-28 00:00:00+00:00,162.9290008544922,163.1719970703125,162.18499755859375,162.22900390625
2025-03-28 08:00:00+00:00,162.23800659179688,162.92999267578125,162.06399536132812,162.65699768066406
2025-03-28 16:00:00+00:00,162.65699768066406,162.7530059814453,162.06399536132812,162.26600646972656
2025-03-29 00:00:00+00:00,,,,
2025-03-29 08:00:00+00:00,,,,
2025-03-29 16:00:00+00:00,,,,
2025-03-30 00:00:00+00:00,,,,
2025-03-30 08:00:00+00:00,,,,
2025-03-30 16:00:00+00:00,161.76600646972656,161.94900512695312,161.47900390625,161.93899536132812
2025-03-31 00:00:00+00:00,161.93299865722656,162.0469970703125,161.03599548339844,161.54100036621094
2025-03-31 08:00:00+00:00,161.5449981689453,162.0229949951172,161.21400451660156,161.80999755859375
2025-03-31 16:00:00+00:00,161.81100463867188,162.47999572753906,161.68099975585938,162.19900512695312
2025-04-01 00:00:00+00:00,162.20199584960938,162.2949981689453,161.5679931640625,161.61000061035156
2025-04-01 08:00:00+00:00,161.60800170898438,162.0279998779297,160.77099609375,161.34300231933594
2025-04-01 16:00:00+00:00,161.343994140625,161.93699645996094,161.06300354003906,161.64300537109375
2025-04-02 00:00:00+00:00,161.64300537109375,161.89599609375,161.36300659179688,161.51800537109375
2025-04-02 08:00:00+00:00,161.51800537109375,163.03500366210938,161.10699462890625,162.99899291992188
2025-04-02 16:00:00+00:00,162.9969940185547,164.17599487304688,160.09800720214844,161.2480010986328
2025-04-03 00:00:00+00:00,161.2480010986328,161.7969970703125,160.62600708007812,161.5590057373047
2025-04-03 08:00:00+00:00,161.5590057373047,163.06900024414062,161.0850067138672,161.38800048828125
2025-04-03 16:00:00+00:00,161.38999938964844,161.6739959716797,160.93800354003906,161.53900146484375
2025-04-04 00:00:00+00:00,161.53599548339844,161.99899291992188,160.8090057373047,160.94000244140625
2025-04-04 08:00:00+00:00,160.95799255371094,161.0850067138672,159.01300048828125,160.71200561523438
2025-04-04 16:00:00+00:00,160.71800231933594,161.4029998779297,160.41299438476562,161.13400268554688
2025-04-05 00:00:00+00:00,,,,
2025-04-05 08:00:00+00:00,,,,
2025-04-05 16:00:00+00:00,,,,
2025-04-06 00:00:00+00:00,,,,
2025-04-06 08:00:00+00:00,,,,
2025-04-06 16:00:00+00:00,159.41299438476562,159.77099609375,159.2169952392578,159.73800659179688
2025-04-07 00:00:00+00:00,159.73899841308594,160.73300170898438,159.16099548339844,160.3730010986328
2025-04-07 08:00:00+00:00,160.37600708007812,162.37600708007812,159.8990020751953,161.44900512695312
2025-04-07 16:00:00+00:00,161.4459991455078,162.0659942626953,161.06900024414062,161.30799865722656
2025-04-08 00:00:00+00:00,161.30799865722656,162.2010040283203,160.87899780273438,161.00399780273438
2025-04-08 08:00:00+00:00,161.0,161.32899475097656,160.23500061035156,160.42100524902344
2025-04-08 16:00:00+00:00,160.4199981689453,160.80799865722656,159.8719940185547,160.11099243164062
2025-04-09 00:00:00+00:00,160.1060028076172,160.89199829101562,159.63299560546875,160.29400634765625
2025-04-09 08:00:00+00:00,160.29600524902344,160.60800170898438,159.47500610351562,160.16400146484375
2025-04-09 16:00:00+00:00,160.16400146484375,162.20199584960938,159.4510040283203,161.41799926757812
2025-04-10 00:00:00+00:00,161.41600036621094,161.54299926757812,160.8679962158203,161.2790069580078
2025-04-10 08:00:00+00:00,161.281005859375,161.93800354003906,160.947998046875,161.531005859375
2025-04-10 16:00:00+00:00,161.52999877929688,162.57400512695312,161.3179931640625,161.8280029296875
2025-04-11 00:00:00+00:00,161.822998046875,162.6929931640625,161.302001953125,162.31500244140625
2025-04-11 08:00:00+00:00,162.31199645996094,163.13900756835938,161.50599670410156,162.6009979248047
2025-04-11 16:00:00+00:00,162.59800720214844,163.05499267578125,162.3419952392578,163.05499267578125
2025-04-12 00:00:00+00:00,,,,
2025-04-12 08:00:00+00:00,,,,
2025-04-12 16:00:00+00:00,,,,
2025-04-13 00:00:00+00:00,,,,
2025-04-13 08:00:00+00:00,,,,
2025-04-13 16:00:00+00:00,162.80499267578125,163.12600708007812,162.68800354003906,162.9720001220703
2025-04-14 00:00:00+00:00,162.97500610351562,163.08700561523438,162.093994140625,162.96299743652344
2025-04-14 08:00:00+00:00,162.96400451660156,163.1699981689453,162.36000061035156,162.3769989013672
2025-04-14 16:00:00+00:00,162.37600708007812,162.58099365234375,162.0780029296875,162.35699462890625
2025-04-15 00:00:00+00:00,162.3470001220703,162.7729949951172,162.0709991455078,162.75
2025-04-15 08:00:00+00:00,162.74899291992188,162.7989959716797,161.41700744628906,161.53799438476562
2025-04-15 16:00:00+00:00,161.53500366210938,161.7169952392578,161.2790069580078,161.6060028076172
2025-04-16 00:00:00+00:00,161.60499572753906,161.98199462890625,161.38099670410156,161.73399353027344
2025-04-16 08:00:00+00:00,161.72799682617188,162.34500122070312,161.593994140625,162.1999969482422
2025-04-16 16:00:00+00:00,162.2010040283203,162.30099487304688,161.41299438476562,161.6909942626953
2025-04-17 00:00:00+00:00,161.6929931640625,162.5709991455078,161.61599731445312,162.52099609375
2025-04-17 08:00:00+00:00,162.5260009765625,162.63400268554688,161.24000549316406,161.7010040283203
2025-04-17 16:00:00+00:00,161.70399475097656,162.0330047607422,161.5330047607422,161.83200073242188
2025-04-18 00:00:00+00:00,161.84300231933594,162.09800720214844,161.6490020751953,161.86500549316406
2025-04-18 08:00:00+00:00,161.86500549316406,162.17999267578125,161.7469940185547,162.00999450683594
2025-04-18 16:00:00+00:00,162.01100158691406,162.10400390625,161.8040008544922,161.99099731445312
2025-04-19 00:00:00+00:00,,,,
2025-04-19 08:00:00+00:00,,,,
2025-04-19 16:00:00+00:00,,,,
2025-04-20 00:00:00+00:00,,,,
2025-04-20 08:00:00+00:00,,,,
2025-04-20 16:00:00+00:00,162.03700256347656,162.1699981689453,161.86599731445312,162.1020050048828
2025-04-21 00:00:00+00:00,162.10800170898438,162.572998046875,161.63800048828125,162.41099548339844
2025-04-21 08:00:00+00:00,162.41200256347656,162.6699981689453,161.7760009765625,162.031005859375
2025-04-21 16:00:00+00:00,162.03399658203125,162.26199340820312,161.8939971923828,162.197998046875
2025-04-22 00:00:00+00:00,162.1959991455078,162.31700134277344,161.2519989013672,161.40699768066406
2025-04-22 08:00:00+00:00,161.4080047607422,161.70599365234375,160.9810028076172,161.51199340820312
2025-04-22 16:00:00+00:00,161.51199340820312,162.44000244140625,161.3520050048828,161.9739990234375
2025-04-23 00:00:00+00:00,161.9720001220703,162.08700561523438,161.14700317382812,161.5229949951172
2025-04-23 08:00:00+00:00,161.51400756835938,162.1699981689453,161.39599609375,161.875
2025-04-23 16:00:00+00:00,161.8769989013672,162.46299743652344,161.8000030517578,162.23300170898438
2025-04-24 00:00:00+00:00,162.22799682617188,162.38600158691406,161.83799743652344,162.23899841308594
2025-04-24 08:00:00+00:00,162.2469940185547,162.38400268554688,161.86099243164062,162.06700134277344
2025-04-24 16:00:00+00:00,162.06700134277344,162.61199951171875,162.04299926757812,162.46499633789062
2025-04-25 00:00:00+00:00,162.4669952392578,163.1490020751953,162.1230010986328,162.90499877929688
2025-04-25 08:00:00+00:00,162.9029998779297,163.75599670410156,162.656005859375,163.59800720214844
2025-04-25 16:00:00+00:00,163.5970001220703,163.6790008544922,163.13299560546875,163.28599548339844
2025-04-26 00:00:00+00:00,,,,
2025-04-26 08:00:00+00:00,,,,
2025-04-26 16:00:00+00:00,,,,
2025-04-27 00:00:00+00:00,,,,
2025-04-27 08:00:00+00:00,,,,
2025-04-27 16:00:00+00:00,163.1820068359375,163.24000549316406,163.11000061035156,163.19400024414062
2025-04-28 00:00:00+00:00,163.1929931640625,163.32899475097656,162.88400268554688,163.00100708007812
2025-04-28 08:00:00+00:00,163.0,163.07400512695312,162.3679962158203,162.48800659179688
2025-04-28 16:00:00+00:00,162.48699951171875,162.56199645996094,162.0540008544922,162.17999267578125
2025-04-29 00:00:00+00:00,162.1790008544922,162.47300720214844,162.02099609375,162.35800170898438
2025-04-29 08:00:00+00:00,162.36599731445312,162.5570068359375,161.94000244140625,162.14199829101562
2025-04-29 16:00:00+00:00,162.14100646972656,162.20199584960938,161.70799255371094,161.968994140625
2025-04-30 00:00:00+00:00,161.96400451660156,162.53900146484375,161.71200561523438,162.3979949951172
2025-04-30 08:00:00+00:00,162.37399291992188,162.70700073242188,161.7030029296875,161.78500366210938
2025-04-30 16:00:00+00:00,161.78599548339844,162.25399780273438,161.7790069580078,161.9550018310547
2025-05-01 00:00:00+00:00,161.95599365234375,163.46800231933594,161.79200744628906,163.2969970703125
2025-05-01 08:00:00+00:00,163.2949981689453,164.14700317382812,163.19000244140625,164.10400390625
2025-05-01 16:00:00+00:00,164.10299682617188,164.45700073242188,163.96800231933594,164.2689971923828
2025-05-02 00:00:00+00:00,164.26300048828125,164.63400268554688,164.20199584960938,164.42300415039062
2025-05-02 08:00:00+00:00,164.41700744628906,164.4320068359375,163.45199584960938,163.7519989013672
2025-05-02 16:00:00+00:00,163.7519989013672,164.01699829101562,163.5800018310547,163.78199768066406
2025-05-03 00:00:00+00:00,,,,
2025-05-03 08:00:00+00:00,,,,
2025-05-03 16:00:00+00:00,,,,
2025-05-04 00:00:00+00:00,,,,
2025-05-04 08:00:00+00:00,,,,
2025-05-04 16:00:00+00:00,163.6699981689453,163.802001953125,163.64700317382812,163.76800537109375
2025-05-05 00:00:00+00:00,163.7689971923828,163.85800170898438,163.2899932861328,163.3249969482422
2025-05-05 08:00:00+00:00,163.32200622558594,163.36000061035156,162.7779998779297,162.906005859375
2025-05-05 16:00:00+00:00,162.9080047607422,163.05599975585938,162.4199981689453,162.55999755859375
2025-05-06 00:00:00+00:00,162.5590057373047,162.9499969482422,162.3780059814453,162.51600646972656
2025-05-06 08:00:00+00:00,162.51600646972656,162.5290069580078,161.5919952392578,161.9530029296875
2025-05-06 16:00:00+00:00,161.95599365234375,162.49000549316406,161.79200744628906,162.26499938964844
2025-05-07 00:00:00+00:00,162.26199340820312,162.8000030517578,162.00100708007812,162.6750030517578
2025-05-07 08:00:00+00:00,162.6790008544922,163.01499938964844,162.61599731445312,162.802001953125
2025-05-07 16:00:00+00:00,162.802001953125,162.86000061035156,162.37899780273438,162.60400390625
2025-05-08 00:00:00+00:00,162.60699462890625,163.1230010986328,162.52699279785156,163.04200744628906
2025-05-08 08:00:00+00:00,163.03900146484375,163.73399353027344,163.0070037841797,163.62100219726562
2025-05-08 16:00:00+00:00,163.61900329589844,163.94000244140625,163.5070037841797,163.86399841308594
2025-05-09 00:00:00+00:00,163.86300659179688,163.9199981689453,163.22799682617188,163.33299255371094
2025-05-09 08:00:00+00:00,163.33799743652344,163.63900756835938,163.14700317382812,163.58299255371094
2025-05-09 16:00:00+00:00,163.58299255371094,163.62600708007812,163.4149932861328,163.52200317382812
2025-05-10 00:00:00+00:00,,,,
2025-05-10 08:00:00+00:00,,,,
2025-05-10 16:00:00+00:00,,,,
2025-05-11 00:00:00+00:00,,,,
2025-05-11 08:00:00+00:00,,,,
2025-05-11 16:00:00+00:00,163.70399475097656,163.82000732421875,163.66000366210938,163.7480010986328
2025-05-12 00:00:00+00:00,163.73899841308594,164.2989959716797,163.6840057373047,164.2550048828125
2025-05-12 08:00:00+00:00,164.25599670410156,164.9199981689453,164.156005859375,164.45799255371094
2025-05-12 16:00:00+00:00,164.4600067138672,164.69200134277344,164.35499572753906,164.5
2025-05-13 00:00:00+00:00,164.50399780273438,164.50399780273438,164.1269989013672,164.3509979248047
2025-05-13 08:00:00+00:00,164.34800720214844,165.20899963378906,164.17999267578125,165.11500549316406
2025-05-13 16:00:00+00:00,165.11300659179688,165.1199951171875,164.8280029296875,165.01300048828125
2025-05-14 00:00:00+00:00,165.01400756835938,165.16200256347656,164.30099487304688,164.83200073242188
2025-05-14 08:00:00+00:00,164.82699584960938,164.83399963378906,163.7270050048828,164.20599365234375
2025-05-14 16:00:00+00:00,164.2100067138672,164.427001953125,163.71800231933594,163.95700073242188
2025-05-15 00:00:00+00:00,163.95599365234375,164.06399536132812,163.2570037841797,163.3459930419922
2025-05-15 08:00:00+00:00,163.3489990234375,163.57899475097656,162.90699768066406,162.91400146484375
2025-05-15 16:00:00+00:00,162.91600036621094,163.0279998779297,162.74099731445312,162.9219970703125
2025-05-16 00:00:00+00:00,162.91900634765625,162.9709930419922,162.45199584960938,162.78599548339844
2025-05-16 08:00:00+00:00,162.78799438476562,163.1060028076172,162.66099548339844,162.6739959716797
2025-05-16 16:00:00+00:00,162.66900634765625,162.75999450683594,162.468994140625,162.60899353027344
2025-05-17 00:00:00+00:00,,,,
2025-05-17 08:00:00+00:00,,,,
2025-05-17 16:00:00+00:00,,,,
2025-05-18 00:00:00+00:00,,,,
2025-05-18 08:00:00+00:00,,,,
2025-05-18 16:00:00+00:00,162.43499755859375,162.6540069580078,162.41600036621094,162.4980010986328
2025-05-19 00:00:00+00:00,162.5019989013672,162.802001953125,162.13999938964844,162.78399658203125
2025-05-19 08:00:00+00:00,162.78500366210938,163.38800048828125,162.781005859375,162.91299438476562
2025-05-19 16:00:00+00:00,162.91099548339844,163.00900268554688,162.69700622558594,162.84100341796875
2025-05-20 00:00:00+00:00,162.84100341796875,163.27999877929688,162.41299438476562,162.52499389648438
2025-05-20 08:00:00+00:00,162.51800537109375,162.9810028076172,162.4219970703125,162.85299682617188
2025-05-20 16:00:00+00:00,162.85299682617188,163.15499877929688,162.67999267578125,162.9080047607422
2025-05-21 00:00:00+00:00,162.9040069580078,163.08700561523438,162.6580047607422,162.947998046875
2025-05-21 08:00:00+00:00,162.9510040283203,163.302001953125,162.69400024414062,162.9720001220703
2025-05-21 16:00:00+00:00,162.96800231933594,163.41200256347656,162.55999755859375,162.8300018310547
2025-05-22 00:00:00+00:00,162.8300018310547,162.875,161.7989959716797,161.94700622558594
2025-05-22 08:00:00+00:00,161.95399475097656,162.4969940185547,161.8260040283203,162.3179931640625
2025-05-22 16:00:00+00:00,162.3159942626953,162.6060028076172,162.21800231933594,162.29400634765625
2025-05-23 00:00:00+00:00,162.2969970703125,162.62899780273438,162.19900512695312,162.50100708007812
2025-05-23 08:00:00+00:00,162.5,162.7480010986328,161.0780029296875,161.8560028076172
2025-05-23 16:00:00+00:00,161.85699462890625,162.0570068359375,161.84300231933594,162.01100158691406
2025-05-24 00:00:00+00:00,,,,
2025-05-24 08:00:00+00:00,,,,
2025-05-24 16:00:00+00:00,,,,
2025-05-25 00:00:00+00:00,,,,
2025-05-25 08:00:00+00:00,,,,
2025-05-25 16:00:00+00:00,162.4010009765625,162.5399932861328,162.38800048828125,162.45799255371094
2025-05-26 00:00:00+00:00,162.4600067138672,162.9759979248047,162.3699951171875,162.7480010986328
2025-05-26 08:00:00+00:00,162.74899291992188,162.7899932861328,162.48199462890625,162.57400512695312
2025-05-26 16:00:00+00:00,162.57400512695312,162.75799560546875,162.41099548339844,162.42999267578125
2025-05-27 00:00:00+00:00,162.42999267578125,163.16099548339844,162.0850067138672,163.01199340820312
2025-05-27 08:00:00+00:00,163.00999450683594,163.94200134277344,162.98199462890625,163.51699829101562
2025-05-27 16:00:00+00:00,163.51600646972656,163.6439971923828,163.3990020751953,163.3990020751953
2025-05-28 00:00:00+00:00,163.39999389648438,163.83200073242188,163.13800048828125,163.27099609375
2025-05-28 08:00:00+00:00,163.27099609375,163.90699768066406,163.06900024414062,163.6790008544922
2025-05-28 16:00:00+00:00,163.6840057373047,163.99899291992188,163.41799926757812,163.63699340820312
2025-05-29 00:00:00+00:00,163.63800048828125,164.25799560546875,163.63800048828125,163.78700256347656
2025-05-29 08:00:00+00:00,163.78599548339844,164.02499389648438,163.3419952392578,163.83099365234375
2025-05-29 16:00:00+00:00,163.8300018310547,164.0229949951172,163.53599548339844,163.54299926757812
2025-05-30 00:00:00+00:00,163.5399932861328,163.7030029296875,163.10499572753906,163.2899932861328
2025-05-30 08:00:00+00:00,163.28900146484375,163.86199951171875,162.7989959716797,163.593994140625
2025-05-30 16:00:00+00:00,163.593994140625,163.61000061035156,163.26800537109375,163.4709930419922
2025-05-31 00:00:00+00:00,,,,
2025-05-31 08:00:00+00:00,,,,
2025-05-31 16:00:00+00:00,,,,
2025-06-01 00:00:00+00:00,,,,
2025-06-01 08:00:00+00:00,,,,
2025-06-01 16:00:00+00:00,163.32699584960938,163.3699951171875,163.2310028076172,163.24600219726562
2025-06-02 00:00:00+00:00,163.2469940185547,163.38400268554688,163.052001953125,163.24600219726562
2025-06-02 08:00:00+00:00,163.24099731445312,163.3350067138672,162.83399963378906,163.1959991455078
2025-06-02 16:00:00+00:00,163.19700622558594,163.4149932861328,163.0679931640625,163.11900329589844
2025-06-03 00:00:00+00:00,163.11900329589844,163.70899963378906,162.9409942626953,163.0469970703125
2025-06-03 08:00:00+00:00,163.0500030517578,163.79800415039062,162.79299926757812,163.69000244140625
2025-06-03 16:00:00+00:00,163.68899536132812,163.87100219726562,163.47500610351562,163.72300720214844
2025-06-04 00:00:00+00:00,163.71600341796875,164.10299682617188,163.63600158691406,164.06300354003906
2025-06-04 08:00:00+00:00,164.06199645996094,164.24000549316406,163.20700073242188,163.25999450683594
2025-06-04 16:00:00+00:00,163.26100158691406,163.26199340820312,162.843994140625,163.0050048828125
2025-06-05 00:00:00+00:00,163.0019989013672,163.65499877929688,162.9499969482422,163.58599853515625
2025-06-05 08:00:00+00:00,163.58200073242188,164.6719970703125,163.37600708007812,164.5659942626953
2025-06-05 16:00:00+00:00,164.5659942626953,164.6540069580078,164.05999755859375,164.41700744628906
2025-06-06 00:00:00+00:00,164.41600036621094,164.77999877929688,164.33700561523438,164.43899536132812
2025-06-06 08:00:00+00:00,164.44000244140625,165.2830047607422,164.3679962158203,165.11000061035156
2025-06-06 16:00:00+00:00,165.11099243164062,165.19200134277344,164.9499969482422,165.05299377441406
2025-06-07 00:00:00+00:00,,,,
2025-06-07 08:00:00+00:00,,,,
2025-06-07 16:00:00+00:00,,,,
2025-06-08 00:00:00+00:00,,,,
2025-06-08 08:00:00+00:00,,,,
2025-06-08 16:00:00+00:00,165.04400634765625,165.08599853515625,164.98699951171875,165.04200744628906
2025-06-09 00:00:00+00:00,165.04100036621094,165.16799926757812,164.593994140625,164.64599609375
2025-06-09 08:00:00+00:00,164.6439971923828,165.0,164.54800415039062,164.9340057373047
2025-06-09 16:00:00+00:00,164.93099975585938,165.2169952392578,164.86700439453125,165.18299865722656
2025-06-10 00:00:00+00:00,165.18099975585938,165.447998046875,164.62100219726562,164.89199829101562
2025-06-10 08:00:00+00:00,164.89199829101562,165.52999877929688,164.8350067138672,165.5240020751953
2025-06-10 16:00:00+00:00,165.52499389648438,165.81300354003906,165.3719940185547,165.66200256347656
2025-06-11 00:00:00+00:00,165.66000366210938,165.78500366210938,165.3800048828125,165.71800231933594
2025-06-11 08:00:00+00:00,165.72000122070312,166.42599487304688,165.6959991455078,166.0070037841797
2025-06-11 16:00:00+00:00,166.00799560546875,166.21400451660156,165.8350067138672,165.9510040283203
2025-06-12 00:00:00+00:00,165.95199584960938,166.0449981689453,165.49200439453125,165.83599853515625
2025-06-12 08:00:00+00:00,165.83599853515625,166.74400329589844,165.7519989013672,166.29800415039062
2025-06-12 16:00:00+00:00,166.3000030517578,166.35699462890625,165.9340057373047,166.11500549316406
2025-06-13 00:00:00+00:00,166.11599731445312,166.18699645996094,164.92100524902344,165.8719940185547
2025-06-13 08:00:00+00:00,165.875,166.5919952392578,165.75,166.45799255371094
2025-06-13 16:00:00+00:00,166.46099853515625,166.52099609375,165.98199462890625,166.40499877929688
2025-06-14 00:00:00+00:00,,,,
2025-06-14 08:00:00+00:00,,,,
2025-06-14 16:00:00+00:00,,,,
2025-06-15 00:00:00+00:00,,,,
2025-06-15 08:00:00+00:00,,,,
2025-06-15 16:00:00+00:00,166.7220001220703,166.8730010986328,166.65199279785156,166.79800415039062
2025-06-16 00:00:00+00:00,166.79800415039062,167.21299743652344,166.33799743652344,166.93899536132812
2025-06-16 08:00:00+00:00,166.9409942626953,167.1269989013672,166.66900634765625,166.9040069580078
2025-06-16 16:00:00+00:00,166.906005859375,167.45799255371094,166.90199279785156,167.16099548339844
2025-06-17 00:00:00+00:00,167.1649932861328,167.61199951171875,166.97000122070312,167.04100036621094
2025-06-17 08:00:00+00:00,167.04299926757812,167.5850067138672,166.98399353027344,167.28700256347656
2025-06-17 16:00:00+00:00,167.28799438476562,167.29200744628906,166.68299865722656,166.92799377441406
2025-06-18 00:00:00+00:00,166.98300170898438,167.05499267578125,166.70700073242188,166.88999938964844
2025-06-18 08:00:00+00:00,166.88800048828125,167.00399780273438,166.31900024414062,166.55599975585938
2025-06-18 16:00:00+00:00,166.55799865722656,166.66299438476562,166.3260040283203,166.343994140625
2025-06-19 00:00:00+00:00,166.34800720214844,166.74600219726562,166.02999877929688,166.63499450683594
2025-06-19 08:00:00+00:00,166.63600158691406,167.31300354003906,166.53399658203125,166.89999389648438
2025-06-19 16:00:00+00:00,166.9010009765625,167.32899475097656,166.84800720214844,167.1820068359375
2025-06-20 00:00:00+00:00,167.17799377441406,167.6840057373047,167.14700317382812,167.45799255371094
2025-06-20 08:00:00+00:00,167.45599365234375,168.12399291992188,167.343994140625,168.0989990234375
2025-06-20 16:00:00+00:00,168.09800720214844,168.39999389648438,168.09800720214844,168.3280029296875
2025-06-21 00:00:00+00:00,,,,
2025-06-21 08:00:00+00:00,,,,
2025-06-21 16:00:00+00:00,,,,
2025-06-22 00:00:00+00:00,,,,
2025-06-22 08:00:00+00:00,,,,
2025-06-22 16:00:00+00:00,168.156005859375,168.2830047607422,168.12399291992188,168.13699340820312
2025-06-23 00:00:00+00:00,168.13400268554688,169.66299438476562,168.031005859375,169.4409942626953
2025-06-23 08:00:00+00:00,169.4459991455078,169.71299743652344,168.9149932861328,168.98399353027344
2025-06-23 16:00:00+00:00,168.98399353027344,169.27499389648438,168.73199462890625,169.23500061035156
2025-06-24 00:00:00+00:00,169.23500061035156,169.23699951171875,168.19200134277344,168.45799255371094
2025-06-24 08:00:00+00:00,168.45399475097656,168.53599548339844,167.906005859375,168.18699645996094
2025-06-24 16:00:00+00:00,168.1840057373047,168.3679962158203,168.06500244140625,168.29600524902344
2025-06-25 00:00:00+00:00,168.3000030517578,168.7010040283203,168.156005859375,168.5449981689453
2025-06-25 08:00:00+00:00,168.5449981689453,169.3719940185547,168.4459991455078,169.1750030517578
2025-06-25 16:00:00+00:00,169.1719970703125,169.38699340820312,169.10299682617188,169.3070068359375
2025-06-26 00:00:00+00:00,169.3040008544922,169.3990020751953,168.5540008544922,168.697998046875
2025-06-26 08:00:00+00:00,168.6929931640625,169.15499877929688,168.58700561523438,169.11500549316406
2025-06-26 16:00:00+00:00,169.11700439453125,169.20700073242188,168.718994140625,169.17100524902344
2025-06-27 00:00:00+00:00,169.16700744628906,169.30299377441406,168.62399291992188,169.2519989013672
2025-06-27 08:00:00+00:00,169.25399780273438,169.8090057373047,168.98199462890625,169.67799377441406
2025-06-27 16:00:00+00:00,169.67999267578125,169.68899536132812,169.177001953125,169.51300048828125
2025-06-28 00:00:00+00:00,,,,
2025-06-28 08:00:00+00:00,,,,
2025-06-28 16:00:00+00:00,,,,
2025-06-29 00:00:00+00:00,,,,
2025-06-29 08:00:00+00:00,,,,
2025-06-29 16:00:00+00:00,169.46600341796875,169.53799438476562,169.44000244140625,169.447998046875
2025-06-30 00:00:00+00:00,169.4510040283203,169.6199951171875,168.70199584960938,168.9770050048828
2025-06-30 08:00:00+00:00,168.9759979248047,169.73199462890625,168.802001953125,169.67599487304688
2025-06-30 16:00:00+00:00,169.6790008544922,169.86000061035156,169.45199584960938,169.48699951171875
2025-07-01 00:00:00+00:00,169.49400329589844,169.66000366210938,168.59800720214844,168.61900329589844
2025-07-01 08:00:00+00:00,168.61599731445312,169.14700317382812,168.45599365234375,169.072998046875
2025-07-01 16:00:00+00:00,169.07400512695312,169.52000427246094,169.01400756835938,169.2519989013672
2025-07-02 00:00:00+00:00,169.25,169.63099670410156,169.19200134277344,169.4290008544922
2025-07-02 08:00:00+00:00,169.42999267578125,169.78799438476562,169.03399658203125,169.47999572753906
2025-07-02 16:00:00+00:00,169.48199462890625,169.5989990234375,169.28199768066406,169.3300018310547
2025-07-03 00:00:00+00:00,169.33200073242188,169.8459930419922,169.31199645996094,169.77200317382812
2025-07-03 08:00:00+00:00,169.77000427246094,170.61199951171875,169.4239959716797,170.43600463867188
2025-07-03 16:00:00+00:00,170.4340057373047,170.58299255371094,170.27999877929688,170.30599975585938
2025-07-04 00:00:00+00:00,170.3040008544922,170.39599609375,169.8489990234375,169.96400451660156
2025-07-04 08:00:00+00:00,169.96499633789062,170.33200073242188,169.8679962158203,170.23300170898438
2025-07-04 16:00:00+00:00,170.23699951171875,170.29600524902344,170.0469970703125,170.1840057373047
2025-07-05 00:00:00+00:00,,,,
2025-07-05 08:00:00+00:00,,,,
2025-07-05 16:00:00+00:00,,,,
2025-07-06 00:00:00+00:00,,,,
2025-07-06 08:00:00+00:00,,,,
2025-07-06 16:00:00+00:00,170.20399475097656,170.2989959716797,170.13499450683594,170.21099853515625
2025-07-07 00:00:00+00:00,170.21200561523438,170.73800659179688,169.8800048828125,170.54200744628906
2025-07-07 08:00:00+00:00,170.54100036621094,171.2169952392578,170.3070068359375,171.14300537109375
2025-07-07 16:00:00+00:00,171.1439971923828,171.3990020751953,170.75,171.21299743652344
2025-07-08 00:00:00+00:00,171.21299743652344,171.81300354003906,171.17999267578125,171.74099731445312
2025-07-08 08:00:00+00:00,171.74000549316406,172.0019989013672,171.5540008544922,171.86700439453125
2025-07-08 16:00:00+00:00,171.8699951171875,172.177001953125,171.6179962158203,172.1739959716797
2025-07-09 00:00:00+00:00,172.17300415039062,172.2779998779297,171.8249969482422,171.91200256347656
2025-07-09 08:00:00+00:00,171.91600036621094,171.94900512695312,171.34100341796875,171.52999877929688
2025-07-09 16:00:00+00:00,171.52999877929688,171.64100646972656,171.25,171.4980010986328
2025-07-10 00:00:00+00:00,171.49600219726562,171.7779998779297,171.1719970703125,171.63099670410156
2025-07-10 08:00:00+00:00,171.6300048828125,171.72300720214844,171.052001953125,171.17599487304688
2025-07-10 16:00:00+00:00,171.1790008544922,171.2050018310547,170.93499755859375,171.16799926757812
2025-07-11 00:00:00+00:00,171.16099548339844,171.7689971923828,170.80499267578125,171.64999389648438
2025-07-11 08:00:00+00:00,171.65199279785156,172.42300415039062,171.54100036621094,172.2689971923828
2025-07-11 16:00:00+00:00,172.27000427246094,172.38600158691406,172.16400146484375,172.32000732421875
2025-07-12 00:00:00+00:00,,,,
2025-07-12 08:00:00+00:00,,,,
2025-07-12 16:00:00+00:00,,,,
2025-07-13 00:00:00+00:00,,,,
2025-07-13 08:00:00+00:00,,,,
2025-07-13 16:00:00+00:00,172.03900146484375,172.14199829101562,171.94700622558594,172.0760040283203
2025-07-14 00:00:00+00:00,172.0760040283203,172.21099853515625,171.7220001220703,172.20700073242188
2025-07-14 08:00:00+00:00,172.21099853515625,172.468994140625,171.96499633789062,172.37100219726562
2025-07-14 16:00:00+00:00,172.3699951171875,172.47300720214844,172.19200134277344,172.3939971923828
2025-07-15 00:00:00+00:00,172.39199829101562,172.7310028076172,172.25100708007812,172.6999969482422
2025-07-15 08:00:00+00:00,172.70199584960938,173.07899475097656,172.41600036621094,172.82200622558594
2025-07-15 16:00:00+00:00,172.82699584960938,172.8719940185547,172.593994140625,172.6840057373047
2025-07-16 00:00:00+00:00,172.68800354003906,173.24200439453125,172.6060028076172,172.9810028076172
2025-07-16 08:00:00+00:00,172.98199462890625,173.08399963378906,171.82000732421875,172.2209930419922
2025-07-16 16:00:00+00:00,172.22000122070312,172.49000549316406,171.83700561523438,172.20799255371094
2025-07-17 00:00:00+00:00,172.21200561523438,172.6719970703125,172.1269989013672,172.3820037841797
2025-07-17 08:00:00+00:00,172.38499450683594,172.56300354003906,171.93699645996094,172.2760009765625
2025-07-17 16:00:00+00:00,172.2760009765625,172.43800354003906,172.14599609375,172.4290008544922
2025-07-18 00:00:00+00:00,172.4290008544922,173.10899353027344,172.343994140625,173.02499389648438
2025-07-18 08:00:00+00:00,173.0260009765625,173.08999633789062,172.822998046875,172.99600219726562
2025-07-18 16:00:00+00:00,172.9949951171875,173.11900329589844,172.83399963378906,172.99000549316406
2025-07-19 00:00:00+00:00,,,,
2025-07-19 08:00:00+00:00,,,,
2025-07-19 16:00:00+00:00,,,,
2025-07-20 00:00:00+00:00,,,,
2025-07-20 08:00:00+00:00,,,,
2025-07-20 16:00:00+00:00,172.75,172.82899475097656,172.572998046875,172.64700317382812
2025-07-21 00:00:00+00:00,172.64500427246094,172.66000366210938,172.0019989013672,172.43899536132812
2025-07-21 08:00:00+00:00,172.43600463867188,172.552001953125,171.91600036621094,172.3699951171875
2025-07-21 16:00:00+00:00,172.3719940185547,172.4720001220703,172.06500244140625,172.3800048828125
2025-07-22 00:00:00+00:00,172.3800048828125,172.93099975585938,172.29800415039062,172.61199951171875
2025-07-22 08:00:00+00:00,172.61099243164062,172.8249969482422,171.35800170898438,171.9510040283203
2025-07-22 16:00:00+00:00,171.9499969482422,172.47500610351562,171.91099548339844,172.26499938964844
2025-07-23 00:00:00+00:00,172.26800537109375,172.73800659179688,171.67100524902344,172.30999755859375
2025-07-23 08:00:00+00:00,172.30599975585938,172.3730010986328,171.36700439453125,172.14599609375
2025-07-23 16:00:00+00:00,172.1439971923828,172.54400634765625,172.05999755859375,172.29600524902344
2025-07-24 00:00:00+00:00,172.30299377441406,172.3800048828125,171.74600219726562,172.20700073242188
2025-07-24 08:00:00+00:00,172.2050018310547,172.87600708007812,172.0850067138672,172.85000610351562
2025-07-24 16:00:00+00:00,172.8520050048828,172.92999267578125,172.4720001220703,172.8000030517578
2025-07-25 00:00:00+00:00,172.8040008544922,173.25,172.47500610351562,173.2010040283203
2025-07-25 08:00:00+00:00,173.2010040283203,173.60899353027344,172.9810028076172,173.33099365234375
2025-07-25 16:00:00+00:00,173.3300018310547,173.4080047607422,173.21400451660156,173.38699340820312
2025-07-26 00:00:00+00:00,,,,
2025-07-26 08:00:00+00:00,,,,
2025-07-26 16:00:00+00:00,,,,
2025-07-27 00:00:00+00:00,,,,
2025-07-27 08:00:00+00:00,,,,
2025-07-27 16:00:00+00:00,173.74899291992188,173.86900329589844,173.6959991455078,173.72300720214844
2025-07-28 00:00:00+00:00,173.7239990234375,173.89999389648438,173.08999633789062,173.125
2025-07-28 08:00:00+00:00,173.1230010986328,173.26800537109375,172.2830047607422,172.3419952392578
2025-07-28 16:00:00+00:00,172.343994140625,172.3820037841797,172.02499389648438,172.1540069580078
2025-07-29 00:00:00+00:00,172.15699768066406,172.33099365234375,171.26699829101562,171.6750030517578
2025-07-29 08:00:00+00:00,171.67599487304688,172.08099365234375,171.04600524902344,171.3560028076172
2025-07-29 16:00:00+00:00,171.35499572753906,171.54800415039062,171.3300018310547,171.43600463867188
2025-07-30 00:00:00+00:00,171.44000244140625,171.5290069580078,170.86199951171875,171.08299255371094
2025-07-30 08:00:00+00:00,171.08200073242188,171.1199951171875,170.697998046875,170.96800231933594
2025-07-30 16:00:00+00:00,170.968994140625,171.01499938964844,170.3990020751953,170.5290069580078
2025-07-31 00:00:00+00:00,170.531005859375,171.28900146484375,169.71800231933594,171.03500366210938
2025-07-31 08:00:00+00:00,171.03500366210938,172.29200744628906,170.94200134277344,172.13699340820312
2025-07-31 16:00:00+00:00,172.1439971923828,172.33399963378906,171.9239959716797,172.2519989013672
2025-08-01 00:00:00+00:00,172.2480010986328,172.38600158691406,171.82400512695312,171.8939971923828
2025-08-01 08:00:00+00:00,171.8939971923828,171.98300170898438,170.84300231933594,171.0659942626953
2025-08-01 16:00:00+00:00,171.0659942626953,171.0989990234375,170.27999877929688,170.79800415039062
2025-08-02 00:00:00+00:00,,,,
2025-08-02 08:00:00+00:00,,,,
2025-08-02 16:00:00+00:00,,,,
2025-08-03 00:00:00+00:00,,,,
2025-08-03 08:00:00+00:00,,,,
2025-08-03 16:00:00+00:00,170.56700134277344,170.7449951171875,170.49000549316406,170.73699951171875
2025-08-04 00:00:00+00:00,170.73800659179688,171.1439971923828,170.51400756835938,171.00399780273438
2025-08-04 08:00:00+00:00,171.0050048828125,171.16099548339844,170.11599731445312,170.14999389648438
2025-08-04 16:00:00+00:00,170.14999389648438,170.29200744628906,169.9010009765625,170.04200744628906
2025-08-05 00:00:00+00:00,170.04200744628906,170.27499389648438,169.81500244140625,170.1739959716797
2025-08-05 08:00:00+00:00,170.1750030517578,170.81399536132812,170.08900451660156,170.7899932861328
2025-08-05 16:00:00+00:00,170.78900146484375,170.94400024414062,170.6739959716797,170.81300354003906
2025-08-06 00:00:00+00:00,170.81199645996094,170.9429931640625,170.61000061035156,170.88800048828125
2025-08-06 08:00:00+00:00,170.88999938964844,171.65499877929688,170.87100219726562,171.49600219726562
2025-08-06 16:00:00+00:00,171.49600219726562,171.98899841308594,171.41600036621094,171.6820068359375
2025-08-07 00:00:00+00:00,171.6840057373047,172.16700744628906,171.39599609375,171.61599731445312
2025-08-07 08:00:00+00:00,171.61599731445312,172.0330047607422,171.32200622558594,171.54200744628906
2025-08-07 16:00:00+00:00,171.54100036621094,171.6840057373047,171.27099609375,171.427001953125
2025-08-08 00:00:00+00:00,171.4320068359375,171.8769989013672,171.36399841308594,171.7760009765625
2025-08-08 08:00:00+00:00,171.77200317382812,172.3419952392578,171.59100341796875,172.23300170898438
2025-08-08 16:00:00+00:00,172.23300170898438,172.30599975585938,171.8800048828125,171.9739990234375
2025-08-09 00:00:00+00:00,,,,
2025-08-09 08:00:00+00:00,,,,
2025-08-09 16:00:00+00:00,,,,
2025-08-10 00:00:00+00:00,,,,
2025-08-10 08:00:00+00:00,,,,
2025-08-10 16:00:00+00:00,172.0570068359375,172.0800018310547,171.9720001220703,171.98300170898438
2025-08-11 00:00:00+00:00,171.97999572753906,172.1999969482422,171.63699340820312,171.6580047607422
2025-08-11 08:00:00+00:00,171.66099548339844,172.14199829101562,171.54800415039062,171.76699829101562
2025-08-11 16:00:00+00:00,171.77000427246094,172.1490020751953,171.70799255371094,172.0959930419922
2025-08-12 00:00:00+00:00,172.0970001220703,172.51699829101562,172.0780029296875,172.2830047607422
2025-08-12 08:00:00+00:00,172.28399658203125,172.85299682617188,172.09500122070312,172.51699829101562
2025-08-12 16:00:00+00:00,172.51800537109375,172.6219940185547,172.3159942626953,172.56100463867188
2025-08-13 00:00:00+00:00,172.5590057373047,173.01800537109375,172.4530029296875,172.7259979248047
2025-08-13 08:00:00+00:00,172.7239990234375,172.8070068359375,172.22999572753906,172.47999572753906
2025-08-13 16:00:00+00:00,172.4810028076172,172.61300659179688,172.302001953125,172.31100463867188
2025-08-14 00:00:00+00:00,172.3090057373047,172.31100463867188,170.95899963378906,171.16700744628906
2025-08-14 08:00:00+00:00,171.16700744628906,172.2030029296875,170.9739990234375,171.95599365234375
2025-08-14 16:00:00+00:00,171.9550018310547,172.23599243164062,171.92599487304688,172.05599975585938
2025-08-15 00:00:00+00:00,172.05799865722656,172.09300231933594,171.5,171.74200439453125
2025-08-15 08:00:00+00:00,171.74000549316406,172.1929931640625,171.51199340820312,172.09500122070312
2025-08-15 16:00:00+00:00,172.0919952392578,172.375,172.08999633789062,172.2989959716797
2025-08-16 00:00:00+00:00,,,,
2025-08-16 08:00:00+00:00,,,,
2025-08-16 16:00:00+00:00,,,,
2025-08-17 00:00:00+00:00,,,,
2025-08-17 08:00:00+00:00,,,,
2025-08-17 16:00:00+00:00,172.38900756835938,172.5070037841797,172.34800720214844,172.3520050048828
2025-08-18 00:00:00+00:00,172.3489990234375,172.64999389648438,172.15899658203125,172.23800659179688
2025-08-18 08:00:00+00:00,172.2429962158203,172.67599487304688,172.0469970703125,172.38999938964844
2025-08-18 16:00:00+00:00,172.39100646972656,172.6199951171875,172.16900634765625,172.58399963378906
2025-08-19 00:00:00+00:00,172.5850067138672,172.6269989013672,171.99000549316406,172.56500244140625
2025-08-19 08:00:00+00:00,172.56500244140625,172.6999969482422,172.21600341796875,172.22500610351562
2025-08-19 16:00:00+00:00,172.2239990234375,172.25399780273438,171.69200134277344,171.98500061035156
2025-08-20 00:00:00+00:00,171.99000549316406,171.99600219726562,171.10899353027344,171.9029998779297
2025-08-20 08:00:00+00:00,171.8990020751953,171.94500732421875,171.33700561523438,171.45199584960938
2025-08-20 16:00:00+00:00,171.4459991455078,171.79100036621094,171.4429931640625,171.6199951171875
2025-08-21 00:00:00+00:00,171.61900329589844,172.072998046875,171.51699829101562,172.06100463867188
2025-08-21 08:00:00+00:00,172.05799865722656,172.36099243164062,171.73500061035156,172.15499877929688
2025-08-21 16:00:00+00:00,172.1540069580078,172.36900329589844,172.0279998779297,172.30999755859375
2025-08-22 00:00:00+00:00,172.30499267578125,172.5330047607422,172.0500030517578,172.29800415039062
2025-08-22 08:00:00+00:00,172.29800415039062,172.6750030517578,171.81900024414062,171.9709930419922
2025-08-22 16:00:00+00:00,171.968994140625,172.2830047607422,171.88699340820312,172.17100524902344
2025-08-23 00:00:00+00:00,,,,
2025-08-23 08:00:00+00:00,,,,
2025-08-23 16:00:00+00:00,,,,
2025-08-24 00:00:00+00:00,,,,
2025-08-24 08:00:00+00:00,,,,
2025-08-24 16:00:00+00:00,172.24899291992188,172.4770050048828,172.23899841308594,172.4199981689453
2025-08-25 00:00:00+00:00,172.4199981689453,172.57899475097656,172.28399658203125,172.3419952392578
2025-08-25 08:00:00+00:00,172.34300231933594,172.66200256347656,172.2270050048828,172.2519989013672
2025-08-25 16:00:00+00:00,172.2480010986328,172.2570037841797,171.5260009765625,171.66900634765625
2025-08-26 00:00:00+00:00,171.66600036621094,171.99899291992188,171.31700134277344,171.63999938964844
2025-08-26 08:00:00+00:00,171.64199829101562,172.1179962158203,171.32000732421875,171.69900512695312
2025-08-26 16:00:00+00:00,171.70399475097656,171.72900390625,171.50900268554688,171.61000061035156
2025-08-27 00:00:00+00:00,171.61000061035156,171.9080047607422,171.41799926757812,171.4459991455078
2025-08-27 08:00:00+00:00,171.447998046875,171.77999877929688,171.2480010986328,171.54200744628906
2025-08-27 16:00:00+00:00,171.5399932861328,171.61399841308594,171.3489990234375,171.60699462890625
2025-08-28 00:00:00+00:00,171.60400390625,171.75100708007812,171.11199951171875,171.3489990234375
2025-08-28 08:00:00+00:00,171.3520050048828,171.7899932861328,171.26100158691406,171.56900024414062
2025-08-28 16:00:00+00:00,171.5659942626953,171.70799255371094,171.44700622558594,171.4770050048828
2025-08-29 00:00:00+00:00,171.468994140625,171.75599670410156,171.23300170898438,171.6230010986328
2025-08-29 08:00:00+00:00,171.63600158691406,171.92599487304688,171.5279998779297,171.79200744628906
2025-08-29 16:00:00+00:00,171.79200744628906,172.01300048828125,171.74600219726562,171.83700561523438
2025-08-30 00:00:00+00:00,,,,
2025-08-30 08:00:00+00:00,,,,
2025-08-30 16:00:00+00:00,,,,
2025-08-31 00:00:00+00:00,,,,
2025-08-31 08:00:00+00:00,,,,
2025-08-31 16:00:00+00:00,171.96400451660156,172.04200744628906,171.927001953125,171.98399353027344
2025-09-01 00:00:00+00:00,171.98500061035156,172.50100708007812,171.9550018310547,172.44400024414062
2025-09-01 08:00:00+00:00,172.4429931640625,172.54200744628906,172.29400634765625,172.30099487304688
2025-09-01 16:00:00+00:00,172.29400634765625,172.41600036621094,172.21499633789062,172.3090057373047
2025-09-02 00:00:00+00:00,172.3090057373047,173.41400146484375,172.29600524902344,173.11300659179688
2025-09-02 08:00:00+00:00,173.11399841308594,173.2050018310547,172.63400268554688,172.72300720214844
2025-09-02 16:00:00+00:00,172.72300720214844,172.8769989013672,172.54200744628906,172.83399963378906
2025-09-03 00:00:00+00:00,172.83399963378906,173.17300415039062,172.7449951171875,173.06199645996094
2025-09-03 08:00:00+00:00,173.0590057373047,173.29800415039062,172.73699951171875,172.75399780273438
2025-09-03 16:00:00+00:00,172.7469940185547,172.78199768066406,172.5050048828125,172.55099487304688
2025-09-04 00:00:00+00:00,172.55099487304688,172.88999938964844,172.447998046875,172.84800720214844
2025-09-04 08:00:00+00:00,172.84800720214844,173.21099853515625,172.5,173.11399841308594
2025-09-04 16:00:00+00:00,173.1179962158203,173.12600708007812,172.76699829101562,173.00900268554688
2025-09-05 00:00:00+00:00,173.00900268554688,173.10299682617188,172.71200561523438,173.0709991455078
2025-09-05 08:00:00+00:00,173.07400512695312,173.26699829101562,172.47900390625,172.6580047607422
2025-09-05 16:00:00+00:00,172.6580047607422,172.83599853515625,172.57400512695312,172.74099731445312
2025-09-06 00:00:00+00:00,,,,
2025-09-06 08:00:00+00:00,,,,
2025-09-06 16:00:00+00:00,,,,
2025-09-07 00:00:00+00:00,,,,
2025-09-07 08:00:00+00:00,,,,
2025-09-07 16:00:00+00:00,173.7429962158203,173.86700439453125,173.54299926757812,173.71299743652344
2025-09-08 00:00:00+00:00,173.70799255371094,173.91099548339844,173.0659942626953,173.08799743652344
2025-09-08 08:00:00+00:00,173.08799743652344,173.6540069580078,173.06300354003906,173.4199981689453
2025-09-08 16:00:00+00:00,173.41700744628906,173.5780029296875,173.28700256347656,173.4320068359375
2025-09-09 00:00:00+00:00,173.43299865722656,173.48500061035156,172.9149932861328,173.0050048828125
2025-09-09 08:00:00+00:00,173.00399780273438,173.06700134277344,172.1269989013672,172.58599853515625
2025-09-09 16:00:00+00:00,172.58299255371094,172.6750030517578,172.32200622558594,172.4770050048828
2025-09-10 00:00:00+00:00,172.47999572753906,172.74400329589844,172.375,172.6060028076172
2025-09-10 08:00:00+00:00,172.60499572753906,172.9080047607422,172.41600036621094,172.63099670410156
2025-09-10 16:00:00+00:00,172.63400268554688,172.66200256347656,172.18699645996094,172.4429931640625
2025-09-11 00:00:00+00:00,172.4429931640625,172.84300231933594,172.3509979248047,172.7989959716797
2025-09-11 08:00:00+00:00,172.8000030517578,173.05599975585938,172.50399780273438,172.65699768066406
2025-09-11 16:00:00+00:00,172.6580047607422,172.83700561523438,172.51499938964844,172.7519989013672
2025-09-12 00:00:00+00:00,172.7519989013672,173.14700317382812,172.61500549316406,173.1320037841797
2025-09-12 08:00:00+00:00,173.1269989013672,173.43899536132812,172.96800231933594,173.20899963378906
2025-09-12 16:00:00+00:00,173.21099853515625,173.29400634765625,173.08799743652344,173.26100158691406
2025-09-13 00:00:00+00:00,,,,
2025-09-13 08:00:00+00:00,,,,
2025-09-13 16:00:00+00:00,,,,
2025-09-14 00:00:00+00:00,,,,
2025-09-14 08:00:00+00:00,,,,
2025-09-14 16:00:00+00:00,173.23199462890625,173.25,173.11500549316406,173.15499877929688
2025-09-15 00:00:00+00:00,173.15699768066406,173.1580047607422,172.89100646972656,173.02699279785156
2025-09-15 08:00:00+00:00,173.02699279785156,173.4459991455078,172.95700073242188,173.35400390625
2025-09-15 16:00:00+00:00,173.35800170898438,173.4499969482422,173.20700073242188,173.3820037841797
2025-09-16 00:00:00+00:00,173.38400268554688,173.49899291992188,173.01600646972656,173.23800659179688
2025-09-16 08:00:00+00:00,173.24600219726562,173.7010040283203,173.22500610351562,173.625
2025-09-16 16:00:00+00:00,173.625,173.84800720214844,173.53700256347656,173.8040008544922
2025-09-17 00:00:00+00:00,173.7969970703125,173.81399536132812,173.56700134277344,173.6580047607422
2025-09-17 08:00:00+00:00,173.656005859375,173.68099975585938,173.0850067138672,173.35800170898438
2025-09-17 16:00:00+00:00,173.3560028076172,173.7740020751953,173.1529998779297,173.68600463867188
2025-09-18 00:00:00+00:00,173.69000244140625,174.09500122070312,173.5989990234375,174.0659942626953
2025-09-18 08:00:00+00:00,174.05999755859375,174.47000122070312,174.0290069580078,174.36199951171875
2025-09-18 16:00:00+00:00,174.35899353027344,174.5,174.18699645996094,174.44000244140625
2025-09-19 00:00:00+00:00,174.44000244140625,174.49200439453125,173.47500610351562,174.11700439453125
2025-09-19 08:00:00+00:00,174.1199951171875,174.125,173.6490020751953,173.7480010986328
2025-09-19 16:00:00+00:00,173.74600219726562,173.87100219726562,173.6479949951172,173.78199768066406
2025-09-20 00:00:00+00:00,,,,
2025-09-20 08:00:00+00:00,,,,
2025-09-20 16:00:00+00:00,,,,
2025-09-21 00:00:00+00:00,,,,
2025-09-21 08:00:00+00:00,,,,
2025-09-21 16:00:00+00:00,173.75799560546875,173.84800720214844,173.7310028076172,173.82699584960938
2025-09-22 00:00:00+00:00,173.822998046875,174.0749969482422,173.77999877929688,174.01400756835938
2025-09-22 08:00:00+00:00,174.01400756835938,174.2740020751953,173.87899780273438,174.0489959716797
2025-09-22 16:00:00+00:00,174.0500030517578,174.52099609375,174.03900146484375,174.3280029296875
2025-09-23 00:00:00+00:00,174.32699584960938,174.49200439453125,174.0469970703125,174.1750030517578
2025-09-23 08:00:00+00:00,174.1739959716797,174.44000244140625,174.10699462890625,174.4199981689453
2025-09-23 16:00:00+00:00,174.4199981689453,174.4739990234375,174.1820068359375,174.38999938964844
2025-09-24 00:00:00+00:00,174.38999938964844,174.64700317382812,174.21400451660156,174.52200317382812
2025-09-24 08:00:00+00:00,174.51600646972656,174.69900512695312,174.33399963378906,174.60699462890625
2025-09-24 16:00:00+00:00,174.61099243164062,174.79200744628906,174.5,174.6999969482422
2025-09-25 00:00:00+00:00,174.70199584960938,174.8679962158203,174.49200439453125,174.60899353027344
2025-09-25 08:00:00+00:00,174.61199951171875,174.9199981689453,174.4720001220703,174.8350067138672
2025-09-25 16:00:00+00:00,174.83200073242188,174.9409942626953,174.5279998779297,174.77000427246094
2025-09-26 00:00:00+00:00,174.7729949951172,175.01800537109375,174.62899780273438,174.91000366210938
2025-09-26 08:00:00+00:00,174.91000366210938,175.052001953125,174.70599365234375,174.8000030517578
2025-09-26 16:00:00+00:00,174.8000030517578,175.0070037841797,174.8000030517578,174.95899963378906
2025-09-27 00:00:00+00:00,,,,
2025-09-27 08:00:00+00:00,,,,
2025-09-27 16:00:00+00:00,,,,
2025-09-28 00:00:00+00:00,,,,
2025-09-28 08:00:00+00:00,,,,
2025-09-28 16:00:00+00:00,174.94000244140625,174.96200561523438,174.843994140625,174.8800048828125
2025-09-29 00:00:00+00:00,174.8800048828125,174.91799926757812,174.19400024414062,174.22900390625
2025-09-29 08:00:00+00:00,174.22900390625,174.6479949951172,173.97900390625,174.2519989013672
2025-09-29 16:00:00+00:00,174.25100708007812,174.3820037841797,174.11500549316406,174.3350067138672
2025-09-30 00:00:00+00:00,174.33200073242188,174.41600036621094,173.6909942626953,173.82899475097656
2025-09-30 08:00:00+00:00,173.843994140625,173.92799377441406,173.38600158691406,173.625
2025-09-30 16:00:00+00:00,173.6219940185547,173.72000122070312,173.39500427246094,173.69400024414062
2025-10-01 00:00:00+00:00,173.69400024414062,173.9149932861328,172.8260040283203,172.86199951171875
2025-10-01 08:00:00+00:00,172.86099243164062,173.0240020751953,172.29200744628906,172.4980010986328
2025-10-01 16:00:00+00:00,172.49899291992188,172.6649932861328,172.36099243164062,172.5970001220703
2025-10-02 00:00:00+00:00,172.59800720214844,172.98199462890625,172.50399780273438,172.81300354003906
2025-10-02 08:00:00+00:00,172.8159942626953,172.8509979248047,172.25900268554688,172.343994140625
2025-10-02 16:00:00+00:00,172.343994140625,172.56900024414062,172.3159942626953,172.52999877929688
2025-10-03 00:00:00+00:00,172.5290069580078,173.21299743652344,172.52699279785156,172.94000244140625
2025-10-03 08:00:00+00:00,172.94400024414062,173.24600219726562,172.7469940185547,173.06100463867188
2025-10-03 16:00:00+00:00,173.06100463867188,173.1820068359375,173.00900268554688,173.1320037841797
2025-10-04 00:00:00+00:00,,,,
2025-10-04 08:00:00+00:00,,,,
2025-10-04 16:00:00+00:00,,,,
2025-10-05 00:00:00+00:00,,,,
2025-10-05 08:00:00+00:00,,,,
2025-10-05 16:00:00+00:00,174.9510040283203,175.24400329589844,174.77000427246094,175.18600463867188
2025-10-06 00:00:00+00:00,175.18600463867188,176.2519989013672,174.96800231933594,174.97799682617188
2025-10-06 08:00:00+00:00,174.97799682617188,175.77499389648438,174.8939971923828,175.62399291992188
2025-10-06 16:00:00+00:00,175.62399291992188,176.13900756835938,175.56300354003906,176.06300354003906
2025-10-07 00:00:00+00:00,176.06399536132812,176.343994140625,175.7790069580078,175.86700439453125
2025-10-07 08:00:00+00:00,175.8679962158203,176.52200317382812,175.78700256347656,176.46299743652344
2025-10-07 16:00:00+00:00,176.46299743652344,177.25100708007812,176.4250030517578,177.1840057373047
2025-10-08 00:00:00+00:00,177.18699645996094,177.45700073242188,176.89100646972656,177.4199981689453
2025-10-08 08:00:00+00:00,177.42100524902344,177.85499572753906,177.1439971923828,177.24000549316406
2025-10-08 16:00:00+00:00,177.24200439453125,177.625,177.17799377441406,177.58599853515625
2025-10-09 00:00:00+00:00,177.58599853515625,177.9340057373047,177.37899780273438,177.72300720214844
2025-10-09 08:00:00+00:00,177.72900390625,177.78500366210938,176.70599365234375,176.90699768066406
2025-10-09 16:00:00+00:00,176.90499877929688,177.1540069580078,176.70799255371094,176.98699951171875
2025-10-10 00:00:00+00:00,176.98699951171875,177.1230010986328,176.3280029296875,176.9770050048828
2025-10-10 08:00:00+00:00,176.9759979248047,177.08299255371094,176.16400146484375,176.4510040283203
2025-10-10 16:00:00+00:00,176.4499969482422,176.68099975585938,175.61500549316406,175.61700439453125
2025-10-11 00:00:00+00:00,,,,
2025-10-11 08:00:00+00:00,,,,
2025-10-11 16:00:00+00:00,,,,
2025-10-12 00:00:00+00:00,,,,
2025-10-12 08:00:00+00:00,,,,
2025-10-12 16:00:00+00:00,176.2830047607422,176.44400024414062,176.11599731445312,176.4149932861328
2025-10-13 00:00:00+00:00,176.41900634765625,176.91000366210938,176.28799438476562,176.6580047607422
2025-10-13 08:00:00+00:00,176.65899658203125,176.73800659179688,175.8990020751953,176.22000122070312
2025-10-13 16:00:00+00:00,176.22000122070312,176.3300018310547,176.00999450683594,176.32400512695312
2025-10-14 00:00:00+00:00,176.32400512695312,176.4530029296875,175.3459930419922,175.5030059814453
2025-10-14 08:00:00+00:00,175.49899291992188,176.1999969482422,175.4459991455078,176.16900634765625
2025-10-14 16:00:00+00:00,176.17100524902344,176.2989959716797,175.92599487304688,176.02200317382812
2025-10-15 00:00:00+00:00,176.02000427246094,176.21800231933594,175.42999267578125,175.9810028076172
2025-10-15 08:00:00+00:00,175.98599243164062,176.30299377441406,175.83900451660156,175.9709930419922
2025-10-15 16:00:00+00:00,175.9720001220703,176.156005859375,175.63800048828125,175.83099365234375
2025-10-16 00:00:00+00:00,175.82899475097656,176.36000061035156,175.4969940185547,176.22300720214844
2025-10-16 08:00:00+00:00,176.22300720214844,176.45599365234375,175.82699584960938,175.84300231933594
2025-10-16 16:00:00+00:00,175.84300231933594,175.9969940185547,175.44500732421875,175.6540069580078
2025-10-17 00:00:00+00:00,175.65699768066406,175.96800231933594,174.80999755859375,175.3179931640625
2025-10-17 08:00:00+00:00,175.322998046875,175.75100708007812,175.0240020751953,175.49099731445312
2025-10-17 16:00:00+00:00,175.49200439453125,175.67999267578125,175.4219970703125,175.49600219726562
2025-10-18 00:00:00+00:00,,,,
2025-10-18 08:00:00+00:00,,,,
2025-10-18 16:00:00+00:00,,,,
2025-10-19 00:00:00+00:00,,,,
2025-10-19 08:00:00+00:00,,,,
2025-10-19 16:00:00+00:00,175.79400634765625,175.9409942626953,175.77999877929688,175.9320068359375
2025-10-20 00:00:00+00:00,175.9320068359375,176.36700439453125,175.59300231933594,175.80099487304688
2025-10-20 08:00:00+00:00,175.8070068359375,175.89199829101562,175.23800659179688,175.51100158691406
2025-10-20 16:00:00+00:00,175.50599670410156,175.63699340820312,175.3509979248047,175.61399841308594
2025-10-21 00:00:00+00:00,175.61599731445312,176.24400329589844,175.34300231933594,175.71400451660156
2025-10-21 08:00:00+00:00,175.71400451660156,176.61500549316406,175.6269989013672,176.22999572753906
2025-10-21 16:00:00+00:00,176.22500610351562,176.43499755859375,176.0959930419922,176.16200256347656
2025-10-22 00:00:00+00:00,176.16600036621094,176.375,175.84500122070312,176.12600708007812
2025-10-22 08:00:00+00:00,176.12600708007812,176.38699340820312,175.76300048828125,176.24600219726562
2025-10-22 16:00:00+00:00,176.2449951171875,176.51800537109375,176.05299377441406,176.406005859375
2025-10-23 00:00:00+00:00,176.40499877929688,176.98399353027344,176.3820037841797,176.8990020751953
2025-10-23 08:00:00+00:00,176.89700317382812,177.375,176.84300231933594,177.33399963378906
2025-10-23 16:00:00+00:00,177.33399963378906,177.44700622558594,177.13299560546875,177.28399658203125
2025-10-24 00:00:00+00:00,177.28399658203125,177.70599365234375,177.1909942626953,177.5659942626953
2025-10-24 08:00:00+00:00,177.55999755859375,177.8260040283203,177.281005859375,177.66000366210938
2025-10-24 16:00:00+00:00,177.65499877929688,177.77099609375,177.6219940185547,177.74400329589844
2025-10-25 00:00:00+00:00,,,,
2025-10-25 08:00:00+00:00,,,,
2025-10-25 16:00:00+00:00,,,,
2025-10-26 00:00:00+00:00,,,,
2025-10-26 08:00:00+00:00,,,,
2025-10-26 16:00:00+00:00,,,,
2025-10-27 00:00:00+00:00,178.0279998779297,178.11300659179688,177.67799377441406,177.8000030517578
2025-10-27 08:00:00+00:00,177.79600524902344,178.23199462890625,177.62100219726562,178.11599731445312
2025-10-27 16:00:00+00:00,178.11599731445312,178.16200256347656,177.85499572753906,177.9219970703125
2025-10-28 00:00:00+00:00,177.90199279785156,177.91299438476562,177.03399658203125,177.3209991455078
2025-10-28 08:00:00+00:00,177.31900024414062,177.40699768066406,176.98599243164062,177.3699951171875
2025-10-28 16:00:00+00:00,177.3699951171875,177.55799865722656,176.9239959716797,176.96299743652344
2025-10-29 00:00:00+00:00,176.8769989013672,177.4080047607422,176.6280059814453,176.87899780273438
2025-10-29 08:00:00+00:00,176.8719940185547,177.3560028076172,176.76600646972656,177.17999267578125
2025-10-29 16:00:00+00:00,177.1820068359375,177.593994140625,176.99600219726562,177.21200561523438
2025-10-30 00:00:00+00:00,177.21299743652344,178.40899658203125,176.81199645996094,178.23599243164062
2025-10-30 08:00:00+00:00,178.23599243164062,178.8209991455078,178.20899963378906,178.281005859375
2025-10-30 16:00:00+00:00,178.281005859375,178.3459930419922,178.031005859375,178.1009979248047
2025-10-31 00:00:00+00:00,178.0989990234375,178.4709930419922,177.83299255371094,178.46400451660156
2025-10-31 08:00:00+00:00,178.46200561523438,178.56100463867188,177.44500732421875,177.78199768066406
2025-10-31 16:00:00+00:00,177.78399658203125,177.8260040283203,177.52999877929688,177.6909942626953
2025-11-01 00:00:00+00:00,,,,
2025-11-01 08:00:00+00:00,,,,
2025-11-01 16:00:00+00:00,,,,
2025-11-02 00:00:00+00:00,,,,
2025-11-02 08:00:00+00:00,,,,
2025-11-02 16:00:00+00:00,,,,
2025-11-03 00:00:00+00:00,177.7449951171875,177.9759979248047,177.59500122070312,177.83700561523438
2025-11-03 08:00:00+00:00,177.83399963378906,177.85499572753906,177.16299438476562,177.5959930419922
2025-11-03 16:00:00+00:00,177.5970001220703,177.77999877929688,177.5590057373047,177.61300659179688
2025-11-04 00:00:00+00:00,177.6230010986328,177.67300415039062,176.7779998779297,177.02499389648438
2025-11-04 08:00:00+00:00,177.03599548339844,177.11099243164062,176.08700561523438,176.26199340820312
2025-11-04 16:00:00+00:00,176.25799560546875,176.5,176.2310028076172,176.38099670410156
2025-11-05 00:00:00+00:00,176.35000610351562,176.61099243164062,175.69500732421875,176.38800048828125
2025-11-05 08:00:00+00:00,176.39100646972656,177.12899780273438,176.30599975585938,177.12600708007812
2025-11-05 16:00:00+00:00,177.12600708007812,177.14599609375,176.8280029296875,177.12399291992188
2025-11-06 00:00:00+00:00,177.1320037841797,177.21400451660156,176.88900756835938,177.072998046875
2025-11-06 08:00:00+00:00,177.07000732421875,177.18099975585938,176.5240020751953,176.60499572753906
2025-11-06 16:00:00+00:00,176.6020050048828,176.86500549316406,176.2779998779297,176.6439971923828
2025-11-07 00:00:00+00:00,176.63600158691406,177.05099487304688,176.5070037841797,176.8990020751953
2025-11-07 08:00:00+00:00,176.89999389648438,177.60499572753906,176.86199951171875,177.20599365234375
2025-11-07 16:00:00+00:00,177.2050018310547,177.52699279785156,177.16099548339844,177.4759979248047
2025-11-08 00:00:00+00:00,,,,
2025-11-08 08:00:00+00:00,,,,
2025-11-08 16:00:00+00:00,,,,
2025-11-09 00:00:00+00:00,,,,
2025-11-09 08:00:00+00:00,,,,
2025-11-09 16:00:00+00:00,,,,
2025-11-10 00:00:00+00:00,177.56500244140625,178.2030029296875,177.32000732421875,178.18899536132812
2025-11-10 08:00:00+00:00,178.18800354003906,178.4499969482422,177.822998046875,177.83299255371094
2025-11-10 16:00:00+00:00,177.8280029296875,178.16700744628906,177.7310028076172,178.1320037841797
2025-11-11 00:00:00+00:00,178.13900756835938,178.3939971923828,178.1020050048828,178.24200439453125
2025-11-11 08:00:00+00:00,178.24000549316406,178.7429962158203,178.23899841308594,178.5240020751953
2025-11-11 16:00:00+00:00,178.52499389648438,178.70700073242188,178.41000366210938,178.53199768066406
2025-11-12 00:00:00+00:00,178.52699279785156,179.14700317382812,178.468994140625,179.10000610351562
2025-11-12 08:00:00+00:00,179.0989990234375,179.43699645996094,179.0800018310547,179.4010009765625
2025-11-12 16:00:00+00:00,179.40199279785156,179.47900390625,179.13800048828125,179.33599853515625
2025-11-13 00:00:00+00:00,179.32400512695312,179.7010040283203,179.2169952392578,179.63900756835938
2025-11-13 08:00:00+00:00,179.63999938964844,179.81300354003906,179.34300231933594,179.4709930419922
2025-11-13 16:00:00+00:00,179.4739990234375,179.93299865722656,179.46200561523438,179.84100341796875
2025-11-14 00:00:00+00:00,179.83799743652344,179.96499633789062,179.6699981689453,179.92999267578125
2025-11-14 08:00:00+00:00,179.927001953125,179.9709930419922,178.9669952392578,179.33299255371094
2025-11-14 16:00:00+00:00,179.33399963378906,179.7010040283203,179.2030029296875,179.57699584960938
2025-11-15 00:00:00+00:00,,,,
2025-11-15 08:00:00+00:00,,,,
2025-11-15 16:00:00+00:00,,,,
2025-11-16 00:00:00+00:00,,,,
2025-11-16 08:00:00+00:00,,,,
2025-11-16 16:00:00+00:00,,,,
2025-11-17 00:00:00+00:00,179.55299377441406,179.7169952392578,179.25399780273438,179.64199829101562
2025-11-17 08:00:00+00:00,179.6479949951172,180.01600646972656,179.427001953125,179.98599243164062
2025-11-17 16:00:00+00:00,179.98599243164062,180.02200317382812,179.74099731445312,179.947998046875
2025-11-18 00:00:00+00:00,179.96499633789062,180.02200317382812,179.59800720214844,179.6540069580078
2025-11-18 08:00:00+00:00,179.6529998779297,180.197998046875,179.64700317382812,179.8300018310547
2025-11-18 16:00:00+00:00,179.83200073242188,180.2899932861328,179.781005859375,180.1269989013672
2025-11-19 00:00:00+00:00,180.1020050048828,180.2689971923828,179.77000427246094,180.10699462890625
2025-11-19 08:00:00+00:00,180.11199951171875,180.9980010986328,180.01600646972656,180.71299743652344
2025-11-19 16:00:00+00:00,180.71499633789062,181.39300537109375,180.5989990234375,181.14599609375
2025-11-20 00:00:00+00:00,181.1699981689453,181.7259979248047,180.95799255371094,181.39500427246094
2025-11-20 08:00:00+00:00,181.39199829101562,182.00599670410156,181.01199340820312,181.7729949951172
2025-11-20 16:00:00+00:00,181.7740020751953,181.83599853515625,181.28500366210938,181.52499389648438
2025-11-21 00:00:00+00:00,181.531005859375,181.65699768066406,180.76199340820312,180.89700317382812
2025-11-21 08:00:00+00:00,180.9040069580078,181.19500732421875,179.76300048828125,180.06300354003906
2025-11-21 16:00:00+00:00,180.06700134277344,180.27099609375,179.9550018310547,180.1219940185547
2025-11-22 00:00:00+00:00,,,,
2025-11-22 08:00:00+00:00,,,,
2025-11-22 16:00:00+00:00,,,,
2025-11-23 00:00:00+00:00,,,,
2025-11-23 08:00:00+00:00,,,,
2025-11-23 16:00:00+00:00,,,,
2025-11-24 00:00:00+00:00,180.3000030517578,180.64700317382812,180.26699829101562,180.5489959716797
2025-11-24 08:00:00+00:00,180.552001953125,181.26600646972656,180.48599243164062,180.76300048828125
2025-11-24 16:00:00+00:00,180.76499938964844,180.86300659179688,180.61599731445312,180.75999450683594
2025-11-25 00:00:00+00:00,180.7570037841797,180.85400390625,180.38999938964844,180.46499633789062
2025-11-25 08:00:00+00:00,180.45799255371094,180.8509979248047,180.08999633789062,180.5449981689453
2025-11-25 16:00:00+00:00,180.53700256347656,180.6719970703125,180.30999755859375,180.62399291992188
2025-11-26 00:00:00+00:00,180.63999938964844,181.26400756835938,180.3419952392578,181.0760040283203
2025-11-26 08:00:00+00:00,181.0800018310547,181.46099853515625,180.9029998779297,181.2779998779297
2025-11-26 16:00:00+00:00,181.27499389648438,181.4550018310547,181.16900634765625,181.2550048828125
2025-11-27 00:00:00+00:00,181.23899841308594,181.33999633789062,180.75100708007812,180.95199584960938
2025-11-27 08:00:00+00:00,180.95199584960938,181.30799865722656,180.9459991455078,181.21800231933594
2025-11-27 16:00:00+00:00,181.22000122070312,181.31700134277344,181.14199829101562,181.29400634765625
2025-11-28 00:00:00+00:00,181.281005859375,181.51800537109375,180.8070068359375,180.9720001220703
2025-11-28 08:00:00+00:00,180.97300720214844,181.22000122070312,180.51499938964844,181.11300659179688
2025-11-28 16:00:00+00:00,181.11300659179688,181.26600646972656,180.96499633789062,181.14199829101562
2025-11-29 00:00:00+00:00,,,,
2025-11-29 08:00:00+00:00,,,,
2025-11-29 16:00:00+00:00,,,,
2025-11-30 00:00:00+00:00,,,,
2025-11-30 08:00:00+00:00,,,,
2025-11-30 16:00:00+00:00,,,,
2025-12-01 00:00:00+00:00,180.86300659179688,180.99400329589844,180.18699645996094,180.32200622558594
2025-12-01 08:00:00+00:00,180.3249969482422,180.64199829101562,180.13099670410156,180.35899353027344
2025-12-01 16:00:00+00:00,180.35400390625,180.5989990234375,180.35400390625,180.5489959716797
2025-12-02 00:00:00+00:00,180.5489959716797,180.96800231933594,180.46600341796875,180.8780059814453
2025-12-02 08:00:00+00:00,180.88099670410156,181.36099243164062,180.87899780273438,180.906005859375
2025-12-02 16:00:00+00:00,180.90199279785156,181.23399353027344,180.75100708007812,181.1580047607422
2025-12-03 00:00:00+00:00,181.1219940185547,181.29100036621094,181.03399658203125,181.23500061035156
2025-12-03 08:00:00+00:00,181.23199462890625,181.45799255371094,180.97500610351562,180.9759979248047
2025-12-03 16:00:00+00:00,180.97500610351562,181.2760009765625,180.79299926757812,180.95599365234375
2025-12-04 00:00:00+00:00,180.95399475097656,181.28799438476562,180.81700134277344,181.09300231933594
2025-12-04 08:00:00+00:00,181.09500122070312,181.10699462890625,180.39300537109375,180.51100158691406
2025-12-04 16:00:00+00:00,180.50599670410156,180.68699645996094,180.39599609375,180.62899780273438
2025-12-05 00:00:00+00:00,180.6219940185547,180.7689971923828,180.08900451660156,180.34100341796875
2025-12-05 08:00:00+00:00,180.33599853515625,180.92300415039062,180.30499267578125,180.8419952392578
2025-12-05 16:00:00+00:00,180.83700561523438,180.89500427246094,180.6540069580078,180.85299682617188
2025-12-06 00:00:00+00:00,,,,
2025-12-06 08:00:00+00:00,,,,
2025-12-06 16:00:00+00:00,,,,
2025-12-07 00:00:00+00:00,,,,
2025-12-07 08:00:00+00:00,,,,
2025-12-07 16:00:00+00:00,,,,
2025-12-08 00:00:00+00:00,180.78700256347656,181.13800048828125,180.49000549316406,181.10899353027344
2025-12-08 08:00:00+00:00,181.11000061035156,181.43299865722656,181.01400756835938,181.18099975585938
2025-12-08 16:00:00+00:00,181.1840057373047,181.51199340820312,181.0970001220703,181.41099548339844
2025-12-09 00:00:00+00:00,181.41400146484375,181.8260040283203,181.34500122070312,181.80099487304688
2025-12-09 08:00:00+00:00,181.80299377441406,182.4550018310547,181.65699768066406,182.41099548339844
2025-12-09 16:00:00+00:00,182.41299438476562,182.64199829101562,182.1909942626953,182.35800170898438
2025-12-10 00:00:00+00:00,182.32699584960938,182.49600219726562,182.0,182.4709930419922
2025-12-10 08:00:00+00:00,182.46499633789062,182.61599731445312,182.0469970703125,182.1699981689453
2025-12-10 16:00:00+00:00,182.16799926757812,182.552001953125,182.0500030517578,182.25799560546875
2025-12-11 00:00:00+00:00,182.24600219726562,182.46600341796875,181.927001953125,182.44900512695312
2025-12-11 08:00:00+00:00,182.4499969482422,182.55299377441406,181.8719940185547,182.41600036621094
2025-12-11 16:00:00+00:00,182.41900634765625,182.74600219726562,182.33999633789062,182.58200073242188
2025-12-12 00:00:00+00:00,182.5760040283203,182.88800048828125,182.54400634765625,182.69500732421875
2025-12-12 08:00:00+00:00,182.6909942626953,183.156005859375,182.66799926757812,182.97500610351562
2025-12-12 16:00:00+00:00,182.97799682617188,183.05499267578125,182.67300415039062,182.8800048828125
2025-12-13 00:00:00+00:00,,,,
2025-12-13 08:00:00+00:00,,,,
2025-12-13 16:00:00+00:00,,,,
2025-12-14 00:00:00+00:00,,,,
2025-12-14 08:00:00+00:00,,,,
2025-12-14 16:00:00+00:00,,,,
2025-12-15 00:00:00+00:00,182.9340057373047,183.00399780273438,181.83200073242188,182.0959930419922
2025-12-15 08:00:00+00:00,182.0959930419922,182.51100158691406,181.906005859375,182.50799560546875
2025-12-15 16:00:00+00:00,182.50100708007812,182.61500549316406,182.1649932861328,182.19700622558594
2025-12-16 00:00:00+00:00,182.2100067138672,182.2480010986328,181.77699279785156,182.01800537109375
2025-12-16 08:00:00+00:00,182.02099609375,182.4709930419922,181.9239959716797,182.1649932861328
2025-12-16 16:00:00+00:00,182.16900634765625,182.29800415039062,181.6300048828125,181.85299682617188
2025-12-17 00:00:00+00:00,181.83799743652344,182.17100524902344,181.56300354003906,182.13800048828125
2025-12-17 08:00:00+00:00,182.13800048828125,182.77999877929688,182.07699584960938,182.6439971923828
2025-12-17 16:00:00+00:00,182.6439971923828,182.87399291992188,182.5590057373047,182.5749969482422
2025-12-18 00:00:00+00:00,182.56199645996094,183.16900634765625,182.5030059814453,182.95599365234375
2025-12-18 08:00:00+00:00,182.95399475097656,182.9709930419922,182.28599548339844,182.38400268554688
2025-12-18 16:00:00+00:00,182.3820037841797,182.5970001220703,182.18299865722656,182.42799377441406
2025-12-19 00:00:00+00:00,182.40899658203125,183.49899291992188,182.40199279785156,183.49200439453125
2025-12-19 08:00:00+00:00,183.4980010986328,184.6580047607422,183.46400451660156,184.38999938964844
2025-12-19 16:00:00+00:00,184.38999938964844,184.76600646972656,184.36099243164062,184.76600646972656
2025-12-20 00:00:00+00:00,,,,
2025-12-20 08:00:00+00:00,,,,
2025-12-20 16:00:00+00:00,,,,
2025-12-21 00:00:00+00:00,,,,
2025-12-21 08:00:00+00:00,,,,
2025-12-21 16:00:00+00:00,,,,
2025-12-22 00:00:00+00:00,184.57000732421875,184.81900024414062,184.23300170898438,184.72000122070312
2025-12-22 08:00:00+00:00,184.7169952392578,184.91900634765625,184.2779998779297,184.65899658203125
2025-12-22 16:00:00+00:00,184.656005859375,184.74200439453125,184.3159942626953,184.52699279785156
2025-12-23 00:00:00+00:00,184.53900146484375,184.5709991455078,183.56700134277344,183.78399658203125
2025-12-23 08:00:00+00:00,183.7899932861328,184.2689971923828,183.42599487304688,184.08799743652344
2025-12-23 16:00:00+00:00,184.08900451660156,184.3300018310547,183.89500427246094,184.13600158691406
2025-12-24 00:00:00+00:00,184.13299560546875,184.2570037841797,183.57400512695312,183.63900756835938
2025-12-24 08:00:00+00:00,183.6439971923828,183.96499633789062,183.2790069580078,183.44500732421875
2025-12-24 16:00:00+00:00,183.4510040283203,183.781005859375,183.4040069580078,183.5590057373047
2025-12-25 00:00:00+00:00,183.65199279785156,183.86599731445312,183.19900512695312,183.71400451660156
2025-12-25 08:00:00+00:00,183.7969970703125,183.94500732421875,183.76600646972656,183.9429931640625
2025-12-25 16:00:00+00:00,183.5330047607422,183.97000122070312,183.3730010986328,183.9340057373047
2025-12-26 00:00:00+00:00,183.93800354003906,184.43299865722656,183.8209991455078,184.0959930419922
2025-12-26 08:00:00+00:00,184.09500122070312,184.4080047607422,184.0050048828125,184.2209930419922
2025-12-26 16:00:00+00:00,184.2220001220703,184.37899780273438,184.14500427246094,184.33399963378906
2025-12-27 00:00:00+00:00,,,,
2025-12-27 08:00:00+00:00,,,,
2025-12-27 16:00:00+00:00,,,,
2025-12-28 00:00:00+00:00,,,,
2025-12-28 08:00:00+00:00,,,,
2025-12-28 16:00:00+00:00,,,,
2025-12-29 00:00:00+00:00,184.26199340820312,184.4149932861328,183.7239990234375,183.86900329589844
2025-12-29 08:00:00+00:00,183.86599731445312,184.2550048828125,183.52499389648438,183.55599975585938
2025-12-29 16:00:00+00:00,183.55999755859375,183.82699584960938,183.42999267578125,183.6719970703125
2025-12-30 00:00:00+00:00,183.66900634765625,184.08999633789062,183.52200317382812,183.62399291992188
2025-12-30 08:00:00+00:00,183.61700439453125,183.9770050048828,183.3939971923828,183.8730010986328
2025-12-30 16:00:00+00:00,183.86900329589844,183.96600341796875,183.58599853515625,183.72900390625
2025-12-31 00:00:00+00:00,183.70899963378906,183.85000610351562,183.63499450683594,183.76800537109375
2025-12-31 08:00:00+00:00,183.76800537109375,184.24400329589844,183.52999877929688,184.08700561523438
2025-12-31 16:00:00+00:00,184.08599853515625,184.1739959716797,183.91299438476562,183.99000549316406
2026-01-01 00:00:00+00:00,183.99000549316406,183.99000549316406,183.99000549316406,183.99000549316406
2026-01-01 08:00:00+00:00,183.99000549316406,183.99000549316406,183.99000549316406,183.99000549316406
2026-01-01 16:00:00+00:00,184.16000366210938,184.281005859375,184.01800537109375,184.16700744628906
2026-01-02 00:00:00+00:00,184.1529998779297,184.427001953125,184.00399780273438,184.06500244140625
2026-01-02 08:00:00+00:00,184.06900024414062,184.23899841308594,183.7050018310547,184.0
2026-01-02 16:00:00+00:00,184.00100708007812,184.04400634765625,183.72000122070312,183.8800048828125
2026-01-03 00:00:00+00:00,,,,
2026-01-03 08:00:00+00:00,,,,
2026-01-03 16:00:00+00:00,,,,
2026-01-04 00:00:00+00:00,,,,
2026-01-04 08:00:00+00:00,,,,
2026-01-04 16:00:00+00:00,,,,
2026-01-05 00:00:00+00:00,183.7740020751953,184.06199645996094,183.43899536132812,183.45899963378906
2026-01-05 08:00:00+00:00,183.45599365234375,183.4969940185547,182.80799865722656,183.26300048828125
2026-01-05 16:00:00+00:00,183.26199340820312,183.4969940185547,183.03500366210938,183.49000549316406
2026-01-06 00:00:00+00:00,183.4600067138672,183.64599609375,183.322998046875,183.36300659179688
2026-01-06 08:00:00+00:00,183.36099243164062,183.4340057373047,183.00900268554688,183.11700439453125
2026-01-06 16:00:00+00:00,183.11900329589844,183.3719940185547,182.95599365234375,183.11399841308594
2026-01-07 00:00:00+00:00,183.08999633789062,183.37100219726562,182.70399475097656,182.81100463867188
2026-01-07 08:00:00+00:00,182.8159942626953,183.177001953125,182.70799255371094,183.16200256347656
2026-01-07 16:00:00+00:00,183.15699768066406,183.2310028076172,182.8090057373047,182.9969940185547
2026-01-08 00:00:00+00:00,182.97999572753906,183.24600219726562,182.72300720214844,182.72500610351562
2026-01-08 08:00:00+00:00,182.7239990234375,183.24899291992188,182.70899963378906,183.00599670410156
2026-01-08 16:00:00+00:00,183.00799560546875,183.0260009765625,182.6280059814453,182.8979949951172
2026-01-09 00:00:00+00:00,182.8780059814453,183.51199340820312,182.875,183.4770050048828
2026-01-09 08:00:00+00:00,183.48300170898438,183.91299438476562,183.34500122070312,183.77200317382812
2026-01-09 16:00:00+00:00,183.7760009765625,183.9530029296875,183.6300048828125,183.73300170898438
2026-01-10 00:00:00+00:00,,,,
2026-01-10 08:00:00+00:00,,,,
2026-01-10 16:00:00+00:00,,,,
2026-01-11 00:00:00+00:00,,,,
2026-01-11 08:00:00+00:00,,,,
2026-01-11 16:00:00+00:00,,,,
2026-01-12 00:00:00+00:00,183.8090057373047,184.48399353027344,183.74000549316406,184.43800354003906
2026-01-12 08:00:00+00:00,184.43600463867188,184.56199645996094,184.20399475097656,184.5279998779297
2026-01-12 16:00:00+00:00,184.5229949951172,184.6649932861328,184.2519989013672,184.29100036621094
2026-01-13 00:00:00+00:00,184.31700134277344,185.39700317382812,184.28900146484375,185.39100646972656
2026-01-13 08:00:00+00:00,185.38699340820312,185.53700256347656,185.0279998779297,185.17599487304688
2026-01-13 16:00:00+00:00,185.1790008544922,185.3800048828125,185.14300537109375,185.32400512695312
2026-01-14 00:00:00+00:00,185.33700561523438,185.56900024414062,185.19400024414062,185.37100219726562
2026-01-14 08:00:00+00:00,185.3719940185547,185.39199829101562,184.3000030517578,184.36599731445312
2026-01-14 16:00:00+00:00,184.36500549316406,184.6790008544922,184.15899658203125,184.49000549316406
2026-01-15 00:00:00+00:00,184.4709930419922,184.61599731445312,184.17100524902344,184.4080047607422
2026-01-15 08:00:00+00:00,184.4080047607422,184.6320037841797,183.85699462890625,183.93699645996094
2026-01-15 16:00:00+00:00,183.93600463867188,184.19000244140625,183.87899780273438,184.09800720214844
2026-01-16 00:00:00+00:00,184.0989990234375,184.1580047607422,183.447998046875,183.66299438476562
2026-01-16 08:00:00+00:00,183.66799926757812,183.80499267578125,183.1999969482422,183.24899291992188
2026-01-16 16:00:00+00:00,183.25100708007812,183.4429931640625,183.24099731445312,183.3679962158203
2026-01-17 00:00:00+00:00,,,,
2026-01-17 08:00:00+00:00,,,,
2026-01-17 16:00:00+00:00,,,,
2026-01-18 00:00:00+00:00,,,,
2026-01-18 08:00:00+00:00,,,,
2026-01-18 16:00:00+00:00,,,,
2026-01-19 00:00:00+00:00,183.13600158691406,183.84500122070312,182.9980010986328,183.7790069580078
2026-01-19 08:00:00+00:00,183.77699279785156,184.0019989013672,183.4810028076172,183.97799682617188
2026-01-19 16:00:00+00:00,183.97500610351562,184.24099731445312,183.93699645996094,184.0989990234375
2026-01-20 00:00:00+00:00,184.08599853515625,185.2050018310547,183.76499938964844,185.11099243164062
2026-01-20 08:00:00+00:00,185.11300659179688,185.40499877929688,184.68800354003906,185.19700622558594
2026-01-20 16:00:00+00:00,185.1999969482422,185.5,185.197998046875,185.47999572753906
2026-01-21 00:00:00+00:00,185.46099853515625,185.53599548339844,184.98500061035156,185.03700256347656
2026-01-21 08:00:00+00:00,185.03900146484375,185.4340057373047,184.8159942626953,185.1439971923828
2026-01-21 16:00:00+00:00,185.13999938964844,185.22799682617188,184.83399963378906,184.97799682617188
2026-01-22 00:00:00+00:00,184.96600341796875,185.76600646972656,184.80099487304688,185.6179962158203
2026-01-22 08:00:00+00:00,185.6179962158203,186.01400756835938,185.4510040283203,185.8560028076172
2026-01-22 16:00:00+00:00,185.84800720214844,186.3300018310547,185.75100708007812,186.2969970703125
2026-01-23 00:00:00+00:00,186.27499389648438,186.8730010986328,184.76300048828125,185.87899780273438
2026-01-23 08:00:00+00:00,185.87399291992188,186.00100708007812,185.36500549316406,185.90699768066406
2026-01-23 16:00:00+00:00,185.9080047607422,185.94900512695312,183.77200317382812,184.22900390625
2026-01-24 00:00:00+00:00,,,,
2026-01-24 08:00:00+00:00,,,,
2026-01-24 16:00:00+00:00,,,,
2026-01-25 00:00:00+00:00,,,,
2026-01-25 08:00:00+00:00,,,,
2026-01-25 16:00:00+00:00,,,,
2026-01-26 00:00:00+00:00,184.00599670410156,184.08700561523438,182.32200622558594,182.61099243164062
2026-01-26 08:00:00+00:00,182.60499572753906,182.96099853515625,181.78500366210938,182.96099853515625
2026-01-26 16:00:00+00:00,182.96200561523438,183.3350067138672,182.8249969482422,183.3090057373047
2026-01-27 00:00:00+00:00,183.3090057373047,183.68699645996094,183.08200073242188,183.5659942626953
2026-01-27 08:00:00+00:00,183.56700134277344,183.5970001220703,182.0449981689453,183.13499450683594
2026-01-27 16:00:00+00:00,183.13299560546875,183.78199768066406,182.74000549316406,183.218994140625
2026-01-28 00:00:00+00:00,183.32699584960938,183.5659942626953,182.75900268554688,183.04299926757812
2026-01-28 08:00:00+00:00,183.03900146484375,183.52699279785156,182.5679931640625,183.28700256347656
2026-01-28 16:00:00+00:00,183.28599548339844,183.57200622558594,183.13900756835938,183.36599731445312
2026-01-29 00:00:00+00:00,183.4040069580078,183.74000549316406,183.07899475097656,183.57000732421875
2026-01-29 08:00:00+00:00,183.5679931640625,183.63699340820312,182.0760040283203,182.29200744628906
2026-01-29 16:00:00+00:00,182.29299926757812,183.33799743652344,182.28199768066406,183.2740020751953
2026-01-30 00:00:00+00:00,183.26699829101562,183.71099853515625,183.0290069580078,183.6020050048828
2026-01-30 08:00:00+00:00,183.60499572753906,184.07000732421875,183.3509979248047,183.4510040283203
2026-01-30 16:00:00+00:00,183.447998046875,183.56100463867188,183.2259979248047,183.42799377441406
2026-01-31 00:00:00+00:00,,,,
2026-01-31 08:00:00+00:00,,,,
2026-01-31 16:00:00+00:00,,,,
2026-02-01 00:00:00+00:00,,,,
2026-02-01 08:00:00+00:00,,,,
2026-02-01 16:00:00+00:00,,,,
2026-02-02 00:00:00+00:00,183.8800048828125,184.27699279785156,183.17999267578125,183.61399841308594
2026-02-02 08:00:00+00:00,183.61500549316406,183.91099548339844,183.36500549316406,183.56300354003906
2026-02-02 16:00:00+00:00,183.5659942626953,183.65699768066406,183.302001953125,183.43899536132812
2026-02-03 00:00:00+00:00,183.4290008544922,183.76300048828125,183.42599487304688,183.61199951171875
2026-02-03 08:00:00+00:00,183.61199951171875,184.0019989013672,183.55099487304688,183.93699645996094
2026-02-03 16:00:00+00:00,183.93699645996094,184.19200134277344,183.77999877929688,184.07400512695312
2026-02-04 00:00:00+00:00,184.08999633789062,185.1230010986328,184.02499389648438,185.0749969482422
2026-02-04 08:00:00+00:00,185.0760040283203,185.24099731445312,184.74400329589844,184.78799438476562
2026-02-04 16:00:00+00:00,184.79100036621094,185.2790069580078,184.67300415039062,185.14999389648438
2026-02-05 00:00:00+00:00,185.16799926757812,185.4929962158203,184.6909942626953,185.35899353027344
2026-02-05 08:00:00+00:00,185.35699462890625,185.50599670410156,184.552001953125,184.9239959716797
2026-02-05 16:00:00+00:00,184.927001953125,185.2050018310547,184.58200073242188,184.66099548339844
2026-02-06 00:00:00+00:00,184.6580047607422,185.14100646972656,184.3470001220703,184.98699951171875
2026-02-06 08:00:00+00:00,184.98800659179688,185.52499389648438,184.8249969482422,185.3679962158203
2026-02-06 16:00:00+00:00,185.3679962158203,185.80299377441406,185.36399841308594,185.7519989013672
2026-02-07 00:00:00+00:00,,,,
2026-02-07 08:00:00+00:00,,,,
2026-02-07 16:00:00+00:00,,,,
2026-02-08 00:00:00+00:00,,,,
2026-02-08 08:00:00+00:00,,,,
2026-02-08 16:00:00+00:00,,,,
2026-02-09 00:00:00+00:00,185.97999572753906,186.00999450683594,184.8509979248047,185.66400146484375
2026-02-09 08:00:00+00:00,185.66000366210938,185.94000244140625,185.30499267578125,185.656005859375
2026-02-09 16:00:00+00:00,185.6540069580078,185.94400024414062,185.5,185.8459930419922
2026-02-10 00:00:00+00:00,185.85400390625,185.9980010986328,184.66799926757812,185.25599670410156
2026-02-10 08:00:00+00:00,185.2519989013672,185.32699584960938,183.48800659179688,183.72999572753906
2026-02-10 16:00:00+00:00,183.72999572753906,183.7949981689453,183.44000244140625,183.6540069580078
2026-02-11 00:00:00+00:00,183.66099548339844,183.6790008544922,182.20799255371094,182.46800231933594
2026-02-11 08:00:00+00:00,182.46600341796875,183.00799560546875,181.39599609375,182.17300415039062
2026-02-11 16:00:00+00:00,182.17300415039062,182.2220001220703,181.3300018310547,182.01800537109375
2026-02-12 00:00:00+00:00,181.99400329589844,182.13099670410156,180.84500122070312,181.6999969482422
2026-02-12 08:00:00+00:00,181.697998046875,182.53599548339844,181.38999938964844,181.42999267578125
2026-02-12 16:00:00+00:00,181.4320068359375,181.5260009765625,180.8000030517578,181.32899475097656
2026-02-13 00:00:00+00:00,181.3509979248047,182.00799560546875,181.29200744628906,181.9199981689453
2026-02-13 08:00:00+00:00,181.90899658203125,182.2779998779297,181.23800659179688,181.42999267578125
2026-02-13 16:00:00+00:00,181.42599487304688,181.59800720214844,181.13699340820312,181.21600341796875
2026-02-14 00:00:00+00:00,,,,
2026-02-14 08:00:00+00:00,,,,
2026-02-14 16:00:00+00:00,,,,
2026-02-15 00:00:00+00:00,,,,
2026-02-15 08:00:00+00:00,,,,
2026-02-15 16:00:00+00:00,,,,
2026-02-16 00:00:00+00:00,181.32200622558594,181.93600463867188,181.28199768066406,181.9040069580078
2026-02-16 08:00:00+00:00,181.90499877929688,182.2969970703125,181.69200134277344,181.91200256347656
2026-02-16 16:00:00+00:00,181.90699768066406,182.1719970703125,181.71200561523438,181.96600341796875
2026-02-17 00:00:00+00:00,181.96800231933594,182.0030059814453,180.9290008544922,181.1320037841797
2026-02-17 08:00:00+00:00,181.13699340820312,181.73199462890625,180.81199645996094,181.6490020751953
2026-02-17 16:00:00+00:00,181.63999938964844,181.86300659179688,181.4770050048828,181.48599243164062
2026-02-18 00:00:00+00:00,181.46200561523438,182.00599670410156,181.40499877929688,181.85800170898438
2026-02-18 08:00:00+00:00,181.85800170898438,182.5399932861328,181.76600646972656,182.406005859375
2026-02-18 16:00:00+00:00,182.40199279785156,182.5330047607422,182.0,182.36500549316406
2026-02-19 00:00:00+00:00,182.35800170898438,183.156005859375,182.27000427246094,182.88600158691406
2026-02-19 08:00:00+00:00,182.89100646972656,182.91400146484375,182.0070037841797,182.33099365234375
2026-02-19 16:00:00+00:00,182.33599853515625,182.68699645996094,182.19700622558594,182.62100219726562
2026-02-20 00:00:00+00:00,182.6490020751953,182.7480010986328,182.2169952392578,182.72999572753906
2026-02-20 08:00:00+00:00,182.73300170898438,183.0970001220703,182.4759979248047,182.54200744628906
2026-02-20 16:00:00+00:00,182.5489959716797,182.81399536132812,182.46800231933594,182.67300415039062
2026-02-21 00:00:00+00:00,,,,
2026-02-21 08:00:00+00:00,,,,
2026-02-21 16:00:00+00:00,,,,
2026-02-22 00:00:00+00:00,,,,
2026-02-22 08:00:00+00:00,,,,
2026-02-22 16:00:00+00:00,,,,
2026-02-23 00:00:00+00:00,182.6320037841797,182.78500366210938,182.16900634765625,182.63600158691406
2026-02-23 08:00:00+00:00,182.64199829101562,182.80799865722656,182.06300354003906,182.13600158691406
2026-02-23 16:00:00+00:00,182.13900756835938,182.43600463867188,181.98800659179688,182.4029998779297
2026-02-24 00:00:00+00:00,182.38299560546875,183.91799926757812,182.35699462890625,183.86599731445312
2026-02-24 08:00:00+00:00,183.8699951171875,184.1840057373047,183.41799926757812,183.54400634765625
2026-02-24 16:00:00+00:00,183.54800415039062,183.60000610351562,183.33399963378906,183.55099487304688
2026-02-25 00:00:00+00:00,183.55499267578125,183.99600219726562,183.19200134277344,183.93899536132812
2026-02-25 08:00:00+00:00,183.93499755859375,184.75999450683594,183.93099975585938,184.53199768066406
2026-02-25 16:00:00+00:00,184.52999877929688,184.77200317382812,184.44700622558594,184.52200317382812
2026-02-26 00:00:00+00:00,184.5070037841797,184.58299255371094,184.0709991455078,184.38099670410156
2026-02-26 08:00:00+00:00,184.3780059814453,184.42300415039062,183.82000732421875,184.10800170898438
2026-02-26 16:00:00+00:00,184.10499572753906,184.31399536132812,183.8979949951172,183.9759979248047
2026-02-27 00:00:00+00:00,183.95199584960938,184.468994140625,183.6959991455078,184.40699768066406
2026-02-27 08:00:00+00:00,184.41099548339844,184.47300720214844,183.92599487304688,184.26800537109375
2026-02-27 16:00:00+00:00,184.2729949951172,184.56700134277344,184.25799560546875,184.36000061035156
2026-02-28 00:00:00+00:00,,,,
2026-02-28 08:00:00+00:00,,,,
2026-02-28 16:00:00+00:00,,,,
2026-03-01 00:00:00+00:00,,,,
2026-03-01 08:00:00+00:00,,,,
2026-03-01 16:00:00+00:00,,,,
2026-03-02 00:00:00+00:00,184.18499755859375,184.69000244140625,183.74099731445312,183.91799926757812
2026-03-02 08:00:00+00:00,183.9199981689453,184.61900329589844,183.89300537109375,184.22999572753906
2026-03-02 16:00:00+00:00,184.22799682617188,184.24000549316406,183.781005859375,183.90499877929688
2026-03-03 00:00:00+00:00,183.90899658203125,184.32699584960938,183.15199279785156,183.2760009765625
2026-03-03 08:00:00+00:00,183.27699279785156,183.40199279785156,182.02200317382812,182.66299438476562
2026-03-03 16:00:00+00:00,182.6649932861328,183.21800231933594,182.66200256347656,183.20599365234375
2026-03-04 00:00:00+00:00,183.17100524902344,183.2270050048828,182.36900329589844,182.8990020751953
2026-03-04 08:00:00+00:00,182.90499877929688,183.12399291992188,182.4499969482422,182.88600158691406
2026-03-04 16:00:00+00:00,182.88299560546875,182.91700744628906,182.4720001220703,182.64199829101562
2026-03-05 00:00:00+00:00,182.63299560546875,182.64100646972656,182.1510009765625,182.49000549316406
2026-03-05 08:00:00+00:00,182.49400329589844,183.08900451660156,182.10699462890625,182.56900024414062
2026-03-05 16:00:00+00:00,182.5679931640625,182.97300720214844,182.3520050048828,182.87399291992188
2026-03-06 00:00:00+00:00,182.8730010986328,183.26300048828125,182.71800231933594,182.968994140625
2026-03-06 08:00:00+00:00,182.968994140625,182.99200439453125,182.3520050048828,182.4770050048828
2026-03-06 16:00:00+00:00,182.4770050048828,183.38600158691406,182.468994140625,183.31100463867188
2026-03-07 00:00:00+00:00,,,,
2026-03-07 08:00:00+00:00,,,,
2026-03-07 16:00:00+00:00,,,,
2026-03-08 00:00:00+00:00,,,,
2026-03-08 08:00:00+00:00,,,,
2026-03-08 16:00:00+00:00,,,,
2026-03-09 00:00:00+00:00,182.5449981689453,183.32200622558594,182.45700073242188,183.22999572753906
2026-03-09 08:00:00+00:00,183.2310028076172,183.3979949951172,182.64999389648438,183.24200439453125
2026-03-09 16:00:00+00:00,183.24200439453125,183.61900329589844,183.16600036621094,183.3699951171875
2026-03-10 00:00:00+00:00,183.38499450683594,183.4739990234375,183.0500030517578,183.41200256347656
2026-03-10 08:00:00+00:00,183.41900634765625,183.76100158691406,183.34500122070312,183.56399536132812
2026-03-10 16:00:00+00:00,183.56700134277344,183.66299438476562,183.3459930419922,183.593994140625
2026-03-11 00:00:00+00:00,183.57699584960938,184.0749969482422,183.5290069580078,183.8040008544922
2026-03-11 08:00:00+00:00,183.80099487304688,183.97799682617188,183.58399963378906,183.7050018310547
2026-03-11 16:00:00+00:00,183.70199584960938,183.97000122070312,183.5780029296875,183.61500549316406
2026-03-12 00:00:00+00:00,183.6280059814453,183.7239990234375,183.36199951171875,183.4239959716797
2026-03-12 08:00:00+00:00,183.43099975585938,183.5919952392578,183.21200561523438,183.43699645996094
2026-03-12 16:00:00+00:00,183.43800354003906,183.61099243164062,183.2270050048828,183.4429931640625
2026-03-13 00:00:00+00:00,183.45700073242188,183.65199279785156,182.58999633789062,182.6820068359375
2026-03-13 08:00:00+00:00,182.677001953125,182.9199981689453,182.29600524902344,182.5590057373047
2026-03-13 16:00:00+00:00,182.56199645996094,182.68699645996094,182.24600219726562,182.36099243164062
2026-03-14 00:00:00+00:00,,,,
2026-03-14 08:00:00+00:00,,,,
2026-03-14 16:00:00+00:00,,,,
2026-03-15 00:00:00+00:00,,,,
2026-03-15 08:00:00+00:00,,,,
2026-03-15 16:00:00+00:00,,,,
2026-03-16 00:00:00+00:00,182.45399475097656,182.72900390625,181.86099243164062,181.9980010986328
2026-03-16 08:00:00+00:00,181.9969940185547,183.01300048828125,181.97999572753906,182.9739990234375
2026-03-16 16:00:00+00:00,182.9720001220703,183.1750030517578,182.85400390625,182.95799255371094
2026-03-17 00:00:00+00:00,182.968994140625,183.24000549316406,182.81399536132812,183.03599548339844
2026-03-17 08:00:00+00:00,183.03199768066406,183.3800048828125,182.8520050048828,183.2740020751953
2026-03-17 16:00:00+00:00,183.2740020751953,183.54400634765625,183.16600036621094,183.38600158691406
2026-03-18 00:00:00+00:00,183.37399291992188,183.57200622558594,182.9600067138672,183.01199340820312
2026-03-18 08:00:00+00:00,183.01499938964844,183.82699584960938,183.01499938964844,183.63600158691406
2026-03-18 16:00:00+00:00,183.63499450683594,183.71800231933594,182.9720001220703,183.19700622558594
2026-03-19 00:00:00+00:00,183.1999969482422,183.4340057373047,182.31199645996094,182.36399841308594
2026-03-19 08:00:00+00:00,182.36399841308594,182.78399658203125,182.04299926757812,182.1510009765625
2026-03-19 16:00:00+00:00,182.1510009765625,182.98599243164062,182.08799743652344,182.8280029296875
2026-03-20 00:00:00+00:00,182.8209991455078,183.30299377441406,182.58599853515625,183.19000244140625
2026-03-20 08:00:00+00:00,183.18800354003906,183.85699462890625,183.1719970703125,183.81199645996094
2026-03-20 16:00:00+00:00,183.80799865722656,184.2989959716797,183.8000030517578,184.2480010986328
2026-03-21 00:00:00+00:00,,,,
2026-03-21 08:00:00+00:00,,,,
2026-03-21 16:00:00+00:00,,,,
2026-03-22 00:00:00+00:00,,,,
2026-03-22 08:00:00+00:00,,,,
2026-03-22 16:00:00+00:00,,,,
2026-03-23 00:00:00+00:00,183.9969940185547,184.33399963378906,183.8000030517578,183.95899963378906
2026-03-23 08:00:00+00:00,183.96200561523438,184.24000549316406,183.1490020751953,183.8730010986328
2026-03-23 16:00:00+00:00,183.8730010986328,184.0229949951172,183.7010040283203,183.95799255371094
2026-03-24 00:00:00+00:00,183.96800231933594,184.0570068359375,183.61700439453125,183.98899841308594
2026-03-24 08:00:00+00:00,183.99000549316406,184.10800170898438,183.66299438476562,183.968994140625
2026-03-24 16:00:00+00:00,183.97300720214844,184.36000061035156,183.86199951171875,184.31900024414062
2026-03-25 00:00:00+00:00,184.3090057373047,184.60000610351562,184.20700073242188,184.5570068359375
2026-03-25 08:00:00+00:00,184.5570068359375,184.5749969482422,184.0330047607422,184.1929931640625
2026-03-25 16:00:00+00:00,184.19400024414062,184.4499969482422,184.03199768066406,184.27200317382812
2026-03-26 00:00:00+00:00,184.2729949951172,184.47300720214844,184.156005859375,184.27200317382812
2026-03-26 08:00:00+00:00,184.2740020751953,184.4499969482422,183.96400451660156,184.2570037841797
2026-03-26 16:00:00+00:00,184.26199340820312,184.30099487304688,184.01499938964844,184.22999572753906
2026-03-27 00:00:00+00:00,184.22799682617188,184.33900451660156,183.86300659179688,184.23399353027344
2026-03-27 08:00:00+00:00,184.23399353027344,184.50900268554688,183.85800170898438,184.49600219726562
2026-03-27 16:00:00+00:00,184.4969940185547,184.65499877929688,184.35400390625,184.51300048828125
2026-03-28 00:00:00+00:00,,,,
2026-03-28 08:00:00+00:00,,,,
2026-03-28 16:00:00+00:00,,,,
2026-03-29 00:00:00+00:00,,,,
2026-03-29 08:00:00+00:00,,,,
2026-03-29 16:00:00+00:00,184.2899932861328,184.36700439453125,184.1179962158203,184.1300048828125
2026-03-30 00:00:00+00:00,184.1269989013672,184.1510009765625,183.531005859375,183.68899536132812
2026-03-30 08:00:00+00:00,183.68699645996094,183.72300720214844,182.60400390625,182.66299438476562
2026-03-30 16:00:00+00:00,182.66000366210938,183.2050018310547,182.58299255371094,183.12100219726562
2026-03-31 00:00:00+00:00,183.12100219726562,183.57200622558594,182.81900024414062,183.14500427246094
2026-03-31 08:00:00+00:00,183.1479949951172,183.6479949951172,182.8780059814453,183.21200561523438
2026-03-31 16:00:00+00:00,183.21200561523438,183.60899353027344,183.2010040283203,183.47999572753906
2026-04-01 00:00:00+00:00,183.47500610351562,183.87399291992188,183.34100341796875,183.83299255371094
2026-04-01 08:00:00+00:00,183.82899475097656,184.36399841308594,183.6060028076172,184.16400146484375
2026-04-01 16:00:00+00:00,184.16099548339844,184.24000549316406,183.6199951171875,183.91000366210938
2026-04-02 00:00:00+00:00,183.90899658203125,184.16200256347656,183.48500061035156,183.99600219726562
2026-04-02 08:00:00+00:00,183.9969940185547,184.16299438476562,183.75999450683594,183.92999267578125
2026-04-02 16:00:00+00:00,183.9290008544922,184.2239990234375,183.8769989013672,184.06100463867188
2026-04-03 00:00:00+00:00,184.05799865722656,184.24400329589844,183.9810028076172,184.18600463867188
2026-04-03 08:00:00+00:00,184.1790008544922,184.28599548339844,183.82899475097656,183.92300415039062
2026-04-03 16:00:00+00:00,183.91099548339844,183.95599365234375,183.62100219726562,183.93099975585938
2026-04-04 00:00:00+00:00,,,,
2026-04-04 08:00:00+00:00,,,,
2026-04-04 16:00:00+00:00,,,,
2026-04-05 00:00:00+00:00,,,,
2026-04-05 08:00:00+00:00,,,,
2026-04-05 16:00:00+00:00,183.86099243164062,183.9499969482422,183.78500366210938,183.89100646972656
2026-04-06 00:00:00+00:00,183.89700317382812,184.43899536132812,183.68899536132812,184.31700134277344
2026-04-06 08:00:00+00:00,184.3159942626953,184.45700073242188,184.072998046875,184.3679962158203
2026-04-06 16:00:00+00:00,184.36599731445312,184.4510040283203,184.14700317382812,184.29600524902344
2026-04-07 00:00:00+00:00,184.29600524902344,184.5749969482422,184.2570037841797,184.5240020751953
2026-04-07 08:00:00+00:00,184.52000427246094,185.14700317382812,184.42300415039062,185.01499938964844
2026-04-07 16:00:00+00:00,185.01400756835938,185.5489959716797,184.8719940185547,185.47300720214844
2026-04-08 00:00:00+00:00,185.47999572753906,185.48500061035156,184.8000030517578,185.03799438476562
2026-04-08 08:00:00+00:00,185.03799438476562,185.31700134277344,184.86700439453125,185.08999633789062
2026-04-08 16:00:00+00:00,185.093994140625,185.1179962158203,184.77699279785156,184.96499633789062
2026-04-09 00:00:00+00:00,184.9709930419922,185.406005859375,184.91099548339844,185.39999389648438
2026-04-09 08:00:00+00:00,185.40499877929688,186.218994140625,185.36099243164062,185.95799255371094
2026-04-09 16:00:00+00:00,185.9550018310547,186.2270050048828,185.7790069580078,185.9980010986328
2026-04-10 00:00:00+00:00,185.9980010986328,186.20700073242188,185.93800354003906,186.0970001220703
2026-04-10 08:00:00+00:00,186.0989990234375,186.7899932861328,186.05599975585938,186.6479949951172
2026-04-10 16:00:00+00:00,186.6479949951172,186.8800048828125,186.6179962158203,186.73599243164062
2026-04-11 00:00:00+00:00,,,,
2026-04-11 08:00:00+00:00,,,,
2026-04-11 16:00:00+00:00,,,,
2026-04-12 00:00:00+00:00,,,,
2026-04-12 08:00:00+00:00,,,,
2026-04-12 16:00:00+00:00,186.52200317382812,186.5679931640625,186.33999633789062,186.4199981689453
2026-04-13 00:00:00+00:00,186.4199981689453,186.78199768066406,186.39199829101562,186.6909942626953
2026-04-13 08:00:00+00:00,186.69000244140625,187.0800018310547,186.57400512695312,187.0489959716797
2026-04-13 16:00:00+00:00,187.0489959716797,187.51800537109375,186.98699951171875,187.3419952392578
2026-04-14 00:00:00+00:00,187.343994140625,187.53500366210938,187.0749969482422,187.3800048828125
2026-04-14 08:00:00+00:00,187.3769989013672,187.5189971923828,187.18099975585938,187.36099243164062
2026-04-14 16:00:00+00:00,187.35800170898438,187.406005859375,187.17100524902344,187.35499572753906
2026-04-15 00:00:00+00:00,187.3560028076172,187.4929962158203,187.2169952392578,187.30299377441406
2026-04-15 08:00:00+00:00,187.302001953125,187.63699340820312,187.0970001220703,187.61399841308594
2026-04-15 16:00:00+00:00,187.61199951171875,187.6959991455078,187.32400512695312,187.50799560546875
2026-04-16 00:00:00+00:00,187.5030059814453,187.53500366210938,187.0959930419922,187.32400512695312
2026-04-16 08:00:00+00:00,187.3209991455078,187.5189971923828,187.25999450683594,187.42100524902344
2026-04-16 16:00:00+00:00,187.41799926757812,187.58200073242188,187.36099243164062,187.55599975585938
2026-04-17 00:00:00+00:00,187.5540008544922,187.94900512695312,187.51400756835938,187.66099548339844
2026-04-17 08:00:00+00:00,187.66099548339844,187.8209991455078,186.31100463867188,186.56700134277344
2026-04-17 16:00:00+00:00,186.5659942626953,186.67599487304688,186.41900634765625,186.60499572753906
2026-04-18 00:00:00+00:00,,,,
2026-04-18 08:00:00+00:00,,,,
2026-04-18 16:00:00+00:00,,,,
2026-04-19 00:00:00+00:00,,,,
2026-04-19 08:00:00+00:00,,,,
2026-04-19 16:00:00+00:00,186.65699768066406,186.86700439453125,186.6219940185547,186.8249969482422
2026-04-20 00:00:00+00:00,186.82400512695312,187.04800415039062,186.73199462890625,186.78700256347656
2026-04-20 08:00:00+00:00,186.89500427246094,187.08999633789062,186.74899291992188,186.97300720214844
2026-04-20 16:00:00+00:00,186.9759979248047,187.29100036621094,186.93299865722656,187.18299865722656
2026-04-21 00:00:00+00:00,187.1840057373047,187.33200073242188,186.98399353027344,187.0659942626953
2026-04-21 08:00:00+00:00,187.0659942626953,187.30599975585938,187.05099487304688,187.14999389648438
