Datetime,Open,High,Low,Close,Volume
2021-05-17T00:00:00Z,2892.89990234375,2892.89990234375,2892.89990234375,2892.89990234375,0
2021-05-18T00:00:00Z,2903.39990234375,2903.39990234375,2903.39990234375,2903.39990234375,0
2021-05-19T00:00:00Z,2885.10009765625,2885.10009765625,2885.10009765625,2885.10009765625,0
2021-05-20T00:00:00Z,2870.5,2870.5,2870.5,2870.5,0
2021-05-21T00:00:00Z,2775.300048828125,2775.300048828125,2775.300048828125,2775.300048828125,0
2021-05-24T00:00:00Z,2730.10009765625,2730.10009765625,2730.10009765625,2730.10009765625,0
2021-05-25T00:00:00Z,2777.5,2777.5,2777.5,2777.5,0
2021-05-26T00:00:00Z,2748.5,2748.5,2748.5,2748.5,2205
2021-05-27T00:00:00Z,2738.0,2834.0,2737.5,2802.300048828125,496
2021-05-28T00:00:00Z,2816.0,2834.0,2808.0,2824.199951171875,38
2021-06-01T00:00:00Z,2830.0,2856.699951171875,2830.0,2856.699951171875,3
2021-06-02T00:00:00Z,2862.0,2862.0,2862.0,2862.0,2
2021-06-03T00:00:00Z,2817.0,2822.699951171875,2804.0,2822.699951171875,4
2021-06-04T00:00:00Z,2827.0,2837.89990234375,2827.0,2837.89990234375,2
2021-06-07T00:00:00Z,2833.39990234375,2833.39990234375,2833.39990234375,2833.39990234375,0
2021-06-08T00:00:00Z,2802.60009765625,2802.60009765625,2802.60009765625,2802.60009765625,0
2021-06-09T00:00:00Z,2800.0,2800.0,2769.0,2770.0,3
2021-06-10T00:00:00Z,2768.0,2774.699951171875,2768.0,2774.699951171875,2
2021-06-11T00:00:00Z,2777.699951171875,2777.699951171875,2777.699951171875,2777.699951171875,0
2021-06-14T00:00:00Z,2753.60009765625,2753.60009765625,2753.60009765625,2753.60009765625,0
2021-06-15T00:00:00Z,2761.800048828125,2761.800048828125,2761.800048828125,2761.800048828125,0
2021-06-16T00:00:00Z,2805.5,2834.0,2805.5,2834.0,1
2021-06-17T00:00:00Z,2766.5,2769.0,2509.60009765625,2509.60009765625,13
2021-06-18T00:00:00Z,2516.0,2520.0,2461.0,2465.699951171875,14
2021-06-21T00:00:00Z,2540.0,2553.199951171875,2540.0,2553.199951171875,3
2021-06-22T00:00:00Z,2554.699951171875,2555.5,2550.0,2554.699951171875,2
2021-06-23T00:00:00Z,2587.5,2626.300048828125,2587.5,2626.300048828125,1
2021-06-24T00:00:00Z,2612.0,2639.800048828125,2597.5,2639.800048828125,11
2021-06-25T00:00:00Z,2633.300048828125,2633.300048828125,2633.300048828125,2633.300048828125,0
2021-06-28T00:00:00Z,2695.89990234375,2695.89990234375,2695.89990234375,2695.89990234375,0
2021-06-29T00:00:00Z,2679.39990234375,2679.39990234375,2679.39990234375,2679.39990234375,0
2021-06-30T00:00:00Z,2777.39990234375,2777.39990234375,2777.39990234375,2777.39990234375,0
2021-07-01T00:00:00Z,2767.10009765625,2767.10009765625,2767.10009765625,2767.10009765625,0
2021-07-02T00:00:00Z,2790.699951171875,2790.699951171875,2790.699951171875,2790.699951171875,0
2021-07-06T00:00:00Z,2794.300048828125,2794.300048828125,2794.300048828125,2794.300048828125,0
2021-07-07T00:00:00Z,2846.5,2846.5,2846.5,2846.5,0
2021-07-08T00:00:00Z,2808.39990234375,2808.39990234375,2808.39990234375,2808.39990234375,0
2021-07-09T00:00:00Z,2810.199951171875,2810.199951171875,2810.199951171875,2810.199951171875,0
2021-07-12T00:00:00Z,2857.5,2857.5,2857.5,2857.5,0
2021-07-13T00:00:00Z,2830.699951171875,2830.699951171875,2830.699951171875,2830.699951171875,0
2021-07-14T00:00:00Z,2824.5,2824.5,2824.5,2824.5,0
2021-07-15T00:00:00Z,2727.5,2727.5,2727.5,2727.5,0
2021-07-16T00:00:00Z,2635.5,2635.5,2635.5,2635.5,0
2021-07-19T00:00:00Z,2590.89990234375,2590.89990234375,2590.89990234375,2590.89990234375,0
2021-07-20T00:00:00Z,2638.60009765625,2638.60009765625,2638.60009765625,2638.60009765625,0
2021-07-21T00:00:00Z,2653.10009765625,2653.10009765625,2653.10009765625,2653.10009765625,0
2021-07-22T00:00:00Z,2702.800048828125,2702.800048828125,2702.800048828125,2702.800048828125,0
2021-07-23T00:00:00Z,2660.60009765625,2660.60009765625,2660.60009765625,2660.60009765625,0
2021-07-26T00:00:00Z,2676.300048828125,2676.300048828125,2676.300048828125,2676.300048828125,0
2021-07-27T00:00:00Z,2604.89990234375,2604.89990234375,2604.89990234375,2604.89990234375,0
2021-07-28T00:00:00Z,2620.800048828125,2620.800048828125,2620.800048828125,2620.800048828125,0
2021-07-29T00:00:00Z,2642.699951171875,2642.699951171875,2642.699951171875,2642.699951171875,0
2021-07-30T00:00:00Z,2655.800048828125,2655.800048828125,2655.800048828125,2655.800048828125,0
2021-08-02T00:00:00Z,2683.699951171875,2683.699951171875,2683.699951171875,2683.699951171875,0
2021-08-03T00:00:00Z,2644.89990234375,2644.89990234375,2644.89990234375,2644.89990234375,0
2021-08-04T00:00:00Z,2651.300048828125,2651.300048828125,2651.300048828125,2651.300048828125,0
2021-08-05T00:00:00Z,2654.699951171875,2654.699951171875,2654.699951171875,2654.699951171875,0
2021-08-06T00:00:00Z,2629.699951171875,2629.699951171875,2629.699951171875,2629.699951171875,0
2021-08-09T00:00:00Z,2601.699951171875,2601.699951171875,2601.699951171875,2601.699951171875,0
2021-08-10T00:00:00Z,2649.60009765625,2649.60009765625,2649.60009765625,2649.60009765625,0
2021-08-11T00:00:00Z,2632.39990234375,2632.39990234375,2632.39990234375,2632.39990234375,0
2021-08-12T00:00:00Z,2623.5,2623.5,2623.5,2623.5,0
2021-08-13T00:00:00Z,2656.10009765625,2656.10009765625,2656.10009765625,2656.10009765625,0
2021-08-16T00:00:00Z,2597.60009765625,2597.60009765625,2597.60009765625,2597.60009765625,0
2021-08-17T00:00:00Z,2493.800048828125,2493.800048828125,2493.800048828125,2493.800048828125,0
2021-08-18T00:00:00Z,2421.5,2421.5,2421.5,2421.5,0
2021-08-19T00:00:00Z,2296.10009765625,2296.10009765625,2296.10009765625,2296.10009765625,0
2021-08-20T00:00:00Z,2288.0,2288.0,2274.699951171875,2274.699951171875,1
2021-08-23T00:00:00Z,2383.300048828125,2383.300048828125,2383.300048828125,2383.300048828125,1
2021-08-24T00:00:00Z,2440.699951171875,2440.699951171875,2440.699951171875,2440.699951171875,1
2021-08-25T00:00:00Z,2428.89990234375,2428.89990234375,2428.89990234375,2428.89990234375,1
2021-08-26T00:00:00Z,2386.5,2386.5,2386.5,2386.5,1
2021-08-27T00:00:00Z,2402.199951171875,2402.199951171875,2402.199951171875,2402.199951171875,1389
2021-08-30T00:00:00Z,2414.0,2495.5,2404.0,2476.10009765625,374
2021-08-31T00:00:00Z,2470.0,2489.5,2462.0,2468.300048828125,103
2021-09-01T00:00:00Z,2466.0,2485.5,2426.5,2438.39990234375,21
2021-09-02T00:00:00Z,2405.5,2405.5,2397.39990234375,2397.39990234375,3
2021-09-03T00:00:00Z,2399.0,2414.39990234375,2397.0,2414.39990234375,4
2021-09-07T00:00:00Z,2422.0,2422.0,2341.0,2351.199951171875,27
2021-09-08T00:00:00Z,2222.0,2235.5,2222.0,2235.5,12
2021-09-09T00:00:00Z,2139.800048828125,2139.800048828125,2139.800048828125,2139.800048828125,12
2021-09-10T00:00:00Z,2204.0,2204.0,2123.0,2123.0,1
2021-09-13T00:00:00Z,2100.0,2100.0,2063.0,2076.60009765625,4
2021-09-14T00:00:00Z,1979.0,1979.0,1972.5999755859375,1972.5999755859375,2
2021-09-15T00:00:00Z,1990.199951171875,1990.199951171875,1990.199951171875,1990.199951171875,0
2021-09-16T00:00:00Z,2018.9000244140625,2018.9000244140625,2018.9000244140625,2018.9000244140625,0
2021-09-17T00:00:00Z,1981.199951171875,1981.199951171875,1981.199951171875,1981.199951171875,0
2021-09-20T00:00:00Z,1880.0,1880.0,1860.5,1865.199951171875,39
2021-09-21T00:00:00Z,1885.0,1894.5,1885.0,1894.5,1
2021-09-22T00:00:00Z,2036.199951171875,2036.199951171875,2036.199951171875,2036.199951171875,0
2021-09-23T00:00:00Z,1971.800048828125,1971.800048828125,1971.800048828125,1971.800048828125,0
2021-09-24T00:00:00Z,1939.0,1951.0999755859375,1939.0,1951.0999755859375,1
2021-09-27T00:00:00Z,1947.699951171875,1947.699951171875,1947.699951171875,1947.699951171875,0
2021-09-28T00:00:00Z,1923.0,1923.0,1854.199951171875,1854.199951171875,2
2021-09-29T00:00:00Z,1853.5,1853.5,1833.0999755859375,1833.0999755859375,1
2021-09-30T00:00:00Z,1902.5999755859375,1902.5999755859375,1902.5999755859375,1902.5999755859375,0
2021-10-01T00:00:00Z,1906.5,1906.5,1906.5,1906.5,0
2021-10-04T00:00:00Z,1877.800048828125,1877.800048828125,1877.800048828125,1877.800048828125,0
2021-10-05T00:00:00Z,1902.199951171875,1902.199951171875,1902.199951171875,1902.199951171875,0
2021-10-06T00:00:00Z,1870.5999755859375,1870.5999755859375,1870.5999755859375,1870.5999755859375,0
2021-10-07T00:00:00Z,1957.800048828125,1957.800048828125,1957.800048828125,1957.800048828125,0
2021-10-08T00:00:00Z,2075.800048828125,2075.800048828125,2075.800048828125,2075.800048828125,0
2021-10-11T00:00:00Z,2122.300048828125,2122.300048828125,2122.300048828125,2122.300048828125,0
2021-10-12T00:00:00Z,2050.60009765625,2050.60009765625,2050.60009765625,2050.60009765625,0
2021-10-13T00:00:00Z,2108.89990234375,2108.89990234375,2108.89990234375,2108.89990234375,0
2021-10-14T00:00:00Z,2153.699951171875,2153.699951171875,2153.699951171875,2153.699951171875,0
2021-10-15T00:00:00Z,2079.39990234375,2079.39990234375,2079.39990234375,2079.39990234375,0
2021-10-18T00:00:00Z,2015.9000244140625,2015.9000244140625,2015.9000244140625,2015.9000244140625,0
2021-10-19T00:00:00Z,2103.699951171875,2103.699951171875,2103.699951171875,2103.699951171875,0
2021-10-20T00:00:00Z,2085.199951171875,2085.199951171875,2085.199951171875,2085.199951171875,0
2021-10-21T00:00:00Z,2020.9000244140625,2020.9000244140625,2020.9000244140625,2020.9000244140625,0
2021-10-22T00:00:00Z,2038.4000244140625,2038.4000244140625,2038.4000244140625,2038.4000244140625,0
2021-10-25T00:00:00Z,2051.0,2051.0,2051.0,2051.0,0
2021-10-26T00:00:00Z,2007.5999755859375,2007.5999755859375,2007.5999755859375,2007.5999755859375,0
2021-10-27T00:00:00Z,1977.0999755859375,1977.0999755859375,1977.0999755859375,1977.0999755859375,0
2021-10-28T00:00:00Z,1995.199951171875,1995.199951171875,1995.199951171875,1995.199951171875,0
2021-10-29T00:00:00Z,1986.0999755859375,1986.0999755859375,1986.0999755859375,1986.0999755859375,0
2021-11-01T00:00:00Z,2058.10009765625,2058.10009765625,2058.10009765625,2058.10009765625,0
2021-11-02T00:00:00Z,2013.199951171875,2013.199951171875,2013.199951171875,2013.199951171875,0
2021-11-03T00:00:00Z,1984.0999755859375,1984.0999755859375,1984.0999755859375,1984.0999755859375,0
2021-11-04T00:00:00Z,1993.300048828125,1993.300048828125,1993.300048828125,1993.300048828125,0
2021-11-05T00:00:00Z,2024.5,2024.5,2024.5,2024.5,0
2021-11-08T00:00:00Z,2074.60009765625,2074.60009765625,2074.60009765625,2074.60009765625,0
2021-11-09T00:00:00Z,2019.0,2019.0,2019.0,2019.0,0
2021-11-10T00:00:00Z,2035.800048828125,2035.800048828125,2035.800048828125,2035.800048828125,0
2021-11-11T00:00:00Z,2059.5,2059.5,2059.5,2059.5,0
2021-11-12T00:00:00Z,2114.60009765625,2114.60009765625,2114.60009765625,2114.60009765625,0
2021-11-15T00:00:00Z,2153.0,2153.0,2153.0,2153.0,0
2021-11-16T00:00:00Z,2164.5,2164.5,2164.5,2164.5,0
2021-11-17T00:00:00Z,2181.39990234375,2181.39990234375,2181.39990234375,2181.39990234375,0
2021-11-18T00:00:00Z,2134.300048828125,2134.300048828125,2134.300048828125,2134.300048828125,0
2021-11-19T00:00:00Z,2070.10009765625,2070.10009765625,2070.10009765625,2070.10009765625,0
2021-11-22T00:00:00Z,1947.5,1947.5,1947.5,1947.5,0
2021-11-23T00:00:00Z,1847.199951171875,1847.199951171875,1847.199951171875,1847.199951171875,0
2021-11-24T00:00:00Z,1844.800048828125,1844.800048828125,1844.800048828125,1844.800048828125,0
2021-11-26T00:00:00Z,1786.0,1786.0,1786.0,1786.0,3246
2021-11-29T00:00:00Z,1727.0,1797.0,1727.0,1784.199951171875,560
2021-11-30T00:00:00Z,1749.5,1783.0,1703.0999755859375,1703.0999755859375,98
2021-12-01T00:00:00Z,1738.0,1751.0999755859375,1738.0,1751.0999755859375,11
2021-12-02T00:00:00Z,1740.0,1772.0,1740.0,1769.9000244140625,3
2021-12-03T00:00:00Z,1811.0999755859375,1811.0999755859375,1811.0999755859375,1811.0999755859375,0
2021-12-06T00:00:00Z,1844.199951171875,1844.199951171875,1844.199951171875,1844.199951171875,0
2021-12-07T00:00:00Z,1845.5,1845.5,1845.5,1845.5,2
2021-12-08T00:00:00Z,1851.0,1851.0,1851.0,1851.0,0
2021-12-09T00:00:00Z,1811.800048828125,1811.800048828125,1811.800048828125,1811.800048828125,0
2021-12-10T00:00:00Z,1770.5,1772.5,1748.0999755859375,1748.0999755859375,14
2021-12-13T00:00:00Z,1672.4000244140625,1672.4000244140625,1672.4000244140625,1672.4000244140625,0
2021-12-14T00:00:00Z,1620.5,1620.5,1620.5,1620.5,0
2021-12-15T00:00:00Z,1549.4000244140625,1549.4000244140625,1549.4000244140625,1549.4000244140625,0
2021-12-16T00:00:00Z,1720.5999755859375,1720.5999755859375,1720.5999755859375,1720.5999755859375,0
2021-12-17T00:00:00Z,1782.5999755859375,1782.5999755859375,1782.5999755859375,1782.5999755859375,0
2021-12-20T00:00:00Z,1743.699951171875,1743.699951171875,1743.699951171875,1743.699951171875,0
2021-12-21T00:00:00Z,1790.9000244140625,1790.9000244140625,1790.9000244140625,1790.9000244140625,0
2021-12-22T00:00:00Z,1887.0999755859375,1887.0999755859375,1887.0999755859375,1887.0999755859375,0
2021-12-23T00:00:00Z,1954.699951171875,1954.699951171875,1954.699951171875,1954.699951171875,0
2021-12-27T00:00:00Z,1944.300048828125,1944.300048828125,1944.300048828125,1944.300048828125,0
2021-12-28T00:00:00Z,1998.4000244140625,1998.4000244140625,1998.4000244140625,1998.4000244140625,0
2021-12-29T00:00:00Z,1984.800048828125,1984.800048828125,1984.800048828125,1984.800048828125,1
2021-12-30T00:00:00Z,1959.5,1979.199951171875,1959.5,1979.199951171875,2
2021-12-31T00:00:00Z,1908.0999755859375,1908.0999755859375,1908.0999755859375,1908.0999755859375,2
2022-01-03T00:00:00Z,1822.0,1822.0,1822.0,1822.0,2
2022-01-04T00:00:00Z,1855.699951171875,1855.699951171875,1855.699951171875,1855.699951171875,2
2022-01-05T00:00:00Z,1898.5999755859375,1898.5999755859375,1898.5999755859375,1898.5999755859375,2
2022-01-06T00:00:00Z,1869.9000244140625,1869.9000244140625,1869.9000244140625,1869.9000244140625,2
2022-01-07T00:00:00Z,1917.5999755859375,1917.5999755859375,1917.5999755859375,1917.5999755859375,2
2022-01-10T00:00:00Z,1905.199951171875,1905.199951171875,1905.199951171875,1905.199951171875,2
2022-01-11T00:00:00Z,1918.0999755859375,1918.0999755859375,1918.0999755859375,1918.0999755859375,2
2022-01-12T00:00:00Z,1911.800048828125,1911.800048828125,1911.800048828125,1911.800048828125,2
2022-01-13T00:00:00Z,1886.0,1886.0,1886.0,1886.0,2
2022-01-14T00:00:00Z,1874.199951171875,1874.199951171875,1874.199951171875,1874.199951171875,2
2022-01-18T00:00:00Z,1900.5999755859375,1900.5999755859375,1900.5999755859375,1900.5999755859375,2
2022-01-19T00:00:00Z,2004.4000244140625,2004.4000244140625,2004.4000244140625,2004.4000244140625,2
2022-01-20T00:00:00Z,2069.699951171875,2069.699951171875,2069.699951171875,2069.699951171875,2
2022-01-21T00:00:00Z,2100.300048828125,2100.300048828125,2100.300048828125,2100.300048828125,20
2022-01-24T00:00:00Z,2137.0,2137.0,2137.0,2137.0,0
2022-01-25T00:00:00Z,2184.89990234375,2184.89990234375,2184.89990234375,2184.89990234375,0
2022-01-26T00:00:00Z,2346.60009765625,2346.60009765625,2346.60009765625,2346.60009765625,0
2022-01-27T00:00:00Z,2362.5,2362.5,2362.5,2362.5,2
2022-01-28T00:00:00Z,2368.699951171875,2368.699951171875,2368.699951171875,2368.699951171875,2
2022-01-31T00:00:00Z,2349.199951171875,2349.199951171875,2349.199951171875,2349.199951171875,2
2022-02-01T00:00:00Z,2343.199951171875,2343.199951171875,2343.199951171875,2343.199951171875,2
2022-02-02T00:00:00Z,2366.199951171875,2366.199951171875,2366.199951171875,2366.199951171875,2
2022-02-03T00:00:00Z,2314.39990234375,2314.39990234375,2314.39990234375,2314.39990234375,2
2022-02-04T00:00:00Z,2287.39990234375,2287.39990234375,2287.39990234375,2287.39990234375,2
2022-02-07T00:00:00Z,2256.800048828125,2256.800048828125,2256.800048828125,2256.800048828125,2
2022-02-08T00:00:00Z,2260.89990234375,2260.89990234375,2260.89990234375,2260.89990234375,2
2022-02-09T00:00:00Z,2281.60009765625,2281.60009765625,2281.60009765625,2281.60009765625,2
2022-02-10T00:00:00Z,2261.800048828125,2261.800048828125,2261.800048828125,2261.800048828125,2
2022-02-11T00:00:00Z,2190.10009765625,2190.10009765625,2190.10009765625,2190.10009765625,2
2022-02-14T00:00:00Z,2342.5,2342.5,2342.5,2342.5,2
2022-02-15T00:00:00Z,2248.0,2248.0,2248.0,2248.0,2
2022-02-16T00:00:00Z,2268.300048828125,2268.300048828125,2268.300048828125,2268.300048828125,1
2022-02-17T00:00:00Z,2356.60009765625,2356.60009765625,2356.60009765625,2356.60009765625,1
2022-02-18T00:00:00Z,2335.39990234375,2335.39990234375,2335.39990234375,2335.39990234375,1
2022-02-22T00:00:00Z,2369.300048828125,2369.300048828125,2369.300048828125,2369.300048828125,1
2022-02-23T00:00:00Z,2438.10009765625,2438.10009765625,2438.10009765625,2438.10009765625,1
2022-02-24T00:00:00Z,2498.60009765625,2498.60009765625,2498.60009765625,2498.60009765625,5014
2022-02-25T00:00:00Z,2388.5,2479.0,2322.5,2360.699951171875,742
2022-02-28T00:00:00Z,2536.5,2536.5,2455.5,2500.5,128
2022-03-01T00:00:00Z,2491.5,2706.5,2491.5,2532.5,149
2022-03-02T00:00:00Z,2662.60009765625,2662.60009765625,2662.60009765625,2662.60009765625,18
2022-03-03T00:00:00Z,2745.5,2745.5,2718.5,2728.800048828125,3
2022-03-04T00:00:00Z,2904.0,2979.89990234375,2904.0,2979.89990234375,18
2022-03-07T00:00:00Z,3380.5,3380.5,2899.89990234375,2899.89990234375,28
2022-03-08T00:00:00Z,3002.0,3028.0,2958.0,2966.5,40
2022-03-09T00:00:00Z,3005.5,3005.5,2908.5,2944.800048828125,4
2022-03-10T00:00:00Z,2921.5,2921.5,2917.0,2917.0,0
2022-03-11T00:00:00Z,2792.89990234375,2792.89990234375,2792.89990234375,2792.89990234375,0
2022-03-14T00:00:00Z,2628.0,2628.0,2412.199951171875,2412.199951171875,1
2022-03-15T00:00:00Z,2407.39990234375,2407.39990234375,2407.39990234375,2407.39990234375,0
2022-03-16T00:00:00Z,2363.39990234375,2363.39990234375,2363.39990234375,2363.39990234375,0
2022-03-17T00:00:00Z,2530.0,2530.0,2488.10009765625,2488.10009765625,5
2022-03-18T00:00:00Z,2536.0,2536.0,2489.10009765625,2489.10009765625,11
2022-03-21T00:00:00Z,2533.39990234375,2533.39990234375,2533.39990234375,2533.39990234375,0
2022-03-22T00:00:00Z,2493.0,2493.0,2472.60009765625,2472.60009765625,2
2022-03-23T00:00:00Z,2515.39990234375,2515.39990234375,2515.39990234375,2515.39990234375,0
2022-03-24T00:00:00Z,2526.699951171875,2526.699951171875,2526.699951171875,2526.699951171875,0
2022-03-25T00:00:00Z,2390.39990234375,2390.39990234375,2390.39990234375,2390.39990234375,0
2022-03-28T00:00:00Z,2238.5,2238.5,2238.5,2238.5,0
2022-03-29T00:00:00Z,2101.0,2108.800048828125,2101.0,2108.800048828125,0
2022-03-30T00:00:00Z,2243.0,2243.0,2243.0,2243.0,0
2022-03-31T00:00:00Z,2255.5,2255.5,2255.5,2255.5,0
2022-04-01T00:00:00Z,2267.39990234375,2267.39990234375,2267.39990234375,2267.39990234375,0
2022-04-04T00:00:00Z,2274.89990234375,2274.89990234375,2274.89990234375,2274.89990234375,0
2022-04-05T00:00:00Z,2235.199951171875,2235.199951171875,2235.199951171875,2235.199951171875,0
2022-04-06T00:00:00Z,2184.60009765625,2184.60009765625,2184.60009765625,2184.60009765625,0
2022-04-07T00:00:00Z,2223.0,2223.0,2223.0,2223.0,0
2022-04-08T00:00:00Z,2420.0,2420.0,2420.0,2420.0,0
2022-04-11T00:00:00Z,2500.0,2500.0,2416.39990234375,2416.39990234375,1
2022-04-12T00:00:00Z,2353.699951171875,2353.699951171875,2353.699951171875,2353.699951171875,1
2022-04-13T00:00:00Z,2338.800048828125,2338.800048828125,2338.800048828125,2338.800048828125,1
2022-04-14T00:00:00Z,2354.300048828125,2354.300048828125,2354.300048828125,2354.300048828125,1
2022-04-18T00:00:00Z,2444.0,2444.0,2444.0,2444.0,1
2022-04-19T00:00:00Z,2379.300048828125,2379.300048828125,2379.300048828125,2379.300048828125,1
2022-04-20T00:00:00Z,2453.5,2458.800048828125,2453.5,2458.800048828125,1
2022-04-21T00:00:00Z,2416.89990234375,2416.89990234375,2416.89990234375,2416.89990234375,1
2022-04-22T00:00:00Z,2373.0,2373.0,2373.0,2373.0,1
2022-04-25T00:00:00Z,2116.39990234375,2116.39990234375,2116.39990234375,2116.39990234375,1
2022-04-26T00:00:00Z,2172.89990234375,2172.89990234375,2172.89990234375,2172.89990234375,1
2022-04-27T00:00:00Z,2190.39990234375,2190.39990234375,2190.39990234375,2190.39990234375,0
2022-04-28T00:00:00Z,2208.60009765625,2208.60009765625,2208.60009765625,2208.60009765625,0
2022-04-29T00:00:00Z,2302.800048828125,2302.800048828125,2302.800048828125,2302.800048828125,0
2022-05-02T00:00:00Z,2213.300048828125,2213.300048828125,2213.300048828125,2213.300048828125,0
2022-05-03T00:00:00Z,2235.60009765625,2235.60009765625,2235.60009765625,2235.60009765625,0
2022-05-04T00:00:00Z,2233.300048828125,2233.300048828125,2233.300048828125,2233.300048828125,0
2022-05-05T00:00:00Z,2175.300048828125,2175.300048828125,2175.300048828125,2175.300048828125,0
2022-05-06T00:00:00Z,2021.199951171875,2021.199951171875,2021.199951171875,2021.199951171875,1
2022-05-09T00:00:00Z,2059.800048828125,2059.800048828125,2059.800048828125,2059.800048828125,1
2022-05-10T00:00:00Z,2042.0,2042.0,2042.0,2042.0,1
2022-05-11T00:00:00Z,2008.0999755859375,2008.0999755859375,2008.0999755859375,2008.0999755859375,1
2022-05-12T00:00:00Z,1861.0,1861.0,1861.0,1861.0,1
2022-05-13T00:00:00Z,1918.0999755859375,1918.0999755859375,1918.0999755859375,1918.0999755859375,1
2022-05-16T00:00:00Z,2003.0,2003.0,2003.0,2003.0,1
2022-05-17T00:00:00Z,2031.199951171875,2031.199951171875,2031.199951171875,2031.199951171875,1
2022-05-18T00:00:00Z,1991.5999755859375,1991.5999755859375,1991.5999755859375,1991.5999755859375,1
2022-05-19T00:00:00Z,1977.800048828125,1977.800048828125,1977.800048828125,1977.800048828125,1
2022-05-20T00:00:00Z,1939.199951171875,1939.199951171875,1939.199951171875,1939.199951171875,1
2022-05-23T00:00:00Z,1965.9000244140625,1965.9000244140625,1965.9000244140625,1965.9000244140625,1
2022-05-24T00:00:00Z,1985.9000244140625,1985.9000244140625,1985.9000244140625,1985.9000244140625,1
2022-05-25T00:00:00Z,1988.5999755859375,1988.5999755859375,1988.5999755859375,1988.5999755859375,1
2022-05-26T00:00:00Z,1992.800048828125,1992.800048828125,1992.800048828125,1992.800048828125,1364
2022-05-27T00:00:00Z,2007.5,2053.5,1995.0,2044.699951171875,498
2022-05-31T00:00:00Z,2055.0,2062.5,1994.800048828125,1994.800048828125,107
2022-06-01T00:00:00Z,1998.5,1998.5,1983.0,1991.800048828125,11
2022-06-02T00:00:00Z,2006.0,2038.0,1987.5,2036.5,6
2022-06-03T00:00:00Z,2045.0,2045.0,1975.4000244140625,1975.4000244140625,6
2022-06-06T00:00:00Z,1991.0,1991.0,1981.0,1985.699951171875,4
2022-06-07T00:00:00Z,1955.699951171875,1955.699951171875,1955.699951171875,1955.699951171875,0
2022-06-08T00:00:00Z,1915.0,1929.5,1915.0,1928.5999755859375,3
2022-06-09T00:00:00Z,1924.0,1924.0,1906.199951171875,1906.199951171875,2
2022-06-10T00:00:00Z,1906.5,1906.5,1867.5,1897.699951171875,5
2022-06-13T00:00:00Z,1865.0,1877.5,1769.199951171875,1769.199951171875,8
2022-06-14T00:00:00Z,1772.300048828125,1772.300048828125,1772.300048828125,1772.300048828125,0
2022-06-15T00:00:00Z,1822.5,1826.0,1822.5,1826.0,1
2022-06-16T00:00:00Z,1832.5,1857.699951171875,1824.5,1857.699951171875,22
2022-06-17T00:00:00Z,1789.800048828125,1789.800048828125,1789.800048828125,1789.800048828125,0
2022-06-21T00:00:00Z,1853.800048828125,1853.800048828125,1853.800048828125,1853.800048828125,0
2022-06-22T00:00:00Z,1829.0,1829.0,1829.0,1829.0,0
2022-06-23T00:00:00Z,1815.199951171875,1815.199951171875,1815.199951171875,1815.199951171875,0
2022-06-24T00:00:00Z,1845.4000244140625,1845.4000244140625,1845.4000244140625,1845.4000244140625,0
2022-06-27T00:00:00Z,1850.5999755859375,1850.5999755859375,1850.5999755859375,1850.5999755859375,0
2022-06-28T00:00:00Z,1853.4000244140625,1853.4000244140625,1853.4000244140625,1853.4000244140625,1
2022-06-29T00:00:00Z,1939.5999755859375,1939.5999755859375,1939.5999755859375,1939.5999755859375,0
2022-06-30T00:00:00Z,1908.699951171875,1908.699951171875,1908.699951171875,1908.699951171875,0
2022-07-01T00:00:00Z,1930.800048828125,1930.800048828125,1930.800048828125,1930.800048828125,0
2022-07-05T00:00:00Z,1911.699951171875,1911.699951171875,1911.699951171875,1911.699951171875,0
2022-07-06T00:00:00Z,1889.199951171875,1889.199951171875,1889.199951171875,1889.199951171875,0
2022-07-07T00:00:00Z,1987.4000244140625,1987.4000244140625,1987.4000244140625,1987.4000244140625,0
2022-07-08T00:00:00Z,2151.199951171875,2151.199951171875,2151.199951171875,2151.199951171875,0
2022-07-11T00:00:00Z,2166.199951171875,2166.199951171875,2166.199951171875,2166.199951171875,0
2022-07-12T00:00:00Z,2010.199951171875,2010.199951171875,2010.199951171875,2010.199951171875,0
2022-07-13T00:00:00Z,1966.0,1966.0,1966.0,1966.0,0
2022-07-14T00:00:00Z,1892.699951171875,1892.699951171875,1892.699951171875,1892.699951171875,0
2022-07-15T00:00:00Z,1824.0,1824.0,1824.0,1824.0,0
2022-07-18T00:00:00Z,1843.699951171875,1843.699951171875,1843.699951171875,1843.699951171875,0
2022-07-19T00:00:00Z,1848.800048828125,1848.800048828125,1848.800048828125,1848.800048828125,0
2022-07-20T00:00:00Z,1856.0,1856.0,1856.0,1856.0,0
2022-07-21T00:00:00Z,1871.0999755859375,1871.0999755859375,1871.0999755859375,1871.0999755859375,0
2022-07-22T00:00:00Z,2013.199951171875,2013.199951171875,2013.199951171875,2013.199951171875,0
2022-07-25T00:00:00Z,1997.699951171875,1997.699951171875,1997.699951171875,1997.699951171875,0
2022-07-26T00:00:00Z,2005.800048828125,2005.800048828125,2005.800048828125,2005.800048828125,0
2022-07-27T00:00:00Z,1999.0,1999.0,1999.0,1999.0,2
2022-07-28T00:00:00Z,2079.39990234375,2079.39990234375,2079.39990234375,2079.39990234375,2
2022-07-29T00:00:00Z,2128.89990234375,2128.89990234375,2128.89990234375,2128.89990234375,2
2022-08-01T00:00:00Z,2198.60009765625,2198.60009765625,2198.60009765625,2198.60009765625,2
2022-08-02T00:00:00Z,2086.699951171875,2086.699951171875,2086.699951171875,2086.699951171875,2
2022-08-03T00:00:00Z,2004.4000244140625,2004.4000244140625,2004.4000244140625,2004.4000244140625,2
2022-08-04T00:00:00Z,2075.300048828125,2075.300048828125,2075.300048828125,2075.300048828125,2
2022-08-05T00:00:00Z,2126.300048828125,2126.300048828125,2126.300048828125,2126.300048828125,2
2022-08-08T00:00:00Z,2239.300048828125,2239.300048828125,2239.300048828125,2239.300048828125,2
2022-08-09T00:00:00Z,2216.60009765625,2216.60009765625,2216.60009765625,2216.60009765625,2
2022-08-10T00:00:00Z,2243.699951171875,2243.699951171875,2243.699951171875,2243.699951171875,2
2022-08-11T00:00:00Z,2285.800048828125,2285.800048828125,2285.800048828125,2285.800048828125,2
2022-08-12T00:00:00Z,2216.800048828125,2216.800048828125,2216.800048828125,2216.800048828125,2
2022-08-15T00:00:00Z,2155.89990234375,2155.89990234375,2155.89990234375,2155.89990234375,2
2022-08-16T00:00:00Z,2146.60009765625,2146.60009765625,2146.60009765625,2146.60009765625,2
2022-08-17T00:00:00Z,2134.300048828125,2134.300048828125,2134.300048828125,2134.300048828125,2
2022-08-18T00:00:00Z,2147.0,2147.0,2147.0,2147.0,2
2022-08-19T00:00:00Z,2129.0,2129.0,2129.0,2129.0,2
2022-08-22T00:00:00Z,1980.300048828125,1980.300048828125,1980.300048828125,1980.300048828125,2
2022-08-23T00:00:00Z,1971.4000244140625,1971.4000244140625,1971.4000244140625,1971.4000244140625,2
2022-08-24T00:00:00Z,2024.0999755859375,2024.0999755859375,2024.0999755859375,2024.0999755859375,2
2022-08-25T00:00:00Z,2138.300048828125,2138.300048828125,2138.300048828125,2138.300048828125,2
2022-08-26T00:00:00Z,2120.39990234375,2120.39990234375,2120.39990234375,2120.39990234375,2
2022-08-29T00:00:00Z,2123.300048828125,2123.300048828125,2123.300048828125,2123.300048828125,896
2022-08-30T00:00:00Z,2149.0,2160.0,2052.0,2079.60009765625,340
2022-08-31T00:00:00Z,2050.0,2068.0,2050.0,2066.60009765625,26
2022-09-01T00:00:00Z,2074.0,2074.0,1982.800048828125,1982.800048828125,15
2022-09-02T00:00:00Z,2004.0,2012.300048828125,2004.0,2012.300048828125,4
2022-09-06T00:00:00Z,2030.0,2030.0,1956.4000244140625,1956.4000244140625,13
2022-09-07T00:00:00Z,2007.9000244140625,2019.5,2007.9000244140625,2007.9000244140625,2
2022-09-08T00:00:00Z,2011.5,2143.5,2011.5,2132.0,7
2022-09-09T00:00:00Z,2162.699951171875,2162.699951171875,2162.699951171875,2162.699951171875,0
2022-09-12T00:00:00Z,2247.0,2259.199951171875,2227.0,2259.199951171875,10
2022-09-13T00:00:00Z,2095.699951171875,2095.699951171875,2095.699951171875,2095.699951171875,7
2022-09-14T00:00:00Z,2158.300048828125,2158.300048828125,2158.300048828125,2158.300048828125,0
2022-09-15T00:00:00Z,2134.0,2134.0,2131.300048828125,2131.300048828125,2
2022-09-16T00:00:00Z,2098.10009765625,2098.10009765625,2098.10009765625,2098.10009765625,0
2022-09-19T00:00:00Z,2201.0,2211.5,2201.0,2203.89990234375,8
2022-09-20T00:00:00Z,2188.0,2188.0,2156.10009765625,2156.10009765625,2
2022-09-21T00:00:00Z,2109.0,2109.10009765625,2109.0,2109.0,0
2022-09-22T00:00:00Z,2160.5,2160.699951171875,2160.5,2160.5,0
2022-09-23T00:00:00Z,2056.5,2056.5,2056.39990234375,2056.5,2
2022-09-26T00:00:00Z,2035.5,2035.5,2035.5,2035.5,1
2022-09-27T00:00:00Z,2076.89990234375,2076.89990234375,2076.89990234375,2076.89990234375,1
2022-09-28T00:00:00Z,2150.60009765625,2150.60009765625,2150.60009765625,2150.60009765625,1
2022-09-29T00:00:00Z,2202.10009765625,2202.10009765625,2202.10009765625,2202.10009765625,1
2022-09-30T00:00:00Z,2173.199951171875,2173.199951171875,2173.199951171875,2173.199951171875,1
2022-10-03T00:00:00Z,2223.199951171875,2223.199951171875,2223.199951171875,2223.199951171875,1
2022-10-04T00:00:00Z,2321.199951171875,2321.199951171875,2321.199951171875,2321.199951171875,1
2022-10-05T00:00:00Z,2246.89990234375,2246.89990234375,2246.89990234375,2246.89990234375,1
2022-10-06T00:00:00Z,2266.5,2266.5,2266.5,2266.5,1
2022-10-07T00:00:00Z,2182.300048828125,2182.300048828125,2182.300048828125,2182.300048828125,1
2022-10-10T00:00:00Z,2158.10009765625,2158.10009765625,2158.10009765625,2158.10009765625,1
2022-10-11T00:00:00Z,2140.60009765625,2140.60009765625,2140.60009765625,2140.60009765625,1
2022-10-12T00:00:00Z,2126.60009765625,2126.60009765625,2126.60009765625,2126.60009765625,1
2022-10-13T00:00:00Z,2107.39990234375,2107.39990234375,2107.39990234375,2107.39990234375,1
2022-10-14T00:00:00Z,1987.5,1987.5,1987.5,1987.5,1
2022-10-17T00:00:00Z,1990.0999755859375,1990.0999755859375,1990.0999755859375,1990.0999755859375,1
2022-10-18T00:00:00Z,2004.0999755859375,2004.0999755859375,2004.0999755859375,2004.0999755859375,1
2022-10-19T00:00:00Z,1985.699951171875,1985.699951171875,1985.699951171875,1985.699951171875,1
2022-10-20T00:00:00Z,2069.800048828125,2069.800048828125,2069.800048828125,2069.800048828125,1
2022-10-21T00:00:00Z,1995.699951171875,1995.699951171875,1995.699951171875,1995.699951171875,1
2022-10-24T00:00:00Z,1958.0,1958.0,1958.0,1958.0,1
2022-10-25T00:00:00Z,1909.0,1909.0,1909.0,1909.0,1
2022-10-26T00:00:00Z,1950.699951171875,1950.699951171875,1950.699951171875,1950.699951171875,1
2022-10-27T00:00:00Z,1928.4000244140625,1928.4000244140625,1928.4000244140625,1928.4000244140625,0
2022-10-28T00:00:00Z,1894.5999755859375,1894.5999755859375,1894.5999755859375,1894.5999755859375,0
2022-10-31T00:00:00Z,1829.0999755859375,1829.0999755859375,1829.0999755859375,1829.0999755859375,0
2022-11-01T00:00:00Z,1874.4000244140625,1874.4000244140625,1874.4000244140625,1874.4000244140625,0
2022-11-02T00:00:00Z,1847.5,1847.5,1847.5,1847.5,0
2022-11-03T00:00:00Z,1795.5,1795.5,1795.5,1795.5,0
2022-11-04T00:00:00Z,1836.9000244140625,1836.9000244140625,1836.9000244140625,1836.9000244140625,0
2022-11-07T00:00:00Z,1894.9000244140625,1894.9000244140625,1894.9000244140625,1894.9000244140625,0
2022-11-08T00:00:00Z,1930.0,1930.0,1930.0,1930.0,0
2022-11-09T00:00:00Z,1856.5999755859375,1856.5999755859375,1856.5999755859375,1856.5999755859375,0
2022-11-10T00:00:00Z,1951.5999755859375,1951.5999755859375,1951.5999755859375,1951.5999755859375,0
2022-11-11T00:00:00Z,2023.9000244140625,2023.9000244140625,2023.9000244140625,2023.9000244140625,0
2022-11-14T00:00:00Z,2036.9000244140625,2036.9000244140625,2036.9000244140625,2036.9000244140625,0
2022-11-15T00:00:00Z,2075.699951171875,2075.699951171875,2075.699951171875,2075.699951171875,0
2022-11-16T00:00:00Z,2078.699951171875,2078.699951171875,2078.699951171875,2078.699951171875,0
2022-11-17T00:00:00Z,2007.4000244140625,2007.4000244140625,2007.4000244140625,2007.4000244140625,0
2022-11-18T00:00:00Z,1936.300048828125,1936.300048828125,1936.300048828125,1936.300048828125,0
2022-11-21T00:00:00Z,1850.4000244140625,1850.4000244140625,1850.4000244140625,1850.4000244140625,0
2022-11-22T00:00:00Z,1854.9000244140625,1854.9000244140625,1854.9000244140625,1854.9000244140625,0
2022-11-23T00:00:00Z,1873.300048828125,1873.300048828125,1873.300048828125,1873.300048828125,0
2022-11-25T00:00:00Z,1818.9000244140625,1818.9000244140625,1818.9000244140625,1818.9000244140625,0
2022-11-28T00:00:00Z,1834.5,1834.5,1834.5,1834.5,1405
2022-11-29T00:00:00Z,1848.0,1875.0,1812.0,1816.5,212
2022-11-30T00:00:00Z,1866.0,1911.0,1832.0,1845.0,63
2022-12-01T00:00:00Z,1873.0,1924.5999755859375,1873.0,1924.5999755859375,2
2022-12-02T00:00:00Z,1862.5,1879.4000244140625,1857.0,1879.4000244140625,9
2022-12-05T00:00:00Z,1839.5999755859375,1839.5999755859375,1839.5999755859375,1839.5999755859375,0
2022-12-06T00:00:00Z,1829.0999755859375,1829.0999755859375,1829.0999755859375,1829.0999755859375,0
2022-12-07T00:00:00Z,1831.9000244140625,1831.9000244140625,1831.9000244140625,1831.9000244140625,1
2022-12-08T00:00:00Z,1908.4000244140625,1908.4000244140625,1908.4000244140625,1908.4000244140625,0
2022-12-09T00:00:00Z,1946.4000244140625,1946.4000244140625,1946.4000244140625,1946.4000244140625,0
2022-12-12T00:00:00Z,1861.699951171875,1861.699951171875,1861.699951171875,1861.699951171875,0
2022-12-13T00:00:00Z,1914.300048828125,1914.300048828125,1914.300048828125,1914.300048828125,0
2022-12-14T00:00:00Z,1899.699951171875,1899.699951171875,1899.699951171875,1899.699951171875,0
2022-12-15T00:00:00Z,1791.199951171875,1791.199951171875,1752.5,1791.199951171875,14
2022-12-16T00:00:00Z,1795.0,1795.0,1684.199951171875,1684.199951171875,17
2022-12-19T00:00:00Z,1701.5,1701.5,1642.5,1642.5,5
2022-12-20T00:00:00Z,1711.0999755859375,1711.0999755859375,1711.0999755859375,1711.0999755859375,0
2022-12-21T00:00:00Z,1644.4000244140625,1644.4000244140625,1644.4000244140625,1644.4000244140625,0
2022-12-22T00:00:00Z,1650.0,1650.0,1650.0,1650.0,0
2022-12-23T00:00:00Z,1710.199951171875,1710.199951171875,1710.199951171875,1710.199951171875,0
2022-12-27T00:00:00Z,1804.5,1804.5,1804.5,1804.5,0
2022-12-28T00:00:00Z,1763.199951171875,1763.199951171875,1763.199951171875,1763.199951171875,0
2022-12-29T00:00:00Z,1807.9000244140625,1807.9000244140625,1807.9000244140625,1807.9000244140625,0
2022-12-30T00:00:00Z,1789.300048828125,1789.300048828125,1789.300048828125,1789.300048828125,0
2023-01-03T00:00:00Z,1684.199951171875,1684.199951171875,1684.199951171875,1684.199951171875,0
2023-01-04T00:00:00Z,1788.0,1788.0,1788.0,1788.0,0
2023-01-05T00:00:00Z,1724.0,1724.0,1724.0,1724.0,0
2023-01-06T00:00:00Z,1798.0,1798.0,1798.0,1798.0,2
2023-01-09T00:00:00Z,1766.699951171875,1768.0,1748.5,1766.699951171875,2
2023-01-10T00:00:00Z,1768.300048828125,1768.300048828125,1768.300048828125,1768.300048828125,2
2023-01-11T00:00:00Z,1771.300048828125,1771.300048828125,1771.300048828125,1771.300048828125,2
2023-01-12T00:00:00Z,1781.0999755859375,1781.0999755859375,1781.0999755859375,1781.0999755859375,2
2023-01-13T00:00:00Z,1777.5,1777.5,1777.5,1777.5,2
2023-01-17T00:00:00Z,1724.199951171875,1724.199951171875,1724.199951171875,1724.199951171875,2
2023-01-18T00:00:00Z,1696.199951171875,1696.199951171875,1696.199951171875,1696.199951171875,2
2023-01-19T00:00:00Z,1759.0,1759.0,1759.0,1759.0,2
2023-01-20T00:00:00Z,1713.699951171875,1713.699951171875,1713.699951171875,1713.699951171875,2
2023-01-23T00:00:00Z,1692.9000244140625,1692.9000244140625,1692.9000244140625,1692.9000244140625,2
2023-01-24T00:00:00Z,1727.0,1727.0,1727.0,1727.0,2
2023-01-25T00:00:00Z,1679.4000244140625,1679.4000244140625,1679.4000244140625,1679.4000244140625,2
2023-01-26T00:00:00Z,1655.300048828125,1655.300048828125,1655.300048828125,1655.300048828125,2
2023-01-27T00:00:00Z,1591.199951171875,1591.199951171875,1591.199951171875,1591.199951171875,2
2023-01-30T00:00:00Z,1622.0,1622.0,1622.0,1622.0,2
2023-01-31T00:00:00Z,1644.5,1644.5,1644.5,1644.5,2
2023-02-01T00:00:00Z,1628.800048828125,1628.800048828125,1628.800048828125,1628.800048828125,2
2023-02-02T00:00:00Z,1638.800048828125,1638.800048828125,1638.800048828125,1638.800048828125,2
2023-02-03T00:00:00Z,1614.5999755859375,1614.5999755859375,1614.5999755859375,1614.5999755859375,2
2023-02-06T00:00:00Z,1575.5999755859375,1575.5999755859375,1575.5999755859375,1575.5999755859375,2
2023-02-07T00:00:00Z,1638.5999755859375,1638.5999755859375,1638.5999755859375,1638.5999755859375,2
2023-02-08T00:00:00Z,1632.9000244140625,1632.9000244140625,1632.9000244140625,1632.9000244140625,2
2023-02-09T00:00:00Z,1613.699951171875,1613.699951171875,1613.699951171875,1613.699951171875,2
2023-02-10T00:00:00Z,1521.9000244140625,1521.9000244140625,1521.9000244140625,1521.9000244140625,2
2023-02-13T00:00:00Z,1533.5,1533.5,1533.5,1533.5,2
2023-02-14T00:00:00Z,1463.199951171875,1463.199951171875,1463.199951171875,1463.199951171875,2
2023-02-15T00:00:00Z,1449.0,1451.0,1441.5,1441.5,4
2023-02-16T00:00:00Z,1522.699951171875,1522.699951171875,1522.699951171875,1522.699951171875,4
2023-02-17T00:00:00Z,1489.5,1489.5,1489.5,1489.5,4
2023-02-21T00:00:00Z,1517.699951171875,1517.699951171875,1517.699951171875,1517.699951171875,4
2023-02-22T00:00:00Z,1479.199951171875,1479.199951171875,1479.199951171875,1479.199951171875,4
2023-02-23T00:00:00Z,1425.5999755859375,1425.5999755859375,1425.5999755859375,1425.5999755859375,4
2023-02-24T00:00:00Z,1374.300048828125,1374.300048828125,1374.300048828125,1374.300048828125,3356
2023-02-27T00:00:00Z,1387.0,1455.0,1381.0,1410.5,457
2023-02-28T00:00:00Z,1409.0,1411.0,1370.5,1404.4000244140625,59
2023-03-01T00:00:00Z,1421.699951171875,1421.699951171875,1421.699951171875,1421.699951171875,4
2023-03-02T00:00:00Z,1428.9000244140625,1428.9000244140625,1428.9000244140625,1428.9000244140625,0
2023-03-03T00:00:00Z,1431.199951171875,1431.199951171875,1431.199951171875,1431.199951171875,2
2023-03-06T00:00:00Z,1407.4000244140625,1407.4000244140625,1407.4000244140625,1407.4000244140625,0
2023-03-07T00:00:00Z,1353.699951171875,1353.699951171875,1353.699951171875,1353.699951171875,0
2023-03-08T00:00:00Z,1353.5,1360.0,1339.0,1346.4000244140625,6
2023-03-09T00:00:00Z,1342.5,1359.4000244140625,1342.5,1359.4000244140625,2
2023-03-10T00:00:00Z,1348.0999755859375,1348.0999755859375,1348.0999755859375,1348.0999755859375,0
2023-03-13T00:00:00Z,1372.5,1461.699951171875,1367.0,1461.699951171875,3
2023-03-14T00:00:00Z,1469.5,1503.5,1469.5,1503.5,3
2023-03-15T00:00:00Z,1430.5999755859375,1430.5999755859375,1430.5999755859375,1430.5999755859375,0
2023-03-16T00:00:00Z,1443.0,1443.0,1395.800048828125,1395.800048828125,1
2023-03-17T00:00:00Z,1433.0,1435.0,1372.199951171875,1372.199951171875,10
2023-03-20T00:00:00Z,1390.5,1390.5,1386.5,1386.5,5
2023-03-21T00:00:00Z,1369.300048828125,1369.300048828125,1369.300048828125,1369.300048828125,1
2023-03-22T00:00:00Z,1360.0,1433.300048828125,1360.0,1433.300048828125,4
2023-03-23T00:00:00Z,1421.4000244140625,1421.4000244140625,1421.4000244140625,1421.4000244140625,0
2023-03-24T00:00:00Z,1403.300048828125,1403.300048828125,1403.300048828125,1403.300048828125,0
2023-03-27T00:00:00Z,1392.9000244140625,1392.9000244140625,1392.9000244140625,1392.9000244140625,0
2023-03-28T00:00:00Z,1403.5,1403.5,1403.5,1403.5,2
2023-03-29T00:00:00Z,1399.0,1425.9000244140625,1399.0,1425.9000244140625,0
2023-03-30T00:00:00Z,1464.5999755859375,1464.5999755859375,1464.5999755859375,1464.5999755859375,0
2023-03-31T00:00:00Z,1466.0,1466.0,1466.0,1466.0,0
2023-04-03T00:00:00Z,1456.0,1456.0,1456.0,1456.0,0
2023-04-04T00:00:00Z,1452.4000244140625,1452.4000244140625,1452.4000244140625,1452.4000244140625,0
2023-04-05T00:00:00Z,1422.0,1422.0,1422.0,1422.0,0
2023-04-06T00:00:00Z,1459.0999755859375,1459.0999755859375,1459.0999755859375,1459.0999755859375,0
2023-04-10T00:00:00Z,1404.300048828125,1404.300048828125,1404.300048828125,1404.300048828125,0
2023-04-11T00:00:00Z,1440.300048828125,1440.300048828125,1440.300048828125,1440.300048828125,0
2023-04-12T00:00:00Z,1452.5999755859375,1452.5999755859375,1452.5999755859375,1452.5999755859375,0
2023-04-13T00:00:00Z,1492.300048828125,1492.300048828125,1492.300048828125,1492.300048828125,0
2023-04-14T00:00:00Z,1493.0,1493.0,1493.0,1493.0,0
2023-04-17T00:00:00Z,1557.199951171875,1557.199951171875,1557.199951171875,1557.199951171875,0
2023-04-18T00:00:00Z,1639.5999755859375,1639.5999755859375,1639.5999755859375,1639.5999755859375,0
2023-04-19T00:00:00Z,1615.5,1615.5,1615.5,1615.5,0
2023-04-20T00:00:00Z,1585.4000244140625,1585.4000244140625,1585.4000244140625,1585.4000244140625,0
2023-04-21T00:00:00Z,1604.0999755859375,1604.0999755859375,1604.0999755859375,1604.0999755859375,0
2023-04-24T00:00:00Z,1531.0999755859375,1531.0999755859375,1531.0999755859375,1531.0999755859375,0
2023-04-25T00:00:00Z,1477.5999755859375,1477.5999755859375,1477.5999755859375,1477.5999755859375,0
2023-04-26T00:00:00Z,1505.0999755859375,1505.0999755859375,1505.0999755859375,1505.0999755859375,1
2023-04-27T00:00:00Z,1500.4000244140625,1500.4000244140625,1500.4000244140625,1500.4000244140625,1
2023-04-28T00:00:00Z,1517.9000244140625,1517.9000244140625,1517.9000244140625,1517.9000244140625,1
2023-05-01T00:00:00Z,1454.800048828125,1454.800048828125,1454.800048828125,1454.800048828125,1
2023-05-02T00:00:00Z,1429.0,1429.0,1429.0,1429.0,1
2023-05-03T00:00:00Z,1424.800048828125,1424.800048828125,1424.800048828125,1424.800048828125,1
2023-05-04T00:00:00Z,1449.5999755859375,1449.5999755859375,1449.5999755859375,1449.5999755859375,1
2023-05-05T00:00:00Z,1494.800048828125,1494.800048828125,1494.800048828125,1494.800048828125,1
2023-05-08T00:00:00Z,1571.4000244140625,1571.4000244140625,1571.4000244140625,1571.4000244140625,1
2023-05-09T00:00:00Z,1587.699951171875,1587.699951171875,1587.699951171875,1587.699951171875,1
2023-05-10T00:00:00Z,1613.0999755859375,1613.0999755859375,1613.0999755859375,1613.0999755859375,1
2023-05-11T00:00:00Z,1562.0,1562.0,1562.0,1562.0,1
2023-05-12T00:00:00Z,1521.800048828125,1521.800048828125,1521.800048828125,1521.800048828125,1
2023-05-15T00:00:00Z,1538.300048828125,1538.300048828125,1538.300048828125,1538.300048828125,1
2023-05-16T00:00:00Z,1507.5999755859375,1507.5999755859375,1507.5999755859375,1507.5999755859375,1
2023-05-17T00:00:00Z,1492.9000244140625,1492.9000244140625,1492.9000244140625,1492.9000244140625,1
2023-05-18T00:00:00Z,1458.199951171875,1458.199951171875,1458.199951171875,1458.199951171875,1
2023-05-19T00:00:00Z,1531.800048828125,1531.800048828125,1531.800048828125,1531.800048828125,1
2023-05-22T00:00:00Z,1500.199951171875,1500.199951171875,1500.199951171875,1500.199951171875,1
2023-05-23T00:00:00Z,1454.699951171875,1454.699951171875,1454.699951171875,1454.699951171875,1
2023-05-24T00:00:00Z,1406.0999755859375,1406.0999755859375,1406.0999755859375,1406.0999755859375,1
2023-05-25T00:00:00Z,1424.0,1424.0,1404.0,1423.5999755859375,2
2023-05-26T00:00:00Z,1431.5,1431.5,1431.5,1431.5,3330
2023-05-30T00:00:00Z,1423.0,1430.0,1371.5,1378.5999755859375,747
2023-05-31T00:00:00Z,1394.0,1394.0,1340.0,1340.9000244140625,16
2023-06-01T00:00:00Z,1356.0,1384.0,1346.5,1375.9000244140625,23
2023-06-02T00:00:00Z,1386.800048828125,1386.800048828125,1386.800048828125,1386.800048828125,0
2023-06-05T00:00:00Z,1391.0,1396.5,1389.0,1395.5,6
2023-06-06T00:00:00Z,1403.5,1403.5,1396.5999755859375,1396.5999755859375,3
2023-06-07T00:00:00Z,1394.0,1400.0,1372.699951171875,1372.699951171875,35
2023-06-08T00:00:00Z,1379.0,1379.0,1343.0999755859375,1343.0999755859375,7
2023-06-09T00:00:00Z,1338.0,1338.0,1289.5,1289.5999755859375,7
2023-06-12T00:00:00Z,1325.9000244140625,1325.9000244140625,1325.9000244140625,1325.9000244140625,0
2023-06-13T00:00:00Z,1344.0999755859375,1344.0999755859375,1344.0999755859375,1344.0999755859375,0
2023-06-14T00:00:00Z,1387.9000244140625,1387.9000244140625,1387.9000244140625,1387.9000244140625,0
2023-06-15T00:00:00Z,1383.0,1383.0,1383.0,1383.0,0
2023-06-16T00:00:00Z,1401.800048828125,1401.800048828125,1401.800048828125,1401.800048828125,0
2023-06-20T00:00:00Z,1366.5,1366.5,1361.5,1363.199951171875,3
2023-06-21T00:00:00Z,1335.5,1337.0,1333.0,1335.5,14
2023-06-22T00:00:00Z,1261.699951171875,1261.699951171875,1261.699951171875,1261.699951171875,0
2023-06-23T00:00:00Z,1268.0999755859375,1268.0999755859375,1268.0999755859375,1268.0999755859375,0
2023-06-26T00:00:00Z,1300.0,1308.0,1291.800048828125,1291.800048828125,2
2023-06-27T00:00:00Z,1283.199951171875,1283.199951171875,1283.199951171875,1283.199951171875,1
2023-06-28T00:00:00Z,1236.0,1236.0,1236.0,1236.0,5
2023-06-29T00:00:00Z,1218.800048828125,1218.800048828125,1218.800048828125,1218.800048828125,5
2023-06-30T00:00:00Z,1213.4000244140625,1213.4000244140625,1213.4000244140625,1213.4000244140625,5
2023-07-03T00:00:00Z,1218.4000244140625,1218.4000244140625,1218.4000244140625,1218.4000244140625,5
2023-07-05T00:00:00Z,1249.300048828125,1249.300048828125,1249.300048828125,1249.300048828125,5
2023-07-06T00:00:00Z,1230.800048828125,1230.800048828125,1230.800048828125,1230.800048828125,5
2023-07-07T00:00:00Z,1236.5,1236.5,1236.5,1236.5,5
2023-07-10T00:00:00Z,1228.0999755859375,1228.0999755859375,1228.0999755859375,1228.0999755859375,5
2023-07-11T00:00:00Z,1239.300048828125,1239.300048828125,1239.300048828125,1239.300048828125,5
2023-07-12T00:00:00Z,1271.199951171875,1271.199951171875,1271.199951171875,1271.199951171875,5
2023-07-13T00:00:00Z,1283.199951171875,1283.199951171875,1283.199951171875,1283.199951171875,5
2023-07-14T00:00:00Z,1257.800048828125,1257.800048828125,1257.800048828125,1257.800048828125,5
2023-07-17T00:00:00Z,1276.199951171875,1276.199951171875,1276.199951171875,1276.199951171875,5
2023-07-18T00:00:00Z,1311.5999755859375,1311.5999755859375,1311.5999755859375,1311.5999755859375,5
2023-07-19T00:00:00Z,1302.5,1302.5,1302.5,1302.5,5
2023-07-20T00:00:00Z,1270.4000244140625,1270.4000244140625,1270.4000244140625,1270.4000244140625,5
2023-07-21T00:00:00Z,1281.5999755859375,1281.5999755859375,1281.5999755859375,1281.5999755859375,5
2023-07-24T00:00:00Z,1263.9000244140625,1263.9000244140625,1263.9000244140625,1263.9000244140625,5
2023-07-25T00:00:00Z,1276.300048828125,1276.300048828125,1276.300048828125,1276.300048828125,5
2023-07-26T00:00:00Z,1251.0,1251.0,1251.0,1251.0,5
2023-07-27T00:00:00Z,1231.699951171875,1231.699951171875,1231.699951171875,1231.699951171875,1
2023-07-28T00:00:00Z,1228.699951171875,1228.699951171875,1228.699951171875,1228.699951171875,1
2023-07-31T00:00:00Z,1264.699951171875,1264.699951171875,1264.699951171875,1264.699951171875,1
2023-08-01T00:00:00Z,1226.199951171875,1226.199951171875,1226.199951171875,1226.199951171875,1
2023-08-02T00:00:00Z,1230.9000244140625,1230.9000244140625,1230.9000244140625,1230.9000244140625,1
2023-08-03T00:00:00Z,1246.5,1246.5,1246.5,1246.5,1
2023-08-04T00:00:00Z,1253.699951171875,1253.699951171875,1253.699951171875,1253.699951171875,1
2023-08-07T00:00:00Z,1225.300048828125,1225.300048828125,1225.300048828125,1225.300048828125,1
2023-08-08T00:00:00Z,1207.199951171875,1207.199951171875,1207.199951171875,1207.199951171875,1
2023-08-09T00:00:00Z,1220.5999755859375,1220.5999755859375,1220.5999755859375,1220.5999755859375,1
2023-08-10T00:00:00Z,1294.5999755859375,1294.5999755859375,1294.5999755859375,1294.5999755859375,1
2023-08-11T00:00:00Z,1298.199951171875,1298.199951171875,1298.199951171875,1298.199951171875,1
2023-08-14T00:00:00Z,1262.0,1262.0,1262.0,1262.0,1
2023-08-15T00:00:00Z,1227.699951171875,1227.699951171875,1227.699951171875,1227.699951171875,1
2023-08-16T00:00:00Z,1201.5,1201.5,1201.5,1201.5,1
2023-08-17T00:00:00Z,1209.5999755859375,1209.5999755859375,1209.5999755859375,1209.5999755859375,1
2023-08-18T00:00:00Z,1249.0999755859375,1249.0999755859375,1249.0999755859375,1249.0999755859375,1
2023-08-21T00:00:00Z,1228.199951171875,1228.199951171875,1228.199951171875,1228.199951171875,1
2023-08-22T00:00:00Z,1253.9000244140625,1253.9000244140625,1253.9000244140625,1253.9000244140625,1
2023-08-23T00:00:00Z,1270.5,1270.5,1270.5,1270.5,1
2023-08-24T00:00:00Z,1233.699951171875,1233.699951171875,1233.699951171875,1233.699951171875,1
2023-08-25T00:00:00Z,1218.199951171875,1218.199951171875,1218.199951171875,1218.199951171875,1
2023-08-28T00:00:00Z,1245.4000244140625,1245.4000244140625,1245.4000244140625,1245.4000244140625,1
2023-08-29T00:00:00Z,1232.800048828125,1232.800048828125,1232.800048828125,1232.800048828125,2836
2023-08-30T00:00:00Z,1236.5,1241.0,1203.0,1216.9000244140625,439
2023-08-31T00:00:00Z,1228.0,1228.0,1207.800048828125,1207.800048828125,19
2023-09-01T00:00:00Z,1217.199951171875,1217.199951171875,1217.199951171875,1217.199951171875,0
2023-09-05T00:00:00Z,1204.0,1204.0,1204.0,1204.0,0
2023-09-06T00:00:00Z,1200.4000244140625,1200.4000244140625,1200.4000244140625,1200.4000244140625,0
2023-09-07T00:00:00Z,1198.5,1205.9000244140625,1198.5,1205.9000244140625,5
2023-09-08T00:00:00Z,1207.0,1209.0,1183.199951171875,1183.199951171875,2
2023-09-11T00:00:00Z,1203.5,1210.0999755859375,1197.0,1210.0999755859375,2
2023-09-12T00:00:00Z,1236.199951171875,1236.199951171875,1236.199951171875,1236.199951171875,0
2023-09-13T00:00:00Z,1252.199951171875,1252.199951171875,1252.199951171875,1252.199951171875,2
2023-09-14T00:00:00Z,1246.9000244140625,1246.9000244140625,1246.9000244140625,1246.9000244140625,0
2023-09-15T00:00:00Z,1243.800048828125,1243.800048828125,1243.800048828125,1243.800048828125,0
2023-09-18T00:00:00Z,1221.0,1236.699951171875,1221.0,1236.699951171875,5
2023-09-19T00:00:00Z,1235.5,1257.0999755859375,1235.5,1257.0999755859375,8
2023-09-20T00:00:00Z,1271.5999755859375,1271.5999755859375,1271.5999755859375,1271.5999755859375,0
2023-09-21T00:00:00Z,1260.0,1260.0,1260.0,1260.0,0
2023-09-22T00:00:00Z,1242.0,1245.199951171875,1242.0,1245.199951171875,2
2023-09-25T00:00:00Z,1223.300048828125,1223.300048828125,1223.300048828125,1223.300048828125,1
2023-09-26T00:00:00Z,1217.0,1217.0,1217.0,1217.0,1
2023-09-27T00:00:00Z,1215.0,1215.0,1215.0,1215.0,0
2023-09-28T00:00:00Z,1277.9000244140625,1277.9000244140625,1277.9000244140625,1277.9000244140625,0
2023-09-29T00:00:00Z,1255.199951171875,1255.199951171875,1255.199951171875,1255.199951171875,0
2023-10-02T00:00:00Z,1205.0999755859375,1205.0999755859375,1205.0999755859375,1205.0999755859375,0
2023-10-03T00:00:00Z,1193.4000244140625,1193.4000244140625,1193.4000244140625,1193.4000244140625,0
2023-10-04T00:00:00Z,1172.699951171875,1172.699951171875,1172.699951171875,1172.699951171875,0
2023-10-05T00:00:00Z,1145.800048828125,1145.800048828125,1145.800048828125,1145.800048828125,0
2023-10-06T00:00:00Z,1164.199951171875,1164.199951171875,1164.199951171875,1164.199951171875,0
2023-10-09T00:00:00Z,1135.4000244140625,1135.4000244140625,1135.4000244140625,1135.4000244140625,0
2023-10-10T00:00:00Z,1162.4000244140625,1162.4000244140625,1162.4000244140625,1162.4000244140625,0
2023-10-11T00:00:00Z,1173.9000244140625,1173.9000244140625,1173.9000244140625,1173.9000244140625,0
2023-10-12T00:00:00Z,1139.300048828125,1139.300048828125,1139.300048828125,1139.300048828125,0
2023-10-13T00:00:00Z,1148.699951171875,1148.699951171875,1148.699951171875,1148.699951171875,0
2023-10-16T00:00:00Z,1138.800048828125,1138.800048828125,1138.800048828125,1138.800048828125,0
2023-10-17T00:00:00Z,1149.9000244140625,1149.9000244140625,1149.9000244140625,1149.9000244140625,0
2023-10-18T00:00:00Z,1126.5,1126.5,1126.5,1126.5,0
2023-10-19T00:00:00Z,1121.699951171875,1121.699951171875,1121.699951171875,1121.699951171875,0
2023-10-20T00:00:00Z,1104.0,1104.0,1104.0,1104.0,0
2023-10-23T00:00:00Z,1132.0,1132.0,1132.0,1132.0,0
2023-10-24T00:00:00Z,1130.699951171875,1130.699951171875,1130.699951171875,1130.699951171875,4
2023-10-25T00:00:00Z,1127.0,1127.0,1127.0,1127.0,0
2023-10-26T00:00:00Z,1146.0,1146.0,1146.0,1146.0,0
2023-10-27T00:00:00Z,1124.199951171875,1124.199951171875,1124.199951171875,1124.199951171875,0
2023-10-30T00:00:00Z,1134.4000244140625,1134.4000244140625,1134.4000244140625,1134.4000244140625,0
2023-10-31T00:00:00Z,1122.199951171875,1122.199951171875,1122.199951171875,1122.199951171875,0
2023-11-01T00:00:00Z,1110.300048828125,1110.300048828125,1110.300048828125,1110.300048828125,0
2023-11-02T00:00:00Z,1106.699951171875,1106.699951171875,1106.699951171875,1106.699951171875,0
2023-11-03T00:00:00Z,1124.4000244140625,1124.4000244140625,1124.4000244140625,1124.4000244140625,0
2023-11-06T00:00:00Z,1110.4000244140625,1110.4000244140625,1110.4000244140625,1110.4000244140625,0
2023-11-07T00:00:00Z,1058.9000244140625,1058.9000244140625,1058.9000244140625,1058.9000244140625,0
2023-11-08T00:00:00Z,1056.5,1056.5,1056.5,1056.5,0
2023-11-09T00:00:00Z,1005.2000122070312,1005.2000122070312,1005.2000122070312,1005.2000122070312,0
2023-11-10T00:00:00Z,974.9000244140625,974.9000244140625,974.9000244140625,974.9000244140625,0
2023-11-13T00:00:00Z,978.4000244140625,978.4000244140625,978.4000244140625,978.4000244140625,0
2023-11-14T00:00:00Z,1022.7000122070312,1022.7000122070312,1022.7000122070312,1022.7000122070312,0
2023-11-15T00:00:00Z,1036.4000244140625,1036.4000244140625,1036.4000244140625,1036.4000244140625,0
2023-11-16T00:00:00Z,1047.199951171875,1047.199951171875,1047.199951171875,1047.199951171875,0
2023-11-17T00:00:00Z,1056.5,1056.5,1056.5,1056.5,0
2023-11-20T00:00:00Z,1089.9000244140625,1089.9000244140625,1089.9000244140625,1089.9000244140625,0
2023-11-21T00:00:00Z,1093.0999755859375,1093.0999755859375,1093.0999755859375,1093.0999755859375,0
2023-11-22T00:00:00Z,1054.199951171875,1054.199951171875,1054.199951171875,1054.199951171875,0
2023-11-24T00:00:00Z,1072.800048828125,1072.800048828125,1072.800048828125,1072.800048828125,0
2023-11-27T00:00:00Z,1060.5,1060.5,1060.5,1060.5,0
2023-11-28T00:00:00Z,1057.4000244140625,1057.4000244140625,1057.4000244140625,1057.4000244140625,2310
2023-11-29T00:00:00Z,1057.0,1065.5,1016.0,1026.5999755859375,414
2023-11-30T00:00:00Z,1021.5,1021.5,1006.0,1009.0999755859375,18
2023-12-01T00:00:00Z,1000.0,1000.0,1000.0,1000.0,7
2023-12-04T00:00:00Z,975.0,982.0,968.2999877929688,968.2999877929688,4
2023-12-05T00:00:00Z,959.0,962.0,930.2000122070312,930.2000122070312,5
2023-12-06T00:00:00Z,941.0999755859375,950.5,941.0999755859375,941.0999755859375,1
2023-12-07T00:00:00Z,970.5999755859375,970.5999755859375,970.5999755859375,970.5999755859375,0
2023-12-08T00:00:00Z,979.5,979.5,941.4000244140625,941.4000244140625,1
2023-12-11T00:00:00Z,955.0,955.0,955.0,955.0,2
2023-12-12T00:00:00Z,972.5,972.5,972.5,972.5,0
2023-12-13T00:00:00Z,959.5,959.5,959.5,959.5,0
2023-12-14T00:00:00Z,1111.699951171875,1111.699951171875,1111.699951171875,1111.699951171875,0
2023-12-15T00:00:00Z,1198.0999755859375,1198.0999755859375,1198.0999755859375,1198.0999755859375,6
2023-12-18T00:00:00Z,1195.0999755859375,1195.0999755859375,1195.0999755859375,1195.0999755859375,6
2023-12-19T00:00:00Z,1229.800048828125,1229.800048828125,1229.800048828125,1229.800048828125,6
2023-12-20T00:00:00Z,1215.4000244140625,1215.4000244140625,1215.4000244140625,1215.4000244140625,6
2023-12-21T00:00:00Z,1216.699951171875,1216.699951171875,1216.699951171875,1216.699951171875,2
2023-12-22T00:00:00Z,1212.199951171875,1212.199951171875,1212.199951171875,1212.199951171875,1
2023-12-26T00:00:00Z,1177.9000244140625,1177.9000244140625,1177.9000244140625,1177.9000244140625,1
2023-12-27T00:00:00Z,1144.800048828125,1144.800048828125,1144.800048828125,1144.800048828125,5
2023-12-28T00:00:00Z,1133.800048828125,1133.800048828125,1133.800048828125,1133.800048828125,0
2023-12-29T00:00:00Z,1104.0,1104.0,1104.0,1104.0,0
2024-01-02T00:00:00Z,1079.0999755859375,1079.0999755859375,1079.0999755859375,1079.0999755859375,0
2024-01-03T00:00:00Z,1071.5,1071.5,1065.9000244140625,1065.9000244140625,2
2024-01-04T00:00:00Z,1033.0,1033.0,1033.0,1033.0,2
2024-01-05T00:00:00Z,1032.300048828125,1032.300048828125,1032.300048828125,1032.300048828125,2
2024-01-08T00:00:00Z,993.9000244140625,993.9000244140625,993.9000244140625,993.9000244140625,2
2024-01-09T00:00:00Z,969.5,972.0,969.5,972.0,2
2024-01-10T00:00:00Z,987.0,990.4000244140625,984.5,990.4000244140625,4
2024-01-11T00:00:00Z,974.2999877929688,974.2999877929688,974.2999877929688,974.2999877929688,4
2024-01-12T00:00:00Z,972.4000244140625,972.4000244140625,972.4000244140625,972.4000244140625,4
2024-01-16T00:00:00Z,931.4000244140625,931.4000244140625,931.4000244140625,931.4000244140625,4
2024-01-17T00:00:00Z,913.2000122070312,913.2000122070312,913.2000122070312,913.2000122070312,4
2024-01-18T00:00:00Z,936.9000244140625,936.9000244140625,936.9000244140625,936.9000244140625,4
2024-01-19T00:00:00Z,941.7999877929688,941.7999877929688,941.7999877929688,941.7999877929688,4
2024-01-22T00:00:00Z,934.0,934.0,934.0,934.0,4
2024-01-23T00:00:00Z,939.0999755859375,939.0999755859375,939.0999755859375,939.0999755859375,4
2024-01-24T00:00:00Z,967.2999877929688,967.2999877929688,967.2999877929688,967.2999877929688,4
2024-01-25T00:00:00Z,936.4000244140625,936.4000244140625,936.4000244140625,936.4000244140625,4
2024-01-26T00:00:00Z,955.0999755859375,955.0999755859375,955.0999755859375,955.0999755859375,4
2024-01-29T00:00:00Z,974.2999877929688,974.2999877929688,974.2999877929688,974.2999877929688,8
2024-01-30T00:00:00Z,975.7999877929688,975.7999877929688,974.0,975.7999877929688,1
2024-01-31T00:00:00Z,992.9000244140625,992.9000244140625,992.9000244140625,992.9000244140625,0
2024-02-01T00:00:00Z,967.7000122070312,967.7000122070312,967.7000122070312,967.7000122070312,0
2024-02-02T00:00:00Z,945.7000122070312,945.7000122070312,945.7000122070312,945.7000122070312,0
2024-02-05T00:00:00Z,952.7999877929688,952.7999877929688,952.7999877929688,952.7999877929688,0
2024-02-06T00:00:00Z,948.0,948.0,948.0,948.0,0
2024-02-07T00:00:00Z,896.9000244140625,896.9000244140625,896.9000244140625,896.9000244140625,0
2024-02-08T00:00:00Z,865.0,888.5999755859375,865.0,888.5999755859375,22
2024-02-09T00:00:00Z,865.0,865.9000244140625,865.0,865.9000244140625,6
2024-02-12T00:00:00Z,898.0,898.0,893.5,893.5,1
2024-02-13T00:00:00Z,898.0,907.5,856.0,857.4000244140625,11
2024-02-14T00:00:00Z,930.7999877929688,930.7999877929688,930.7999877929688,930.7999877929688,11
2024-02-15T00:00:00Z,948.7000122070312,948.7000122070312,948.7000122070312,948.7000122070312,11
2024-02-16T00:00:00Z,948.7000122070312,948.7000122070312,948.7000122070312,948.7000122070312,11
2024-02-20T00:00:00Z,979.2999877929688,979.2999877929688,979.2999877929688,979.2999877929688,11
2024-02-21T00:00:00Z,946.0999755859375,946.0999755859375,946.0999755859375,946.0999755859375,11
2024-02-22T00:00:00Z,966.9000244140625,966.9000244140625,966.9000244140625,966.9000244140625,11
2024-02-23T00:00:00Z,985.2000122070312,985.2000122070312,985.2000122070312,985.2000122070312,11
2024-02-26T00:00:00Z,953.7000122070312,953.7000122070312,953.7000122070312,953.7000122070312,11
2024-02-27T00:00:00Z,939.0999755859375,939.0999755859375,939.0999755859375,939.0999755859375,2041
2024-02-28T00:00:00Z,934.5,938.0,904.5,918.0,496
2024-02-29T00:00:00Z,933.5,940.5,929.5,933.5,17
2024-03-01T00:00:00Z,941.0,952.7999877929688,941.0,952.7999877929688,5
2024-03-04T00:00:00Z,956.5,964.9000244140625,956.0,964.9000244140625,2
2024-03-05T00:00:00Z,938.5999755859375,938.5999755859375,938.5999755859375,938.5999755859375,0
2024-03-06T00:00:00Z,956.5,1037.9000244140625,956.5,1037.9000244140625,12
2024-03-07T00:00:00Z,1031.0,1031.0,1031.0,1031.0,15
2024-03-08T00:00:00Z,1016.0,1016.0,1016.0,1016.0,0
2024-03-11T00:00:00Z,1032.5999755859375,1032.5999755859375,1032.5999755859375,1032.5999755859375,0
2024-03-12T00:00:00Z,1041.0999755859375,1041.0999755859375,1041.0999755859375,1041.0999755859375,0
2024-03-13T00:00:00Z,1055.0,1080.5,1055.0,1062.800048828125,5
2024-03-14T00:00:00Z,1080.0,1080.0,1071.800048828125,1071.800048828125,1
2024-03-15T00:00:00Z,1083.5,1083.5,1083.5,1083.5,0
2024-03-18T00:00:00Z,1035.5999755859375,1035.5999755859375,1035.5999755859375,1035.5999755859375,0
2024-03-19T00:00:00Z,993.9000244140625,993.9000244140625,993.9000244140625,993.9000244140625,0
2024-03-20T00:00:00Z,994.7000122070312,994.7000122070312,994.7000122070312,994.7000122070312,1
2024-03-21T00:00:00Z,1013.4000244140625,1013.4000244140625,1013.4000244140625,1013.4000244140625,0
2024-03-22T00:00:00Z,992.7999877929688,992.7999877929688,992.7999877929688,992.7999877929688,0
2024-03-25T00:00:00Z,1007.7999877929688,1007.7999877929688,1007.7999877929688,1007.7999877929688,0
2024-03-26T00:00:00Z,992.7000122070312,992.7000122070312,992.7000122070312,992.7000122070312,10
2024-03-27T00:00:00Z,979.0,979.0,979.0,979.0,0
2024-03-28T00:00:00Z,1009.5,1009.5,1009.5,1009.5,0
2024-04-01T00:00:00Z,992.0,992.0,992.0,992.0,0
2024-04-02T00:00:00Z,992.2999877929688,992.2999877929688,992.2999877929688,992.2999877929688,0
2024-04-03T00:00:00Z,1009.7000122070312,1009.7000122070312,1009.7000122070312,1009.7000122070312,0
2024-04-04T00:00:00Z,1029.300048828125,1029.300048828125,1029.300048828125,1029.300048828125,0
2024-04-05T00:00:00Z,995.4000244140625,995.4000244140625,995.4000244140625,995.4000244140625,0
2024-04-08T00:00:00Z,1038.5,1038.5,1038.5,1038.5,0
2024-04-09T00:00:00Z,1074.0999755859375,1074.0999755859375,1074.0999755859375,1074.0999755859375,0
2024-04-10T00:00:00Z,1051.699951171875,1051.699951171875,1051.699951171875,1051.699951171875,0
2024-04-11T00:00:00Z,1038.9000244140625,1038.9000244140625,1038.9000244140625,1038.9000244140625,0
2024-04-12T00:00:00Z,1057.699951171875,1057.699951171875,1057.699951171875,1057.699951171875,0
2024-04-15T00:00:00Z,1042.0999755859375,1042.0999755859375,1042.0999755859375,1042.0999755859375,0
2024-04-16T00:00:00Z,1029.4000244140625,1029.4000244140625,1029.4000244140625,1029.4000244140625,0
2024-04-17T00:00:00Z,1029.0,1029.0,1029.0,1029.0,0
2024-04-18T00:00:00Z,1037.5999755859375,1037.5999755859375,1037.5999755859375,1037.5999755859375,0
2024-04-19T00:00:00Z,1025.5,1025.5,1025.5,1025.5,0
2024-04-22T00:00:00Z,1014.7000122070312,1014.7000122070312,1014.7000122070312,1014.7000122070312,0
2024-04-23T00:00:00Z,1025.9000244140625,1025.9000244140625,1025.9000244140625,1025.9000244140625,0
2024-04-24T00:00:00Z,1007.4000244140625,1007.4000244140625,1007.4000244140625,1007.4000244140625,0
2024-04-25T00:00:00Z,981.0999755859375,981.0999755859375,981.0999755859375,981.0999755859375,0
2024-04-26T00:00:00Z,957.4000244140625,957.4000244140625,957.4000244140625,957.4000244140625,1
2024-04-29T00:00:00Z,976.7000122070312,976.7000122070312,972.5,976.7000122070312,2
2024-04-30T00:00:00Z,951.9000244140625,951.9000244140625,951.9000244140625,951.9000244140625,0
2024-05-01T00:00:00Z,947.7000122070312,947.7000122070312,947.7000122070312,947.7000122070312,0
2024-05-02T00:00:00Z,938.2000122070312,938.2000122070312,938.2000122070312,938.2000122070312,0
2024-05-03T00:00:00Z,947.5,947.5,947.5,947.5,0
2024-05-06T00:00:00Z,982.2999877929688,982.2999877929688,982.2999877929688,982.2999877929688,0
2024-05-07T00:00:00Z,978.7999877929688,978.7999877929688,978.7999877929688,978.7999877929688,0
2024-05-08T00:00:00Z,955.4000244140625,955.4000244140625,955.4000244140625,955.4000244140625,0
2024-05-09T00:00:00Z,970.4000244140625,970.4000244140625,970.4000244140625,970.4000244140625,0
2024-05-10T00:00:00Z,980.7999877929688,980.7999877929688,980.7999877929688,980.7999877929688,0
2024-05-13T00:00:00Z,964.9000244140625,964.9000244140625,964.9000244140625,964.9000244140625,0
2024-05-14T00:00:00Z,981.5,981.5,981.5,981.5,0
2024-05-15T00:00:00Z,1014.0999755859375,1014.0999755859375,1014.0999755859375,1014.0999755859375,0
2024-05-16T00:00:00Z,997.5,997.5,997.5,997.5,0
2024-05-17T00:00:00Z,1009.9000244140625,1009.9000244140625,1009.9000244140625,1009.9000244140625,0
2024-05-20T00:00:00Z,1030.699951171875,1030.699951171875,1030.699951171875,1030.699951171875,0
2024-05-21T00:00:00Z,1029.4000244140625,1029.4000244140625,1029.4000244140625,1029.4000244140625,0
2024-05-22T00:00:00Z,1002.9000244140625,1002.9000244140625,1002.9000244140625,1002.9000244140625,0
2024-05-23T00:00:00Z,973.2999877929688,973.2999877929688,973.2999877929688,973.2999877929688,0
2024-05-24T00:00:00Z,969.0999755859375,969.0999755859375,969.0999755859375,969.0999755859375,0
2024-05-28T00:00:00Z,976.7000122070312,976.7000122070312,976.7000122070312,976.7000122070312,0
2024-05-29T00:00:00Z,963.0999755859375,963.0999755859375,963.0999755859375,963.0999755859375,4087
2024-05-30T00:00:00Z,955.0,957.5,929.0,944.2999877929688,394
2024-05-31T00:00:00Z,942.0,950.0,899.2000122070312,899.2000122070312,19
2024-06-03T00:00:00Z,913.0,913.0,913.0,913.0,0
2024-06-04T00:00:00Z,904.5,910.2999877929688,902.0,910.2999877929688,2
2024-06-05T00:00:00Z,909.5,924.5,909.5,924.5,1
2024-06-06T00:00:00Z,923.7999877929688,923.7999877929688,923.7999877929688,923.7999877929688,11
2024-06-07T00:00:00Z,909.5,909.5,909.5,909.5,0
2024-06-10T00:00:00Z,896.4000244140625,896.4000244140625,896.4000244140625,896.4000244140625,0
2024-06-11T00:00:00Z,876.9000244140625,876.9000244140625,876.9000244140625,876.9000244140625,0
2024-06-12T00:00:00Z,878.0,900.0,878.0,899.7999877929688,12
2024-06-13T00:00:00Z,881.5,881.5,876.5,877.4000244140625,8
2024-06-14T00:00:00Z,890.5999755859375,890.5999755859375,890.5999755859375,890.5999755859375,0
2024-06-17T00:00:00Z,876.5,883.5999755859375,876.5,883.5999755859375,2
2024-06-18T00:00:00Z,880.9000244140625,880.9000244140625,880.9000244140625,880.9000244140625,0
2024-06-20T00:00:00Z,905.0,915.5,905.0,905.4000244140625,9
2024-06-21T00:00:00Z,940.5,950.0,918.0999755859375,918.0999755859375,29
2024-06-24T00:00:00Z,981.5,981.5,976.0999755859375,976.0999755859375,1
2024-06-25T00:00:00Z,933.7000122070312,933.7000122070312,933.7000122070312,933.7000122070312,1
2024-06-26T00:00:00Z,949.5,950.0,922.7000122070312,922.7000122070312,4
2024-06-27T00:00:00Z,927.5999755859375,927.5999755859375,927.5999755859375,927.5999755859375,1
2024-06-28T00:00:00Z,977.9000244140625,977.9000244140625,977.9000244140625,977.9000244140625,1
2024-07-01T00:00:00Z,979.0,979.0,972.4000244140625,972.4000244140625,2
2024-07-02T00:00:00Z,1020.2000122070312,1020.2000122070312,1020.2000122070312,1020.2000122070312,2
2024-07-03T00:00:00Z,1019.0,1040.5,1011.0,1034.199951171875,4
2024-07-05T00:00:00Z,1035.800048828125,1035.800048828125,1035.800048828125,1035.800048828125,4
2024-07-08T00:00:00Z,1011.5,1011.5,1011.5,1011.5,4
2024-07-09T00:00:00Z,982.5,982.5,982.5,982.5,4
2024-07-10T00:00:00Z,987.5999755859375,987.5999755859375,987.5999755859375,987.5999755859375,4
2024-07-11T00:00:00Z,993.4000244140625,993.4000244140625,993.4000244140625,993.4000244140625,4
2024-07-12T00:00:00Z,969.0999755859375,969.0999755859375,969.0999755859375,969.0999755859375,4
2024-07-15T00:00:00Z,946.7000122070312,946.7000122070312,946.7000122070312,946.7000122070312,4
2024-07-16T00:00:00Z,953.0,953.0,953.0,953.0,4
2024-07-17T00:00:00Z,950.5,950.5,950.5,950.5,4
2024-07-18T00:00:00Z,926.2999877929688,926.2999877929688,926.2999877929688,926.2999877929688,4
2024-07-19T00:00:00Z,899.0999755859375,899.0999755859375,899.0999755859375,899.0999755859375,4
2024-07-22T00:00:00Z,889.2000122070312,889.2000122070312,889.2000122070312,889.2000122070312,4
2024-07-23T00:00:00Z,909.0999755859375,909.0999755859375,909.0999755859375,909.0999755859375,4
2024-07-24T00:00:00Z,922.0,922.0,922.0,922.0,4
2024-07-25T00:00:00Z,894.0,894.0,894.0,894.0,4
2024-07-26T00:00:00Z,884.9000244140625,884.9000244140625,884.9000244140625,884.9000244140625,4
2024-07-29T00:00:00Z,885.7999877929688,885.7999877929688,885.7999877929688,885.7999877929688,2
2024-07-30T00:00:00Z,878.0,878.0,873.5,878.0,1
2024-07-31T00:00:00Z,922.5999755859375,922.5999755859375,922.5999755859375,922.5999755859375,0
2024-08-01T00:00:00Z,891.7999877929688,891.7999877929688,891.7999877929688,891.7999877929688,0
2024-08-02T00:00:00Z,879.2000122070312,879.2000122070312,879.2000122070312,879.2000122070312,0
2024-08-05T00:00:00Z,836.0,846.0,822.7999877929688,822.7999877929688,2
2024-08-06T00:00:00Z,857.0999755859375,857.0999755859375,857.0999755859375,857.0999755859375,0
2024-08-07T00:00:00Z,883.7999877929688,883.7999877929688,883.7999877929688,883.7999877929688,0
2024-08-08T00:00:00Z,905.9000244140625,905.9000244140625,905.9000244140625,905.9000244140625,0
2024-08-09T00:00:00Z,893.5,893.5,893.5,893.5,0
2024-08-12T00:00:00Z,896.5,896.5,896.5,896.5,0
2024-08-13T00:00:00Z,921.5999755859375,921.5999755859375,921.5999755859375,921.5999755859375,0
2024-08-14T00:00:00Z,919.7999877929688,919.7999877929688,919.7999877929688,919.7999877929688,0
2024-08-15T00:00:00Z,935.5999755859375,935.5999755859375,935.5999755859375,935.5999755859375,0
2024-08-16T00:00:00Z,941.7000122070312,941.7000122070312,941.7000122070312,941.7000122070312,0
2024-08-19T00:00:00Z,918.7000122070312,918.7000122070312,918.7000122070312,918.7000122070312,0
2024-08-20T00:00:00Z,913.9000244140625,913.9000244140625,913.9000244140625,913.9000244140625,0
2024-08-21T00:00:00Z,940.5999755859375,940.5999755859375,940.5999755859375,940.5999755859375,1
2024-08-22T00:00:00Z,920.0,920.0,920.0,920.0,0
2024-08-23T00:00:00Z,942.5,942.5,942.5,942.5,0
2024-08-26T00:00:00Z,960.2000122070312,960.2000122070312,960.2000122070312,960.2000122070312,0
2024-08-27T00:00:00Z,958.5,958.5,958.5,958.5,0
2024-08-28T00:00:00Z,933.9000244140625,933.9000244140625,933.9000244140625,933.9000244140625,3097
2024-08-29T00:00:00Z,933.5,976.0,932.5,972.5,852
2024-08-30T00:00:00Z,979.0,989.0,961.0999755859375,961.0999755859375,77
2024-09-03T00:00:00Z,974.0,974.5,931.0999755859375,931.0999755859375,7
2024-09-04T00:00:00Z,927.2000122070312,927.2000122070312,927.2000122070312,927.2000122070312,0
2024-09-05T00:00:00Z,929.0,935.0,929.0,934.7000122070312,6
2024-09-06T00:00:00Z,939.0,939.0,896.2999877929688,896.2999877929688,5
2024-09-09T00:00:00Z,913.0,936.7999877929688,899.5,936.7999877929688,5
2024-09-10T00:00:00Z,960.0,960.0,960.0,960.0,0
2024-09-11T00:00:00Z,1014.0,1014.0,1010.2000122070312,1010.2000122070312,6
2024-09-12T00:00:00Z,1016.0,1053.800048828125,1016.0,1053.800048828125,8
2024-09-13T00:00:00Z,1076.0,1076.0,1076.0,1076.0,0
2024-09-16T00:00:00Z,1084.4000244140625,1084.4000244140625,1084.4000244140625,1084.4000244140625,0
2024-09-17T00:00:00Z,1104.699951171875,1104.699951171875,1104.699951171875,1104.699951171875,0
2024-09-18T00:00:00Z,1087.5,1087.5,1068.300048828125,1068.300048828125,2
2024-09-19T00:00:00Z,1100.4000244140625,1100.4000244140625,1100.4000244140625,1100.4000244140625,0
2024-09-20T00:00:00Z,1079.9000244140625,1079.9000244140625,1079.9000244140625,1079.9000244140625,0
2024-09-23T00:00:00Z,1046.9000244140625,1046.9000244140625,1046.9000244140625,1046.9000244140625,0
2024-09-24T00:00:00Z,1056.5,1061.9000244140625,1056.5,1061.9000244140625,1
2024-09-25T00:00:00Z,1033.300048828125,1033.300048828125,1033.300048828125,1033.300048828125,0
2024-09-26T00:00:00Z,1060.0,1060.0,1044.300048828125,1044.300048828125,8
2024-09-27T00:00:00Z,1014.0,1014.0,1014.0,1014.0,0
2024-09-30T00:00:00Z,998.9000244140625,998.9000244140625,998.9000244140625,998.9000244140625,0
2024-10-01T00:00:00Z,993.5999755859375,993.5999755859375,993.5999755859375,993.5999755859375,3
2024-10-02T00:00:00Z,1016.4000244140625,1016.4000244140625,1016.4000244140625,1016.4000244140625,1
2024-10-03T00:00:00Z,997.2999877929688,997.2999877929688,997.2999877929688,997.2999877929688,0
2024-10-04T00:00:00Z,995.2000122070312,995.2000122070312,995.2000122070312,995.2000122070312,0
2024-10-07T00:00:00Z,1023.0,1023.0,1023.0,1023.0,0
2024-10-08T00:00:00Z,1003.5999755859375,1003.5999755859375,1003.5999755859375,1003.5999755859375,0
2024-10-09T00:00:00Z,1036.9000244140625,1036.9000244140625,1036.9000244140625,1036.9000244140625,0
2024-10-10T00:00:00Z,1065.4000244140625,1065.4000244140625,1065.4000244140625,1065.4000244140625,0
2024-10-11T00:00:00Z,1061.800048828125,1061.800048828125,1061.800048828125,1061.800048828125,2
2024-10-14T00:00:00Z,1023.0999755859375,1023.0999755859375,1023.0999755859375,1023.0999755859375,0
2024-10-15T00:00:00Z,1004.2000122070312,1004.2000122070312,1004.2000122070312,1004.2000122070312,12
2024-10-16T00:00:00Z,1019.0,1019.0,1019.0,1019.0,12
2024-10-17T00:00:00Z,1038.300048828125,1038.300048828125,1038.300048828125,1038.300048828125,12
2024-10-18T00:00:00Z,1077.699951171875,1077.699951171875,1077.699951171875,1077.699951171875,12
2024-10-21T00:00:00Z,1048.4000244140625,1048.4000244140625,1048.4000244140625,1048.4000244140625,12
2024-10-22T00:00:00Z,1074.199951171875,1074.199951171875,1074.199951171875,1074.199951171875,12
2024-10-23T00:00:00Z,1057.5,1057.5,1057.5,1057.5,12
2024-10-24T00:00:00Z,1161.0,1161.0,1161.0,1161.0,3
2024-10-25T00:00:00Z,1199.699951171875,1199.699951171875,1199.699951171875,1199.699951171875,0
2024-10-28T00:00:00Z,1222.0,1222.0,1222.0,1222.0,0
2024-10-29T00:00:00Z,1227.0,1227.0,1227.0,1227.0,10
2024-10-30T00:00:00Z,1151.5,1154.5,1149.0,1149.0,5
2024-10-31T00:00:00Z,1106.5,1106.5,1106.5,1106.5,5
2024-11-01T00:00:00Z,1103.800048828125,1103.800048828125,1103.800048828125,1103.800048828125,5
2024-11-04T00:00:00Z,1066.4000244140625,1066.4000244140625,1066.4000244140625,1066.4000244140625,5
2024-11-05T00:00:00Z,1076.9000244140625,1076.9000244140625,1076.9000244140625,1076.9000244140625,5
2024-11-06T00:00:00Z,1036.0999755859375,1036.0999755859375,1036.0999755859375,1036.0999755859375,5
2024-11-07T00:00:00Z,1017.4000244140625,1017.4000244140625,1017.4000244140625,1017.4000244140625,5
2024-11-08T00:00:00Z,988.9000244140625,988.9000244140625,988.9000244140625,988.9000244140625,5
2024-11-11T00:00:00Z,979.4000244140625,979.4000244140625,979.4000244140625,979.4000244140625,5
2024-11-12T00:00:00Z,938.2999877929688,938.2999877929688,938.2999877929688,938.2999877929688,5
2024-11-13T00:00:00Z,929.5,929.5,929.5,929.5,5
2024-11-14T00:00:00Z,923.4000244140625,923.4000244140625,923.4000244140625,923.4000244140625,5
2024-11-15T00:00:00Z,941.2999877929688,941.2999877929688,941.2999877929688,941.2999877929688,5
2024-11-18T00:00:00Z,1006.2000122070312,1006.2000122070312,1006.2000122070312,1006.2000122070312,5
2024-11-19T00:00:00Z,1035.300048828125,1035.300048828125,1035.300048828125,1035.300048828125,5
2024-11-20T00:00:00Z,1023.9000244140625,1023.9000244140625,1023.9000244140625,1023.9000244140625,5
2024-11-21T00:00:00Z,1042.5999755859375,1042.5999755859375,1042.5999755859375,1042.5999755859375,1
2024-11-22T00:00:00Z,1025.0,1040.0,1017.0,1017.0,4
2024-11-25T00:00:00Z,979.7999877929688,979.7999877929688,979.7999877929688,979.7999877929688,4
2024-11-26T00:00:00Z,987.2000122070312,987.2000122070312,987.2000122070312,987.2000122070312,3690
2024-11-27T00:00:00Z,986.5,1001.5,973.5,982.7999877929688,1146
2024-11-29T00:00:00Z,993.0,995.0,970.5,990.2000122070312,45
2024-12-02T00:00:00Z,975.0,1004.5,975.0,991.9000244140625,16
2024-12-03T00:00:00Z,1003.0,1003.0,978.0,983.7000122070312,9
2024-12-04T00:00:00Z,966.0,988.7999877929688,961.0,988.7999877929688,101
2024-12-05T00:00:00Z,970.0999755859375,971.5,970.0999755859375,970.0999755859375,1
2024-12-06T00:00:00Z,960.2999877929688,960.2999877929688,960.2999877929688,960.2999877929688,0
2024-12-09T00:00:00Z,980.5,991.5,979.0,988.5999755859375,5
2024-12-10T00:00:00Z,974.5999755859375,974.5999755859375,974.5999755859375,974.5999755859375,5
2024-12-11T00:00:00Z,991.5,1002.7000122070312,991.5,1002.7000122070312,2
2024-12-12T00:00:00Z,983.0,983.0,983.0,983.0,1
2024-12-13T00:00:00Z,953.0999755859375,953.0999755859375,953.0999755859375,953.0999755859375,2
2024-12-16T00:00:00Z,944.7999877929688,944.7999877929688,944.7999877929688,944.7999877929688,0
2024-12-17T00:00:00Z,932.5999755859375,932.5999755859375,932.5999755859375,932.5999755859375,0
2024-12-18T00:00:00Z,920.0,920.0,919.5999755859375,919.5999755859375,3
2024-12-19T00:00:00Z,897.0999755859375,897.0999755859375,897.0999755859375,897.0999755859375,0
2024-12-20T00:00:00Z,906.5999755859375,906.5999755859375,906.5999755859375,906.5999755859375,0
2024-12-23T00:00:00Z,915.2999877929688,915.2999877929688,915.2999877929688,915.2999877929688,0
2024-12-24T00:00:00Z,930.0,938.2999877929688,930.0,938.2999877929688,3
2024-12-26T00:00:00Z,906.4000244140625,906.4000244140625,906.4000244140625,906.4000244140625,0
2024-12-27T00:00:00Z,893.5999755859375,893.5999755859375,893.5999755859375,893.5999755859375,13
2024-12-30T00:00:00Z,893.5,894.2000122070312,893.5,894.2000122070312,9
2024-12-31T00:00:00Z,902.9000244140625,902.9000244140625,902.9000244140625,902.9000244140625,0
2025-01-02T00:00:00Z,905.2000122070312,905.2000122070312,905.2000122070312,905.2000122070312,0
2025-01-03T00:00:00Z,915.5999755859375,915.5999755859375,915.5999755859375,915.5999755859375,0
2025-01-06T00:00:00Z,909.5999755859375,909.5999755859375,909.5999755859375,909.5999755859375,0
2025-01-07T00:00:00Z,921.2999877929688,921.2999877929688,921.2999877929688,921.2999877929688,0
2025-01-08T00:00:00Z,921.5,921.5,921.5,921.5,0
2025-01-09T00:00:00Z,923.9000244140625,923.9000244140625,923.9000244140625,923.9000244140625,6
2025-01-10T00:00:00Z,961.7000122070312,961.7000122070312,961.7000122070312,961.7000122070312,6
2025-01-13T00:00:00Z,934.7999877929688,934.7999877929688,934.7999877929688,934.7999877929688,6
2025-01-14T00:00:00Z,940.7000122070312,940.7000122070312,940.7000122070312,940.7000122070312,6
2025-01-15T00:00:00Z,965.5,965.5,965.5,965.5,6
2025-01-16T00:00:00Z,950.2999877929688,950.2999877929688,950.2999877929688,950.2999877929688,6
2025-01-17T00:00:00Z,960.5,960.5,960.5,960.5,6
2025-01-21T00:00:00Z,972.5,972.5,972.5,972.5,6
2025-01-22T00:00:00Z,998.4000244140625,998.4000244140625,998.4000244140625,998.4000244140625,6
2025-01-23T00:00:00Z,1010.2000122070312,1010.2000122070312,1010.2000122070312,1010.2000122070312,6
2025-01-24T00:00:00Z,1001.2000122070312,1001.2000122070312,1001.2000122070312,1001.2000122070312,6
2025-01-27T00:00:00Z,963.5999755859375,963.5999755859375,963.5999755859375,963.5999755859375,6
2025-01-28T00:00:00Z,954.5999755859375,954.5999755859375,954.5999755859375,954.5999755859375,6
2025-01-29T00:00:00Z,966.5999755859375,966.5999755859375,966.5999755859375,966.5999755859375,1
2025-01-30T00:00:00Z,975.5,1004.5999755859375,975.5,1004.5999755859375,1
2025-01-31T00:00:00Z,1066.9000244140625,1066.9000244140625,1066.9000244140625,1066.9000244140625,7
2025-02-03T00:00:00Z,1039.199951171875,1039.199951171875,1039.199951171875,1039.199951171875,0
2025-02-04T00:00:00Z,1027.0,1030.0,1009.7000122070312,1009.7000122070312,9
2025-02-05T00:00:00Z,1014.4000244140625,1014.4000244140625,1014.4000244140625,1014.4000244140625,0
2025-02-06T00:00:00Z,989.2999877929688,989.2999877929688,989.2999877929688,989.2999877929688,0
2025-02-07T00:00:00Z,977.7999877929688,977.7999877929688,977.7999877929688,977.7999877929688,0
2025-02-10T00:00:00Z,998.7000122070312,998.7000122070312,998.7000122070312,998.7000122070312,0
2025-02-11T00:00:00Z,987.5999755859375,987.5999755859375,987.5999755859375,987.5999755859375,0
2025-02-12T00:00:00Z,982.5999755859375,982.5999755859375,982.5999755859375,982.5999755859375,0
2025-02-13T00:00:00Z,1015.2999877929688,1015.2999877929688,1015.2999877929688,1015.2999877929688,22
2025-02-14T00:00:00Z,1005.0,1005.0,1005.0,1005.0,1
2025-02-18T00:00:00Z,1008.7000122070312,1008.7000122070312,1008.7000122070312,1008.7000122070312,0
2025-02-19T00:00:00Z,1009.0,1009.0,987.2999877929688,987.2999877929688,2
2025-02-20T00:00:00Z,1004.9000244140625,1004.9000244140625,1004.9000244140625,1004.9000244140625,2
2025-02-21T00:00:00Z,988.0999755859375,988.0999755859375,988.0999755859375,988.0999755859375,5
2025-02-24T00:00:00Z,940.5999755859375,940.5999755859375,940.5999755859375,940.5999755859375,0
2025-02-25T00:00:00Z,920.5,920.5,920.5,920.5,0
2025-02-26T00:00:00Z,920.5,920.5,920.5,920.5,2981
2025-02-27T00:00:00Z,923.5,925.0,899.0,901.2999877929688,471
2025-02-28T00:00:00Z,900.0,900.0,890.0,899.7000122070312,9
2025-03-03T00:00:00Z,951.2000122070312,951.2000122070312,951.2000122070312,951.2000122070312,2
2025-03-04T00:00:00Z,946.2999877929688,946.2999877929688,946.2999877929688,946.2999877929688,0
2025-03-05T00:00:00Z,939.4000244140625,939.4000244140625,939.4000244140625,939.4000244140625,0
2025-03-06T00:00:00Z,942.0,942.0,942.0,942.0,0
2025-03-07T00:00:00Z,952.0,952.0,945.7999877929688,945.7999877929688,1
2025-03-10T00:00:00Z,959.0,959.0,939.7999877929688,939.7999877929688,1
2025-03-11T00:00:00Z,938.2000122070312,938.2000122070312,938.2000122070312,938.2000122070312,0
2025-03-12T00:00:00Z,943.2000122070312,943.2000122070312,943.2000122070312,943.2000122070312,0
2025-03-13T00:00:00Z,953.0,953.0,953.0,953.0,0
2025-03-14T00:00:00Z,959.0,980.0,959.0,962.2999877929688,6
2025-03-17T00:00:00Z,963.5999755859375,963.5999755859375,963.5999755859375,963.5999755859375,0
2025-03-18T00:00:00Z,966.2000122070312,966.2000122070312,966.2000122070312,966.2000122070312,0
2025-03-19T00:00:00Z,949.2000122070312,949.2000122070312,949.2000122070312,949.2000122070312,0
2025-03-20T00:00:00Z,946.0,946.0,939.0999755859375,939.0999755859375,3
2025-03-21T00:00:00Z,951.2000122070312,951.2000122070312,951.2000122070312,951.2000122070312,0
2025-03-24T00:00:00Z,948.0,949.5,947.7000122070312,947.7000122070312,3
2025-03-25T00:00:00Z,961.5,961.5,948.5,953.7999877929688,2
2025-03-26T00:00:00Z,962.5,962.5,962.5,962.5,2
2025-03-27T00:00:00Z,969.0,974.0,969.0,973.7999877929688,13
2025-03-28T00:00:00Z,965.0,974.2999877929688,965.0,974.2999877929688,3
2025-03-31T00:00:00Z,991.2000122070312,991.2000122070312,991.2000122070312,991.2000122070312,3
2025-04-01T00:00:00Z,991.2999877929688,991.2999877929688,991.2999877929688,991.2999877929688,3
2025-04-02T00:00:00Z,974.5,974.5,974.5,974.5,3
2025-04-03T00:00:00Z,919.0999755859375,919.0999755859375,919.0999755859375,919.0999755859375,3
2025-04-04T00:00:00Z,896.2000122070312,896.2000122070312,896.2000122070312,896.2000122070312,3
2025-04-07T00:00:00Z,876.5999755859375,876.5999755859375,876.5999755859375,876.5999755859375,3
2025-04-08T00:00:00Z,877.9000244140625,877.9000244140625,877.9000244140625,877.9000244140625,3
2025-04-09T00:00:00Z,878.0999755859375,878.0999755859375,878.0999755859375,878.0999755859375,3
2025-04-10T00:00:00Z,888.9000244140625,888.9000244140625,888.9000244140625,888.9000244140625,3
2025-04-11T00:00:00Z,896.7999877929688,896.7999877929688,896.7999877929688,896.7999877929688,3
2025-04-14T00:00:00Z,946.5999755859375,946.5999755859375,946.5999755859375,946.5999755859375,3
2025-04-15T00:00:00Z,968.2000122070312,968.2000122070312,968.2000122070312,968.2000122070312,3
2025-04-16T00:00:00Z,969.7999877929688,969.7999877929688,969.7999877929688,969.7999877929688,3
2025-04-17T00:00:00Z,955.4000244140625,955.4000244140625,955.4000244140625,955.4000244140625,3
2025-04-21T00:00:00Z,925.7000122070312,925.7000122070312,925.7000122070312,925.7000122070312,3
2025-04-22T00:00:00Z,928.7999877929688,928.7999877929688,928.7999877929688,928.7999877929688,3
2025-04-23T00:00:00Z,937.7000122070312,937.7000122070312,937.7000122070312,937.7000122070312,3
2025-04-24T00:00:00Z,947.9000244140625,947.9000244140625,947.9000244140625,947.9000244140625,3
2025-04-25T00:00:00Z,931.0,931.0,931.0,931.0,3
2025-04-28T00:00:00Z,954.0,965.5,943.4000244140625,943.4000244140625,8
2025-04-29T00:00:00Z,932.5,932.5,932.5,932.5,0
2025-04-30T00:00:00Z,930.2000122070312,930.2000122070312,930.2000122070312,930.2000122070312,0
2025-05-01T00:00:00Z,939.7000122070312,939.7000122070312,939.7000122070312,939.7000122070312,0
2025-05-02T00:00:00Z,946.9000244140625,946.9000244140625,946.9000244140625,946.9000244140625,0
2025-05-05T00:00:00Z,938.5,938.5,938.5,938.5,0
2025-05-06T00:00:00Z,976.2999877929688,976.2999877929688,976.2999877929688,976.2999877929688,0
2025-05-07T00:00:00Z,978.2999877929688,978.2999877929688,978.2999877929688,978.2999877929688,0
2025-05-08T00:00:00Z,979.4000244140625,979.4000244140625,979.4000244140625,979.4000244140625,0
2025-05-09T00:00:00Z,978.0,978.0,978.0,978.0,0
2025-05-12T00:00:00Z,938.0,938.0,938.0,938.0,0
2025-05-13T00:00:00Z,952.2000122070312,952.2000122070312,952.2000122070312,952.2000122070312,0
2025-05-14T00:00:00Z,950.2999877929688,950.2999877929688,950.2999877929688,950.2999877929688,0
2025-05-15T00:00:00Z,964.2000122070312,964.2000122070312,964.2000122070312,964.2000122070312,0
2025-05-16T00:00:00Z,956.7999877929688,956.7999877929688,956.7999877929688,956.7999877929688,0
2025-05-19T00:00:00Z,979.2000122070312,979.2000122070312,979.2000122070312,979.2000122070312,0
2025-05-20T00:00:00Z,1021.5999755859375,1021.5999755859375,1021.5999755859375,1021.5999755859375,0
2025-05-21T00:00:00Z,1046.5999755859375,1046.5999755859375,1046.5999755859375,1046.5999755859375,0
2025-05-22T00:00:00Z,1024.0,1024.0,1024.0,1024.0,0
2025-05-23T00:00:00Z,1001.5,1001.5,1001.5,1001.5,0
2025-05-27T00:00:00Z,977.2999877929688,977.2999877929688,977.2999877929688,977.2999877929688,0
2025-05-28T00:00:00Z,962.2000122070312,962.2000122070312,962.2000122070312,962.2000122070312,3532
2025-05-29T00:00:00Z,962.0,977.0,958.0,967.2999877929688,550
2025-05-30T00:00:00Z,960.0,961.2999877929688,957.0,961.2999877929688,6
2025-06-02T00:00:00Z,977.0,996.0,977.0,988.5999755859375,10
2025-06-03T00:00:00Z,1015.0,1015.0,1015.0,1015.0,0
2025-06-04T00:00:00Z,1010.0,1014.0,1000.2999877929688,1000.2999877929688,27
2025-06-05T00:00:00Z,1038.5,1038.5,1002.5,1006.5,41
2025-06-06T00:00:00Z,1060.5999755859375,1060.5999755859375,1060.5999755859375,1060.5999755859375,0
2025-06-09T00:00:00Z,1079.5,1106.0,1079.5,1084.4000244140625,20
2025-06-10T00:00:00Z,1074.0,1074.5,1068.0,1068.0,7
2025-06-11T00:00:00Z,1087.0999755859375,1087.0999755859375,1087.0999755859375,1087.0999755859375,1
2025-06-12T00:00:00Z,1062.0999755859375,1062.0999755859375,1062.0999755859375,1062.0999755859375,12
2025-06-13T00:00:00Z,1039.5999755859375,1039.5999755859375,1039.5999755859375,1039.5999755859375,0
2025-06-16T00:00:00Z,1055.5,1055.5,1032.0,1036.699951171875,10
2025-06-17T00:00:00Z,1062.300048828125,1062.300048828125,1062.300048828125,1062.300048828125,0
2025-06-18T00:00:00Z,1057.0,1067.0,1057.0,1061.800048828125,0
2025-06-20T00:00:00Z,1046.0,1052.800048828125,1046.0,1052.800048828125,1
2025-06-23T00:00:00Z,1088.5999755859375,1096.0,1088.5999755859375,1088.5999755859375,4
2025-06-24T00:00:00Z,1067.0,1067.0,1067.0,1067.0,0
2025-06-25T00:00:00Z,1065.4000244140625,1065.4000244140625,1065.4000244140625,1065.4000244140625,0
2025-06-26T00:00:00Z,1137.300048828125,1137.300048828125,1137.300048828125,1137.300048828125,82
2025-06-27T00:00:00Z,1145.5999755859375,1145.5999755859375,1145.5999755859375,1145.5999755859375,2
2025-06-30T00:00:00Z,1102.0999755859375,1102.0999755859375,1102.0999755859375,1102.0999755859375,0
2025-07-01T00:00:00Z,1105.5,1105.5,1105.5,1105.5,0
2025-07-02T00:00:00Z,1157.0,1157.0,1157.0,1157.0,0
2025-07-03T00:00:00Z,1136.5,1136.5,1136.5,1136.5,0
2025-07-07T00:00:00Z,1103.699951171875,1103.699951171875,1103.699951171875,1103.699951171875,0
2025-07-08T00:00:00Z,1110.9000244140625,1110.9000244140625,1110.9000244140625,1110.9000244140625,0
2025-07-09T00:00:00Z,1130.800048828125,1130.800048828125,1130.800048828125,1130.800048828125,0
2025-07-10T00:00:00Z,1183.5,1214.5,1183.5,1186.9000244140625,11
2025-07-11T00:00:00Z,1273.0,1273.0,1273.0,1273.0,0
2025-07-14T00:00:00Z,1230.5,1230.5,1230.5,1230.5,0
2025-07-15T00:00:00Z,1239.0,1239.0,1239.0,1239.0,0
2025-07-16T00:00:00Z,1278.0,1278.0,1278.0,1278.0,0
2025-07-17T00:00:00Z,1282.5,1300.0,1282.5,1291.0,8
2025-07-18T00:00:00Z,1360.0,1360.0,1291.9000244140625,1291.9000244140625,5
2025-07-21T00:00:00Z,1291.4000244140625,1291.4000244140625,1291.4000244140625,1291.4000244140625,0
2025-07-22T00:00:00Z,1312.9000244140625,1312.9000244140625,1312.9000244140625,1312.9000244140625,0
2025-07-23T00:00:00Z,1315.5999755859375,1315.5999755859375,1315.5999755859375,1315.5999755859375,0
2025-07-24T00:00:00Z,1277.0,1277.0,1277.0,1277.0,0
2025-07-25T00:00:00Z,1243.4000244140625,1243.4000244140625,1243.4000244140625,1243.4000244140625,0
2025-07-28T00:00:00Z,1280.5,1280.5,1280.5,1280.5,0
2025-07-29T00:00:00Z,1268.199951171875,1268.199951171875,1268.199951171875,1268.199951171875,17
2025-07-30T00:00:00Z,1255.199951171875,1255.199951171875,1255.199951171875,1255.199951171875,24
2025-07-31T00:00:00Z,1196.0999755859375,1196.0999755859375,1196.0999755859375,1196.0999755859375,0
2025-08-01T00:00:00Z,1207.9000244140625,1207.9000244140625,1207.9000244140625,1207.9000244140625,0
2025-08-04T00:00:00Z,1194.800048828125,1194.800048828125,1194.800048828125,1194.800048828125,0
2025-08-05T00:00:00Z,1193.5,1193.5,1193.5,1193.5,0
2025-08-06T00:00:00Z,1137.4000244140625,1137.4000244140625,1137.4000244140625,1137.4000244140625,0
2025-08-07T00:00:00Z,1160.9000244140625,1160.9000244140625,1160.9000244140625,1160.9000244140625,0
2025-08-08T00:00:00Z,1133.199951171875,1133.199951171875,1133.199951171875,1133.199951171875,0
2025-08-11T00:00:00Z,1149.4000244140625,1149.4000244140625,1149.4000244140625,1149.4000244140625,0
2025-08-12T00:00:00Z,1131.199951171875,1131.199951171875,1131.199951171875,1131.199951171875,0
2025-08-13T00:00:00Z,1121.0999755859375,1121.0999755859375,1121.0999755859375,1121.0999755859375,0
2025-08-14T00:00:00Z,1144.5,1144.5,1144.5,1144.5,0
2025-08-15T00:00:00Z,1107.5999755859375,1107.5999755859375,1107.5999755859375,1107.5999755859375,0
2025-08-18T00:00:00Z,1121.4000244140625,1121.4000244140625,1121.4000244140625,1121.4000244140625,0
2025-08-19T00:00:00Z,1101.800048828125,1101.800048828125,1101.800048828125,1101.800048828125,0
2025-08-20T00:00:00Z,1111.199951171875,1111.199951171875,1111.199951171875,1111.199951171875,0
2025-08-21T00:00:00Z,1105.5,1105.5,1105.5,1105.5,0
2025-08-22T00:00:00Z,1123.5,1123.5,1123.5,1123.5,0
2025-08-25T00:00:00Z,1087.5,1087.5,1087.5,1087.5,0
2025-08-26T00:00:00Z,1084.199951171875,1084.199951171875,1084.199951171875,1084.199951171875,0
2025-08-27T00:00:00Z,1082.0,1082.0,1082.0,1082.0,4021
2025-08-28T00:00:00Z,1093.0,1115.0,1089.5,1104.5999755859375,880
2025-08-29T00:00:00Z,1086.0,1105.199951171875,1084.5,1105.199951171875,0
2025-09-02T00:00:00Z,1130.0,1156.0,1124.5,1136.4000244140625,11
2025-09-03T00:00:00Z,1136.0,1168.5,1136.0,1168.5,28
2025-09-04T00:00:00Z,1125.5,1125.5,1125.5,1125.5,0
2025-09-05T00:00:00Z,1135.0,1135.5,1111.5999755859375,1111.5999755859375,4
2025-09-08T00:00:00Z,1121.5,1139.4000244140625,1121.5,1139.4000244140625,2
2025-09-09T00:00:00Z,1124.699951171875,1124.699951171875,1124.699951171875,1124.699951171875,0
2025-09-10T00:00:00Z,1195.5,1196.5,1194.300048828125,1194.300048828125,18
2025-09-11T00:00:00Z,1198.5,1219.5999755859375,1198.5,1219.5999755859375,28
2025-09-12T00:00:00Z,1212.5,1244.0,1212.5,1229.300048828125,49
2025-09-15T00:00:00Z,1204.0,1204.0,1204.0,1204.0,1
2025-09-16T00:00:00Z,1179.9000244140625,1179.9000244140625,1179.9000244140625,1179.9000244140625,0
2025-09-17T00:00:00Z,1154.4000244140625,1154.4000244140625,1154.4000244140625,1154.4000244140625,9
2025-09-18T00:00:00Z,1168.0,1168.0,1168.0,1168.0,14
2025-09-19T00:00:00Z,1150.800048828125,1150.800048828125,1150.800048828125,1150.800048828125,0
2025-09-22T00:00:00Z,1155.0,1193.699951171875,1155.0,1193.699951171875,1
2025-09-23T00:00:00Z,1232.300048828125,1232.300048828125,1232.300048828125,1232.300048828125,0
2025-09-24T00:00:00Z,1221.4000244140625,1221.4000244140625,1221.4000244140625,1221.4000244140625,3
2025-09-25T00:00:00Z,1264.4000244140625,1264.4000244140625,1264.4000244140625,1264.4000244140625,2
2025-09-26T00:00:00Z,1291.4000244140625,1291.4000244140625,1291.4000244140625,1291.4000244140625,66
2025-09-29T00:00:00Z,1298.0,1301.5,1265.699951171875,1265.699951171875,100
2025-09-30T00:00:00Z,1263.5,1263.5,1263.5,1263.5,15
2025-10-01T00:00:00Z,1250.5,1250.5,1250.5,1250.5,29
2025-10-02T00:00:00Z,1239.800048828125,1239.800048828125,1239.800048828125,1239.800048828125,5
2025-10-03T00:00:00Z,1278.5,1278.5,1272.5,1273.0,37
2025-10-06T00:00:00Z,1287.5,1326.800048828125,1280.0,1326.800048828125,29
2025-10-07T00:00:00Z,1329.0,1375.0,1323.0,1347.5999755859375,45
2025-10-08T00:00:00Z,1413.0,1465.0,1399.0,1454.199951171875,29
2025-10-09T00:00:00Z,1430.5,1430.5,1430.5,1430.5,0
2025-10-10T00:00:00Z,1485.5,1493.0,1447.5999755859375,1447.5999755859375,31
2025-10-13T00:00:00Z,1509.4000244140625,1509.4000244140625,1509.4000244140625,1509.4000244140625,31
2025-10-14T00:00:00Z,1569.4000244140625,1569.4000244140625,1559.0,1569.4000244140625,38
2025-10-15T00:00:00Z,1569.0999755859375,1569.0999755859375,1569.0999755859375,1569.0999755859375,0
2025-10-16T00:00:00Z,1655.0,1655.0,1655.0,1655.0,6
2025-10-17T00:00:00Z,1499.199951171875,1499.199951171875,1499.199951171875,1499.199951171875,2
2025-10-20T00:00:00Z,1514.800048828125,1514.800048828125,1514.800048828125,1514.800048828125,0
2025-10-21T00:00:00Z,1412.5999755859375,1412.5999755859375,1412.5999755859375,1412.5999755859375,0
2025-10-22T00:00:00Z,1439.699951171875,1439.699951171875,1439.699951171875,1439.699951171875,10
2025-10-23T00:00:00Z,1470.9000244140625,1470.9000244140625,1470.9000244140625,1470.9000244140625,0
2025-10-24T00:00:00Z,1463.5999755859375,1463.5999755859375,1463.5999755859375,1463.5999755859375,0
2025-10-27T00:00:00Z,1415.9000244140625,1415.9000244140625,1415.9000244140625,1415.9000244140625,0
2025-10-28T00:00:00Z,1402.699951171875,1402.699951171875,1402.699951171875,1402.699951171875,0
2025-10-29T00:00:00Z,1429.5,1429.5,1429.5,1429.5,9
2025-10-30T00:00:00Z,1452.5,1461.5,1452.5,1461.5,22
2025-10-31T00:00:00Z,1473.0,1473.0,1444.699951171875,1444.699951171875,17
2025-11-03T00:00:00Z,1446.9000244140625,1446.9000244140625,1446.9000244140625,1446.9000244140625,0
2025-11-04T00:00:00Z,1412.9000244140625,1412.9000244140625,1412.9000244140625,1412.9000244140625,0
2025-11-05T00:00:00Z,1442.4000244140625,1442.4000244140625,1442.4000244140625,1442.4000244140625,11
2025-11-06T00:00:00Z,1388.0999755859375,1388.0999755859375,1388.0999755859375,1388.0999755859375,0
2025-11-07T00:00:00Z,1397.300048828125,1397.300048828125,1397.300048828125,1397.300048828125,1
2025-11-10T00:00:00Z,1443.0999755859375,1443.0999755859375,1443.0999755859375,1443.0999755859375,1
2025-11-11T00:00:00Z,1467.5999755859375,1467.5999755859375,1467.5999755859375,1467.5999755859375,0
2025-11-12T00:00:00Z,1499.9000244140625,1499.9000244140625,1499.9000244140625,1499.9000244140625,0
2025-11-13T00:00:00Z,1497.0,1517.0,1470.4000244140625,1470.4000244140625,23
2025-11-14T00:00:00Z,1416.5,1425.5,1416.0,1420.699951171875,10
2025-11-17T00:00:00Z,1413.9000244140625,1413.9000244140625,1413.9000244140625,1413.9000244140625,0
2025-11-18T00:00:00Z,1419.4000244140625,1419.4000244140625,1419.4000244140625,1419.4000244140625,0
2025-11-19T00:00:00Z,1402.0999755859375,1402.0999755859375,1402.0999755859375,1402.0999755859375,3
2025-11-20T00:00:00Z,1382.4000244140625,1382.4000244140625,1382.4000244140625,1382.4000244140625,5
2025-11-21T00:00:00Z,1383.5999755859375,1383.5999755859375,1383.5999755859375,1383.5999755859375,1
2025-11-24T00:00:00Z,1387.5,1403.0999755859375,1387.5,1403.0999755859375,5
2025-11-25T00:00:00Z,1402.199951171875,1402.199951171875,1402.199951171875,1402.199951171875,3953
2025-11-26T00:00:00Z,1400.0,1431.0,1399.0,1422.5,1097
2025-11-28T00:00:00Z,1427.0,1468.5999755859375,1418.5,1468.5999755859375,74
2025-12-01T00:00:00Z,1478.5,1478.5,1444.800048828125,1444.800048828125,68
2025-12-02T00:00:00Z,1470.9000244140625,1470.9000244140625,1470.9000244140625,1470.9000244140625,24
2025-12-03T00:00:00Z,1470.5,1476.800048828125,1470.5,1476.800048828125,32
2025-12-04T00:00:00Z,1449.5,1451.9000244140625,1449.5,1451.9000244140625,19
2025-12-05T00:00:00Z,1472.0,1479.0,1469.0,1472.4000244140625,29
2025-12-08T00:00:00Z,1495.5,1500.0,1483.5999755859375,1483.5999755859375,26
2025-12-09T00:00:00Z,1511.4000244140625,1511.4000244140625,1511.4000244140625,1511.4000244140625,0
2025-12-10T00:00:00Z,1458.300048828125,1458.300048828125,1458.300048828125,1458.300048828125,1
2025-12-11T00:00:00Z,1494.0,1512.699951171875,1494.0,1512.699951171875,1
2025-12-12T00:00:00Z,1555.5,1555.5,1514.199951171875,1514.199951171875,10
2025-12-15T00:00:00Z,1592.800048828125,1592.800048828125,1592.800048828125,1592.800048828125,1
2025-12-16T00:00:00Z,1626.5999755859375,1626.5999755859375,1626.5999755859375,1626.5999755859375,0
2025-12-17T00:00:00Z,1655.5,1684.199951171875,1646.0,1684.199951171875,29
2025-12-18T00:00:00Z,1728.5,1747.5,1723.0,1737.9000244140625,32
2025-12-19T00:00:00Z,1749.0,1749.0,1725.0,1749.0,11
2025-12-22T00:00:00Z,1815.0,1818.0,1793.4000244140625,1793.4000244140625,13
2025-12-23T00:00:00Z,1855.0,1925.5,1855.0,1918.5999755859375,25
2025-12-24T00:00:00Z,1766.300048828125,1766.300048828125,1766.300048828125,1766.300048828125,0
2025-12-26T00:00:00Z,1984.699951171875,1984.699951171875,1984.699951171875,1984.699951171875,0
2025-12-29T00:00:00Z,1648.300048828125,1648.300048828125,1648.300048828125,1648.300048828125,65
2025-12-30T00:00:00Z,1650.5,1706.699951171875,1650.5,1706.699951171875,33
2025-12-31T00:00:00Z,1629.199951171875,1629.199951171875,1629.199951171875,1629.199951171875,0
2026-01-02T00:00:00Z,1668.0,1668.0,1668.0,1668.0,0
2026-01-05T00:00:00Z,1700.0,1768.5,1680.0,1742.199951171875,21
2026-01-06T00:00:00Z,1865.5999755859375,1865.5999755859375,1865.5999755859375,1865.5999755859375,0
2026-01-07T00:00:00Z,1767.199951171875,1767.199951171875,1767.199951171875,1767.199951171875,0
2026-01-08T00:00:00Z,1781.0999755859375,1781.0999755859375,1781.0999755859375,1781.0999755859375,0
2026-01-09T00:00:00Z,1853.0,1853.0,1853.0,1853.0,0
2026-01-12T00:00:00Z,1921.300048828125,1921.300048828125,1921.300048828125,1921.300048828125,0
2026-01-13T00:00:00Z,1900.4000244140625,1900.4000244140625,1900.4000244140625,1900.4000244140625,0
2026-01-14T00:00:00Z,1886.9000244140625,1886.9000244140625,1886.9000244140625,1886.9000244140625,0
2026-01-15T00:00:00Z,1859.0,1859.0,1859.0,1859.0,28
2026-01-16T00:00:00Z,1805.199951171875,1805.199951171875,1805.199951171875,1805.199951171875,5
2026-01-20T00:00:00Z,1890.9000244140625,1890.9000244140625,1890.9000244140625,1890.9000244140625,28
2026-01-21T00:00:00Z,1865.199951171875,1865.199951171875,1865.199951171875,1865.199951171875,5
2026-01-22T00:00:00Z,1910.300048828125,1910.300048828125,1910.300048828125,1910.300048828125,7
2026-01-23T00:00:00Z,2010.0,2033.5,2010.0,2010.0,16
2026-01-26T00:00:00Z,2064.5,2169.89990234375,2064.5,2169.89990234375,24
2026-01-27T00:00:00Z,1861.800048828125,1861.800048828125,1861.800048828125,1861.800048828125,0
2026-01-28T00:00:00Z,2025.4000244140625,2025.4000244140625,2025.4000244140625,2025.4000244140625,34
2026-01-29T00:00:00Z,2150.0,2150.0,2000.5999755859375,2000.5999755859375,11
2026-01-30T00:00:00Z,1826.0,1832.0,1688.300048828125,1688.300048828125,15
2026-02-02T00:00:00Z,1643.5,1689.9000244140625,1625.0,1689.9000244140625,40
2026-02-03T00:00:00Z,1746.0999755859375,1746.0999755859375,1746.0999755859375,1746.0999755859375,0
2026-02-04T00:00:00Z,1726.199951171875,1726.199951171875,1726.199951171875,1726.199951171875,0
2026-02-05T00:00:00Z,1688.9000244140625,1688.9000244140625,1688.9000244140625,1688.9000244140625,0
2026-02-06T00:00:00Z,1549.5,1732.699951171875,1549.5,1732.699951171875,19
2026-02-09T00:00:00Z,1737.0999755859375,1737.0999755859375,1737.0999755859375,1737.0999755859375,0
2026-02-10T00:00:00Z,1722.699951171875,1722.699951171875,1722.699951171875,1722.699951171875,0
2026-02-11T00:00:00Z,1735.300048828125,1735.300048828125,1735.300048828125,1735.300048828125,0
2026-02-12T00:00:00Z,1650.300048828125,1650.300048828125,1650.300048828125,1650.300048828125,0
2026-02-13T00:00:00Z,1697.5,1732.0,1697.5,1697.5,14
2026-02-17T00:00:00Z,1675.199951171875,1675.199951171875,1675.199951171875,1675.199951171875,7
2026-02-18T00:00:00Z,1751.300048828125,1751.300048828125,1751.300048828125,1751.300048828125,0
2026-02-19T00:00:00Z,1690.4000244140625,1690.4000244140625,1690.4000244140625,1690.4000244140625,0
2026-02-20T00:00:00Z,1774.199951171875,1774.199951171875,1774.199951171875,1774.199951171875,2
2026-02-23T00:00:00Z,1772.199951171875,1772.199951171875,1772.199951171875,1772.199951171875,2
2026-02-24T00:00:00Z,1813.5,1813.5,1813.5,1813.5,0
2026-02-25T00:00:00Z,1834.0999755859375,1834.0999755859375,1834.0999755859375,1834.0999755859375,3403
2026-02-26T00:00:00Z,1809.0,1812.0,1727.5,1748.5999755859375,825
2026-02-27T00:00:00Z,1774.5,1842.0,1774.5,1792.199951171875,41
2026-03-02T00:00:00Z,1766.5,1767.5,1757.0,1762.5999755859375,25
2026-03-03T00:00:00Z,1650.5,1650.5,1627.0,1635.0,22
2026-03-04T00:00:00Z,1667.800048828125,1667.800048828125,1667.800048828125,1667.800048828125,18
2026-03-05T00:00:00Z,1660.0,1660.0,1620.199951171875,1620.199951171875,175
2026-03-06T00:00:00Z,1631.699951171875,1631.699951171875,1631.699951171875,1631.699951171875,2
2026-03-09T00:00:00Z,1591.5,1662.199951171875,1564.0,1662.199951171875,52
2026-03-10T00:00:00Z,1668.699951171875,1668.699951171875,1668.699951171875,1668.699951171875,0
2026-03-11T00:00:00Z,1624.4000244140625,1624.4000244140625,1614.5,1624.4000244140625,16
2026-03-12T00:00:00Z,1621.9000244140625,1621.9000244140625,1621.9000244140625,1621.9000244140625,2
2026-03-13T00:00:00Z,1554.0999755859375,1554.0999755859375,1554.0999755859375,1554.0999755859375,0
2026-03-16T00:00:00Z,1584.5,1584.5,1584.5,1584.5,0
2026-03-17T00:00:00Z,1614.0,1614.0,1614.0,1614.0,2
2026-03-18T00:00:00Z,1517.0999755859375,1517.0999755859375,1517.0999755859375,1517.0999755859375,0
2026-03-19T00:00:00Z,1434.5999755859375,1435.0,1434.5999755859375,1434.5999755859375,9
2026-03-20T00:00:00Z,1392.5,1424.800048828125,1387.0,1424.800048828125,2
2026-03-23T00:00:00Z,1371.0,1411.300048828125,1371.0,1411.300048828125,4
2026-03-24T00:00:00Z,1416.0,1422.0,1405.5,1411.199951171875,8
2026-03-25T00:00:00Z,1416.0,1416.0,1416.0,1416.0,2
2026-03-26T00:00:00Z,1341.300048828125,1341.300048828125,1341.300048828125,1341.300048828125,0
2026-03-27T00:00:00Z,1390.9000244140625,1390.9000244140625,1390.9000244140625,1390.9000244140625,22
2026-03-30T00:00:00Z,1413.5,1418.0,1402.5,1418.0,43
2026-03-31T00:00:00Z,1471.199951171875,1471.199951171875,1471.199951171875,1471.199951171875,0
2026-04-01T00:00:00Z,1478.4000244140625,1478.4000244140625,1478.4000244140625,1478.4000244140625,4
2026-04-02T00:00:00Z,1491.4000244140625,1491.4000244140625,1491.4000244140625,1491.4000244140625,0
2026-04-06T00:00:00Z,1476.199951171875,1476.199951171875,1476.199951171875,1476.199951171875,0
2026-04-07T00:00:00Z,1442.0,1442.0,1442.0,1442.0,0
2026-04-08T00:00:00Z,1586.9000244140625,1586.9000244140625,1586.9000244140625,1586.9000244140625,0
2026-04-09T00:00:00Z,1553.0,1553.0,1553.0,1553.0,0
2026-04-10T00:00:00Z,1528.0999755859375,1528.0999755859375,1528.0999755859375,1528.0999755859375,3
2026-04-13T00:00:00Z,1526.5,1569.800048828125,1525.0,1569.800048828125,30
2026-04-14T00:00:00Z,1587.0,1587.0,1579.4000244140625,1579.4000244140625,3
2026-04-15T00:00:00Z,1578.0999755859375,1578.0999755859375,1578.0999755859375,1578.0999755859375,1
2026-04-16T00:00:00Z,1570.5,1570.5,1570.5,1570.5,12
2026-04-17T00:00:00Z,1590.4000244140625,1590.4000244140625,1590.4000244140625,1590.4000244140625,1
2026-04-20T00:00:00Z,1559.5999755859375,1559.5999755859375,1559.5999755859375,1559.5999755859375,3
2026-04-21T00:00:00Z,1531.699951171875,1531.699951171875,1531.699951171875,1531.699951171875,0
2026-04-22T00:00:00Z,1547.0999755859375,1547.0999755859375,1547.0999755859375,1547.0999755859375,0
2026-04-23T00:00:00Z,1484.5999755859375,1484.5999755859375,1484.5999755859375,1484.5999755859375,3
2026-04-24T00:00:00Z,1501.5,1501.5,1501.5,1501.5,1
2026-04-27T00:00:00Z,1477.699951171875,1477.699951171875,1477.699951171875,1477.699951171875,4
2026-04-28T00:00:00Z,1461.0999755859375,1461.0999755859375,1461.0999755859375,1461.0999755859375,4
2026-04-29T00:00:00Z,1461.800048828125,1461.800048828125,1461.800048828125,1461.800048828125,14
2026-04-30T00:00:00Z,1526.4000244140625,1526.4000244140625,1526.4000244140625,1526.4000244140625,0
2026-05-01T00:00:00Z,1539.199951171875,1539.199951171875,1539.199951171875,1539.199951171875,0
2026-05-04T00:00:00Z,1494.0,1494.0,1474.699951171875,1474.699951171875,1
2026-05-05T00:00:00Z,1505.0,1507.0999755859375,1505.0,1507.0999755859375,1
2026-05-06T00:00:00Z,1546.0,1546.0,1546.0,1546.0,0
2026-05-07T00:00:00Z,1517.800048828125,1517.800048828125,1491.0,1517.800048828125,4
2026-05-08T00:00:00Z,1482.5999755859375,1482.5999755859375,1482.5999755859375,1482.5999755859375,2
2026-05-11T00:00:00Z,1513.800048828125,1513.800048828125,1513.800048828125,1513.800048828125,1
2026-05-12T00:00:00Z,1485.699951171875,1485.699951171875,1485.699951171875,1485.699951171875,0
2026-05-13T00:00:00Z,1531.0,1531.0,1531.0,1531.0,1
2026-05-14T00:00:00Z,1456.5999755859375,1456.5999755859375,1456.5999755859375,1456.5999755859375,1
2026-05-15T00:00:00Z,1460.0,1460.0,1413.0,1428.0,1751
