Datetime,Open,High,Low,Close
2003-01-20 00:00:00+00:00,1.4632999897003174,1.4702999591827393,1.4620000123977661,1.4664000272750854
2003-01-27 00:00:00+00:00,1.4664000272750854,1.4714000225067139,1.4635000228881836,1.4665000438690186
2003-02-03 00:00:00+00:00,1.4665000438690186,1.4694000482559204,1.4610999822616577,1.46589994430542
2003-02-10 00:00:00+00:00,1.465999960899353,1.4709999561309814,1.4642000198364258,1.4706000089645386
2003-02-17 00:00:00+00:00,1.4707000255584717,1.4793000221252441,1.4657000303268433,1.4704999923706055
2003-02-24 00:00:00+00:00,1.4703999757766724,1.4707000255584717,1.4580999612808228,1.461300015449524
2003-03-03 00:00:00+00:00,1.4610999822616577,1.4707000255584717,1.4560999870300293,1.4694000482559204
2003-03-10 00:00:00+00:00,1.4692000150680542,1.4711999893188477,1.4636000394821167,1.466599941253662
2003-03-17 00:00:00+00:00,1.46589994430542,1.4864000082015991,1.4642000198364258,1.4737000465393066
2003-03-24 00:00:00+00:00,1.4737000465393066,1.4809999465942383,1.4697999954223633,1.4774999618530273
2003-03-30 23:00:00+00:00,1.4774999618530273,1.4926999807357788,1.4723000526428223,1.4873000383377075
2003-04-06 23:00:00+00:00,1.4871000051498413,1.4997999668121338,1.4830000400543213,1.4972000122070312
2003-04-13 23:00:00+00:00,1.4972000122070312,1.5049999952316284,1.4886000156402588,1.5022000074386597
2003-04-20 23:00:00+00:00,1.5023000240325928,1.5096999406814575,1.4986000061035156,1.5016000270843506
2003-04-27 23:00:00+00:00,1.5016000270843506,1.5194000005722046,1.5009000301361084,1.5087000131607056
2003-05-04 23:00:00+00:00,1.5087000131607056,1.518399953842163,1.5015000104904175,1.5104999542236328
2003-05-11 23:00:00+00:00,1.5166000127792358,1.52839994430542,1.5032999515533447,1.5132999420166016
2003-05-18 23:00:00+00:00,1.5134999752044678,1.5264999866485596,1.5056999921798706,1.5256999731063843
2003-05-25 23:00:00+00:00,1.5253000259399414,1.539199948310852,1.519700050354004,1.5286999940872192
2003-06-01 23:00:00+00:00,1.5291999578475952,1.549399971961975,1.5225000381469727,1.5436999797821045
2003-06-08 23:00:00+00:00,1.5442999601364136,1.549399971961975,1.5329999923706055,1.5400999784469604
2003-06-15 23:00:00+00:00,1.5400999784469604,1.5539000034332275,1.5383000373840332,1.5425000190734863
2003-06-22 23:00:00+00:00,1.5425000190734863,1.5479999780654907,1.5259000062942505,1.5422999858856201
2003-06-29 23:00:00+00:00,1.5422999858856201,1.5591000318527222,1.5408999919891357,1.5479999780654907
2003-07-06 23:00:00+00:00,1.5484000444412231,1.559399962425232,1.531599998474121,1.552899956703186
2003-07-13 23:00:00+00:00,1.552899956703186,1.5542000532150269,1.5206999778747559,1.5334999561309814
2003-07-20 23:00:00+00:00,1.533400058746338,1.5498000383377075,1.5324000120162964,1.5467000007629395
2003-07-27 23:00:00+00:00,1.5470999479293823,1.551300048828125,1.5291999578475952,1.5384000539779663
2003-08-03 23:00:00+00:00,1.5382000207901,1.5393999814987183,1.527500033378601,1.5371999740600586
2003-08-10 23:00:00+00:00,1.5369000434875488,1.54830002784729,1.5341999530792236,1.544700026512146
2003-08-17 23:00:00+00:00,1.544700026512146,1.551300048828125,1.5394999980926514,1.5406999588012695
2003-08-24 23:00:00+00:00,1.5407999753952026,1.5427000522613525,1.5322999954223633,1.5382000207901
2003-08-31 23:00:00+00:00,1.5377999544143677,1.5410000085830688,1.5300999879837036,1.5356999635696411
2003-09-07 23:00:00+00:00,1.5356999635696411,1.5591000318527222,1.5353000164031982,1.5546000003814697
2003-09-14 23:00:00+00:00,1.5542999505996704,1.5628999471664429,1.5476000308990479,1.5582000017166138
2003-09-21 23:00:00+00:00,1.5582000017166138,1.5586999654769897,1.5397000312805176,1.5414999723434448
2003-09-28 23:00:00+00:00,1.5413999557495117,1.5484999418258667,1.531000018119812,1.5454000234603882
2003-10-05 23:00:00+00:00,1.5454000234603882,1.5525000095367432,1.5426000356674194,1.54830002784729
2003-10-12 23:00:00+00:00,1.548200011253357,1.5550999641418457,1.5425000190734863,1.5521999597549438
2003-10-19 23:00:00+00:00,1.5520999431610107,1.554900050163269,1.5419000387191772,1.5468000173568726
2003-10-27 00:00:00+00:00,1.5460000038146973,1.5542999505996704,1.545300006866455,1.551900029182434
2003-11-03 00:00:00+00:00,1.5521999597549438,1.5748000144958496,1.5504000186920166,1.5734000205993652
2003-11-10 00:00:00+00:00,1.5733000040054321,1.5750999450683594,1.5608999729156494,1.5621000528335571
2003-11-17 00:00:00+00:00,1.5628000497817993,1.5640000104904175,1.5403000116348267,1.5467000007629395
2003-11-24 00:00:00+00:00,1.5469000339508057,1.555799961090088,1.5414999723434448,1.549299955368042
2003-12-01 00:00:00+00:00,1.5489000082015991,1.559999942779541,1.5463000535964966,1.5514999628067017
2003-12-08 00:00:00+00:00,1.5520000457763672,1.5556999444961548,1.5327999591827393,1.5535999536514282
2003-12-15 00:00:00+00:00,1.5535999536514282,1.5580999851226807,1.5496000051498413,1.5530999898910522
2003-12-22 00:00:00+00:00,1.5530999898910522,1.5687999725341797,1.551200032234192,1.557800054550171
2003-12-29 00:00:00+00:00,1.5577000379562378,1.5622999668121338,1.545699954032898,1.5601999759674072
2004-01-05 00:00:00+00:00,1.5605000257492065,1.5708999633789062,1.5577000379562378,1.566499948501587
2004-01-12 00:00:00+00:00,1.5664000511169434,1.570199966430664,1.5368000268936157,1.5680999755859375
2004-01-19 00:00:00+00:00,1.5679999589920044,1.573799967765808,1.5608999729156494,1.5633000135421753
2004-01-26 00:00:00+00:00,1.5634000301361084,1.5715999603271484,1.5597000122070312,1.5677000284194946
2004-02-02 00:00:00+00:00,1.5677000284194946,1.5709999799728394,1.551200032234192,1.5672999620437622
2004-02-09 00:00:00+00:00,1.5676000118255615,1.5799000263214111,1.565000057220459,1.57669997215271
2004-02-16 00:00:00+00:00,1.5759999752044678,1.5806000232696533,1.5724999904632568,1.5784000158309937
2004-02-23 00:00:00+00:00,1.5779000520706177,1.5799000263214111,1.5712000131607056,1.576300024986267
2004-03-01 00:00:00+00:00,1.5764000415802002,1.5865999460220337,1.5743000507354736,1.5779999494552612
2004-03-08 00:00:00+00:00,1.5780999660491943,1.5851000547409058,1.5429999828338623,1.5640000104904175
2004-03-15 00:00:00+00:00,1.5641000270843506,1.570199966430664,1.5551999807357788,1.5599000453948975
2004-03-22 00:00:00+00:00,1.5597000122070312,1.5607999563217163,1.5408999919891357,1.5568000078201294
2004-03-28 23:00:00+00:00,1.5568000078201294,1.5679999589920044,1.5551999807357788,1.5651999711990356
2004-04-04 23:00:00+00:00,1.5648000240325928,1.56850004196167,1.5468000173568726,1.5478999614715576
2004-04-11 23:00:00+00:00,1.5480999946594238,1.5556999444961548,1.544600009918213,1.5504000186920166
2004-04-18 23:00:00+00:00,1.5508999824523926,1.5633000135421753,1.54830002784729,1.5562000274658203
2004-04-25 23:00:00+00:00,1.555999994277954,1.5578999519348145,1.5425000190734863,1.5509999990463257
2004-05-02 23:00:00+00:00,1.5511000156402588,1.5541000366210938,1.5448999404907227,1.5467000007629395
2004-05-09 23:00:00+00:00,1.5470000505447388,1.5471999645233154,1.53410005569458,1.5401999950408936
2004-05-16 23:00:00+00:00,1.5401999950408936,1.541599988937378,1.5313999652862549,1.5361000299453735
2004-05-23 23:00:00+00:00,1.5361000299453735,1.541200041770935,1.5260000228881836,1.5283000469207764
2004-05-30 23:00:00+00:00,1.52839994430542,1.5326000452041626,1.5199999809265137,1.5221999883651733
2004-06-06 23:00:00+00:00,1.5223000049591064,1.5254000425338745,1.5032999515533447,1.5121999979019165
2004-06-13 23:00:00+00:00,1.5119999647140503,1.5264999866485596,1.5061999559402466,1.5104999542236328
2004-06-20 23:00:00+00:00,1.5108000040054321,1.5403000116348267,1.5073000192642212,1.517799973487854
2004-06-27 23:00:00+00:00,1.5180000066757202,1.5298999547958374,1.513100028038025,1.5147000551223755
2004-07-04 23:00:00+00:00,1.5147000551223755,1.5216000080108643,1.5144000053405762,1.517699956893921
2004-07-11 23:00:00+00:00,1.5175000429153442,1.5388000011444092,1.516700029373169,1.5252000093460083
2004-07-18 23:00:00+00:00,1.5253000259399414,1.5361000299453735,1.5242999792099,1.5331000089645386
2004-07-25 23:00:00+00:00,1.5326000452041626,1.5433000326156616,1.5312000513076782,1.538599967956543
2004-08-01 23:00:00+00:00,1.538599967956543,1.542199969291687,1.5334999561309814,1.5358999967575073
2004-08-08 23:00:00+00:00,1.5360000133514404,1.544700026512146,1.530900001525879,1.531499981880188
2004-08-15 23:00:00+00:00,1.5313999652862549,1.545300006866455,1.5300999879837036,1.5405000448226929
2004-08-22 23:00:00+00:00,1.5405000448226929,1.555400013923645,1.5357999801635742,1.5401999950408936
2004-08-29 23:00:00+00:00,1.5401999950408936,1.5430999994277954,1.5263999700546265,1.5321999788284302
2004-09-05 23:00:00+00:00,1.532099962234497,1.5430999994277954,1.5307999849319458,1.5419000387191772
2004-09-12 23:00:00+00:00,1.5418000221252441,1.5583000183105469,1.5399999618530273,1.5464999675750732
2004-09-19 23:00:00+00:00,1.5463999509811401,1.5506000518798828,1.5432000160217285,1.54830002784729
2004-09-26 23:00:00+00:00,1.547700047492981,1.55649995803833,1.5468000173568726,1.5499999523162842
2004-10-03 23:00:00+00:00,1.5503000020980835,1.555899977684021,1.5490000247955322,1.5500999689102173
2004-10-10 23:00:00+00:00,1.5506000518798828,1.5514999628067017,1.5365999937057495,1.5382000207901
2004-10-17 23:00:00+00:00,1.5382000207901,1.5413000583648682,1.5326000452041626,1.534500002861023
2004-10-24 23:00:00+00:00,1.5334999561309814,1.5348000526428223,1.5246000289916992,1.5282000303268433
2004-11-01 00:00:00+00:00,1.5290000438690186,1.5348000526428223,1.5228999853134155,1.526900053024292
2004-11-08 00:00:00+00:00,1.5269999504089355,1.5290000438690186,1.5104000568389893,1.5189000368118286
2004-11-15 00:00:00+00:00,1.5199999809265137,1.5269999504089355,1.5092999935150146,1.513200044631958
2004-11-22 00:00:00+00:00,1.5132999420166016,1.5182000398635864,1.507099986076355,1.513700008392334
2004-11-29 00:00:00+00:00,1.5135999917984009,1.5306999683380127,1.509600043296814,1.5204999446868896
2004-12-06 00:00:00+00:00,1.5205999612808228,1.5436999797821045,1.5199999809265137,1.5353000164031982
2004-12-13 00:00:00+00:00,1.5353000164031982,1.541700005531311,1.526900053024292,1.5393999814987183
2004-12-20 00:00:00+00:00,1.5390000343322754,1.548200011253357,1.5341999530792236,1.5463999509811401
2004-12-27 00:00:00+00:00,1.5462000370025635,1.5496000051498413,1.5406999588012695,1.5444999933242798
2005-01-03 00:00:00+00:00,1.5448999404907227,1.5544999837875366,1.5413000583648682,1.5477999448776245
2005-01-10 00:00:00+00:00,1.5477999448776245,1.5513999462127686,1.5430999994277954,1.5470999479293823
2005-01-17 00:00:00+00:00,1.5470999479293823,1.5498000383377075,1.537600040435791,1.5464999675750732
2005-01-24 00:00:00+00:00,1.5463999509811401,1.5505000352859497,1.5426000356674194,1.5484000444412231
2005-01-31 00:00:00+00:00,1.548200011253357,1.5612000226974487,1.5465999841690063,1.557800054550171
2005-02-07 00:00:00+00:00,1.5580999851226807,1.5631999969482422,1.5525000095367432,1.5571000576019287
2005-02-14 00:00:00+00:00,1.5571999549865723,1.5573999881744385,1.544600009918213,1.5460000038146973
2005-02-21 00:00:00+00:00,1.5461000204086304,1.5462000370025635,1.5347000360488892,1.5388000011444092
2005-02-28 00:00:00+00:00,1.538699984550476,1.5496000051498413,1.53410005569458,1.5478999614715576
2005-03-07 00:00:00+00:00,1.5475000143051147,1.5537999868392944,1.545799970626831,1.5476000308990479
2005-03-14 00:00:00+00:00,1.5475000143051147,1.5521999597549438,1.544100046157837,1.5501999855041504
2005-03-21 00:00:00+00:00,1.5501999855041504,1.55649995803833,1.5480999946594238,1.5543999671936035
2005-03-27 23:00:00+00:00,1.5546000003814697,1.5555000305175781,1.5473999977111816,1.5536999702453613
2005-04-03 23:00:00+00:00,1.5534000396728516,1.5549999475479126,1.5468000173568726,1.5477999448776245
2005-04-10 23:00:00+00:00,1.5477999448776245,1.5570000410079956,1.5462000370025635,1.5503000020980835
2005-04-17 23:00:00+00:00,1.5504000186920166,1.5508999824523926,1.5384999513626099,1.542099952697754
2005-04-24 23:00:00+00:00,1.5424000024795532,1.544700026512146,1.534999966621399,1.538599967956543
2005-05-01 23:00:00+00:00,1.538599967956543,1.5494999885559082,1.5372999906539917,1.5471999645233154
2005-05-08 23:00:00+00:00,1.5471999645233154,1.548799991607666,1.5414999723434448,1.5458999872207642
2005-05-15 23:00:00+00:00,1.5458999872207642,1.5499000549316406,1.541100025177002,1.548799991607666
2005-05-22 23:00:00+00:00,1.548699975013733,1.5497000217437744,1.5404000282287598,1.544800043106079
2005-05-29 23:00:00+00:00,1.5449999570846558,1.5460000038146973,1.5299999713897705,1.532099962234497
2005-06-05 23:00:00+00:00,1.5324000120162964,1.5390000343322754,1.5289000272750854,1.5368000268936157
2005-06-12 23:00:00+00:00,1.5372999906539917,1.5464999675750732,1.5356999635696411,1.5426000356674194
2005-06-19 23:00:00+00:00,1.5427000522613525,1.5449999570846558,1.5370999574661255,1.5403000116348267
2005-06-26 23:00:00+00:00,1.5401999950408936,1.5547000169754028,1.5397000312805176,1.5489000082015991
2005-07-03 23:00:00+00:00,1.5467000007629395,1.555799961090088,1.5441999435424805,1.555299997329712
2005-07-10 23:00:00+00:00,1.555299997329712,1.5607000589370728,1.5529999732971191,1.5598000288009644
2005-07-17 23:00:00+00:00,1.5599000453948975,1.5657999515533447,1.558899998664856,1.5642999410629272
2005-07-24 23:00:00+00:00,1.5641000270843506,1.5823999643325806,1.5579999685287476,1.562600016593933
2005-07-31 23:00:00+00:00,1.5621000528335571,1.5635000467300415,1.5546000003814697,1.5600999593734741
2005-08-07 23:00:00+00:00,1.559999942779541,1.5613000392913818,1.5503000020980835,1.5511000156402588
2005-08-14 23:00:00+00:00,1.551200032234192,1.5527000427246094,1.5449999570846558,1.5498000383377075
2005-08-21 23:00:00+00:00,1.5499000549316406,1.555400013923645,1.5418000221252441,1.545799970626831
2005-08-28 23:00:00+00:00,1.5464999675750732,1.551800012588501,1.5282000303268433,1.5403000116348267
2005-09-04 23:00:00+00:00,1.5404000282287598,1.545199990272522,1.5394999980926514,1.5425000190734863
2005-09-11 23:00:00+00:00,1.5424000024795532,1.5547000169754028,1.541700005531311,1.5508999824523926
2005-09-18 23:00:00+00:00,1.5508999824523926,1.5569000244140625,1.54830002784729,1.555999994277954
2005-09-25 23:00:00+00:00,1.5562000274658203,1.5587999820709229,1.5530999898910522,1.5547000169754028
2005-10-02 23:00:00+00:00,1.5546000003814697,1.555799961090088,1.5444999933242798,1.5505000352859497
2005-10-09 23:00:00+00:00,1.5505000352859497,1.55239999294281,1.5454000234603882,1.5507999658584595
2005-10-16 23:00:00+00:00,1.5507999658584595,1.55649995803833,1.5396000146865845,1.5435999631881714
2005-10-23 23:00:00+00:00,1.542799949645996,1.5485999584197998,1.5413000583648682,1.544600009918213
2005-10-31 00:00:00+00:00,1.5444999933242798,1.5485999584197998,1.541100025177002,1.545300006866455
2005-11-07 00:00:00+00:00,1.5449999570846558,1.545799970626831,1.535599946975708,1.5378999710083008
2005-11-14 00:00:00+00:00,1.5383000373840332,1.549299955368042,1.5370999574661255,1.5478999614715576
2005-11-21 00:00:00+00:00,1.5478999614715576,1.5515999794006348,1.5434999465942383,1.5449999570846558
2005-11-28 00:00:00+00:00,1.544700026512146,1.5506999492645264,1.541700005531311,1.5432000160217285
2005-12-05 00:00:00+00:00,1.5434999465942383,1.5454000234603882,1.5354000329971313,1.5382000207901
2005-12-12 00:00:00+00:00,1.5384999513626099,1.5507999658584595,1.5367000102996826,1.5500999689102173
2005-12-19 00:00:00+00:00,1.5499999523162842,1.5578999519348145,1.5484000444412231,1.5544999837875366
2005-12-26 00:00:00+00:00,1.554800033569336,1.568600058555603,1.5530999898910522,1.5555000305175781
2006-01-02 00:00:00+00:00,1.554800033569336,1.5568000078201294,1.5404000282287598,1.5430999994277954
2006-01-09 00:00:00+00:00,1.5428999662399292,1.5501999855041504,1.5408999919891357,1.5498000383377075
2006-01-16 00:00:00+00:00,1.5498000383377075,1.5542000532150269,1.545699954032898,1.5489000082015991
2006-01-23 00:00:00+00:00,1.5490000247955322,1.5555000305175781,1.545799970626831,1.5520999431610107
2006-01-30 00:00:00+00:00,1.5525000095367432,1.5580999851226807,1.551200032234192,1.5556000471115112
2006-02-06 00:00:00+00:00,1.555400013923645,1.5771000385284424,1.5516999959945679,1.555400013923645
2006-02-13 00:00:00+00:00,1.5551999807357788,1.5640000104904175,1.5539000034332275,1.5636999607086182
2006-02-20 00:00:00+00:00,1.5637500286102295,1.5651999711990356,1.5568000078201294,1.5637999773025513
2006-02-27 00:00:00+00:00,1.5636999607086182,1.5674999952316284,1.5599000453948975,1.5607500076293945
2006-03-06 00:00:00+00:00,1.5602999925613403,1.5693999528884888,1.557800054550171,1.568600058555603
2006-03-13 00:00:00+00:00,1.569100022315979,1.5742000341415405,1.562399983406067,1.5720000267028809
2006-03-20 00:00:00+00:00,1.5720000267028809,1.5785000324249268,1.569200038909912,1.5765000581741333
2006-03-26 23:00:00+00:00,1.57669997215271,1.5816500186920166,1.5698000192642212,1.5795999765396118
2006-04-02 23:00:00+00:00,1.5795999765396118,1.5853999853134155,1.5720000267028809,1.573799967765808
2006-04-09 23:00:00+00:00,1.5742000341415405,1.5784000158309937,1.5686999559402466,1.5722999572753906
2006-04-16 23:00:00+00:00,1.5720000267028809,1.575850009918213,1.5635000467300415,1.5733000040054321
2006-04-23 23:00:00+00:00,1.573099970817566,1.5822999477386475,1.5627000331878662,1.5640000104904175
2006-04-30 23:00:00+00:00,1.5639499425888062,1.5657999515533447,1.5572999715805054,1.5600500106811523
2006-05-07 23:00:00+00:00,1.5599000453948975,1.5621999502182007,1.5460000038146973,1.5460000038146973
2006-05-14 23:00:00+00:00,1.5463000535964966,1.5569000244140625,1.5455000400543213,1.5535999536514282
2006-05-21 23:00:00+00:00,1.5535000562667847,1.5628999471664429,1.5468000173568726,1.5616999864578247
2006-05-28 23:00:00+00:00,1.5618000030517578,1.5650999546051025,1.556399941444397,1.5592000484466553
2006-06-04 23:00:00+00:00,1.5592000484466553,1.5637999773025513,1.554800033569336,1.5565999746322632
2006-06-11 23:00:00+00:00,1.556399941444397,1.5580999851226807,1.5494999885559082,1.555899977684021
2006-06-18 23:00:00+00:00,1.5556999444961548,1.564650058746338,1.5550999641418457,1.5621000528335571
2006-06-25 23:00:00+00:00,1.5615999698638916,1.5680999755859375,1.5605000257492065,1.5636999607086182
2006-07-02 23:00:00+00:00,1.5640000104904175,1.5708999633789062,1.5635000467300415,1.566499948501587
2006-07-09 23:00:00+00:00,1.566499948501587,1.5686999559402466,1.5586999654769897,1.5601999759674072
2006-07-16 23:00:00+00:00,1.5597000122070312,1.57260000705719,1.55840003490448,1.569599986076355
2006-07-23 23:00:00+00:00,1.5694999694824219,1.5787999629974365,1.569000005722046,1.5729000568389893
2006-07-30 23:00:00+00:00,1.572700023651123,1.5787999629974365,1.5693999528884888,1.5736000537872314
2006-08-06 23:00:00+00:00,1.5736000537872314,1.5819000005722046,1.5708999633789062,1.5784000158309937
2006-08-13 23:00:00+00:00,1.5786000490188599,1.582800030708313,1.5764000415802002,1.5819000005722046
2006-08-20 23:00:00+00:00,1.5814000368118286,1.5817999839782715,1.5760999917984009,1.5812000036239624
2006-08-27 23:00:00+00:00,1.5806000232696533,1.582200050354004,1.5735000371932983,1.5791000127792358
2006-09-03 23:00:00+00:00,1.5791000127792358,1.5849000215530396,1.57669997215271,1.5809999704360962
2006-09-10 23:00:00+00:00,1.5813000202178955,1.596500039100647,1.5782999992370605,1.5891000032424927
2006-09-17 23:00:00+00:00,1.5891000032424927,1.5943000316619873,1.5786999464035034,1.580399990081787
2006-09-24 23:00:00+00:00,1.580299973487854,1.5896999835968018,1.5757999420166016,1.5851000547409058
2006-10-01 23:00:00+00:00,1.5850000381469727,1.591249942779541,1.582200050354004,1.5880000591278076
2006-10-08 23:00:00+00:00,1.5880999565124512,1.5959999561309814,1.5859999656677246,1.5928000211715698
2006-10-15 23:00:00+00:00,1.592900037765503,1.5937999486923218,1.5853999853134155,1.5879000425338745
2006-10-22 23:00:00+00:00,1.5877000093460083,1.5943000316619873,1.5867999792099,1.589400053024292
2006-10-30 00:00:00+00:00,1.5894999504089355,1.5957000255584717,1.5857000350952148,1.5932999849319458
2006-11-06 00:00:00+00:00,1.5936000347137451,1.5980000495910645,1.590999960899353,1.5916999578475952
2006-11-13 00:00:00+00:00,1.5920000076293945,1.600600004196167,1.5908000469207764,1.5954999923706055
2006-11-20 00:00:00+00:00,1.5954999923706055,1.597100019454956,1.579800009727478,1.5836999416351318
2006-11-27 00:00:00+00:00,1.5835000276565552,1.5924999713897705,1.5827000141143799,1.590499997138977
2006-12-04 00:00:00+00:00,1.5902999639511108,1.593999981880188,1.5860999822616577,1.5894999504089355
2006-12-11 00:00:00+00:00,1.5895999670028687,1.5995999574661255,1.5773999691009521,1.597599983215332
2006-12-18 00:00:00+00:00,1.5975500345230103,1.6051000356674194,1.59660005569458,1.6017999649047852
2006-12-25 00:00:00+00:00,1.601699948310852,1.6103999614715576,1.5967999696731567,1.6088000535964966
2007-01-01 00:00:00+00:00,1.6088999509811401,1.6169999837875366,1.604200005531311,1.6071499586105347
2007-01-08 00:00:00+00:00,1.6071499586105347,1.6167999505996704,1.6059000492095947,1.6123000383377075
2007-01-15 00:00:00+00:00,1.6123000383377075,1.6196000576019287,1.6109999418258667,1.617799997329712
2007-01-22 00:00:00+00:00,1.617799997329712,1.6224000453948975,1.6126999855041504,1.6188000440597534
2007-01-29 00:00:00+00:00,1.6188000440597534,1.6258000135421753,1.6145999431610107,1.617400050163269
2007-02-05 00:00:00+00:00,1.617400050163269,1.6273000240325928,1.608199954032898,1.6237000226974487
2007-02-12 00:00:00+00:00,1.6236499547958374,1.628600001335144,1.6187000274658203,1.621250033378601
2007-02-19 00:00:00+00:00,1.621250033378601,1.628600001335144,1.6195000410079956,1.6225999593734741
2007-02-26 00:00:00+00:00,1.622499942779541,1.6238000392913818,1.6025999784469604,1.6030000448226929
2007-03-05 00:00:00+00:00,1.6029000282287598,1.6222000122070312,1.5928000211715698,1.6186000108718872
2007-03-12 00:00:00+00:00,1.6186000108718872,1.6194000244140625,1.6028000116348267,1.6057000160217285
2007-03-19 00:00:00+00:00,1.6055999994277954,1.623900055885315,1.605299949645996,1.6196000576019287
2007-03-25 23:00:00+00:00,1.6192699670791626,1.6266000270843506,1.614799976348877,1.6224000453948975
2007-04-01 23:00:00+00:00,1.622499942779541,1.6367000341415405,1.6208000183105469,1.634600043296814
2007-04-08 23:00:00+00:00,1.634600043296814,1.646399974822998,1.6331000328063965,1.646399974822998
2007-04-15 23:00:00+00:00,1.6464999914169312,1.6571999788284302,1.632200002670288,1.6409000158309937
2007-04-22 23:00:00+00:00,1.6407999992370605,1.6464999914169312,1.6366000175476074,1.642300009727478
2007-04-29 23:00:00+00:00,1.642300009727478,1.65339994430542,1.641700029373169,1.645799994468689
2007-05-06 23:00:00+00:00,1.645900011062622,1.6507999897003174,1.6416000127792358,1.6482000350952148
2007-05-13 23:00:00+00:00,1.6483999490737915,1.6610000133514404,1.6476000547409058,1.6607999801635742
2007-05-20 23:00:00+00:00,1.6611000299453735,1.6611000299453735,1.6473000049591064,1.649999976158142
2007-05-27 23:00:00+00:00,1.649999976158142,1.654099941253662,1.6440000534057617,1.652999997138977
2007-06-03 23:00:00+00:00,1.6526999473571777,1.6547000408172607,1.6414999961853027,1.6509000062942505
2007-06-10 23:00:00+00:00,1.6506999731063843,1.662600040435791,1.6491999626159668,1.6617000102996826
2007-06-17 23:00:00+00:00,1.6619999408721924,1.666949987411499,1.6539000272750854,1.6541999578475952
2007-06-24 23:00:00+00:00,1.654099941253662,1.6572999954223633,1.6491999626159668,1.6535999774932861
2007-07-01 23:00:00+00:00,1.6532000303268433,1.6604000329971313,1.6461999416351318,1.659600019454956
2007-07-08 23:00:00+00:00,1.6593999862670898,1.6604000329971313,1.651900053024292,1.6569600105285645
2007-07-15 23:00:00+00:00,1.6569099426269531,1.6627999544143677,1.652500033378601,1.6611000299453735
2007-07-22 23:00:00+00:00,1.6611000299453735,1.6684000492095947,1.6440000534057617,1.6469999551773071
2007-07-29 23:00:00+00:00,1.6466000080108643,1.652899980545044,1.6347500085830688,1.6368999481201172
2007-08-05 23:00:00+00:00,1.6368999481201172,1.6513999700546265,1.63100004196167,1.6407999992370605
2007-08-12 23:00:00+00:00,1.6407999992370605,1.6442999839782715,1.618499994277954,1.6272000074386597
2007-08-19 23:00:00+00:00,1.6267999410629272,1.643399953842163,1.6204999685287476,1.6424000263214111
2007-08-26 23:00:00+00:00,1.6425000429153442,1.648300051689148,1.631500005722046,1.645400047302246
2007-09-02 23:00:00+00:00,1.6461000442504883,1.6495000123977661,1.6331000328063965,1.6334999799728394
2007-09-09 23:00:00+00:00,1.6368000507354736,1.6510800123214722,1.6361000537872314,1.6485999822616577
2007-09-16 23:00:00+00:00,1.6486999988555908,1.6628999710083008,1.642899990081787,1.6511000394821167
2007-09-23 23:00:00+00:00,1.6512000560760498,1.6619999408721924,1.6464999914169312,1.659000039100647
2007-09-30 23:00:00+00:00,1.6591999530792236,1.667099952697754,1.6575000286102295,1.6646000146865845
2007-10-07 23:00:00+00:00,1.6648000478744507,1.6825000047683716,1.6634999513626099,1.6785000562667847
2007-10-14 23:00:00+00:00,1.6783000230789185,1.6806000471115112,1.6633000373840332,1.6656999588012695
2007-10-21 23:00:00+00:00,1.6656999588012695,1.6786999702453613,1.663540005683899,1.6747000217437744
2007-10-29 00:00:00+00:00,1.6748000383377075,1.6806999444961548,1.6670000553131104,1.6712000370025635
2007-11-05 00:00:00+00:00,1.6705000400543213,1.6727999448776245,1.6446000337600708,1.6455999612808228
2007-11-12 00:00:00+00:00,1.6461000442504883,1.648900032043457,1.6349999904632568,1.638800024986267
2007-11-19 00:00:00+00:00,1.638700008392334,1.7264000177383423,1.503499984741211,1.6368999481201172
2007-11-26 00:00:00+00:00,1.6363999843597412,1.7135000228881836,1.63100004196167,1.6552000045776367
2007-12-03 00:00:00+00:00,1.6553000211715698,1.6571999788284302,1.645400047302246,1.6527999639511108
2007-12-10 00:00:00+00:00,1.6530499458312988,1.6722999811172485,1.6520999670028687,1.6646000146865845
2007-12-17 00:00:00+00:00,1.6648000478744507,1.6649999618530273,1.652999997138977,1.6613999605178833
2007-12-24 00:00:00+00:00,1.6614999771118164,1.6734000444412231,1.6200000047683716,1.6589000225067139
2007-12-31 00:00:00+00:00,1.6586999893188477,1.6586999893188477,1.6319999694824219,1.6331000328063965
2008-01-07 00:00:00+00:00,1.6332000494003296,1.6447999477386475,1.624899983406067,1.628000020980835
2008-01-14 00:00:00+00:00,1.6282999515533447,1.6309000253677368,1.6032999753952026,1.6070200204849243
2008-01-21 00:00:00+00:00,1.5968999862670898,1.6141999959945679,1.5830999612808228,1.6083999872207642
2008-01-28 00:00:00+00:00,1.608199954032898,1.617400050163269,1.601199984550476,1.61080002784729
2008-02-04 00:00:00+00:00,1.6109000444412231,1.6210999488830566,1.593400001525879,1.601099967956543
2008-02-11 00:00:00+00:00,1.601199984550476,1.6181000471115112,1.5942000150680542,1.6045000553131104
2008-02-18 00:00:00+00:00,1.6044000387191772,1.6227999925613403,1.604099988937378,1.6102999448776245
2008-02-25 00:00:00+00:00,1.6102999448776245,1.6172000169754028,1.5702999830245972,1.5713000297546387
2008-03-03 00:00:00+00:00,1.5708999633789062,1.5857000350952148,1.5666999816894531,1.5705000162124634
2008-03-10 00:00:00+00:00,1.5706000328063965,1.5872999429702759,1.5534000396728516,1.55649995803833
2008-03-17 00:00:00+00:00,1.5565999746322632,1.5698000192642212,1.534999966621399,1.5591000318527222
2008-03-24 00:00:00+00:00,1.5598000288009644,1.577299952507019,1.559499979019165,1.5705000162124634
2008-03-30 23:00:00+00:00,1.5712000131607056,1.587399959564209,1.5662000179290771,1.5816999673843384
2008-04-06 23:00:00+00:00,1.5822999477386475,1.5954999923706055,1.570199966430664,1.5812000036239624
2008-04-13 23:00:00+00:00,1.5814000368118286,1.6157000064849854,1.5758999586105347,1.6089999675750732
2008-04-20 23:00:00+00:00,1.6093000173568726,1.6246000528335571,1.601199984550476,1.6165000200271606
2008-04-27 23:00:00+00:00,1.6164000034332275,1.6318000555038452,1.6105999946594238,1.628100037574768
2008-05-04 23:00:00+00:00,1.6282999515533447,1.6345000267028809,1.6062999963760376,1.611299991607666
2008-05-11 23:00:00+00:00,1.611299991607666,1.6365000009536743,1.6103999614715576,1.6324000358581543
2008-05-18 23:00:00+00:00,1.6324000358581543,1.6373000144958496,1.6116000413894653,1.6157000064849854
2008-05-25 23:00:00+00:00,1.6153000593185425,1.6297999620437622,1.614799976348877,1.6247999668121338
2008-06-01 23:00:00+00:00,1.6217999458312988,1.6224000453948975,1.603700041770935,1.605299949645996
2008-06-08 23:00:00+00:00,1.6054999828338623,1.615399956703186,1.6022000312805176,1.611199975013733
2008-06-15 23:00:00+00:00,1.611199975013733,1.6217000484466553,1.6068999767303467,1.6175999641418457
2008-06-22 23:00:00+00:00,1.6174999475479126,1.624899983406067,1.6038000583648682,1.6075999736785889
2008-06-29 23:00:00+00:00,1.608299970626831,1.6146999597549438,1.6030000448226929,1.6094000339508057
2008-07-06 23:00:00+00:00,1.6090999841690063,1.6246000528335571,1.607200026512146,1.621500015258789
2008-07-13 23:00:00+00:00,1.621500015258789,1.623900055885315,1.5992000102996826,1.6198999881744385
2008-07-20 23:00:00+00:00,1.6194000244140625,1.6305999755859375,1.6160999536514282,1.628000020980835
2008-07-27 23:00:00+00:00,1.627500057220459,1.6365000009536743,1.625,1.6333999633789062
2008-08-24 23:00:00+00:00,1.6165000200271606,1.6180000305175781,1.6093000173568726,1.613700032234192
2008-08-31 23:00:00+00:00,1.6136000156402588,1.6161999702453613,1.5819000005722046,1.6051000356674194
2008-09-07 23:00:00+00:00,1.6051000356674194,1.611199975013733,1.5836999416351318,1.600100040435791
2008-09-14 23:00:00+00:00,1.600600004196167,1.605299949645996,1.5750999450683594,1.5951999425888062
2008-09-21 23:00:00+00:00,1.5956000089645386,1.6019999980926514,1.5815000534057617,1.5886000394821167
2008-09-28 23:00:00+00:00,1.5885000228881836,1.5920000076293945,1.5491000413894653,1.548699975013733
2008-10-05 23:00:00+00:00,1.5484000444412231,1.5612000226974487,1.4952000379562378,1.5360000133514404
2008-10-12 23:00:00+00:00,1.5362999439239502,1.5556000471115112,1.5144000053405762,1.523300051689148
2008-10-19 23:00:00+00:00,1.523300051689148,1.535099983215332,1.4419000148773193,1.4677000045776367
2008-10-27 00:00:00+00:00,1.4682999849319458,1.4902000427246094,1.4321999549865723,1.4763000011444092
2008-11-03 00:00:00+00:00,1.4759999513626099,1.5168999433517456,1.4746999740600586,1.5068999528884888
2008-11-10 00:00:00+00:00,1.507200002670288,1.5206999778747559,1.4717999696731567,1.5018999576568604
2008-11-17 00:00:00+00:00,1.5018999576568604,1.5419000387191772,1.4996999502182007,1.5413000583648682
2008-11-24 00:00:00+00:00,1.5410000085830688,1.5528000593185425,1.5347000360488892,1.5363999605178833
2008-12-01 00:00:00+00:00,1.5369000434875488,1.554900050163269,1.5161000490188599,1.5508999824523926
2008-12-08 00:00:00+00:00,1.5511000156402588,1.5814000368118286,1.5506000518798828,1.5769000053405762
2008-12-15 00:00:00+00:00,1.5759999752044678,1.5879000425338745,1.5276000499725342,1.5419000387191772
2008-12-22 00:00:00+00:00,1.5419000387191772,1.5420000553131104,1.4938000440597534,1.5032000541687012
2008-12-29 00:00:00+00:00,1.503100037574768,1.5048999786376953,1.465499997138977,1.4950000047683716
2009-01-05 00:00:00+00:00,1.4951000213623047,1.5139000415802002,1.492799997329712,1.4958000183105469
2009-01-12 00:00:00+00:00,1.4961999654769897,1.5027999877929688,1.465399980545044,1.4917999505996704
2009-01-19 00:00:00+00:00,1.4918999671936035,1.51010000705719,1.4744000434875488,1.4979000091552734
2009-01-26 00:00:00+00:00,1.4981000423431396,1.5187000036239624,1.4758000373840332,1.482800006866455
2009-02-02 00:00:00+00:00,1.4829000234603882,1.507599949836731,1.4812999963760376,1.503600001335144
2009-02-09 00:00:00+00:00,1.5041999816894531,1.5148999691009521,1.4818999767303467,1.4879000186920166
2009-02-16 00:00:00+00:00,1.4881999492645264,1.4986000061035156,1.4696999788284302,1.482699990272522
2009-02-23 00:00:00+00:00,1.482699990272522,1.4924999475479126,1.4765000343322754,1.4772000312805176
2009-03-02 00:00:00+00:00,1.4769999980926514,1.4860999584197998,1.458299994468689,1.4672000408172607
2009-03-09 00:00:00+00:00,1.4670000076293945,1.5396000146865845,1.4589999914169312,1.5319000482559204
2009-03-16 00:00:00+00:00,1.531999945640564,1.5441999435424805,1.5233999490737915,1.5335999727249146
2009-03-23 00:00:00+00:00,1.5333000421524048,1.6679999828338623,1.5068999528884888,1.519700050354004
2009-03-29 23:00:00+00:00,1.519700050354004,1.52839994430542,1.5061999559402466,1.5262999534606934
2009-04-05 23:00:00+00:00,1.5261000394821167,1.5293999910354614,1.5117000341415405,1.5235999822616577
2009-04-12 23:00:00+00:00,1.5234999656677246,1.5242999792099,1.507200002670288,1.520900011062622
2009-04-19 23:00:00+00:00,1.5206999778747559,1.520900011062622,1.5023000240325928,1.5037000179290771
2009-04-26 23:00:00+00:00,1.5041999816894531,1.5125999450683594,1.5010000467300415,1.5048999786376953
2009-05-03 23:00:00+00:00,1.5096999406814575,1.517199993133545,1.5038000345230103,1.506100058555603
2009-05-10 23:00:00+00:00,1.5061999559402466,1.514299988746643,1.5006999969482422,1.5135999917984009
2009-05-17 23:00:00+00:00,1.5134999752044678,1.5231000185012817,1.5089999437332153,1.5195000171661377
2009-05-24 23:00:00+00:00,1.5200999975204468,1.520900011062622,1.5053000450134277,1.5083999633789062
2009-05-31 23:00:00+00:00,1.5082000494003296,1.5231000185012817,1.507699966430664,1.517699956893921
2009-06-07 23:00:00+00:00,1.5176000595092773,1.5211999416351318,1.4940999746322632,1.5099999904632568
2009-06-14 23:00:00+00:00,1.5099999904632568,1.5145000219345093,1.4981000423431396,1.5062999725341797
2009-06-21 23:00:00+00:00,1.5062999725341797,1.5374000072479248,1.500599980354309,1.5241999626159668
2009-06-28 23:00:00+00:00,1.5240999460220337,1.527999997138977,1.513800024986267,1.5185999870300293
2009-07-05 23:00:00+00:00,1.5185999870300293,1.5206999778747559,1.51010000705719,1.5140999555587769
2009-07-12 23:00:00+00:00,1.5140000581741333,1.5220999717712402,1.5119999647140503,1.5190999507904053
2009-07-19 23:00:00+00:00,1.519700050354004,1.5232000350952148,1.514799952507019,1.5225000381469727
2009-07-26 23:00:00+00:00,1.5236999988555908,1.531599998474121,1.5220999717712402,1.5245000123977661
2009-08-02 23:00:00+00:00,1.5269999504089355,1.5355000495910645,1.5261000394821167,1.535099983215332
2009-08-09 23:00:00+00:00,1.534500002861023,1.534500002861023,1.5225000381469727,1.5234999656677246
2009-08-16 23:00:00+00:00,1.5182000398635864,1.5206999778747559,1.5145000219345093,1.5166000127792358
2009-08-23 23:00:00+00:00,1.517799973487854,1.5218000411987305,1.5149999856948853,1.5154000520706177
2009-08-30 23:00:00+00:00,1.517799973487854,1.5180000066757202,1.5128999948501587,1.517199993133545
2009-09-06 23:00:00+00:00,1.5190999507904053,1.5196000337600708,1.5116000175476074,1.5120999813079834
2009-09-13 23:00:00+00:00,1.5124000310897827,1.5182000398635864,1.5117000341415405,1.513800024986267
2009-09-20 23:00:00+00:00,1.5152000188827515,1.5154000520706177,1.5082000494003296,1.5094000101089478
2009-09-27 23:00:00+00:00,1.5097999572753906,1.5166000127792358,1.5089999437332153,1.5098999738693237
2009-10-04 23:00:00+00:00,1.5119999647140503,1.5195000171661377,1.511199951171875,1.5191999673843384
2009-10-11 23:00:00+00:00,1.516800045967102,1.5176000595092773,1.5140999555587769,1.5164999961853027
2009-10-18 23:00:00+00:00,1.5133999586105347,1.5140000581741333,1.5073000192642212,1.5124000310897827
2009-10-26 00:00:00+00:00,1.5125999450683594,1.5161000490188599,1.5003000497817993,1.5096999406814575
2009-11-02 00:00:00+00:00,1.5095000267028809,1.5125999450683594,1.500499963760376,1.5110000371932983
2009-11-09 00:00:00+00:00,1.5109000205993652,1.5121999979019165,1.4983999729156494,1.5087000131607056
2009-11-16 00:00:00+00:00,1.5092999935150146,1.5144000053405762,1.5010000467300415,1.5121999979019165
2009-11-23 00:00:00+00:00,1.5121999979019165,1.5130000114440918,1.501099944114685,1.5078999996185303
2009-11-30 00:00:00+00:00,1.5080000162124634,1.5108000040054321,1.499400019645691,1.5104999542236328
2009-12-07 00:00:00+00:00,1.510200023651123,1.5132999420166016,1.5044000148773193,1.5121999979019165
2009-12-14 00:00:00+00:00,1.5121999979019165,1.5139000415802002,1.4840999841690063,1.4908000230789185
2009-12-21 00:00:00+00:00,1.4908000230789185,1.4988000392913818,1.4779000282287598,1.4902000427246094
2009-12-28 00:00:00+00:00,1.4905999898910522,1.4917000532150269,1.4753999710083008,1.482800006866455
2010-01-04 00:00:00+00:00,1.4835000038146973,1.488800048828125,1.472599983215332,1.4757000207901
2010-01-11 00:00:00+00:00,1.4758000373840332,1.4809999465942383,1.4609999656677246,1.4752000570297241
2010-01-18 00:00:00+00:00,1.4752000570297241,1.4780000448226929,1.4594999551773071,1.4737000465393066
2010-01-25 00:00:00+00:00,1.4737000465393066,1.4758000373840332,1.461300015449524,1.4709999561309814
2010-02-01 00:00:00+00:00,1.471500039100647,1.4807000160217285,1.450600028038025,1.4673000574111938
2010-02-08 00:00:00+00:00,1.4674999713897705,1.469580054283142,1.457200050354004,1.465399980545044
2010-02-15 00:00:00+00:00,1.465499997138977,1.4692000150680542,1.4495999813079834,1.4646999835968018
2010-02-22 00:00:00+00:00,1.4651999473571777,1.4680999517440796,1.4529999494552612,1.4636000394821167
2010-03-01 00:00:00+00:00,1.4634000062942505,1.4645999670028687,1.4609999656677246,1.463189959526062
2010-03-08 00:00:00+00:00,1.4631999731063843,1.4634100198745728,1.445199966430664,1.4572999477386475
2010-03-15 00:00:00+00:00,1.4574999809265137,1.457800030708313,1.4315999746322632,1.4342000484466553
2010-03-22 00:00:00+00:00,1.434000015258789,1.436900019645691,1.4204000234603882,1.4299999475479126
2010-03-28 23:00:00+00:00,1.4300999641418457,1.4378199577331543,1.4140000343322754,1.4319000244140625
2010-04-04 23:00:00+00:00,1.4316999912261963,1.4428999423980713,1.4313000440597534,1.4427000284194946
2010-04-11 23:00:00+00:00,1.4426000118255615,1.446329951286316,1.4254000186920166,1.4325300455093384
2010-04-18 23:00:00+00:00,1.4325000047683716,1.4361000061035156,1.4316999912261963,1.4335999488830566
2010-04-25 23:00:00+00:00,1.433500051498413,1.4364999532699585,1.4200999736785889,1.4336999654769897
2010-05-02 23:00:00+00:00,1.4336999654769897,1.434399962425232,1.4002000093460083,1.4211000204086304
2010-05-09 23:00:00+00:00,1.4200999736785889,1.4329999685287476,1.3920999765396118,1.4005999565124512
2010-05-16 23:00:00+00:00,1.4005999565124512,1.4586000442504883,1.399399995803833,1.4425899982452393
2010-05-23 23:00:00+00:00,1.4424999952316284,1.444219946861267,1.4084999561309814,1.4217000007629395
2010-05-30 23:00:00+00:00,1.4221500158309937,1.4257099628448486,1.3804999589920044,1.3883999586105347
2010-06-06 23:00:00+00:00,1.3890000581741333,1.3945000171661377,1.3732000589370728,1.3915300369262695
2010-06-13 23:00:00+00:00,1.3917399644851685,1.4038000106811523,1.3674299716949463,1.3716000318527222
2010-06-20 23:00:00+00:00,1.371899962425232,1.3760000467300415,1.3438999652862549,1.3528000116348267
2010-06-27 23:00:00+00:00,1.3524999618530273,1.3533999919891357,1.3108899593353271,1.3358999490737915
2010-07-04 23:00:00+00:00,1.335800051689148,1.34089994430542,1.3259899616241455,1.3343000411987305
2010-07-11 23:00:00+00:00,1.3342000246047974,1.361799955368042,1.330199956893921,1.3539999723434448
2010-07-18 23:00:00+00:00,1.3538999557495117,1.367300033569336,1.3339999914169312,1.3583999872207642
2010-07-25 23:00:00+00:00,1.3583999872207642,1.381600022315979,1.3510199785232544,1.3587000370025635
2010-08-01 23:00:00+00:00,1.3590799570083618,1.3874000310897827,1.3590799570083618,1.3788000345230103
2010-08-08 23:00:00+00:00,1.3789000511169434,1.392199993133545,1.3420000076293945,1.3468999862670898
2010-08-15 23:00:00+00:00,1.3414000272750854,1.3451000452041626,1.3141000270843506,1.3221999406814575
2010-08-22 23:00:00+00:00,1.3157999515533447,1.3186299800872803,1.2972999811172485,1.3016999959945679
2010-08-29 23:00:00+00:00,1.312000036239624,1.315999984741211,1.2865999937057495,1.2989000082015991
2010-09-05 23:00:00+00:00,1.3105000257492065,1.3130899667739868,1.276900053024292,1.2883000373840332
2010-09-12 23:00:00+00:00,1.2968000173568726,1.3388999700546265,1.2872999906539917,1.3279000520706177
2010-09-19 23:00:00+00:00,1.316499948501587,1.3272000551223755,1.307360053062439,1.3127000331878662
2010-09-26 23:00:00+00:00,1.327299952507019,1.3459999561309814,1.3167599439620972,1.3401999473571777
2010-10-03 23:00:00+00:00,1.3447999954223633,1.3490999937057495,1.326200008392334,1.3446600437164307
2010-10-10 23:00:00+00:00,1.344099998474121,1.3477100133895874,1.326449990272522,1.3414000272750854
2010-10-17 23:00:00+00:00,1.338129997253418,1.3624999523162842,1.3309400081634521,1.3467999696731567
2010-10-24 23:00:00+00:00,1.3624000549316406,1.3703399896621704,1.354490041732788,1.363800048828125
2010-11-01 00:00:00+00:00,1.3716000318527222,1.38332998752594,1.3447999954223633,1.3631999492645264
2010-11-08 00:00:00+00:00,1.3517999649047852,1.3528000116348267,1.3229999542236328,1.329800009727478
2010-11-15 00:00:00+00:00,1.3406000137329102,1.3672200441360474,1.336400032043457,1.3595000505447388
2010-11-22 00:00:00+00:00,1.363610029220581,1.3654999732971191,1.3236000537872314,1.3339999914169312
2010-11-29 00:00:00+00:00,1.3284000158309937,1.3291000127792358,1.2960000038146973,1.3115999698638916
2010-12-06 00:00:00+00:00,1.3078999519348145,1.3114999532699585,1.295699954032898,1.301800012588501
2010-12-13 00:00:00+00:00,1.2961000204086304,1.3005000352859497,1.2719999551773071,1.2768000364303589
2010-12-20 00:00:00+00:00,1.2768000364303589,1.2776999473571777,1.246000051498413,1.2565200328826904
2010-12-27 00:00:00+00:00,1.2604000568389893,1.2696000337600708,1.2415399551391602,1.2431000471115112
2011-01-03 00:00:00+00:00,1.2453900575637817,1.2721999883651733,1.2414000034332275,1.253600001335144
2011-01-10 00:00:00+00:00,1.2466000318527222,1.2945200204849243,1.2430000305175781,1.2869000434875488
2011-01-17 00:00:00+00:00,1.2896000146865845,1.3065199851989746,1.2773799896240234,1.3020000457763672
2011-01-24 00:00:00+00:00,1.305050015449524,1.306839942932129,1.2827999591827393,1.2984000444412231
2011-01-31 00:00:00+00:00,1.27839994430542,1.303339958190918,1.2777999639511108,1.289199948310852
2011-02-07 00:00:00+00:00,1.2955000400543213,1.3186999559402466,1.2929999828338623,1.3178999423980713
2011-02-14 00:00:00+00:00,1.315999984741211,1.320099949836731,1.2893999814987183,1.2934199571609497
2011-02-21 00:00:00+00:00,1.2943999767303467,1.2973999977111816,1.270900011062622,1.2782000303268433
2011-02-28 00:00:00+00:00,1.2747999429702759,1.3015999794006348,1.2725000381469727,1.3008999824523926
2011-03-07 00:00:00+00:00,1.295009970664978,1.3036999702453613,1.2826000452041626,1.2858999967575073
2011-03-14 00:00:00+00:00,1.2933599948883057,1.2968000173568726,1.2501599788665771,1.2618000507354736
2011-03-21 00:00:00+00:00,1.2802000045776367,1.295199990272522,1.2730000019073486,1.2871999740600586
2011-03-27 23:00:00+00:00,1.2934999465942383,1.3159500360488892,1.2879999876022339,1.3016899824142456
2011-04-03 23:00:00+00:00,1.3163000345230103,1.3235000371932983,1.305299997329712,1.3101999759674072
2011-04-10 23:00:00+00:00,1.3142999410629272,1.3164499998092651,1.2846100330352783,1.294100046157837
2011-04-17 23:00:00+00:00,1.2863999605178833,1.2971899509429932,1.2727999687194824,1.2896000146865845
2011-04-24 23:00:00+00:00,1.289199948310852,1.2963999509811401,1.2777800559997559,1.2956000566482544
2011-05-01 23:00:00+00:00,1.2808300256729126,1.2879999876022339,1.2640000581741333,1.2653000354766846
2011-05-08 23:00:00+00:00,1.260200023651123,1.2694000005722046,1.2483999729156494,1.2591999769210815
2011-05-15 23:00:00+00:00,1.257099986076355,1.26419997215271,1.2403000593185425,1.261299967765808
2011-05-22 23:00:00+00:00,1.238700032234192,1.2467999458312988,1.215000033378601,1.2230000495910645
2011-05-29 23:00:00+00:00,1.215499997138977,1.231600046157837,1.2067999839782715,1.220900058746338
2011-06-05 23:00:00+00:00,1.2223999500274658,1.23062002658844,1.2079999446868896,1.2206000089645386
2011-06-12 23:00:00+00:00,1.2069000005722046,1.2243000268936157,1.194000005722046,1.2045999765396118
2011-06-19 23:00:00+00:00,1.2128000259399414,1.2145700454711914,1.1848000288009644,1.1957000494003296
2011-06-26 23:00:00+00:00,1.182800054550171,1.2319400310516357,1.18149995803833,1.219059944152832
2011-07-03 23:00:00+00:00,1.232699990272522,1.2344000339508057,1.1907000541687012,1.2134000062942505
2011-07-10 23:00:00+00:00,1.188599944114685,1.1919000148773193,1.1512600183486938,1.1541999578475952
2011-07-17 23:00:00+00:00,1.1449999809265137,1.188599944114685,1.1405800580978394,1.1782399415969849
2011-07-24 23:00:00+00:00,1.169700026512146,1.1714999675750732,1.1299999952316284,1.1485600471496582
2011-07-31 23:00:00+00:00,1.136199951171875,1.1449999809265137,1.0727299451828003,1.0771000385284424
2011-08-07 23:00:00+00:00,1.0892599821090698,1.1035000085830688,1.0253000259399414,1.0836999416351318
2011-08-14 23:00:00+00:00,1.1168800592422485,1.1542999744415283,1.1168800592422485,1.1371999979019165
2011-08-21 23:00:00+00:00,1.131500005722046,1.1680999994277954,1.1263999938964844,1.1409000158309937
2011-08-28 23:00:00+00:00,1.1713000535964966,1.196310043334961,1.1009999513626099,1.1339999437332153
2011-09-04 23:00:00+00:00,1.117900013923645,1.2183899879455566,1.1016900539398193,1.2151999473571777
2011-09-11 23:00:00+00:00,1.2066999673843384,1.2086999416351318,1.2021000385284424,1.2073800563812256
2011-09-18 23:00:00+00:00,1.2060999870300293,1.2342699766159058,1.204699993133545,1.2237000465393066
2011-09-25 23:00:00+00:00,1.223680019378662,1.2252000570297241,1.2135000228881836,1.2192399501800537
2011-10-02 23:00:00+00:00,1.215000033378601,1.2403199672698975,1.2127000093460083,1.2354999780654907
2011-10-09 23:00:00+00:00,1.2400000095367432,1.243299961090088,1.2300000190734863,1.2354999780654907
2011-10-16 23:00:00+00:00,1.2379000186920166,1.2467999458312988,1.2208000421524048,1.2316999435424805
2011-10-23 23:00:00+00:00,1.2234400510787964,1.2304999828338623,1.2162100076675415,1.2196400165557861
2011-10-31 00:00:00+00:00,1.2195299863815308,1.2243000268936157,1.2129000425338745,1.2135000228881836
2011-11-07 00:00:00+00:00,1.2278000116348267,1.2453999519348145,1.2265000343322754,1.232800006866455
2011-11-14 00:00:00+00:00,1.240280032157898,1.2437000274658203,1.232699990272522,1.240399956703186
2011-11-21 00:00:00+00:00,1.2402000427246094,1.2412999868392944,1.2249000072479248,1.2269999980926514
2011-11-28 00:00:00+00:00,1.234879970550537,1.2371000051498413,1.223080039024353,1.2329000234603882
2011-12-05 00:00:00+00:00,1.2348999977111816,1.2440999746322632,1.2315399646759033,1.2353999614715576
2011-12-12 00:00:00+00:00,1.2375999689102173,1.2395000457763672,1.2207000255584717,1.2239999771118164
2011-12-19 00:00:00+00:00,1.2207000255584717,1.2242000102996826,1.2165000438690186,1.2211999893188477
2011-12-26 00:00:00+00:00,1.2217999696731567,1.2237999439239502,1.2138999700546265,1.2148000001907349
2012-01-02 00:00:00+00:00,1.214900016784668,1.219599962234497,1.2137999534606934,1.215090036392212
2012-01-09 00:00:00+00:00,1.2151000499725342,1.215880036354065,1.2063000202178955,1.207200050354004
2012-01-16 00:00:00+00:00,1.2066999673843384,1.2120000123977661,1.2064000368118286,1.2073500156402588
2012-01-23 00:00:00+00:00,1.2074600458145142,1.210800051689148,1.205780029296875,1.2060999870300293
2012-01-30 00:00:00+00:00,1.2060999870300293,1.207900047302246,1.2029999494552612,1.2065999507904053
2012-02-06 00:00:00+00:00,1.2065000534057617,1.2125600576400757,1.205199956893921,1.2098000049591064
2012-02-13 00:00:00+00:00,1.2096500396728516,1.2100399732589722,1.2044999599456787,1.2095999717712402
2012-02-20 00:00:00+00:00,1.2094800472259521,1.2101000547409058,1.204200029373169,1.2044999599456787
2012-02-27 00:00:00+00:00,1.2044199705123901,1.2068099975585938,1.2041000127792358,1.2062000036239624
2012-03-05 00:00:00+00:00,1.2059999704360962,1.2062499523162842,1.204800009727478,1.2059999704360962
2012-03-12 00:00:00+00:00,1.2059999704360962,1.2145999670028687,1.2051000595092773,1.2065999507904053
2012-03-19 00:00:00+00:00,1.2065000534057617,1.206820011138916,1.2043999433517456,1.2049000263214111
2012-03-25 23:00:00+00:00,1.2050000429153442,1.2069100141525269,1.2034000158309937,1.204300045967102
2012-04-01 23:00:00+00:00,1.203760027885437,1.2046699523925781,1.1999499797821045,1.2010999917984009
2012-04-08 23:00:00+00:00,1.201200008392334,1.203179955482483,1.2007999420166016,1.202299952507019
2012-04-15 23:00:00+00:00,1.2023999691009521,1.2031500339508057,1.2009999752044678,1.2014000415802002
2012-04-22 23:00:00+00:00,1.2015000581741333,1.2021499872207642,1.200700044631958,1.201300024986267
2012-04-29 23:00:00+00:00,1.2009999752044678,1.2019100189208984,1.200600028038025,1.2010999917984009
2012-05-06 23:00:00+00:00,1.2009999752044678,1.2014399766921997,1.200700044631958,1.2011100053787231
2012-05-13 23:00:00+00:00,1.2011499404907227,1.2014000415802002,1.2005000114440918,1.2010999917984009
2012-05-20 23:00:00+00:00,1.2009999752044678,1.2075400352478027,1.200600028038025,1.2027000188827515
2012-05-27 23:00:00+00:00,1.201799988746643,1.2031199932098389,1.2005000114440918,1.2010999917984009
2012-06-03 23:00:00+00:00,1.2010999917984009,1.2026000022888184,1.2003999948501587,1.2014600038528442
2012-06-10 23:00:00+00:00,1.2009999752044678,1.2017300128936768,1.2005000114440918,1.201200008392334
2012-06-17 23:00:00+00:00,1.201200008392334,1.2014000415802002,1.2002999782562256,1.2008999586105347
2012-06-24 23:00:00+00:00,1.2009400129318237,1.2036000490188599,1.2005000114440918,1.2014000415802002
2012-07-01 23:00:00+00:00,1.2015999555587769,1.20169997215271,1.2005000114440918,1.2008999586105347
2012-07-08 23:00:00+00:00,1.2008999586105347,1.2012200355529785,1.2000999450683594,1.2008999586105347
2012-07-15 23:00:00+00:00,1.2008999586105347,1.2014100551605225,1.2003999948501587,1.2007999420166016
2012-07-22 23:00:00+00:00,1.2009999752044678,1.2015999555587769,1.2002999782562256,1.2008999586105347
2012-07-29 23:00:00+00:00,1.2010400295257568,1.2028100490570068,1.200600028038025,1.2016099691390991
2012-08-05 23:00:00+00:00,1.201300024986267,1.202299952507019,1.2002999782562256,1.2007999420166016
2012-08-12 23:00:00+00:00,1.2009999752044678,1.201300024986267,1.200600028038025,1.200850009918213
2012-08-19 23:00:00+00:00,1.2010999917984009,1.201200008392334,1.2002999782562256,1.2007800340652466
2012-08-26 23:00:00+00:00,1.2008999586105347,1.201200008392334,1.2003999948501587,1.2007999420166016
2012-09-02 23:00:00+00:00,1.200700044631958,1.215399980545044,1.2005000114440918,1.2092000246047974
2012-09-09 23:00:00+00:00,1.2095999717712402,1.2176799774169922,1.2038999795913696,1.2151800394058228
2012-09-16 23:00:00+00:00,1.2148000001907349,1.218400001525879,1.2079999446868896,1.2106000185012817
2012-09-23 23:00:00+00:00,1.2100000381469727,1.2113399505615234,1.207900047302246,1.208299994468689
2012-09-30 23:00:00+00:00,1.208299994468689,1.2135100364685059,1.207900047302246,1.2117999792099
2012-10-07 23:00:00+00:00,1.2115000486373901,1.2142000198364258,1.2073700428009033,1.2089999914169312
2012-10-14 23:00:00+00:00,1.2089300155639648,1.2111999988555908,1.207200050354004,1.2086999416351318
2012-10-21 23:00:00+00:00,1.2085000276565552,1.2109999656677246,1.2080999612808228,1.2092000246047974
2012-10-29 00:00:00+00:00,1.2093000411987305,1.2094000577926636,1.204699993133545,1.2070000171661377
2012-11-05 00:00:00+00:00,1.2070800065994263,1.2088600397109985,1.2051000595092773,1.2056100368499756
2012-11-12 00:00:00+00:00,1.2059500217437744,1.2062400579452515,1.2032999992370605,1.2045999765396118
2012-11-19 00:00:00+00:00,1.204800009727478,1.2055699825286865,1.2034000158309937,1.2037999629974365
2012-11-26 00:00:00+00:00,1.2037299871444702,1.2058700323104858,1.2029000520706177,1.205199956893921
2012-12-03 00:00:00+00:00,1.2050000429153442,1.216770052909851,1.2049000263214111,1.2075999975204468
2012-12-10 00:00:00+00:00,1.2077399492263794,1.2125999927520752,1.2059999704360962,1.2090400457382202
2012-12-17 00:00:00+00:00,1.2089999914169312,1.2100000381469727,1.2060999870300293,1.2077000141143799
2012-12-24 00:00:00+00:00,1.20756995677948,1.2093000411987305,1.2064000368118286,1.2072999477386475
2012-12-31 00:00:00+00:00,1.2070499658584595,1.210479974746704,1.2066999673843384,1.2085200548171997
2013-01-07 00:00:00+00:00,1.208590030670166,1.2216999530792236,1.2081999778747559,1.2213200330734253
2013-01-14 00:00:00+00:00,1.220900058746338,1.2565699815750122,1.2202999591827393,1.2439199686050415
2013-01-21 00:00:00+00:00,1.243899941444397,1.2503999471664429,1.2332600355148315,1.2488000392913818
2013-01-28 00:00:00+00:00,1.2481000423431396,1.2513400316238403,1.2305999994277954,1.2396999597549438
2013-02-04 00:00:00+00:00,1.2395100593566895,1.2396199703216553,1.2252999544143677,1.2263000011444092
2013-02-11 00:00:00+00:00,1.226199984550476,1.2384699583053589,1.225950002670288,1.2314000129699707
2013-02-18 00:00:00+00:00,1.2312999963760376,1.2359299659729004,1.2253999710083008,1.2273999452590942
2013-02-25 00:00:00+00:00,1.2274999618530273,1.232300043106079,1.2123600244522095,1.2259999513626099
2013-03-04 00:00:00+00:00,1.2263000011444092,1.2386000156402588,1.2244000434875488,1.236899971961975
2013-03-11 00:00:00+00:00,1.236799955368042,1.2379000186920166,1.217460036277771,1.2189699411392212
2013-03-18 00:00:00+00:00,1.2185900211334229,1.2266000509262085,1.2167999744415283,1.2221800088882446
2013-03-25 00:00:00+00:00,1.2221299409866333,1.2252000570297241,1.215999960899353,1.2167999744415283
2013-03-31 23:00:00+00:00,1.2166800498962402,1.2181400060653687,1.2127000093460083,1.2130999565124512
2013-04-07 23:00:00+00:00,1.213129997253418,1.2209999561309814,1.2130999565124512,1.2158000469207764
2013-04-14 23:00:00+00:00,1.21589994430542,1.2187999486923218,1.213879942893982,1.2184799909591675
2013-04-21 23:00:00+00:00,1.2187000513076782,1.2348300218582153,1.217900037765503,1.2282999753952026
2013-04-28 23:00:00+00:00,1.2285000085830688,1.2307100296020508,1.2197999954223633,1.2267600297927856
2013-05-05 23:00:00+00:00,1.2273000478744507,1.24590003490448,1.2253999710083008,1.2431000471115112
2013-05-12 23:00:00+00:00,1.243190050125122,1.2523800134658813,1.2382999658584595,1.2464699745178223
2013-05-19 23:00:00+00:00,1.2452900409698486,1.2646600008010864,1.2418999671936035,1.2441999912261963
2013-05-26 23:00:00+00:00,1.244070053100586,1.257099986076355,1.2381000518798828,1.2441999912261963
2013-06-02 23:00:00+00:00,1.2435200214385986,1.2483999729156494,1.2271000146865845,1.2374000549316406
2013-06-09 23:00:00+00:00,1.2376400232315063,1.2417399883270264,1.2223700284957886,1.2303999662399292
2013-06-16 23:00:00+00:00,1.2302000522613525,1.236050009727478,1.2243000268936157,1.2263000011444092
2013-06-23 23:00:00+00:00,1.2269999980926514,1.2353899478912354,1.2217999696731567,1.2297999858856201
2013-06-30 23:00:00+00:00,1.2299000024795532,1.238700032234192,1.2291699647903442,1.2383999824523926
2013-07-07 23:00:00+00:00,1.2382999658584595,1.2464900016784668,1.2349900007247925,1.2365599870681763
2013-07-14 23:00:00+00:00,1.2365000247955322,1.2402000427246094,1.232699990272522,1.2365299463272095
2013-07-21 23:00:00+00:00,1.2360899448394775,1.2402000427246094,1.2314000129699707,1.232800006866455
2013-07-28 23:00:00+00:00,1.2330199480056763,1.239799976348877,1.230299949645996,1.2334799766540527
2013-08-04 23:00:00+00:00,1.2333999872207642,1.235700011253357,1.2270699739456177,1.2301000356674194
2013-08-11 23:00:00+00:00,1.229699969291687,1.2431999444961548,1.2295000553131104,1.2358499765396118
2013-08-18 23:00:00+00:00,1.235700011253357,1.2369099855422974,1.2286100387573242,1.232699990272522
2013-08-25 23:00:00+00:00,1.232800006866455,1.2355899810791016,1.227720022201538,1.2308000326156616
2013-09-01 23:00:00+00:00,1.2312999963760376,1.2399499416351318,1.230679988861084,1.2364000082015991
2013-09-08 23:00:00+00:00,1.2367000579833984,1.2414300441741943,1.2333999872207642,1.2360999584197998
2013-09-15 23:00:00+00:00,1.23580002784729,1.238379955291748,1.2303800582885742,1.2313300371170044
2013-09-22 23:00:00+00:00,1.2324999570846558,1.2335100173950195,1.2217999696731567,1.2218999862670898
2013-09-29 23:00:00+00:00,1.221619963645935,1.2301000356674194,1.2213000059127808,1.2284899950027466
2013-10-06 23:00:00+00:00,1.2283999919891357,1.2350000143051147,1.2249000072479248,1.2333999872207642
2013-10-13 23:00:00+00:00,1.2336000204086304,1.2374999523162842,1.2310800552368164,1.2344000339508057
2013-10-20 23:00:00+00:00,1.2342000007629395,1.236240029335022,1.2282400131225586,1.232300043106079
2013-10-28 00:00:00+00:00,1.23225998878479,1.2369999885559082,1.229699969291687,1.2310999631881714
2013-11-04 00:00:00+00:00,1.2309999465942383,1.2335000038146973,1.228600025177002,1.2319600582122803
2013-11-11 00:00:00+00:00,1.2317999601364136,1.2350000143051147,1.2312999963760376,1.234220027923584
2013-11-18 00:00:00+00:00,1.2342000007629395,1.2345199584960938,1.228559970855713,1.229159951210022
2013-11-25 00:00:00+00:00,1.2290500402450562,1.2330000400543213,1.2288099527359009,1.2311700582504272
2013-12-02 00:00:00+00:00,1.2312999963760376,1.232300043106079,1.2219699621200562,1.2230000495910645
2013-12-09 00:00:00+00:00,1.2230000495910645,1.224429965019226,1.2199000120162964,1.2223000526428223
2013-12-16 00:00:00+00:00,1.2228000164031982,1.2274999618530273,1.2179499864578247,1.2246999740600586
2013-12-23 00:00:00+00:00,1.2247999906539917,1.2278000116348267,1.223080039024353,1.2256200313568115
2013-12-30 00:00:00+00:00,1.2257000207901,1.2319200038909912,1.2243000268936157,1.2303800582885742
2014-01-06 00:00:00+00:00,1.2305599451065063,1.2393399477005005,1.2295000553131104,1.2331000566482544
2014-01-13 00:00:00+00:00,1.233299970626831,1.2374000549316406,1.229099988937378,1.2329000234603882
2014-01-20 00:00:00+00:00,1.232800006866455,1.2373000383377075,1.222499966621399,1.2232999801635742
2014-01-27 00:00:00+00:00,1.2232999801635742,1.229699969291687,1.2209999561309814,1.2224899530410767
2014-02-03 00:00:00+00:00,1.2226999998092651,1.225000023841858,1.2186000347137451,1.2238999605178833
2014-02-10 00:00:00+00:00,1.2239999771118164,1.2258000373840332,1.2204999923706055,1.22160005569458
2014-02-17 00:00:00+00:00,1.2215800285339355,1.2237299680709839,1.2186000347137451,1.2192000150680542
2014-02-24 00:00:00+00:00,1.218999981880188,1.221690058708191,1.2101999521255493,1.2116999626159668
2014-03-03 00:00:00+00:00,1.2115999460220337,1.2213499546051025,1.211300015449524,1.218000054359436
2014-03-10 00:00:00+00:00,1.2181600332260132,1.219130039215088,1.2120000123977661,1.2130999565124512
2014-03-17 00:00:00+00:00,1.2134000062942505,1.2201000452041626,1.2130999565124512,1.2170499563217163
2014-03-24 00:00:00+00:00,1.2171299457550049,1.2233999967575073,1.2171000242233276,1.2196099758148193
2014-03-30 23:00:00+00:00,1.219599962234497,1.2247200012207031,1.2173000574111938,1.2217999696731567
2014-04-06 23:00:00+00:00,1.2216999530792236,1.2223000526428223,1.2144999504089355,1.2146999835968018
2014-04-13 23:00:00+00:00,1.2143199443817139,1.2203999757766724,1.2139999866485596,1.2199000120162964
2014-04-20 23:00:00+00:00,1.2199000120162964,1.222350001335144,1.218400001525879,1.2192000150680542
2014-04-27 23:00:00+00:00,1.219099998474121,1.2212400436401367,1.2168999910354614,1.217560052871704
2014-05-04 23:00:00+00:00,1.217479944229126,1.2201000452041626,1.2161999940872192,1.2197999954223633
2014-05-11 23:00:00+00:00,1.2201000452041626,1.2229499816894531,1.2187999486923218,1.222100019454956
2014-05-18 23:00:00+00:00,1.2222100496292114,1.2236000299453735,1.2201000452041626,1.2204999923706055
2014-05-25 23:00:00+00:00,1.2206000089645386,1.2233999967575073,1.2193000316619873,1.2203600406646729
2014-06-01 23:00:00+00:00,1.2203999757766724,1.2225199937820435,1.2163000106811523,1.2193000316619873
2014-06-08 23:00:00+00:00,1.2187999486923218,1.2199000120162964,1.2165000438690186,1.218400001525879
2014-06-15 23:00:00+00:00,1.2186000347137451,1.2191100120544434,1.2151999473571777,1.2169699668884277
2014-06-22 23:00:00+00:00,1.2172399759292603,1.2176300287246704,1.2150800228118896,1.2156100273132324
2014-06-29 23:00:00+00:00,1.2157000303268433,1.2163699865341187,1.2131999731063843,1.2156000137329102
2014-07-06 23:00:00+00:00,1.2160099744796753,1.2164299488067627,1.2134000062942505,1.213819980621338
2014-07-13 23:00:00+00:00,1.2140699625015259,1.2157200574874878,1.2135000228881836,1.214900016784668
2014-07-20 23:00:00+00:00,1.214900016784668,1.2156699895858765,1.2139999866485596,1.215019941329956
2014-07-27 23:00:00+00:00,1.2149399518966675,1.2174099683761597,1.214400053024292,1.2161999940872192
2014-08-03 23:00:00+00:00,1.2165000438690186,1.2176100015640259,1.211899995803833,1.2141000032424927
2014-08-10 23:00:00+00:00,1.2141300439834595,1.214359998703003,1.2086000442504883,1.2098000049591064
2014-08-17 23:00:00+00:00,1.2095999717712402,1.2115099430084229,1.2091000080108643,1.2100000381469727
2014-08-24 23:00:00+00:00,1.2096999883651733,1.2098000049591064,1.2049399614334106,1.2065999507904053
2014-08-31 23:00:00+00:00,1.2060999870300293,1.2088600397109985,1.2044999599456787,1.2059500217437744
2014-09-07 23:00:00+00:00,1.2059999704360962,1.2114200592041016,1.2055000066757202,1.2098000049591064
2014-09-14 23:00:00+00:00,1.2101000547409058,1.2114800214767456,1.2064000368118286,1.2070000171661377
2014-09-21 23:00:00+00:00,1.2072199583053589,1.208799958229065,1.2063000202178955,1.2065999507904053
2014-09-28 23:00:00+00:00,1.2065000534057617,1.212399959564209,1.205199956893921,1.2108999490737915
2014-10-05 23:00:00+00:00,1.210800051689148,1.2137999534606934,1.207900047302246,1.2080899477005005
2014-10-12 23:00:00+00:00,1.2085000276565552,1.2091000080108643,1.2056000232696533,1.2073999643325806
2014-10-19 23:00:00+00:00,1.2073700428009033,1.207800030708313,1.2055000066757202,1.20632004737854
2014-10-27 00:00:00+00:00,1.2064000368118286,1.2084009647369385,1.205199956893921,1.2058700323104858
2014-11-03 00:00:00+00:00,1.2057000398635864,1.2060400247573853,1.2026000022888184,1.2029500007629395
2014-11-10 00:00:00+00:00,1.2028000354766846,1.2037999629974365,1.2009999752044678,1.2010999917984009
2014-11-17 00:00:00+00:00,1.2009999752044678,1.2030999660491943,1.2007999420166016,1.2020000219345093
2014-11-24 00:00:00+00:00,1.2022000551223755,1.2038999795913696,1.201200008392334,1.2036000490188599
2014-12-01 00:00:00+00:00,1.2036000490188599,1.2044099569320679,1.201799988746643,1.2026400566101074
2014-12-08 00:00:00+00:00,1.2027900218963623,1.2037500143051147,1.1999000310897827,1.2009999752044678
2014-12-15 00:00:00+00:00,1.2010999917984009,1.2093499898910522,1.1999000310897827,1.2030400037765503
2014-12-22 00:00:00+00:00,1.2032999992370605,1.2038999795913696,1.2010300159454346,1.2026000022888184
2014-12-29 00:00:00+00:00,1.2023999691009521,1.2034499645233154,1.2008999586105347,1.2015000581741333
2015-01-05 00:00:00+00:00,1.2015000581741333,1.2020900249481201,1.1998000144958496,1.20100998878479
2015-01-12 00:00:00+00:00,1.2009700536727905,1.20114004611969,0.864300012588501,0.9923999905586243
2015-01-19 00:00:00+00:00,0.9926000237464905,1.0216000080108643,0.9772999882698059,0.9805399775505066
2015-01-26 00:00:00+00:00,0.9812999963760376,1.0520399808883667,0.9789199829101562,1.0418000221252441
2015-02-02 00:00:00+00:00,1.041599988937378,1.0639899969100952,1.0405999422073364,1.0480999946594238
2015-02-09 00:00:00+00:00,1.0474499464035034,1.0634000301361084,1.0413999557495117,1.0621000528335571
2015-02-16 00:00:00+00:00,1.061900019645691,1.0810400247573853,1.0556800365447998,1.0705000162124634
2015-02-23 00:00:00+00:00,1.0702500343322754,1.0796899795532227,1.061020016670227,1.065000057220459
2015-03-02 00:00:00+00:00,1.065600037574768,1.0754599571228027,1.063099980354309,1.0676000118255615
2015-03-09 00:00:00+00:00,1.0677000284194946,1.0728000402450562,1.0536999702453613,1.055050015449524
2015-03-16 00:00:00+00:00,1.0552200078964233,1.0699700117111206,1.0528000593185425,1.0579999685287476
2015-03-23 00:00:00+00:00,1.0582599639892578,1.0598100423812866,1.0419000387191772,1.0462000370025635
2015-03-29 23:00:00+00:00,1.0461000204086304,1.0483499765396118,1.0389000177383423,1.0473999977111816
2015-04-05 23:00:00+00:00,1.0472999811172485,1.049299955368042,1.0369000434875488,1.0386699438095093
2015-04-12 23:00:00+00:00,1.0386199951171875,1.039620041847229,1.0262999534606934,1.0282000303268433
2015-04-19 23:00:00+00:00,1.028309941291809,1.0400999784469604,1.0234999656677246,1.0360000133514404
2015-04-26 23:00:00+00:00,1.0361000299453735,1.052049994468689,1.0347599983215332,1.0440000295639038
2015-05-03 23:00:00+00:00,1.044100046157837,1.0477399826049805,1.030400037765503,1.0430099964141846
2015-05-10 23:00:00+00:00,1.0429699420928955,1.0504300594329834,1.0383000373840332,1.0473999977111816
2015-05-17 23:00:00+00:00,1.0476000308990479,1.0499999523162842,1.0384999513626099,1.0410000085830688
2015-05-24 23:00:00+00:00,1.0368000268936157,1.0377000570297241,1.0282000303268433,1.0335999727249146
2015-05-31 23:00:00+00:00,1.0313999652862549,1.0571600198745728,1.0295000076293945,1.0475000143051147
2015-06-07 23:00:00+00:00,1.0444999933242798,1.0550999641418457,1.0426700115203857,1.0499000549316406
2015-06-14 23:00:00+00:00,1.0430999994277954,1.0531699657440186,1.0401999950408936,1.0477700233459473
2015-06-21 23:00:00+00:00,1.0434000492095947,1.0545200109481812,1.0408999919891357,1.0491700172424316
2015-06-28 23:00:00+00:00,1.0320199728012085,1.0522799491882324,1.0319000482559204,1.0460000038146973
2015-07-05 23:00:00+00:00,1.0383000373840332,1.052299976348877,1.0366599559783936,1.0484199523925781
2015-07-12 23:00:00+00:00,1.0461499691009521,1.0505199432373047,1.0396000146865845,1.041700005531311
2015-07-19 23:00:00+00:00,1.0424200296401978,1.055840015411377,1.041200041770935,1.0540000200271606
2015-07-26 23:00:00+00:00,1.0561100244522095,1.0672999620437622,1.0530600547790527,1.059399962425232
2015-08-02 23:00:00+00:00,1.0608999729156494,1.0763399600982666,1.059000015258789,1.0714999437332153
2015-08-09 23:00:00+00:00,1.0779999494552612,1.0958000421524048,1.0758999586105347,1.0884000062942505
2015-08-16 23:00:00+00:00,1.0839999914169312,1.0852700471878052,1.0714000463485718,1.0776000022888184
2015-08-23 23:00:00+00:00,1.0775599479675293,1.0877399444580078,1.0736500024795532,1.0856000185012817
2015-08-30 23:00:00+00:00,1.0776000022888184,1.090019941329956,1.0770000219345093,1.083400011062622
2015-09-06 23:00:00+00:00,1.083899974822998,1.1037399768829346,1.082900047302246,1.098230004310608
2015-09-13 23:00:00+00:00,1.0989999771118164,1.1010600328445435,1.089900016784668,1.0966999530792236
2015-09-20 23:00:00+00:00,1.093999981880188,1.0957200527191162,1.083299994468689,1.0933400392532349
2015-09-27 23:00:00+00:00,1.0968999862670898,1.0968999862670898,1.087499976158142,1.0926899909973145
2015-10-04 23:00:00+00:00,1.0896999835968018,1.0946999788284302,1.0865000486373901,1.090399980545044
2015-10-11 23:00:00+00:00,1.0923999547958374,1.0949000120162964,1.0785000324249268,1.0814000368118286
2015-10-18 23:00:00+00:00,1.0825999975204468,1.0898900032043457,1.075700044631958,1.0786000490188599
2015-10-26 00:00:00+00:00,1.078410029411316,1.0916999578475952,1.0772000551223755,1.086899995803833
2015-11-02 00:00:00+00:00,1.0870000123977661,1.0892599821090698,1.0751399993896484,1.083109974861145
2015-11-09 00:00:00+00:00,1.0787999629974365,1.0816999673843384,1.075659990310669,1.0816999673843384
2015-11-16 00:00:00+00:00,1.0784000158309937,1.0898000001907349,1.0772000551223755,1.0846500396728516
2015-11-23 00:00:00+00:00,1.0847300291061401,1.092210054397583,1.0810600519180298,1.0853099822998047
2015-11-30 00:00:00+00:00,1.0901999473571777,1.0934200286865234,1.079800009727478,1.0846999883651733
2015-12-07 00:00:00+00:00,1.0844999551773071,1.0859099626541138,1.0793999433517456,1.0815600156784058
2015-12-14 00:00:00+00:00,1.0806000232696533,1.0843199491500854,1.075600028038025,1.0781999826431274
2015-12-21 00:00:00+00:00,1.0781500339508057,1.084570050239563,1.077299952507019,1.0813499689102173
2015-12-28 00:00:00+00:00,1.082200050354004,1.0882999897003174,1.079200029373169,1.0846999883651733
2016-01-04 00:00:00+00:00,1.0845999717712402,1.0896999835968018,1.0824999809265137,1.0852299928665161
2016-01-11 00:00:00+00:00,1.0852999687194824,1.0980199575424194,1.0842000246047974,1.0937999486923218
2016-01-18 00:00:00+00:00,1.0937700271606445,1.0978000164031982,1.09089994430542,1.0971100330352783
2016-01-25 00:00:00+00:00,1.0972900390625,1.1163100004196167,1.0956000089645386,1.1088000535964966
2016-02-01 00:00:00+00:00,1.108989953994751,1.1197199821472168,1.105299949645996,1.1064599752426147
2016-02-08 00:00:00+00:00,1.1064000129699707,1.1093300580978394,1.0949900150299072,1.0978000164031982
2016-02-15 00:00:00+00:00,1.0978000164031982,1.1055999994277954,1.0972000360488892,1.101699948310852
2016-02-22 00:00:00+00:00,1.101699948310852,1.1025199890136719,1.0880000591278076,1.0886800289154053
2016-02-29 00:00:00+00:00,1.0887999534606934,1.0938999652862549,1.0819000005722046,1.0928900241851807
2016-03-07 00:00:00+00:00,1.0927000045776367,1.1015000343322754,1.0891900062561035,1.0971800088882446
2016-03-14 00:00:00+00:00,1.0973000526428223,1.0992000102996826,1.0911999940872192,1.093000054359436
2016-03-21 00:00:00+00:00,1.0933799743652344,1.094249963760376,1.087399959564209,1.0916999578475952
2016-03-27 23:00:00+00:00,1.0917099714279175,1.0951499938964844,1.088539958000183,1.0923899412155151
2016-04-03 23:00:00+00:00,1.0923000574111938,1.0929100513458252,1.084280014038086,1.0872299671173096
2016-04-10 23:00:00+00:00,1.0871000289916992,1.09266996383667,1.0845750570297241,1.0915000438690186
2016-04-17 23:00:00+00:00,1.0917099714279175,1.1014399528503418,1.0902999639511108,1.0988500118255615
2016-04-24 23:00:00+00:00,1.0988600254058838,1.1009000539779663,1.0954999923706055,1.0987000465393066
2016-05-01 23:00:00+00:00,1.0987000465393066,1.1090199947357178,1.0959899425506592,1.1075999736785889
2016-05-08 23:00:00+00:00,1.1074999570846558,1.1106799840927124,1.100119948387146,1.1040500402450562
2016-05-15 23:00:00+00:00,1.1039199829101562,1.112779974937439,1.1030000448226929,1.111799955368042
2016-05-22 23:00:00+00:00,1.1119999885559082,1.1123000383377075,1.1038999557495117,1.1050000190734863
2016-05-29 23:00:00+00:00,1.1050100326538086,1.110159993171692,1.102579951286316,1.1078799962997437
2016-06-05 23:00:00+00:00,1.107800006866455,1.109760046005249,1.083799958229065,1.0841000080108643
2016-06-12 23:00:00+00:00,1.0841000080108643,1.0920499563217163,1.0776000022888184,1.0889999866485596
2016-06-19 23:00:00+00:00,1.0893000364303589,1.0912699699401855,1.0622899532318115,1.0738999843597412
2016-06-26 23:00:00+00:00,1.0739799737930298,1.0895600318908691,1.0714000463485718,1.0844000577926636
2016-07-03 23:00:00+00:00,1.0843900442123413,1.086899995803833,1.079300045967102,1.085800051689148
2016-07-10 23:00:00+00:00,1.0859299898147583,1.0940699577331543,1.0843000411987305,1.0875200033187866
2016-07-17 23:00:00+00:00,1.0876400470733643,1.0902899503707886,1.0827900171279907,1.0839300155639648
2016-07-24 23:00:00+00:00,1.0839099884033203,1.0936299562454224,1.0794299840927124,1.0826400518417358
2016-07-31 23:00:00+00:00,1.082669973373413,1.0872700214385986,1.0793999433517456,1.0871399641036987
2016-08-07 23:00:00+00:00,1.0870699882507324,1.0924500226974487,1.0851000547409058,1.0880999565124512
2016-08-14 23:00:00+00:00,1.0881999731063843,1.0901999473571777,1.0824999809265137,1.086459994316101
2016-08-21 23:00:00+00:00,1.0865199565887451,1.0953099727630615,1.0862200260162354,1.094920039176941
2016-08-28 23:00:00+00:00,1.0949900150299072,1.0999799966812134,1.0924999713897705,1.0936299562454224
2016-09-04 23:00:00+00:00,1.093559980392456,1.0975099802017212,1.0884000062942505,1.0957599878311157
2016-09-11 23:00:00+00:00,1.095829963684082,1.0984200239181519,1.0910799503326416,1.0930700302124023
2016-09-18 23:00:00+00:00,1.0930999517440796,1.0959199666976929,1.0858999490737915,1.0893000364303589
2016-09-25 23:00:00+00:00,1.0892800092697144,1.0922000408172607,1.0812000036239624,1.0918099880218506
2016-10-02 23:00:00+00:00,1.091789960861206,1.0974600315093994,1.0901000499725342,1.0944700241088867
2016-10-09 23:00:00+00:00,1.094499945640564,1.0970900058746338,1.086050033569336,1.08610999584198
2016-10-16 23:00:00+00:00,1.0860999822616577,1.0893299579620361,1.0809999704360962,1.0816800594329834
2016-10-23 23:00:00+00:00,1.0816999673843384,1.0860899686813354,1.079699993133545,1.0846500396728516
2016-10-31 00:00:00+00:00,1.0844899415969849,1.0856900215148926,1.0753999948501587,1.0813599824905396
2016-11-07 00:00:00+00:00,1.081279993057251,1.0829800367355347,1.0706000328063965,1.0710999965667725
2016-11-14 00:00:00+00:00,1.0711400508880615,1.0757900476455688,1.06850004196167,1.0699100494384766
2016-11-21 00:00:00+00:00,1.0699700117111206,1.0753099918365479,1.0698399543762207,1.0743800401687622
2016-11-28 00:00:00+00:00,1.0744999647140503,1.0814599990844727,1.0695899724960327,1.0728800296783447
2016-12-05 00:00:00+00:00,1.0722299814224243,1.0892200469970703,1.0719900131225586,1.0736299753189087
2016-12-12 00:00:00+00:00,1.07368004322052,1.078660011291504,1.071329951286316,1.0725200176239014
2016-12-19 00:00:00+00:00,1.072540044784546,1.0739200115203857,1.0677000284194946,1.0723999738693237
2016-12-26 00:00:00+00:00,1.0725899934768677,1.076069951057434,1.0699000358581543,1.072100043296814
2017-01-02 00:00:00+00:00,1.0720000267028809,1.0765999555587769,1.068429946899414,1.0714999437332153
2017-01-09 00:00:00+00:00,1.0713200569152832,1.0746999979019165,1.0703599452972412,1.0732899904251099
2017-01-16 00:00:00+00:00,1.073240041732788,1.073889970779419,1.0699000358581543,1.0722500085830688
2017-01-23 00:00:00+00:00,1.0723600387573242,1.0750099420547485,1.067430019378662,1.0686899423599243
2017-01-30 00:00:00+00:00,1.068809986114502,1.0705000162124634,1.0640000104904175,1.0699000358581543
2017-02-06 00:00:00+00:00,1.069949984550476,1.0700600147247314,1.0631500482559204,1.06659996509552
2017-02-13 00:00:00+00:00,1.0666699409484863,1.068079948425293,1.0634000301361084,1.0645999908447266
2017-02-20 00:00:00+00:00,1.0645999908447266,1.067330002784729,1.063099980354309,1.0646100044250488
2017-02-27 00:00:00+00:00,1.064650058746338,1.0708999633789062,1.0636299848556519,1.0703400373458862
2017-03-06 00:00:00+00:00,1.0700600147247314,1.0793999433517456,1.0684000253677368,1.0792900323867798
2017-03-13 00:00:00+00:00,1.0793100595474243,1.082319974899292,1.0682599544525146,1.0714999437332153
2017-03-20 00:00:00+00:00,1.0715099573135376,1.076159954071045,1.0686299800872803,1.0717099905014038
2017-03-26 23:00:00+00:00,1.0715399980545044,1.073490023612976,1.0682400465011597,1.0692399740219116
2017-04-02 23:00:00+00:00,1.0692499876022339,1.071869969367981,1.066849946975708,1.0680999755859375
2017-04-09 23:00:00+00:00,1.0680999755859375,1.0699399709701538,1.0657999515533447,1.066390037536621
2017-04-16 23:00:00+00:00,1.066249966621399,1.082110047340393,1.066249966621399,1.0796300172805786
2017-04-23 23:00:00+00:00,1.0797100067138672,1.0868099927902222,1.0779999494552612,1.0843100547790527
2017-04-30 23:00:00+00:00,1.0842700004577637,1.0885000228881836,1.079200029373169,1.0853099822998047
2017-05-07 23:00:00+00:00,1.0854699611663818,1.098680019378662,1.08502995967865,1.0937700271606445
2017-05-14 23:00:00+00:00,1.0938600301742554,1.0958199501037598,1.0865800380706787,1.0900499820709229
2017-05-21 23:00:00+00:00,1.0901999473571777,1.0946999788284302,1.0879100561141968,1.0895299911499023
2017-05-28 23:00:00+00:00,1.0894999504089355,1.0912400484085083,1.0856900215148926,1.0860899686813354
2017-06-04 23:00:00+00:00,1.086210012435913,1.0875099897384644,1.0837600231170654,1.0853999853134155
2017-06-11 23:00:00+00:00,1.085479974746704,1.0904500484466553,1.0839099884033203,1.0902800559997559
2017-06-18 23:00:00+00:00,1.0902600288391113,1.0907800197601318,1.0831999778747559,1.0853699445724487
2017-06-25 23:00:00+00:00,1.0853400230407715,1.095639944076538,1.0851000547409058,1.0951999425888062
2017-07-02 23:00:00+00:00,1.0953700542449951,1.0990999937057495,1.0923199653625488,1.0986000299453735
2017-07-09 23:00:00+00:00,1.098680019378662,1.10725998878479,1.0984699726104736,1.1052900552749634
2017-07-16 23:00:00+00:00,1.1053400039672852,1.108780026435852,1.0987800359725952,1.103469967842102
2017-07-23 23:00:00+00:00,1.1034400463104248,1.1395699977874756,1.100790023803711,1.1385200023651123
2017-07-30 23:00:00+00:00,1.1385400295257568,1.1535600423812866,1.133579969406128,1.1455700397491455
2017-08-06 23:00:00+00:00,1.1457500457763672,1.1499899625778198,1.1262600421905518,1.1383899450302124
2017-08-13 23:00:00+00:00,1.1386699676513672,1.147760033607483,1.1260700225830078,1.135200023651123
2017-08-20 23:00:00+00:00,1.1354000568389893,1.142199993133545,1.1325700283050537,1.1417700052261353
2017-08-27 23:00:00+00:00,1.1418100595474243,1.1469999551773071,1.1361000537872314,1.1415899991989136
2017-09-03 23:00:00+00:00,1.1416399478912354,1.1479400396347046,1.1360499858856201,1.1386799812316895
2017-09-10 23:00:00+00:00,1.1386699676513672,1.15201997756958,1.1386499404907227,1.146690011024475
2017-09-17 23:00:00+00:00,1.146780014038086,1.162269949913025,1.1450599431991577,1.157770037651062
2017-09-24 23:00:00+00:00,1.1578799486160278,1.1588900089263916,1.14096999168396,1.1443400382995605
2017-10-01 23:00:00+00:00,1.1433299779891968,1.1496100425720215,1.1387900114059448,1.148210048675537
2017-10-08 23:00:00+00:00,1.1481000185012817,1.1564699411392212,1.146399974822998,1.1518000364303589
2017-10-15 23:00:00+00:00,1.1514099836349487,1.1620800495147705,1.1484899520874023,1.159500002861023
2017-10-22 23:00:00+00:00,1.1585999727249146,1.170799970626831,1.1561800241470337,1.1585999727249146
2017-10-30 00:00:00+00:00,1.1582800149917603,1.1663399934768677,1.1576999425888062,1.1624000072479248
2017-11-06 00:00:00+00:00,1.1618599891662598,1.1639599800109863,1.1541999578475952,1.1614999771118164
2017-11-13 00:00:00+00:00,1.161870002746582,1.1720999479293823,1.1583600044250488,1.1658999919891357
2017-11-20 00:00:00+00:00,1.1611000299453735,1.1696900129318237,1.158400058746338,1.1689000129699707
2017-11-27 00:00:00+00:00,1.1693400144577026,1.1736299991607666,1.1612000465393066,1.1612000465393066
2017-12-04 00:00:00+00:00,1.164720058441162,1.171910047531128,1.1643400192260742,1.1682000160217285
2017-12-11 00:00:00+00:00,1.168529987335205,1.1699700355529785,1.1625499725341797,1.1641000509262085
2017-12-18 00:00:00+00:00,1.1639599800109863,1.1749000549316406,1.1611000299453735,1.1728999614715576
2017-12-25 00:00:00+00:00,1.1723999977111816,1.1793999671936035,1.1670000553131104,1.169100046157837
2018-01-01 00:00:00+00:00,1.169800043106079,1.1777700185775757,1.1687999963760376,1.1739000082015991
2018-01-08 00:00:00+00:00,1.1736199855804443,1.1801300048828125,1.1685999631881714,1.179900050163269
2018-01-15 00:00:00+00:00,1.180359959602356,1.1829400062561035,1.1711499691009521,1.176800012588501
2018-01-22 00:00:00+00:00,1.1784700155258179,1.1795799732208252,1.1587300300598145,1.167099952697754
2018-01-29 00:00:00+00:00,1.1603399515151978,1.163699984550476,1.1540800333023071,1.1603000164031982
2018-02-05 00:00:00+00:00,1.1589000225067139,1.1638200283050537,1.1454800367355347,1.1505999565124512
2018-02-12 00:00:00+00:00,1.1512800455093384,1.1572099924087524,1.1486999988555908,1.1509000062942505
2018-02-19 00:00:00+00:00,1.1508500576019287,1.156000018119812,1.1491199731826782,1.1514999866485596
2018-02-26 00:00:00+00:00,1.1515300273895264,1.1560100317001343,1.148300051689148,1.1552000045776367
2018-03-05 00:00:00+00:00,1.1542999744415283,1.17399001121521,1.1512000560760498,1.1708999872207642
2018-03-12 00:00:00+00:00,1.170240044593811,1.1720000505447388,1.1676199436187744,1.170889973640442
2018-03-19 00:00:00+00:00,1.1702699661254883,1.174839973449707,1.1652599573135376,1.1741000413894653
2018-03-25 23:00:00+00:00,1.1700700521469116,1.1801899671554565,1.1700700521469116,1.1753000020980835
2018-04-01 23:00:00+00:00,1.1754599809646606,1.1805000305175781,1.1741000413894653,1.1785000562667847
2018-04-08 23:00:00+00:00,1.177299976348877,1.1889100074768066,1.1769299507141113,1.1871999502182007
2018-04-15 23:00:00+00:00,1.1876699924468994,1.2005000114440918,1.1864099502563477,1.1979000568389893
2018-04-22 23:00:00+00:00,1.1977499723434448,1.1996400356292725,1.1925499439239502,1.1974999904632568
2018-04-29 23:00:00+00:00,1.1977100372314453,1.1985299587249756,1.1935100555419922,1.1965999603271484
2018-05-06 23:00:00+00:00,1.1961899995803833,1.1979299783706665,1.186460018157959,1.1969000101089478
2018-05-13 23:00:00+00:00,1.195099949836731,1.1979000568389893,1.1731300354003906,1.1749999523162842
2018-05-20 23:00:00+00:00,1.174090027809143,1.1770700216293335,1.1513099670410156,1.1561000347137451
2018-05-27 23:00:00+00:00,1.1596499681472778,1.1627999544143677,1.1429599523544312,1.1518000364303589
2018-06-03 23:00:00+00:00,1.1535500288009644,1.1638599634170532,1.1506400108337402,1.15910005569458
2018-06-10 23:00:00+00:00,1.1607400178909302,1.1655999422073364,1.1526999473571777,1.1582000255584717
2018-06-17 23:00:00+00:00,1.156599998474121,1.1570899486541748,1.148300051689148,1.1507999897003174
2018-06-24 23:00:00+00:00,1.151960015296936,1.1599199771881104,1.148900032043457,1.1576999425888062
2018-07-01 23:00:00+00:00,1.1564300060272217,1.16389000415802,1.15339994430542,1.162600040435791
2018-07-08 23:00:00+00:00,1.162600040435791,1.1710000038146973,1.16048002243042,1.1710000038146973
2018-07-15 23:00:00+00:00,1.1704000234603882,1.1714999675750732,1.1603000164031982,1.1633000373840332
2018-07-22 23:00:00+00:00,1.1634999513626099,1.1637400388717651,1.1568700075149536,1.159999966621399
2018-07-29 23:00:00+00:00,1.1590499877929688,1.160290002822876,1.1496000289916992,1.152500033378601
2018-08-05 23:00:00+00:00,1.1498299837112427,1.1556199789047241,1.1338000297546387,1.136299967765808
2018-08-12 23:00:00+00:00,1.1332000494003296,1.1394000053405762,1.1243699789047241,1.1390000581741333
2018-08-19 23:00:00+00:00,1.1383099555969238,1.1428500413894653,1.1353000402450562,1.1381200551986694
2018-08-26 23:00:00+00:00,1.1440800428390503,1.1452699899673462,1.1238700151443481,1.124899983406067
2018-09-02 23:00:00+00:00,1.124500036239624,1.1314599514007568,1.1183600425720215,1.1211999654769897
2018-09-09 23:00:00+00:00,1.1196999549865723,1.1342999935150146,1.1184600591659546,1.129699945449829
2018-09-16 23:00:00+00:00,1.124210000038147,1.1325099468231201,1.1222399473190308,1.1274000406265259
2018-09-23 23:00:00+00:00,1.126270055770874,1.1412299871444702,1.1258699893951416,1.1401000022888184
2018-09-30 23:00:00+00:00,1.138800024986267,1.1444799900054932,1.1313999891281128,1.1426000595092773
2018-10-07 23:00:00+00:00,1.1424000263214111,1.149109959602356,1.1369600296020508,1.1475000381469727
2018-10-14 23:00:00+00:00,1.1443899869918823,1.149049997329712,1.13919997215271,1.1405800580978394
2018-10-21 23:00:00+00:00,1.1467700004577637,1.1499799489974976,1.1343499422073364,1.138800024986267
2018-10-29 00:00:00+00:00,1.1369999647140503,1.1453800201416016,1.136579990386963,1.1437000036239624
2018-11-05 00:00:00+00:00,1.1425399780273438,1.1468900442123413,1.1383999586105347,1.1395000219345093
2018-11-12 00:00:00+00:00,1.1390999555587769,1.1431299448013306,1.1334799528121948,1.1416000127792358
2018-11-19 00:00:00+00:00,1.1405500173568726,1.1411199569702148,1.1304800510406494,1.1308000087738037
2018-11-26 00:00:00+00:00,1.1306899785995483,1.1356600522994995,1.126039981842041,1.1303999423980713
2018-12-03 00:00:00+00:00,1.1325000524520874,1.1348199844360352,1.1278599500656128,1.129699945449829
2018-12-10 00:00:00+00:00,1.1283799409866333,1.1305400133132935,1.1224700212478638,1.12909996509552
2018-12-17 00:00:00+00:00,1.1278200149536133,1.1346999406814575,1.124809980392456,1.13100004196167
2018-12-24 00:00:00+00:00,1.1299999952316284,1.1404000520706177,1.121399998664856,1.126099944114685
2018-12-31 00:00:00+00:00,1.1251699924468994,1.3079999685287476,1.1193599700927734,1.124400019645691
2019-01-07 00:00:00+00:00,1.1247299909591675,1.1339600086212158,1.1210600137710571,1.128499984741211
2019-01-14 00:00:00+00:00,1.1275899410247803,1.1337000131607056,1.124500036239624,1.1322100162506104
2019-01-21 00:00:00+00:00,1.1312400102615356,1.1346999406814575,1.1258000135421753,1.1327999830245972
2019-01-28 00:00:00+00:00,1.1327099800109863,1.1427899599075317,1.1309800148010254,1.1406999826431274
2019-02-04 00:00:00+00:00,1.140529990196228,1.1444000005722046,1.132200002670288,1.1324000358581543
2019-02-11 00:00:00+00:00,1.131600022315979,1.1405099630355835,1.131500005722046,1.1354000568389893
2019-02-18 00:00:00+00:00,1.1345800161361694,1.1373200416564941,1.1331000328063965,1.1337000131607056
2019-02-25 00:00:00+00:00,1.1339000463485718,1.1392899751663208,1.1327999830245972,1.1353000402450562
2019-03-04 00:00:00+00:00,1.1357799768447876,1.1368399858474731,1.1307300329208374,1.1319999694824219
2019-03-11 00:00:00+00:00,1.1322300434112549,1.1383800506591797,1.1314500570297241,1.1347099542617798
2019-03-18 00:00:00+00:00,1.134600043296814,1.1365000009536743,1.1212899684906006,1.1232000589370728
2019-03-25 00:00:00+00:00,1.1227999925613403,1.1255500316619873,1.1165599822998047,1.1180000305175781
2019-03-31 23:00:00+00:00,1.1167999505996704,1.1238900423049927,1.1166000366210938,1.12214994430542
2019-04-07 23:00:00+00:00,1.121880054473877,1.1332999467849731,1.1208000183105469,1.1324000358581543
2019-04-14 23:00:00+00:00,1.133039951324463,1.1418999433517456,1.1324000358581543,1.1401699781417847
2019-04-21 23:00:00+00:00,1.1405199766159058,1.147570013999939,1.1349999904632568,1.138100028038025
2019-04-28 23:00:00+00:00,1.1363999843597412,1.1444200277328491,1.1363799571990967,1.138890027999878
2019-05-05 23:00:00+00:00,1.136929988861084,1.1438000202178955,1.135990023612976,1.1365000009536743
2019-05-12 23:00:00+00:00,1.135349988937378,1.1357899904251099,1.1264400482177734,1.1284300088882446
2019-05-19 23:00:00+00:00,1.1283299922943115,1.1291999816894531,1.1197500228881836,1.1223000288009644
2019-05-26 23:00:00+00:00,1.1227400302886963,1.1276799440383911,1.1169999837875366,1.1208399534225464
2019-06-02 23:00:00+00:00,1.1169300079345703,1.1204899549484253,1.1119400262832642,1.1177899837493896
2019-06-09 23:00:00+00:00,1.1205600500106812,1.126330018043518,1.118499994277954,1.1210999488830566
2019-06-16 23:00:00+00:00,1.1202000379562378,1.12214994430542,1.106969952583313,1.108049988746643
2019-06-23 23:00:00+00:00,1.1105200052261353,1.1140799522399902,1.10617995262146,1.1105799674987793
2019-06-30 23:00:00+00:00,1.1128000020980835,1.1171200275421143,1.110700011253357,1.1139999628067017
2019-07-07 23:00:00+00:00,1.1128100156784058,1.115689992904663,1.107100009918213,1.110200047492981
2019-07-14 23:00:00+00:00,1.1094599962234497,1.1109800338745117,1.1014000177383423,1.1038000583648682
2019-07-21 23:00:00+00:00,1.102560043334961,1.1068999767303467,1.0962200164794922,1.1045000553131104
2019-07-28 23:00:00+00:00,1.1054999828338623,1.1061899662017822,1.0907399654388428,1.096869945526123
2019-08-04 23:00:00+00:00,1.0911999940872192,1.095620036125183,1.0861999988555908,1.0894900560379028
2019-08-11 23:00:00+00:00,1.088670015335083,1.0919699668884277,1.083490014076233,1.0848000049591064
2019-08-18 23:00:00+00:00,1.0858999490737915,1.0927000045776367,1.084380030632019,1.0886000394821167
2019-08-25 23:00:00+00:00,1.0841200351715088,1.0923099517822266,1.0841200351715088,1.0903700590133667
2019-09-01 23:00:00+00:00,1.087399959564209,1.093019962310791,1.0815999507904053,1.0923000574111938
2019-09-08 23:00:00+00:00,1.0891000032424927,1.0994999408721924,1.0853099822998047,1.0994999408721924
2019-09-15 23:00:00+00:00,1.093690037727356,1.1017400026321411,1.0910899639129639,1.0965299606323242
2019-09-22 23:00:00+00:00,1.0922000408172607,1.092900037765503,1.0831999778747559,1.0839999914169312
2019-09-29 23:00:00+00:00,1.0842499732971191,1.0978800058364868,1.083400011062622,1.0926799774169922
2019-10-06 23:00:00+00:00,1.091599941253662,1.103760004043579,1.0870000123977661,1.100000023841858
2019-10-13 23:00:00+00:00,1.1004999876022339,1.1056400537490845,1.0970499515533447,1.0985499620437622
2019-10-20 23:00:00+00:00,1.0987000465393066,1.1040799617767334,1.0985000133514404,1.1021000146865845
2019-10-28 00:00:00+00:00,1.1020900011062622,1.1057699918746948,1.0992000102996826,1.1004999876022339
2019-11-04 00:00:00+00:00,1.100600004196167,1.1032899618148804,1.0973600149154663,1.099370002746582
2019-11-11 00:00:00+00:00,1.0990400314331055,1.0994999408721924,1.0862799882888794,1.093500018119812
2019-11-18 00:00:00+00:00,1.0932199954986572,1.1006900072097778,1.0930999517440796,1.0981600284576416
2019-11-25 00:00:00+00:00,1.0995999574661255,1.1019999980926514,1.096750020980835,1.1015000343322754
2019-12-02 00:00:00+00:00,1.1019099950790405,1.1026999950408936,1.0920000076293945,1.0949000120162964
2019-12-09 00:00:00+00:00,1.0951000452041626,1.1015100479125977,1.0911600589752197,1.0939899682998657
2019-12-16 00:00:00+00:00,1.0944900512695312,1.0967999696731567,1.0867600440979004,1.0877100229263306
2019-12-23 00:00:00+00:00,1.0882699489593506,1.0992000102996826,1.0856599807739258,1.0889400243759155
2019-12-30 00:00:00+00:00,1.0887500047683716,1.0903199911117554,1.0825400352478027,1.0841000080108643
2020-01-06 00:00:00+00:00,1.0843600034713745,1.0859999656677246,1.0781999826431274,1.0810799598693848
2020-01-13 00:00:00+00:00,1.0816999673843384,1.083299994468689,1.0729299783706665,1.0729299783706665
2020-01-20 00:00:00+00:00,1.0740599632263184,1.0786099433898926,1.0700000524520874,1.0708999633789062
2020-01-27 00:00:00+00:00,1.0695099830627441,1.0736199617385864,1.0664700269699097,1.0687400102615356
2020-02-03 00:00:00+00:00,1.0682599544525146,1.0726699829101562,1.0663000345230103,1.069599986076355
2020-02-10 00:00:00+00:00,1.069290041923523,1.0712599754333496,1.0607999563217163,1.062880039215088
2020-02-17 00:00:00+00:00,1.06413996219635,1.0650299787521362,1.0605000257492065,1.0611000061035156
2020-02-24 00:00:00+00:00,1.0610300302505493,1.0668599605560303,1.058609962463379,1.0647000074386597
2020-03-02 00:00:00+00:00,1.0654499530792236,1.070520043373108,1.0575000047683716,1.05840003490448
2020-03-09 00:00:00+00:00,1.0562000274658203,1.064210057258606,1.0541599988937378,1.0599000453948975
2020-03-16 00:00:00+00:00,1.0552300214767456,1.0613000392913818,1.0524699687957764,1.0613000392913818
2020-03-23 00:00:00+00:00,1.0532000064849854,1.0649100542068481,1.0529099702835083,1.0642000436782837
2020-03-29 23:00:00+00:00,1.0584299564361572,1.0617899894714355,1.0542099475860596,1.055400013923645
2020-04-05 23:00:00+00:00,1.0559600591659546,1.0592000484466553,1.0548299551010132,1.0562000274658203
2020-04-12 23:00:00+00:00,1.0556999444961548,1.05663001537323,1.0507999658584595,1.051900029182434
2020-04-19 23:00:00+00:00,1.0516599416732788,1.0534000396728516,1.0507999658584595,1.0527000427246094
2020-04-26 23:00:00+00:00,1.053439974784851,1.0707000494003296,1.0531400442123413,1.0707000494003296
2020-05-03 23:00:00+00:00,1.054800033569336,1.0652999877929688,1.0514999628067017,1.0652999877929688
2020-05-10 23:00:00+00:00,1.052299976348877,1.0532000064849854,1.0500999689102173,1.0512399673461914
2020-05-17 23:00:00+00:00,1.0514899492263794,1.06535005569458,1.0506000518798828,1.0588500499725342
2020-05-24 23:00:00+00:00,1.0593899488449097,1.072350025177002,1.0575900077819824,1.0676000118255615
2020-05-31 23:00:00+00:00,1.0679500102996826,1.0914000272750854,1.0668799877166748,1.086300015449524
2020-06-07 23:00:00+00:00,1.0878599882125854,1.0887800455093384,1.0654499530792236,1.0716999769210815
2020-06-14 23:00:00+00:00,1.0705599784851074,1.076799988746643,1.0635600090026855,1.0643999576568604
2020-06-21 23:00:00+00:00,1.0642000436782837,1.0710699558258057,1.0625,1.0635000467300415
2020-06-28 23:00:00+00:00,1.0638200044631958,1.0698299407958984,1.0611000061035156,1.061900019645691
2020-07-05 23:00:00+00:00,1.0626800060272217,1.066499948501587,1.0606000423431396,1.0634000301361084
2020-07-12 23:00:00+00:00,1.0635700225830078,1.0796300172805786,1.0633000135421753,1.0723999738693237
2020-07-19 23:00:00+00:00,1.0735199451446533,1.0792299509048462,1.0711100101470947,1.0728000402450562
2020-07-26 23:00:00+00:00,1.0729399919509888,1.0836999416351318,1.0729399919509888,1.0751999616622925
2020-08-02 23:00:00+00:00,1.0762100219726562,1.0836800336837769,1.073930025100708,1.0752999782562256
2020-08-09 23:00:00+00:00,1.075260043144226,1.079300045967102,1.0733000040054321,1.0763599872589111
2020-08-16 23:00:00+00:00,1.0769200325012207,1.0848900079727173,1.0736000537872314,1.0743600130081177
2020-08-23 23:00:00+00:00,1.0757999420166016,1.077489972114563,1.0720700025558472,1.076300024986267
2020-08-30 23:00:00+00:00,1.0767099857330322,1.0877000093460083,1.0745999813079834,1.0813100337982178
2020-09-06 23:00:00+00:00,1.0813000202178955,1.0844600200653076,1.0748000144958496,1.0757700204849243
2020-09-13 23:00:00+00:00,1.0762300491333008,1.079200029373169,1.072700023651123,1.079200029373169
2020-09-20 23:00:00+00:00,1.0791800022125244,1.082069993019104,1.073989987373352,1.080299973487854
2020-09-27 23:00:00+00:00,1.079949975013733,1.0828800201416016,1.0759999752044678,1.0770299434661865
2020-10-04 23:00:00+00:00,1.075909972190857,1.0800100564956665,1.0750000476837158,1.0757999420166016
2020-10-11 23:00:00+00:00,1.075719952583313,1.0772700309753418,1.068600058555603,1.072100043296814
2020-10-18 23:00:00+00:00,1.0719900131225586,1.074779987335205,1.070099949836731,1.072100043296814
2020-10-26 00:00:00+00:00,1.0716700553894043,1.074720025062561,1.0669000148773193,1.0689599514007568
2020-11-02 00:00:00+00:00,1.0677200555801392,1.0725899934768677,1.0658999681472778,1.069100022315979
2020-11-09 00:00:00+00:00,1.0693999528884888,1.0823299884796143,1.0679999589920044,1.0795199871063232
2020-11-16 00:00:00+00:00,1.0803500413894653,1.0826200246810913,1.0787999629974365,1.0801000595092773
2020-11-23 00:00:00+00:00,1.080399990081787,1.086940050125122,1.0791000127792358,1.0823999643325806
2020-11-30 00:00:00+00:00,1.0823999643325806,1.0870000123977661,1.080199956893921,1.0810999870300293
2020-12-07 00:00:00+00:00,1.0809500217437744,1.0813000202178955,1.0740000009536743,1.0776000022888184
2020-12-14 00:00:00+00:00,1.0779900550842285,1.0858099460601807,1.075700044631958,1.0819000005722046
2020-12-21 00:00:00+00:00,1.0815099477767944,1.0884000062942505,1.0788999795913696,1.0808900594711304
2020-12-28 00:00:00+00:00,1.0855499505996704,1.0892200469970703,1.0706000328063965,1.0791000127792358
2021-01-04 00:00:00+00:00,1.0816700458526611,1.0861999988555908,1.0787999629974365,1.0820000171661377
2021-01-11 00:00:00+00:00,1.0814800262451172,1.0839799642562866,1.0697699785232544,1.0758999586105347
2021-01-18 00:00:00+00:00,1.0767300128936768,1.0791800022125244,1.073699951171875,1.0772199630737305
2021-01-25 00:00:00+00:00,1.0774600505828857,1.0812000036239624,1.0748000144958496,1.0812000036239624
2021-02-01 00:00:00+00:00,1.0806000232696533,1.0833100080490112,1.079509973526001,1.083299994468689
2021-02-08 00:00:00+00:00,1.0831899642944336,1.0844899415969849,1.0784000158309937,1.0810999870300293
2021-02-15 00:00:00+00:00,1.080970048904419,1.086400032043457,1.0785000324249268,1.086400032043457
2021-02-22 00:00:00+00:00,1.0872700214385986,1.1095499992370605,1.0868799686431885,1.0961600542068481
2021-03-01 00:00:00+00:00,1.0969200134277344,1.1150000095367432,1.0961999893188477,1.104949951171875
2021-03-08 00:00:00+00:00,1.109089970588684,1.1117500066757202,1.1026999950408936,1.1107300519943237
2021-03-15 00:00:00+00:00,1.1106300354003906,1.1107499599456787,1.1008000373840332,1.1088000535964966
2021-03-22 00:00:00+00:00,1.1052500009536743,1.1092699766159058,1.1007800102233887,1.1088999509811401
2021-03-28 23:00:00+00:00,1.1073600053787231,1.1117000579833984,1.103600025177002,1.1080000400543213
2021-04-04 23:00:00+00:00,1.1085100173950195,1.1094000339508057,1.0990999937057495,1.0996999740600586
2021-04-11 23:00:00+00:00,1.1010899543762207,1.1064000129699707,1.0974199771881104,1.1026999950408936
2021-04-18 23:00:00+00:00,1.1016499996185303,1.105299949645996,1.0990999937057495,1.105299949645996
2021-04-25 23:00:00+00:00,1.1048200130462646,1.1074399948120117,1.0973999500274658,1.097499966621399
2021-05-02 23:00:00+00:00,1.097890019416809,1.101699948310852,1.0932999849319458,1.0952999591827393
2021-05-09 23:00:00+00:00,1.0958199501037598,1.0985300540924072,1.0927000045776367,1.0947500467300415
2021-05-16 23:00:00+00:00,1.0949000120162964,1.1027799844741821,1.093400001525879,1.093400001525879
2021-05-23 23:00:00+00:00,1.0930999517440796,1.0983799695968628,1.093000054359436,1.0971299409866333
2021-05-30 23:00:00+00:00,1.0971800088882446,1.100000023841858,1.0937000513076782,1.0938199758529663
2021-06-06 23:00:00+00:00,1.0940699577331543,1.094789981842041,1.0864499807357788,1.0864499807357788
2021-06-13 23:00:00+00:00,1.0872999429702759,1.0952999591827393,1.086899995803833,1.0930700302124023
2021-06-20 23:00:00+00:00,1.0948699712753296,1.097599983215332,1.0933200120925903,1.094099998474121
2021-06-27 23:00:00+00:00,1.0946999788284302,1.098620057106018,1.0922000408172607,1.0923000574111938
2021-07-04 23:00:00+00:00,1.0928800106048584,1.0944700241088867,1.0823500156402588,1.0852999687194824
2021-07-11 23:00:00+00:00,1.0851000547409058,1.0864299535751343,1.080199956893921,1.0852999687194824
2021-07-18 23:00:00+00:00,1.0849000215530396,1.0861400365829468,1.0812000036239624,1.0825999975204468
2021-07-25 23:00:00+00:00,1.0827000141143799,1.0831600427627563,1.0735499858856201,1.0735499858856201
2021-08-01 23:00:00+00:00,1.0749000310897827,1.07669997215271,1.0717999935150146,1.075700044631958
2021-08-08 23:00:00+00:00,1.075600028038025,1.0839999914169312,1.0753999948501587,1.0798900127410889
2021-08-15 23:00:00+00:00,1.079699993133545,1.0803099870681763,1.0694999694824219,1.0729000568389893
2021-08-22 23:00:00+00:00,1.0728299617767334,1.0804500579833984,1.0699199438095093,1.0745899677276611
2021-08-29 23:00:00+00:00,1.0751999616622925,1.0870699882507324,1.0745999813079834,1.0855000019073486
2021-09-05 23:00:00+00:00,1.0860799551010132,1.089900016784668,1.0823500156402588,1.0823500156402588
2021-09-12 23:00:00+00:00,1.0844999551773071,1.0934300422668457,1.0836000442504883,1.089709997177124
2021-09-19 23:00:00+00:00,1.0931199789047241,1.0932999849319458,1.0812000036239624,1.0855599641799927
2021-09-26 23:00:00+00:00,1.0836600065231323,1.0864299535751343,1.0771000385284424,1.0786999464035034
2021-10-03 23:00:00+00:00,1.0789200067520142,1.0800600051879883,1.070099949836731,1.0729000568389893
2021-10-10 23:00:00+00:00,1.0729999542236328,1.0745999813079834,1.0678999423980713,1.0679199695587158
2021-10-17 23:00:00+00:00,1.0709400177001953,1.0764299631118774,1.065600037574768,1.0667999982833862
2021-10-24 23:00:00+00:00,1.0667999982833862,1.070180058479309,1.056939959526062,1.0580999851226807
2021-11-01 00:00:00+00:00,1.058500051498413,1.0602799654006958,1.0532000064849854,1.0563000440597534
2021-11-08 00:00:00+00:00,1.054900050163269,1.0597100257873535,1.0533000230789185,1.0542999505996704
2021-11-15 00:00:00+00:00,1.0536999702453613,1.0550999641418457,1.0448399782180786,1.0472999811172485
2021-11-22 00:00:00+00:00,1.0477800369262695,1.0511300563812256,1.0434000492095947,1.0437599420547485
2021-11-29 00:00:00+00:00,1.0437400341033936,1.0450600385665894,1.0348700284957886,1.0366699695587158
2021-12-06 00:00:00+00:00,1.0381499528884888,1.045390009880066,1.038059949874878,1.0419000387191772
2021-12-13 00:00:00+00:00,1.0419600009918213,1.0463999509811401,1.0372099876403809,1.038699984550476
2021-12-20 00:00:00+00:00,1.0380500555038452,1.0432900190353394,1.0380100011825562,1.041599988937378
2021-12-27 00:00:00+00:00,1.0403599739074707,1.041100025177002,1.0326199531555176,1.0367499589920044
2022-01-03 00:00:00+00:00,1.0372099876403809,1.044950008392334,1.0334899425506592,1.0434999465942383
2022-01-10 00:00:00+00:00,1.0431499481201172,1.051110029220581,1.041700005531311,1.0430999994277954
2022-01-17 00:00:00+00:00,1.0434499979019165,1.0444999933242798,1.0315500497817993,1.0315500497817993
2022-01-24 00:00:00+00:00,1.0347299575805664,1.039620041847229,1.0297000408172607,1.037160038948059
2022-01-31 00:00:00+00:00,1.0384600162506104,1.0598000288009644,1.0369999408721924,1.0598000288009644
2022-02-07 00:00:00+00:00,1.0597599744796753,1.0611000061035156,1.0474799871444702,1.0504000186920166
2022-02-14 00:00:00+00:00,1.0509400367736816,1.054800033569336,1.042799949645996,1.0430999994277954
2022-02-21 00:00:00+00:00,1.0418000221252441,1.0465699434280396,1.0279699563980103,1.0433000326156616
2022-02-28 00:00:00+00:00,1.0361299514770508,1.0470000505447388,1.0018800497055054,1.0024000406265259
2022-03-07 00:00:00+00:00,1.000540018081665,1.0301799774169922,0.9974600076675415,1.0200999975204468
2022-03-14 00:00:00+00:00,1.02183997631073,1.0400999784469604,1.0204399824142456,1.0327999591827393
2022-03-21 00:00:00+00:00,1.0300999879837036,1.0322200059890747,1.0194000005722046,1.0240000486373901
2022-03-27 23:00:00+00:00,1.0226500034332275,1.0384999513626099,1.0188100337982178,1.0192099809646606
2022-04-03 23:00:00+00:00,1.0224900245666504,1.0238699913024902,1.0130800008773804,1.0160000324249268
2022-04-10 23:00:00+00:00,1.016800045967102,1.0210000276565552,1.0087000131607056,1.0192099809646606
2022-04-17 23:00:00+00:00,1.0190999507904053,1.0369499921798706,1.0173699855804443,1.0333000421524048
2022-04-24 23:00:00+00:00,1.032979965209961,1.0335299968719482,1.0189399719238281,1.0262999534606934
2022-05-01 23:00:00+00:00,1.0260000228881836,1.0449800491333008,1.0227999687194824,1.0426000356674194
2022-05-08 23:00:00+00:00,1.041700005531311,1.0514400005340576,1.0361700057983398,1.0361700057983398
2022-05-15 23:00:00+00:00,1.0423200130462646,1.0494999885559082,1.0202900171279907,1.0202900171279907
2022-05-22 23:00:00+00:00,1.0304499864578247,1.0347900390625,1.0233999490737915,1.0273000001907349
2022-05-29 23:00:00+00:00,1.0276999473571777,1.03357994556427,1.0221600532531738,1.031000018119812
2022-06-05 23:00:00+00:00,1.0320299863815308,1.051069974899292,1.0306999683380127,1.0384000539779663
2022-06-12 23:00:00+00:00,1.0378299951553345,1.047659993171692,1.0099999904632568,1.012369990348816
2022-06-19 23:00:00+00:00,1.017109990119934,1.0215400457382202,1.0050100088119507,1.011299967765808
2022-06-26 23:00:00+00:00,1.011389970779419,1.0156300067901611,0.9945600032806396,1.0002000331878662
2022-07-03 23:00:00+00:00,1.0,1.0045000314712524,0.9865000247955322,0.9945999979972839
2022-07-10 23:00:00+00:00,0.9938799738883972,0.9941099882125854,0.9806399941444397,0.9848999977111816
2022-07-17 23:00:00+00:00,0.9846000075340271,0.9948999881744385,0.98089998960495,0.9815999865531921
2022-07-24 23:00:00+00:00,0.982200026512146,0.9881500005722046,0.9700999855995178,0.9728800058364868
2022-07-31 23:00:00+00:00,0.9726600050926208,0.9797999858856201,0.9711999893188477,0.9793000221252441
2022-08-07 23:00:00+00:00,0.9785799980163574,0.9793000221252441,0.9662799835205078,0.9662799835205078
2022-08-14 23:00:00+00:00,0.9657099843025208,0.970009982585907,0.960099995136261,0.9624999761581421
2022-08-21 23:00:00+00:00,0.9617999792098999,0.9671900272369385,0.9552000164985657,0.9627000093460083
2022-08-28 23:00:00+00:00,0.9625099897384644,0.9861999750137329,0.9611899852752686,0.9761000275611877
2022-09-04 23:00:00+00:00,0.9743199944496155,0.9783099889755249,0.9632899761199951,0.9660999774932861
2022-09-11 23:00:00+00:00,0.9666699767112732,0.9775000214576721,0.9530799984931946,0.9615499973297119
2022-09-18 23:00:00+00:00,0.9652799963951111,0.9712600111961365,0.9465000033378601,0.9513000249862671
2022-09-25 23:00:00+00:00,0.9516000151634216,0.9667999744415283,0.9429299831390381,0.9667999744415283
2022-10-02 23:00:00+00:00,0.9651299715042114,0.9798399806022644,0.9642999768257141,0.9688000082969666
2022-10-09 23:00:00+00:00,0.9678999781608582,0.9792699813842773,0.9644299745559692,0.9769999980926514
2022-10-16 23:00:00+00:00,0.9771999716758728,0.9880099892616272,0.9739000201225281,0.984000027179718
2022-10-23 23:00:00+00:00,0.9838299751281738,0.9953799843788147,0.9817000031471252,0.9925000071525574
2022-10-31 00:00:00+00:00,0.9918199777603149,0.9944000244140625,0.984000027179718,0.9878000020980835
2022-11-07 00:00:00+00:00,0.989300012588501,0.9936000108718872,0.9743000268936157,0.9763000011444092
2022-11-14 00:00:00+00:00,0.9749699831008911,0.9888499975204468,0.9725800156593323,0.9872000217437744
2022-11-21 00:00:00+00:00,0.9848200082778931,0.9856500029563904,0.9763000011444092,0.9839000105857849
2022-11-28 00:00:00+00:00,0.9821299910545349,0.9889000058174133,0.9787999987602234,0.9876000285148621
2022-12-05 00:00:00+00:00,0.987309992313385,0.9908900260925293,0.9824000000953674,0.9842000007629395
2022-12-12 00:00:00+00:00,0.9837300181388855,0.9939000010490417,0.9832299947738647,0.9865999817848206
2022-12-19 00:00:00+00:00,0.9891700148582458,0.9930999875068665,0.9817000031471252,0.9930999875068665
2022-12-26 00:00:00+00:00,0.9909999966621399,0.9941999912261963,0.9824399948120117,0.9937000274658203
2023-01-02 00:00:00+00:00,0.9879000186920166,0.9903900027275085,0.9832000136375427,0.9900000095367432
2023-01-09 00:00:00+00:00,0.9876099824905396,1.0096999406814575,0.9851999878883362,1.0038000345230103
2023-01-16 00:00:00+00:00,1.0030299425125122,1.0038000345230103,0.987779974937439,0.9994000196456909
2023-01-23 00:00:00+00:00,0.9994000196456909,1.0068000555038452,0.9987000226974487,1.0008000135421753
2023-01-30 00:00:00+00:00,1.0010199546813965,1.006100058555603,0.9934800267219543,1.0032999515533447
2023-02-06 00:00:00+00:00,0.9995200037956238,1.0001300573349,0.9861599802970886,0.9889000058174133
2023-02-13 00:00:00+00:00,0.9854999780654907,0.9925100207328796,0.9846900105476379,0.9908000230789185
2023-02-20 00:00:00+00:00,0.9885900020599365,0.9952999949455261,0.9847400188446045,0.9947999715805054
2023-02-27 00:00:00+00:00,0.9921000003814697,1.0040500164031982,0.9911999702453613,1.001099944114685
2023-03-06 00:00:00+00:00,0.995419979095459,0.9965999722480774,0.9795899987220764,0.9925000071525574
2023-03-13 00:00:00+00:00,0.9811400175094604,1.0048999786376953,0.9706299901008606,1.0027999877929688
2023-03-20 00:00:00+00:00,0.9895700216293335,0.9996299743652344,0.9848799705505371,0.9994000196456909
2023-03-26 23:00:00+00:00,0.9902999997138977,1.0081000328063965,0.9858400225639343,1.0081000328063965
2023-04-02 23:00:00+00:00,0.9911199808120728,0.9969800114631653,0.9850999712944031,0.991599977016449
2023-04-09 23:00:00+00:00,0.9872000217437744,0.9958000183105469,0.9799200296401978,0.9957000017166138
2023-04-16 23:00:00+00:00,0.9829000234603882,0.9845499992370605,0.9786099791526794,0.9842000007629395
2023-04-23 23:00:00+00:00,0.9803599715232849,0.9990000128746033,0.9775999784469604,0.9988999962806702
2023-04-30 23:00:00+00:00,0.9853000044822693,0.9891999959945679,0.9746599793434143,0.9891999959945679
2023-05-07 23:00:00+00:00,0.9818000197410583,0.9820700287818909,0.9723799824714661,0.978600025177002
2023-05-14 23:00:00+00:00,0.9748799800872803,0.9761499762535095,0.9712399840354919,0.9722999930381775
2023-05-21 23:00:00+00:00,0.972029983997345,0.9750199913978577,0.9676300287246704,0.9708999991416931
2023-05-28 23:00:00+00:00,0.9710999727249146,0.9759899973869324,0.9672799706459045,0.973800003528595
2023-06-04 23:00:00+00:00,0.9731000065803528,0.9760599732398987,0.9684500098228455,0.9704999923706055
2023-06-11 23:00:00+00:00,0.9709500074386597,0.9794800281524658,0.97052001953125,0.9783999919891357
2023-06-18 23:00:00+00:00,0.9785000085830688,0.9841099977493286,0.9750000238418579,0.978600025177002
2023-06-25 23:00:00+00:00,0.9768999814987183,0.982200026512146,0.9726999998092651,0.9742799997329712
2023-07-02 23:00:00+00:00,0.9764000177383423,0.980400025844574,0.9736599922180176,0.9751999974250793
2023-07-09 23:00:00+00:00,0.9748899936676025,0.9762099981307983,0.9607599973678589,0.9675999879837036
2023-07-16 23:00:00+00:00,0.9677799940109253,0.9678599834442139,0.9603000283241272,0.9629999995231628
2023-07-23 23:00:00+00:00,0.963670015335083,0.9645299911499023,0.9521999955177307,0.9535999894142151
2023-07-30 23:00:00+00:00,0.958869993686676,0.9649099707603455,0.9554799795150757,0.9609000086784363
2023-08-06 23:00:00+00:00,0.9617699980735779,0.9648000001907349,0.958299994468689,0.9605000019073486
2023-08-13 23:00:00+00:00,0.9593799710273743,0.9612500071525574,0.9550999999046326,0.9587000012397766
2023-08-20 23:00:00+00:00,0.9594799876213074,0.9600899815559387,0.9514300227165222,0.9549999833106995
2023-08-27 23:00:00+00:00,0.955299973487854,0.9601899981498718,0.9539899826049805,0.9549000263214111
2023-09-03 23:00:00+00:00,0.9539999961853027,0.9574199914932251,0.9520999789237976,0.9557999968528748
2023-09-10 23:00:00+00:00,0.9559299945831299,0.9595500230789185,0.9527199864387512,0.95660001039505
2023-09-17 23:00:00+00:00,0.9567800164222717,0.9676100015640259,0.9549099802970886,0.9663000106811523
2023-09-24 23:00:00+00:00,0.9658799767494202,0.9693099856376648,0.9645000100135803,0.9677000045776367
2023-10-01 23:00:00+00:00,0.9670699834823608,0.9682899713516235,0.9613400101661682,0.9635999798774719
2023-10-08 23:00:00+00:00,0.9604099988937378,0.9612500071525574,0.9467599987983704,0.9473999738693237
2023-10-15 23:00:00+00:00,0.9495999813079834,0.953000009059906,0.9417399764060974,0.9456999897956848
2023-10-22 23:00:00+00:00,0.9458799958229065,0.9564599990844727,0.9449999928474426,0.9526000022888184
2023-10-30 00:00:00+00:00,0.9531099796295166,0.9664000272750854,0.9524999856948853,0.9663000106811523
2023-11-06 00:00:00+00:00,0.964900016784668,0.9653000235557556,0.9596800208091736,0.9648000001907349
2023-11-13 00:00:00+00:00,0.964169979095459,0.9678199887275696,0.9623000025749207,0.9664999842643738
2023-11-20 00:00:00+00:00,0.9662500023841858,0.9684600234031677,0.9620000123977661,0.9663000106811523
2023-11-27 00:00:00+00:00,0.9651700258255005,0.9658700227737427,0.9451000094413757,0.9459999799728394
2023-12-04 00:00:00+00:00,0.944890022277832,0.950469970703125,0.9402999877929688,0.9473000168800354
2023-12-11 00:00:00+00:00,0.9469199776649475,0.9542999863624573,0.9435099959373474,0.9480999708175659
2023-12-18 00:00:00+00:00,0.9485700130462646,0.9498999714851379,0.9397500157356262,0.9430999755859375
2023-12-25 00:00:00+00:00,0.9422199726104736,0.9659000039100647,0.902970016002655,0.9291999936103821
2024-01-01 00:00:00+00:00,0.9283699989318848,0.960099995136261,0.9269999861717224,0.9301000237464905
2024-01-08 00:00:00+00:00,0.9308300018310547,0.9370200037956238,0.9278600215911865,0.9333000183105469
2024-01-15 00:00:00+00:00,0.9340500235557556,0.9469000101089478,0.933899998664856,0.946399986743927
2024-01-22 00:00:00+00:00,0.9459400177001953,0.9472000002861023,0.9364799857139587,0.9381999969482422
2024-01-29 00:00:00+00:00,0.9369800090789795,0.9372000098228455,0.9305999875068665,0.9358000159263611
2024-02-05 00:00:00+00:00,0.9345800280570984,0.943880021572113,0.9337999820709229,0.9433000087738037
2024-02-12 00:00:00+00:00,0.9439100027084351,0.950950026512146,0.9414200186729431,0.9488999843597412
2024-02-19 00:00:00+00:00,0.949720025062561,0.9542400240898132,0.9484699964523315,0.953499972820282
2024-02-26 00:00:00+00:00,0.9534400105476379,0.9604099988937378,0.951200008392334,0.9575999975204468
2024-03-04 00:00:00+00:00,0.9577100276947021,0.9631999731063843,0.9556000232696533,0.9585000276565552
2024-03-11 00:00:00+00:00,0.9602299928665161,0.963100016117096,0.9570900201797485,0.9629999995231628
2024-03-18 00:00:00+00:00,0.9615600109100342,0.9796000123023987,0.9613199830055237,0.9790999889373779
2024-03-25 00:00:00+00:00,0.9700899720191956,0.9818999767303467,0.968779981136322,0.9740999937057495
2024-03-31 23:00:00+00:00,0.9734600186347961,0.9848999977111816,0.9715999960899353,0.9771999716758728
2024-04-07 23:00:00+00:00,0.9779999852180481,0.9833199977874756,0.9679499864578247,0.9732000231742859
2024-04-14 23:00:00+00:00,0.9729599952697754,0.9739999771118164,0.9570900201797485,0.9702000021934509
2024-04-21 23:00:00+00:00,0.9711199998855591,0.9797999858856201,0.9689900279045105,0.9782000184059143
2024-04-28 23:00:00+00:00,0.9782999753952026,0.9831699728965759,0.973110020160675,0.9746999740600586
2024-05-05 23:00:00+00:00,0.974590003490448,0.977940022945404,0.9736999869346619,0.9768000245094299
2024-05-12 23:00:00+00:00,0.9762600064277649,0.9886000156402588,0.9760400056838989,0.988099992275238
2024-05-19 23:00:00+00:00,0.9882100224494934,0.9928500056266785,0.9866999983787537,0.9919999837875366
2024-05-26 23:00:00+00:00,0.991890013217926,0.9929999709129333,0.9769999980926514,0.979200005531311
2024-06-02 23:00:00+00:00,0.9781799912452698,0.9799399971961975,0.9677000045776367,0.9686999917030334
2024-06-09 23:00:00+00:00,0.9659600257873535,0.9684000015258789,0.9509699940681458,0.9532999992370605
2024-06-16 23:00:00+00:00,0.953249990940094,0.9572700262069702,0.9477999806404114,0.9559000134468079
2024-06-23 23:00:00+00:00,0.9559000134468079,0.9638100266456604,0.9548699855804443,0.9632999897003174
2024-06-30 23:00:00+00:00,0.9664499759674072,0.975380003452301,0.9659000039100647,0.9710999727249146
2024-07-07 23:00:00+00:00,0.9691699743270874,0.978600025177002,0.9678000211715698,0.9785000085830688
2024-07-14 23:00:00+00:00,0.9761999845504761,0.9772300124168396,0.9642000198364258,0.9677000045776367
2024-07-21 23:00:00+00:00,0.9678300023078918,0.9690200090408325,0.9520999789237976,0.9577000141143799
2024-07-28 23:00:00+00:00,0.9598699808120728,0.9604300260543823,0.9362000226974487,0.9369999766349792
2024-08-04 23:00:00+00:00,0.9340400099754333,0.9474999904632568,0.9211000204086304,0.9448999762535095
2024-08-11 23:00:00+00:00,0.9440199732780457,0.9578499794006348,0.9438499808311462,0.9549000263214111
2024-08-18 23:00:00+00:00,0.9564800262451172,0.9566400051116943,0.9459400177001953,0.9487000107765198
2024-08-25 23:00:00+00:00,0.9479399919509888,0.9481599926948547,0.9353399872779846,0.9387000203132629
2024-09-01 23:00:00+00:00,0.939520001411438,0.9443899989128113,0.9337900280952454,0.9355000257492065
2024-09-08 23:00:00+00:00,0.935670018196106,0.9432100057601929,0.9305999875068665,0.9399999976158142
2024-09-15 23:00:00+00:00,0.9402400255203247,0.949999988079071,0.9380999803543091,0.9478999972343445
2024-09-22 23:00:00+00:00,0.9495400190353394,0.9507399797439575,0.9387999773025513,0.9387999773025513
2024-09-29 23:00:00+00:00,0.9395700097084045,0.9449399709701538,0.9336699843406677,0.9416000247001648
2024-10-06 23:00:00+00:00,0.942110002040863,0.9420999884605408,0.9355499744415283,0.9358000159263611
2024-10-13 23:00:00+00:00,0.9374899864196777,0.9427099823951721,0.9353399872779846,0.9395999908447266
2024-10-20 23:00:00+00:00,0.9400299787521362,0.9402499794960022,0.9332699775695801,0.9358999729156494
2024-10-28 00:00:00+00:00,0.9375900030136108,0.9459999799728394,0.9348000288009644,0.9455000162124634
2024-11-04 00:00:00+00:00,0.9434199929237366,0.944159984588623,0.9355499744415283,0.9383000135421753
2024-11-11 00:00:00+00:00,0.9385899901390076,0.9399999976158142,0.9339900016784668,0.9362999796867371
2024-11-18 00:00:00+00:00,0.9360799789428711,0.9369500279426575,0.9206100106239319,0.9319000244140625
2024-11-25 00:00:00+00:00,0.9331499934196472,0.9340199828147888,0.927079975605011,0.932200014591217
2024-12-02 00:00:00+00:00,0.9300699830055237,0.9323999881744385,0.9259999990463257,0.9283000230789185
2024-12-09 00:00:00+00:00,0.9283300042152405,0.9386000037193298,0.925599992275238,0.9373999834060669
2024-12-16 00:00:00+00:00,0.9372000098228455,0.9417200088500977,0.9284999966621399,0.9312999844551086
2024-12-23 00:00:00+00:00,0.931689977645874,0.941100001335144,0.9306300282478333,0.9409999847412109
2024-12-30 00:00:00+00:00,0.9405199885368347,0.9440299868583679,0.9332399964332581,0.9386000037193298
2025-01-06 00:00:00+00:00,0.937030017375946,0.9439799785614014,0.936739981174469,0.9391000270843506
2025-01-13 00:00:00+00:00,0.9391199946403503,0.9415000081062317,0.9337400197982788,0.9394000172615051
2025-01-20 00:00:00+00:00,0.9399600028991699,0.9516199827194214,0.9399999976158142,0.951200008392334
2025-01-27 00:00:00+00:00,0.9492200016975403,0.9495000243186951,0.9422500133514404,0.9440000057220459
2025-02-03 00:00:00+00:00,0.9377800226211548,0.9429000020027161,0.9361500144004822,0.9395999908447266
2025-02-10 00:00:00+00:00,0.939079999923706,0.9516000151634216,0.9381200075149536,0.9438999891281128
2025-02-17 00:00:00+00:00,0.9438300132751465,0.9455999732017517,0.939490020275116,0.9398999810218811
2025-02-24 00:00:00+00:00,0.9410600066184998,0.9427300095558167,0.9333099722862244,0.9376000165939331
2025-03-03 00:00:00+00:00,0.9398599863052368,0.9635199904441833,0.9347699880599976,0.9532999992370605
2025-03-10 00:00:00+00:00,0.9528200030326843,0.9675999879837036,0.9491199851036072,0.9671000242233276
2025-03-17 00:00:00+00:00,0.9619500041007996,0.9656000137329102,0.9531300067901611,0.965499997138977
2025-03-24 00:00:00+00:00,0.9566699862480164,0.9641000032424927,0.9496999979019165,0.9635999798774719
2025-03-30 23:00:00+00:00,0.9534000158309937,0.9585400223731995,0.9364299774169922,0.9431999921798706
2025-04-06 23:00:00+00:00,0.9353500008583069,0.9498400092124939,0.9224900007247925,0.9262999892234802
2025-04-13 23:00:00+00:00,0.9279000163078308,0.9352200031280518,0.922980010509491,0.9273999929428101
2025-04-20 23:00:00+00:00,0.9313700199127197,0.9446300268173218,0.9307900071144104,0.9419000148773193
2025-04-27 23:00:00+00:00,0.9397100210189819,0.9436299800872803,0.93163001537323,0.9344000220298767
2025-05-04 23:00:00+00:00,0.9330899715423584,0.9387400150299072,0.9297800064086914,0.9352999925613403
2025-05-11 23:00:00+00:00,0.9362499713897705,0.9417499899864197,0.9331520199775696,0.934499979019165
2025-05-18 23:00:00+00:00,0.9346100091934204,0.9394999742507935,0.9298999905586243,0.9332000017166138
2025-05-25 23:00:00+00:00,0.9352700114250183,0.9390000104904175,0.9320799708366394,0.9336000084877014
2025-06-01 23:00:00+00:00,0.9333900213241577,0.9397900104522705,0.9327399730682373,0.9370999932289124
2025-06-08 23:00:00+00:00,0.9368199706077576,0.9426800012588501,0.930840015411377,0.9368000030517578
2025-06-15 23:00:00+00:00,0.9365000128746033,0.9430000185966492,0.935670018196106,0.9424999952316284
2025-06-22 23:00:00+00:00,0.9404199719429016,0.9425299763679504,0.9333000183105469,0.9361000061035156
2025-06-29 23:00:00+00:00,0.9361100196838379,0.9372400045394897,0.9306399822235107,0.9355000257492065
2025-07-06 23:00:00+00:00,0.9355999827384949,0.9366199970245361,0.9301599860191345,0.9318000078201294
2025-07-13 23:00:00+00:00,0.9307699799537659,0.9340100288391113,0.9294599890708923,0.9323999881744385
2025-07-20 23:00:00+00:00,0.9317899942398071,0.9362199902534485,0.9292799830436707,0.9326000213623047
2025-07-27 23:00:00+00:00,0.9350200295448303,0.9352200031280518,0.9284200072288513,0.9319999814033508
2025-08-03 23:00:00+00:00,0.9315400123596191,0.9426299929618835,0.9314200282096863,0.9416000247001648
2025-08-10 23:00:00+00:00,0.940530002117157,0.943880021572113,0.9399999976158142,0.9433599710464478
2025-08-17 23:00:00+00:00,0.9441699981689453,0.9443399906158447,0.9361000061035156,0.9397000074386597
2025-08-24 23:00:00+00:00,0.9393699765205383,0.9404100179672241,0.9318699836730957,0.9354000091552734
2025-08-31 23:00:00+00:00,0.9358999729156494,0.9394099712371826,0.9354299902915955,0.9359999895095825
2025-09-07 23:00:00+00:00,0.9360600113868713,0.936020016670227,0.9313700199127197,0.9344000220298767
2025-09-14 23:00:00+00:00,0.9341700077056885,0.9355700016021729,0.9312400221824646,0.934249997138977
2025-09-21 23:00:00+00:00,0.9344599843025208,0.9355400204658508,0.9323700070381165,0.9336000084877014
2025-09-28 23:00:00+00:00,0.933489978313446,0.9372000098228455,0.932420015335083,0.9341999888420105
2025-10-05 23:00:00+00:00,0.9336400032043457,0.9337999820709229,0.9289199709892273,0.9289199709892273
2025-10-12 23:00:00+00:00,0.9308099746704102,0.9317200183868408,0.9221699833869934,0.9247999787330627
2025-10-19 23:00:00+00:00,0.9250100255012512,0.9258300065994263,0.9209700226783752,0.9257000088691711
2025-10-27 00:00:00+00:00,0.9258800148963928,0.9352999925613403,0.9237599968910217,0.9351999759674072
2025-11-03 00:00:00+00:00,0.9278200268745422,0.9325799942016602,0.9275599718093872,0.9318000078201294
2025-11-10 00:00:00+00:00,0.9315000176429749,0.9325199723243713,0.9179800152778625,0.9235000014305115
2025-11-17 00:00:00+00:00,0.9225999712944031,0.930899977684021,0.9207299947738647,0.9307000041007996
2025-11-24 00:00:00+00:00,0.9305300116539001,0.934909999370575,0.9301199913024902,0.9323999881744385
2025-12-01 00:00:00+00:00,0.9319700002670288,0.9376000165939331,0.9317700266838074,0.9337000250816345
2025-12-08 00:00:00+00:00,0.9368000030517578,0.9395099878311157,0.9321500062942505,0.9350000023841858
2025-12-15 00:00:00+00:00,0.9344300031661987,0.9366400241851807,0.9297999739646912,0.9312999844551086
2025-12-22 00:00:00+00:00,0.9312899708747864,0.9324100017547607,0.9273300170898438,0.9289799928665161
2025-12-29 00:00:00+00:00,0.9290000200271606,0.9315999746322632,0.927619993686676,0.9294999837875366
2026-01-05 00:00:00+00:00,0.9284899830818176,0.9326000213623047,0.9269899725914001,0.9326000213623047
2026-01-12 00:00:00+00:00,0.931850016117096,0.9348999857902527,0.9294000267982483,0.9314000010490417
2026-01-19 00:00:00+00:00,0.928409993648529,0.9300299882888794,0.9232000112533569,0.9233999848365784
2026-01-26 00:00:00+00:00,0.9225500226020813,0.9236000180244446,0.9145100116729736,0.9168000221252441
2026-02-02 00:00:00+00:00,0.9165099859237671,0.9216700196266174,0.9143999814987183,0.9171000123023987
2026-02-09 00:00:00+00:00,0.9174399971961975,0.9176200032234192,0.9094799757003784,0.9114999771118164
2026-02-16 00:00:00+00:00,0.9116299748420715,0.9143000245094299,0.9104999899864197,0.9139000177383423
2026-02-23 00:00:00+00:00,0.9130899906158447,0.9150400161743164,0.906220018863678,0.9089000225067139
2026-03-02 00:00:00+00:00,0.9048799872398376,0.9129999876022339,0.9013000130653381,0.9014000296592712
2026-03-09 00:00:00+00:00,0.9002199769020081,0.9115999937057495,0.8981199860572815,0.9110999703407288
2026-03-16 00:00:00+00:00,0.9033300280570984,0.9189000129699707,0.9031000137329102,0.91839998960495
2026-03-23 00:00:00+00:00,0.9107699990272522,0.923799991607666,0.909280002117157,0.9233999848365784
2026-03-29 23:00:00+00:00,0.9190999865531921,0.9265999794006348,0.9157000184059143,0.921999990940094
2026-04-05 23:00:00+00:00,0.9221799969673157,0.9265099763870239,0.9206200242042542,0.9241999983787537
2026-04-12 23:00:00+00:00,0.9254199862480164,0.9312000274658203,0.919439971446991,0.9311000108718872
2026-04-19 23:00:00+00:00,0.9199900031089783,0.9205099940299988,0.9162999987602234,0.916920006275177
